-- --------------------------------------------------------
-- Host:                         127.0.0.1
-- Versión del servidor:         10.3.8-MariaDB - mariadb.org binary distribution
-- SO del servidor:              Win64
-- HeidiSQL Versión:             9.4.0.5125
-- --------------------------------------------------------

/*!40101 SET @OLD_CHARACTER_SET_CLIENT=@@CHARACTER_SET_CLIENT */;
/*!40101 SET NAMES utf8 */;
/*!50503 SET NAMES utf8mb4 */;
/*!40014 SET @OLD_FOREIGN_KEY_CHECKS=@@FOREIGN_KEY_CHECKS, FOREIGN_KEY_CHECKS=0 */;
/*!40101 SET @OLD_SQL_MODE=@@SQL_MODE, SQL_MODE='NO_AUTO_VALUE_ON_ZERO' */;


-- Volcando estructura de base de datos para bd_farmacia_desa
CREATE DATABASE IF NOT EXISTS `bd_farmacia_desa` /*!40100 DEFAULT CHARACTER SET latin1 */;
USE `bd_farmacia_desa`;

-- Volcando estructura para tabla bd_farmacia_desa.administrador
CREATE TABLE IF NOT EXISTS `administrador` (
  `idadministrador` int(11) NOT NULL AUTO_INCREMENT,
  `usuario` varchar(45) NOT NULL,
  `password` varchar(45) NOT NULL,
  PRIMARY KEY (`idadministrador`)
) ENGINE=InnoDB AUTO_INCREMENT=2 DEFAULT CHARSET=latin1;

-- Volcando datos para la tabla bd_farmacia_desa.administrador: ~0 rows (aproximadamente)
/*!40000 ALTER TABLE `administrador` DISABLE KEYS */;
INSERT INTO `administrador` (`idadministrador`, `usuario`, `password`) VALUES
	(1, 'nelio', '1234');
/*!40000 ALTER TABLE `administrador` ENABLE KEYS */;

-- Volcando estructura para tabla bd_farmacia_desa.cliente
CREATE TABLE IF NOT EXISTS `cliente` (
  `idcliente` int(11) NOT NULL AUTO_INCREMENT,
  `nombre` varchar(45) NOT NULL,
  `apellido` varchar(45) NOT NULL,
  `direccion` varchar(45) NOT NULL,
  `fecha_nacimiento` date NOT NULL,
  `telefono` varchar(45) NOT NULL,
  `email` varchar(45) NOT NULL,
  `usuario` varchar(45) NOT NULL,
  `password` varchar(45) NOT NULL,
  PRIMARY KEY (`idcliente`)
) ENGINE=InnoDB AUTO_INCREMENT=3 DEFAULT CHARSET=latin1;

-- Volcando datos para la tabla bd_farmacia_desa.cliente: ~2 rows (aproximadamente)
/*!40000 ALTER TABLE `cliente` DISABLE KEYS */;
INSERT INTO `cliente` (`idcliente`, `nombre`, `apellido`, `direccion`, `fecha_nacimiento`, `telefono`, `email`, `usuario`, `password`) VALUES
	(1, 'nelio', 'ciguencia', 'por ahi ', '2000-02-02', '089818062', 'neliomarcos040@gmail.com', 'nelio', 'ciguencia'),
	(2, 'mateo', 'hidalgo', 'por ahi', '2000-02-02', '098789858', 'neliomarcos@marcos.com', 'nejedf', 'vfs');
/*!40000 ALTER TABLE `cliente` ENABLE KEYS */;

-- Volcando estructura para tabla bd_farmacia_desa.co_cotizaciones_por_proveedor
CREATE TABLE IF NOT EXISTS `co_cotizaciones_por_proveedor` (
  `id_cotizaciones_por_porveedor` bigint(20) NOT NULL AUTO_INCREMENT,
  `id_proveedor` bigint(20) DEFAULT NULL,
  `id_cotizacion` bigint(20) DEFAULT NULL,
  `id_empresa` bigint(20) DEFAULT NULL,
  `id_sucursal` bigint(20) DEFAULT NULL,
  `id_tipo_compra` bigint(20) DEFAULT NULL,
  `fecha_envio_cotizacion` datetime DEFAULT NULL,
  `mail_contacto` varchar(45) DEFAULT NULL,
  `telefono_contacto` varchar(12) DEFAULT NULL,
  `estado` char(3) DEFAULT NULL,
  `fecha_ingreso` datetime DEFAULT NULL,
  `usuario_ingreso` varchar(20) DEFAULT NULL,
  `fecha_actualizacion` datetime DEFAULT NULL,
  `usuario_actualizacion` varchar(20) DEFAULT NULL,
  PRIMARY KEY (`id_cotizaciones_por_porveedor`)
) ENGINE=InnoDB DEFAULT CHARSET=latin1;

-- Volcando datos para la tabla bd_farmacia_desa.co_cotizaciones_por_proveedor: ~0 rows (aproximadamente)
/*!40000 ALTER TABLE `co_cotizaciones_por_proveedor` DISABLE KEYS */;
/*!40000 ALTER TABLE `co_cotizaciones_por_proveedor` ENABLE KEYS */;

-- Volcando estructura para tabla bd_farmacia_desa.co_detalles_tarifa
CREATE TABLE IF NOT EXISTS `co_detalles_tarifa` (
  `id_tarifa` bigint(3) NOT NULL,
  `id_empresa` bigint(3) NOT NULL,
  `id_sucursal` bigint(3) NOT NULL,
  `id_prestacion` bigint(20) NOT NULL,
  `id_unidad_servicio` bigint(6) NOT NULL,
  `valor_costo` bigint(20) DEFAULT NULL,
  `valor_minimo_venta` bigint(20) DEFAULT NULL,
  `valor_venta` bigint(20) DEFAULT NULL,
  `valor_venta_mayorista` bigint(20) DEFAULT NULL,
  `es_activo` varchar(45) DEFAULT NULL,
  `fecha_ingreso` datetime DEFAULT NULL,
  `usuario_ingreso` varchar(45) DEFAULT NULL,
  `fecha_modificacion` datetime DEFAULT NULL,
  `usuario_modificacion` varchar(45) DEFAULT NULL,
  PRIMARY KEY (`id_tarifa`,`id_empresa`,`id_sucursal`,`id_prestacion`,`id_unidad_servicio`),
  KEY `detalle_tarifario_idx` (`id_tarifa`),
  KEY `id_unidad_servicio` (`id_unidad_servicio`),
  KEY `id_prestacion` (`id_prestacion`,`id_unidad_servicio`),
  CONSTRAINT `co_detalles_tarifa_ibfk_1` FOREIGN KEY (`id_tarifa`, `id_empresa`, `id_sucursal`) REFERENCES `pr_tarifario` (`id_tarifario`, `id_empresa`, `id_surcusal`),
  CONSTRAINT `co_detalles_tarifa_ibfk_2` FOREIGN KEY (`id_prestacion`, `id_unidad_servicio`) REFERENCES `in_prestaciones_por_servicios` (`id_prestacion`, `id_unidad_servicio`)
) ENGINE=InnoDB DEFAULT CHARSET=latin1;

-- Volcando datos para la tabla bd_farmacia_desa.co_detalles_tarifa: ~0 rows (aproximadamente)
/*!40000 ALTER TABLE `co_detalles_tarifa` DISABLE KEYS */;
/*!40000 ALTER TABLE `co_detalles_tarifa` ENABLE KEYS */;

-- Volcando estructura para tabla bd_farmacia_desa.co_detalle_cotizacion_por_proveedor
CREATE TABLE IF NOT EXISTS `co_detalle_cotizacion_por_proveedor` (
  `id_cotizaciones_por_porveedor` bigint(20) NOT NULL AUTO_INCREMENT,
  `id_cotizacion` bigint(20) DEFAULT NULL,
  `id_empresa` bigint(20) DEFAULT NULL,
  `id_sucursal` bigint(20) DEFAULT NULL,
  `id_producto` bigint(20) DEFAULT NULL,
  `linea_detalle` bigint(20) DEFAULT NULL,
  `descripcion` varchar(150) DEFAULT NULL,
  `valor_minimo_referencial` double DEFAULT NULL,
  `valor_maximo_referencial` double DEFAULT NULL,
  `cantidad_pedido` int(11) DEFAULT NULL,
  `cantidad_cotizado` double DEFAULT NULL,
  `precio_unitario_neto` double DEFAULT NULL,
  `estado` char(3) DEFAULT NULL,
  `fecha` datetime DEFAULT NULL,
  PRIMARY KEY (`id_cotizaciones_por_porveedor`),
  KEY `id_cotizacion` (`id_cotizacion`),
  CONSTRAINT `co_detalle_cotizacion_por_proveedor_ibfk_1` FOREIGN KEY (`id_cotizacion`) REFERENCES `co_cotizaciones_por_proveedor` (`id_cotizaciones_por_porveedor`)
) ENGINE=InnoDB DEFAULT CHARSET=latin1;

-- Volcando datos para la tabla bd_farmacia_desa.co_detalle_cotizacion_por_proveedor: ~0 rows (aproximadamente)
/*!40000 ALTER TABLE `co_detalle_cotizacion_por_proveedor` DISABLE KEYS */;
/*!40000 ALTER TABLE `co_detalle_cotizacion_por_proveedor` ENABLE KEYS */;

-- Volcando estructura para tabla bd_farmacia_desa.co_detalle_orden_compra
CREATE TABLE IF NOT EXISTS `co_detalle_orden_compra` (
  `id_detalle_orden_compra` bigint(20) NOT NULL AUTO_INCREMENT,
  `id_orden_compra` bigint(20) NOT NULL,
  `id_empresa` bigint(20) NOT NULL,
  `id_surcusal` bigint(20) NOT NULL,
  `linea_detalle` bigint(20) NOT NULL,
  `id_producto` bigint(20) NOT NULL,
  `descripcion` varchar(256) DEFAULT NULL,
  `precio_unitario` decimal(15,7) DEFAULT NULL,
  `cantidad_recibida` bigint(20) DEFAULT NULL,
  `subtotal` decimal(15,7) DEFAULT NULL,
  `iva` decimal(15,7) DEFAULT NULL,
  `ice` decimal(15,7) DEFAULT NULL,
  `descuento` decimal(15,7) DEFAULT NULL,
  `total` decimal(15,7) DEFAULT NULL,
  `lote_fabricacion` varchar(45) DEFAULT NULL,
  `fecha_caducidad` date DEFAULT NULL,
  `estado` char(2) DEFAULT NULL,
  `usuario_creacion` varchar(20) DEFAULT NULL,
  `fecha_creacion` datetime DEFAULT NULL,
  `usuario_actualizacion` varchar(20) DEFAULT NULL,
  `fecha_actualizacion` datetime DEFAULT NULL,
  PRIMARY KEY (`id_detalle_orden_compra`,`id_orden_compra`,`id_empresa`,`id_surcusal`,`linea_detalle`,`id_producto`),
  KEY `id_orden_compra` (`id_orden_compra`,`id_empresa`,`id_surcusal`),
  CONSTRAINT `co_detalle_orden_compra_ibfk_1` FOREIGN KEY (`id_orden_compra`, `id_empresa`, `id_surcusal`) REFERENCES `co_orden_compras` (`id_orden_compra`, `id_empresa`, `id_sucursal`)
) ENGINE=InnoDB AUTO_INCREMENT=14 DEFAULT CHARSET=utf8;

-- Volcando datos para la tabla bd_farmacia_desa.co_detalle_orden_compra: ~13 rows (aproximadamente)
/*!40000 ALTER TABLE `co_detalle_orden_compra` DISABLE KEYS */;
INSERT INTO `co_detalle_orden_compra` (`id_detalle_orden_compra`, `id_orden_compra`, `id_empresa`, `id_surcusal`, `linea_detalle`, `id_producto`, `descripcion`, `precio_unitario`, `cantidad_recibida`, `subtotal`, `iva`, `ice`, `descuento`, `total`, `lote_fabricacion`, `fecha_caducidad`, `estado`, `usuario_creacion`, `fecha_creacion`, `usuario_actualizacion`, `fecha_actualizacion`) VALUES
	(1, 1, 1, 1, 1, 1, 'Abacavir Tableta recubierta', 1.0000000, 10, 10.0000000, 1.2000000, 0.0000000, 0.0000000, 11.2000000, '000001', '2021-12-27', 'A', 'apiguave', '2019-09-09 17:05:46', NULL, NULL),
	(2, 2, 1, 1, 1, 1, 'MEDICINA \nTABLETA RECUBIERTA \nABACAVIR \nCAJA X 1 FRASCO, CAJA X BLÍSTERES \n300 MG', 1.0000000, 100, 100.0000000, 0.0000000, 0.0000000, 0.0000000, 100.0000000, '1', '2019-12-30', 'A', 'apiguave', '2019-09-30 09:54:39', NULL, NULL),
	(3, 2, 1, 1, 2, 2, 'MEDICINA \nTABLETA \nPROPRANOLOL \nCAJA X 1 FRASCO, CAJA X BLÍSTERES \n10 MG', 1.0000000, 100, 100.0000000, 0.0000000, 0.0000000, 0.0000000, 100.0000000, '1', '2019-12-30', 'A', 'apiguave', '2019-09-30 09:54:39', NULL, NULL),
	(4, 2, 1, 1, 3, 3, 'MEDICINA \nTABLETA \nPROPRANOLOL \nCAJA X 1 FRASCO, CAJA X BLÍSTERES \n40 MG', 1.0000000, 1000, 1000.0000000, 0.0000000, 0.0000000, 0.0000000, 1000.0000000, '1', '2019-12-30', 'A', 'apiguave', '2019-09-30 09:54:39', NULL, NULL),
	(5, 2, 1, 1, 4, 4, 'MEDICINA \nTABLETA \nPROPRANOLOL \nCAJA X 1 FRASCO, CAJA X BLÍSTERES \n80 MG', 1.0000000, 100, 100.0000000, 0.0000000, 0.0000000, 0.0000000, 100.0000000, '1', '2019-12-30', 'A', 'apiguave', '2019-09-30 09:54:39', NULL, NULL),
	(6, 2, 1, 1, 5, 5, 'MEDICINA \nCÁPSULA \nSUNITINIB \nCAJA X 1 FRASCO, CAJA X BLÍSTERES \n25 MG', 1.0000000, 100, 100.0000000, 0.0000000, 0.0000000, 0.0000000, 100.0000000, '1', '2019-12-30', 'A', 'apiguave', '2019-09-30 09:54:39', NULL, NULL),
	(7, 2, 1, 1, 6, 6, 'MEDICINA \nCÁPSULA \nSUNITINIB \nCAJA X 1 FRASCO, CAJA X BLÍSTERES \n50 MG', 1.0000000, 100, 100.0000000, 0.0000000, 0.0000000, 0.0000000, 100.0000000, '1', '2019-12-30', 'A', 'apiguave', '2019-09-30 09:54:39', NULL, NULL),
	(8, 2, 1, 1, 7, 7, 'MEDICINA \nCÁPSULA \nSUNITINIB \nCAJA X 1 FRASCO, CAJA X BLÍSTERES \n12,5 MG', 1.0000000, 100, 100.0000000, 0.0000000, 0.0000000, 0.0000000, 100.0000000, '1', '2019-12-30', 'A', 'apiguave', '2019-09-30 09:54:39', NULL, NULL),
	(9, 2, 1, 1, 8, 8, 'MEDICINA \nTABLETA \nACETAZOLAMIDA \nCAJA X BLÍSTERES \n250 MG', 1.0000000, 100, 100.0000000, 0.0000000, 0.0000000, 0.0000000, 100.0000000, '1', '2019-12-30', 'A', 'apiguave', '2019-09-30 09:54:39', NULL, NULL),
	(10, 2, 1, 1, 9, 9, 'MEDICINA \nTABLETA \nACICLOVIR \nCAJA X BLÍSTERES \n200 MG', 1.0000000, 100, 100.0000000, 0.0000000, 0.0000000, 0.0000000, 100.0000000, '1', '2019-12-30', 'A', 'apiguave', '2019-09-30 09:54:39', NULL, NULL),
	(11, 3, 1, 1, 1, 3, 'MEDICINA \nTABLETA \nPROPRANOLOL \nCAJA X 1 FRASCO, CAJA X BLÍSTERES \n40 MG', 12.0000000, 12, 144.0000000, 0.0000000, 0.0000000, 0.0000000, 144.0000000, '00123', '2019-12-30', 'A', 'apiguave', '2019-09-30 11:04:40', NULL, NULL),
	(12, 4, 1, 1, 1, 2, 'MEDICINA \nTABLETA \nPROPRANOLOL \nCAJA X 1 FRASCO, CAJA X BLÍSTERES \n10 MG', 1.1000000, 10, 11.0000000, 0.0000000, 0.0000000, 0.0000000, 11.0000000, '112', '2020-12-28', 'A', 'apiguave', '2019-10-16 18:12:49', NULL, NULL),
	(13, 4, 1, 1, 2, 4, 'MEDICINA \nTABLETA \nPROPRANOLOL \nCAJA X 1 FRASCO, CAJA X BLÍSTERES \n80 MG', 1.5000000, 20, 30.0000000, 0.0000000, 0.0000000, 0.0000000, 30.0000000, '112', '2020-12-28', 'A', 'apiguave', '2019-10-16 18:12:49', NULL, NULL);
/*!40000 ALTER TABLE `co_detalle_orden_compra` ENABLE KEYS */;

-- Volcando estructura para tabla bd_farmacia_desa.co_detalle_orden_pedido
CREATE TABLE IF NOT EXISTS `co_detalle_orden_pedido` (
  `id_detalle_orden_pedido` bigint(20) NOT NULL AUTO_INCREMENT,
  `id_orden_pedido` bigint(20) NOT NULL,
  `id_empresa` bigint(20) NOT NULL,
  `id_surcusal` bigint(20) NOT NULL,
  `linea_detalle` bigint(20) NOT NULL,
  `id_producto` bigint(20) NOT NULL,
  `descripcion` varchar(256) DEFAULT NULL,
  `cantidad_solicitada` bigint(20) DEFAULT NULL,
  `estado` char(2) DEFAULT NULL,
  `usuario_creacion` varchar(20) DEFAULT NULL,
  `fecha_creacion` datetime DEFAULT NULL,
  `usuario_actualizacion` varchar(20) DEFAULT NULL,
  `fecha_actualizacion` datetime DEFAULT NULL,
  PRIMARY KEY (`id_detalle_orden_pedido`,`id_orden_pedido`,`id_empresa`,`id_surcusal`,`linea_detalle`,`id_producto`),
  KEY `fk_co_detalle_orden_pedido_1_idx` (`id_orden_pedido`,`id_empresa`,`id_surcusal`),
  CONSTRAINT `fk_co_detalle_orden_pedido_1` FOREIGN KEY (`id_orden_pedido`, `id_empresa`, `id_surcusal`) REFERENCES `co_orden_pedido` (`id_orden_pedido`, `id_empresa`, `id_sucursal`) ON DELETE NO ACTION ON UPDATE NO ACTION
) ENGINE=InnoDB AUTO_INCREMENT=15 DEFAULT CHARSET=utf8;

-- Volcando datos para la tabla bd_farmacia_desa.co_detalle_orden_pedido: ~14 rows (aproximadamente)
/*!40000 ALTER TABLE `co_detalle_orden_pedido` DISABLE KEYS */;
INSERT INTO `co_detalle_orden_pedido` (`id_detalle_orden_pedido`, `id_orden_pedido`, `id_empresa`, `id_surcusal`, `linea_detalle`, `id_producto`, `descripcion`, `cantidad_solicitada`, `estado`, `usuario_creacion`, `fecha_creacion`, `usuario_actualizacion`, `fecha_actualizacion`) VALUES
	(1, 1, 1, 1, 1, 1, 'Abacavir Tableta recubierta', 10, 'A', 'apiguave', '2019-09-09 17:01:47', 'apiguave', '2019-09-09 17:02:50'),
	(2, 3, 1, 1, 1, 1, 'MEDICINA \nTABLETA RECUBIERTA \nABACAVIR \nCAJA X 1 FRASCO, CAJA X BLÍSTERES \n300 MG', 100, 'A', 'apiguave', '2019-09-30 09:52:12', 'apiguave', '2019-09-30 09:54:23'),
	(3, 3, 1, 1, 2, 2, 'MEDICINA \nTABLETA \nPROPRANOLOL \nCAJA X 1 FRASCO, CAJA X BLÍSTERES \n10 MG', 100, 'A', 'apiguave', '2019-09-30 09:52:12', 'apiguave', '2019-09-30 09:54:23'),
	(4, 3, 1, 1, 3, 3, 'MEDICINA \nTABLETA \nPROPRANOLOL \nCAJA X 1 FRASCO, CAJA X BLÍSTERES \n40 MG', 1000, 'A', 'apiguave', '2019-09-30 09:52:12', 'apiguave', '2019-09-30 09:54:23'),
	(5, 3, 1, 1, 4, 4, 'MEDICINA \nTABLETA \nPROPRANOLOL \nCAJA X 1 FRASCO, CAJA X BLÍSTERES \n80 MG', 100, 'A', 'apiguave', '2019-09-30 09:52:12', 'apiguave', '2019-09-30 09:54:23'),
	(6, 3, 1, 1, 5, 5, 'MEDICINA \nCÁPSULA \nSUNITINIB \nCAJA X 1 FRASCO, CAJA X BLÍSTERES \n25 MG', 100, 'A', 'apiguave', '2019-09-30 09:52:12', 'apiguave', '2019-09-30 09:54:23'),
	(7, 3, 1, 1, 6, 6, 'MEDICINA \nCÁPSULA \nSUNITINIB \nCAJA X 1 FRASCO, CAJA X BLÍSTERES \n50 MG', 100, 'A', 'apiguave', '2019-09-30 09:52:12', 'apiguave', '2019-09-30 09:54:23'),
	(8, 3, 1, 1, 7, 7, 'MEDICINA \nCÁPSULA \nSUNITINIB \nCAJA X 1 FRASCO, CAJA X BLÍSTERES \n12,5 MG', 100, 'A', 'apiguave', '2019-09-30 09:52:12', 'apiguave', '2019-09-30 09:54:23'),
	(9, 3, 1, 1, 8, 8, 'MEDICINA \nTABLETA \nACETAZOLAMIDA \nCAJA X BLÍSTERES \n250 MG', 100, 'A', 'apiguave', '2019-09-30 09:52:12', 'apiguave', '2019-09-30 09:54:23'),
	(10, 3, 1, 1, 9, 9, 'MEDICINA \nTABLETA \nACICLOVIR \nCAJA X BLÍSTERES \n200 MG', 100, 'A', 'apiguave', '2019-09-30 09:52:12', 'apiguave', '2019-09-30 09:54:23'),
	(11, 4, 1, 1, 1, 3, 'MEDICINA \nTABLETA \nPROPRANOLOL \nCAJA X 1 FRASCO, CAJA X BLÍSTERES \n40 MG', 12, 'A', 'apiguave', '2019-09-30 11:02:49', 'apiguave', '2019-09-30 11:04:05'),
	(12, 5, 1, 1, 1, 1, 'MEDICINA \nTABLETA RECUBIERTA \nABACAVIR \nCAJA X 1 FRASCO, CAJA X BLÍSTERES \n300 MG', 0, 'I', 'apiguave', '2019-10-16 18:08:54', 'apiguave', '2019-10-16 18:11:34'),
	(13, 5, 1, 1, 2, 2, 'MEDICINA \nTABLETA \nPROPRANOLOL \nCAJA X 1 FRASCO, CAJA X BLÍSTERES \n10 MG', 10, 'A', 'apiguave', '2019-10-16 18:08:54', 'apiguave', '2019-10-16 18:11:34'),
	(14, 5, 1, 1, 3, 4, 'MEDICINA \nTABLETA \nPROPRANOLOL \nCAJA X 1 FRASCO, CAJA X BLÍSTERES \n80 MG', 20, 'A', 'apiguave', '2019-10-16 18:08:54', 'apiguave', '2019-10-16 18:11:34');
/*!40000 ALTER TABLE `co_detalle_orden_pedido` ENABLE KEYS */;

-- Volcando estructura para tabla bd_farmacia_desa.co_det_items_cotizacion
CREATE TABLE IF NOT EXISTS `co_det_items_cotizacion` (
  `id_cotizacion` bigint(20) NOT NULL,
  `id_empresa` bigint(20) NOT NULL,
  `id_sucursal` bigint(20) NOT NULL,
  `linea_detalle` bigint(20) NOT NULL,
  `descripcion` varchar(75) DEFAULT NULL,
  `id_producto` bigint(20) DEFAULT NULL,
  `cantidad_pedida` bigint(20) DEFAULT NULL,
  `cantidad_cotizada` double DEFAULT NULL,
  `cantidad_faltante` double DEFAULT NULL,
  `valor_min_ref` double DEFAULT NULL,
  `valor_max_ref` double DEFAULT NULL,
  `estado` char(3) DEFAULT NULL,
  `usuario_creacion` varchar(20) DEFAULT NULL,
  `fecha_creacion` datetime DEFAULT NULL,
  `usuario_actualizacion` varchar(20) DEFAULT NULL,
  `fecha_actualizacion` varchar(45) DEFAULT NULL,
  PRIMARY KEY (`id_cotizacion`,`id_empresa`,`id_sucursal`,`linea_detalle`),
  CONSTRAINT `fk_det_cab_cot` FOREIGN KEY (`id_cotizacion`, `id_empresa`, `id_sucursal`) REFERENCES `co_items_cotizacion` (`id_cotizacion`, `id_empresa`, `id_sucursal`) ON DELETE NO ACTION ON UPDATE NO ACTION
) ENGINE=InnoDB DEFAULT CHARSET=latin1;

-- Volcando datos para la tabla bd_farmacia_desa.co_det_items_cotizacion: ~0 rows (aproximadamente)
/*!40000 ALTER TABLE `co_det_items_cotizacion` DISABLE KEYS */;
/*!40000 ALTER TABLE `co_det_items_cotizacion` ENABLE KEYS */;

-- Volcando estructura para tabla bd_farmacia_desa.co_items_cotizacion
CREATE TABLE IF NOT EXISTS `co_items_cotizacion` (
  `id_cotizacion` bigint(20) NOT NULL AUTO_INCREMENT,
  `id_empresa` bigint(20) NOT NULL,
  `id_sucursal` bigint(20) NOT NULL,
  `id_tipo_compra` bigint(20) DEFAULT NULL,
  `id_departamento` bigint(20) DEFAULT NULL,
  `fecha_emision` datetime DEFAULT NULL,
  `id_estado` bigint(20) DEFAULT NULL,
  `id_tipo_documento` bigint(20) DEFAULT NULL,
  `estado` char(3) DEFAULT NULL,
  `usuario_creacion` varchar(20) DEFAULT NULL,
  `fecha_creacion` datetime DEFAULT NULL,
  `usuario_actualizacion` varchar(20) DEFAULT NULL,
  `fecha_actualizacion` datetime DEFAULT NULL,
  `procesado` varchar(45) DEFAULT NULL,
  PRIMARY KEY (`id_cotizacion`,`id_empresa`,`id_sucursal`),
  KEY `fk_items_tcompra_idx` (`id_tipo_compra`),
  KEY `fk_items_depart$2_idx` (`id_departamento`),
  KEY `fk_items_tdoc$3_idx` (`id_tipo_documento`),
  CONSTRAINT `fk_item_tcomp` FOREIGN KEY (`id_tipo_compra`) REFERENCES `in_tipo_compra` (`id_in_tipo_compra`) ON DELETE NO ACTION ON UPDATE NO ACTION,
  CONSTRAINT `fk_items_depart$2` FOREIGN KEY (`id_departamento`) REFERENCES `in_tipo_departamento` (`id_tipo_departamento`) ON DELETE NO ACTION ON UPDATE NO ACTION,
  CONSTRAINT `fk_items_tdoc$3` FOREIGN KEY (`id_tipo_documento`) REFERENCES `in_tipo_documento` (`id_tipo_documento`) ON DELETE NO ACTION ON UPDATE NO ACTION
) ENGINE=InnoDB AUTO_INCREMENT=3 DEFAULT CHARSET=latin1;

-- Volcando datos para la tabla bd_farmacia_desa.co_items_cotizacion: ~2 rows (aproximadamente)
/*!40000 ALTER TABLE `co_items_cotizacion` DISABLE KEYS */;
INSERT INTO `co_items_cotizacion` (`id_cotizacion`, `id_empresa`, `id_sucursal`, `id_tipo_compra`, `id_departamento`, `fecha_emision`, `id_estado`, `id_tipo_documento`, `estado`, `usuario_creacion`, `fecha_creacion`, `usuario_actualizacion`, `fecha_actualizacion`, `procesado`) VALUES
	(1, 1, 1, 1, 1, '2019-05-15 00:00:00', 1, 1, 'I', '1', '2019-05-15 00:00:00', '1', '2019-05-15 00:00:00', 'S'),
	(2, 1, 1, 1, 1, '2019-05-15 00:00:00', 1, 1, 'I', '1', '2019-05-15 00:00:00', '1', '2019-05-15 00:00:00', 'S');
/*!40000 ALTER TABLE `co_items_cotizacion` ENABLE KEYS */;

-- Volcando estructura para tabla bd_farmacia_desa.co_orden_compras
CREATE TABLE IF NOT EXISTS `co_orden_compras` (
  `id_orden_compra` bigint(20) NOT NULL AUTO_INCREMENT,
  `id_empresa` bigint(20) NOT NULL,
  `id_sucursal` bigint(20) NOT NULL,
  `id_proveedor` bigint(20) DEFAULT NULL,
  `id_tipo_documento` bigint(20) DEFAULT NULL,
  `observacion` varchar(70) DEFAULT NULL,
  `fecha_entrega` date DEFAULT NULL,
  `total_subtotal` decimal(15,7) DEFAULT NULL,
  `total_descuento` decimal(15,7) DEFAULT NULL,
  `total_ice` decimal(15,7) DEFAULT NULL,
  `total_iva` decimal(15,7) DEFAULT NULL,
  `total_compra` decimal(15,7) DEFAULT NULL,
  `fecha_aprobacion` datetime DEFAULT NULL,
  `usuario_creacion` varchar(20) DEFAULT NULL,
  `fecha_creacion` datetime DEFAULT NULL,
  `usuario_actualizacion` varchar(20) DEFAULT NULL,
  `fecha_actualizacion` datetime DEFAULT NULL,
  `estado` char(2) DEFAULT NULL,
  PRIMARY KEY (`id_orden_compra`,`id_empresa`,`id_sucursal`),
  KEY `fk_empres_sucursal$11` (`id_empresa`,`id_sucursal`),
  CONSTRAINT `fk_empres_sucursal$11` FOREIGN KEY (`id_empresa`, `id_sucursal`) REFERENCES `se_sucursal` (`id_empresa`, `id_sucursal`)
) ENGINE=InnoDB AUTO_INCREMENT=5 DEFAULT CHARSET=utf8;

-- Volcando datos para la tabla bd_farmacia_desa.co_orden_compras: ~4 rows (aproximadamente)
/*!40000 ALTER TABLE `co_orden_compras` DISABLE KEYS */;
INSERT INTO `co_orden_compras` (`id_orden_compra`, `id_empresa`, `id_sucursal`, `id_proveedor`, `id_tipo_documento`, `observacion`, `fecha_entrega`, `total_subtotal`, `total_descuento`, `total_ice`, `total_iva`, `total_compra`, `fecha_aprobacion`, `usuario_creacion`, `fecha_creacion`, `usuario_actualizacion`, `fecha_actualizacion`, `estado`) VALUES
	(1, 1, 1, 1, 1, 'COMPRA SATISFECHA', '2019-09-09', 10.0000000, 0.0000000, 0.0000000, 1.2000000, 11.2000000, '2019-09-09 17:18:05', 'apiguave', '2019-09-09 17:05:46', 'apiguave', '2019-09-09 17:18:05', 'C'),
	(2, 1, 1, 1, 1, 'COMPRA', '2019-09-30', 1800.0000000, 0.0000000, 0.0000000, 0.0000000, 1800.0000000, '2019-09-30 09:56:15', 'apiguave', '2019-09-30 09:54:39', 'apiguave', '2019-09-30 09:56:15', 'C'),
	(3, 1, 1, 1, 1, 'jtikkot', '2019-10-10', 144.0000000, 0.0000000, 0.0000000, 0.0000000, 144.0000000, '2019-09-30 11:05:40', 'apiguave', '2019-09-30 11:04:40', 'apiguave', '2019-09-30 11:05:40', 'C'),
	(4, 1, 1, 1, 1, 'hvhjfhvb', '2019-10-16', 41.0000000, 0.0000000, 0.0000000, 0.0000000, 41.0000000, '2019-10-16 18:16:26', 'apiguave', '2019-10-16 18:12:49', 'apiguave', '2019-10-16 18:16:26', 'C');
/*!40000 ALTER TABLE `co_orden_compras` ENABLE KEYS */;

-- Volcando estructura para tabla bd_farmacia_desa.co_orden_pedido
CREATE TABLE IF NOT EXISTS `co_orden_pedido` (
  `id_orden_pedido` bigint(20) NOT NULL AUTO_INCREMENT,
  `id_empresa` bigint(20) NOT NULL,
  `id_sucursal` bigint(20) NOT NULL,
  `id_proveedor` bigint(20) DEFAULT NULL,
  `estado` char(2) DEFAULT NULL,
  `id_documento` bigint(20) DEFAULT NULL,
  `observacion` varchar(70) DEFAULT NULL,
  `fecha_emision` datetime DEFAULT NULL,
  `usuario_creacion` varchar(20) DEFAULT NULL,
  `fecha_creacion` datetime DEFAULT NULL,
  `usuario_actualizacion` varchar(20) DEFAULT NULL,
  `fecha_actualizacion` datetime DEFAULT NULL,
  PRIMARY KEY (`id_orden_pedido`,`id_empresa`,`id_sucursal`),
  KEY `fk_co_orden_pedido_1_idx` (`id_sucursal`,`id_empresa`),
  CONSTRAINT `fk_co_orden_pedido_1` FOREIGN KEY (`id_sucursal`, `id_empresa`) REFERENCES `se_sucursal` (`id_sucursal`, `id_empresa`) ON DELETE NO ACTION ON UPDATE NO ACTION
) ENGINE=InnoDB AUTO_INCREMENT=6 DEFAULT CHARSET=utf8;

-- Volcando datos para la tabla bd_farmacia_desa.co_orden_pedido: ~5 rows (aproximadamente)
/*!40000 ALTER TABLE `co_orden_pedido` DISABLE KEYS */;
INSERT INTO `co_orden_pedido` (`id_orden_pedido`, `id_empresa`, `id_sucursal`, `id_proveedor`, `estado`, `id_documento`, `observacion`, `fecha_emision`, `usuario_creacion`, `fecha_creacion`, `usuario_actualizacion`, `fecha_actualizacion`) VALUES
	(1, 1, 1, 1, 'C', 1, 'COMPRAS DE HOY', '2019-09-09 17:01:47', 'apiguave', '2019-09-09 17:01:47', 'apiguave', '2019-09-09 17:05:46'),
	(2, 1, 1, 1, 'P', 1, 'urgente stock en 0', '2019-09-17 13:29:34', 'apiguave', '2019-09-17 13:29:34', NULL, NULL),
	(3, 1, 1, 1, 'C', 1, 'COMPRA', '2019-09-30 09:52:12', 'apiguave', '2019-09-30 09:52:12', 'apiguave', '2019-09-30 09:54:39'),
	(4, 1, 1, 1, 'C', 1, 'hjuyki', '2019-09-30 11:02:49', 'apiguave', '2019-09-30 11:02:49', 'apiguave', '2019-09-30 11:04:40'),
	(5, 1, 1, 1, 'C', 1, 'nvbnh', '2019-10-16 18:08:54', 'apiguave', '2019-10-16 18:08:54', 'apiguave', '2019-10-16 18:12:49');
/*!40000 ALTER TABLE `co_orden_pedido` ENABLE KEYS */;

-- Volcando estructura para tabla bd_farmacia_desa.co_proveedores
CREATE TABLE IF NOT EXISTS `co_proveedores` (
  `id_proveedor` bigint(20) NOT NULL AUTO_INCREMENT,
  `nombre` varchar(50) DEFAULT NULL,
  `direccion` varchar(50) DEFAULT NULL,
  `telefono1` varchar(15) DEFAULT NULL,
  `telefono2` varchar(15) DEFAULT NULL,
  `pagina_web` varchar(150) DEFAULT NULL,
  `numero_identificacion` varchar(13) DEFAULT NULL,
  `email` varchar(50) DEFAULT NULL,
  `tipo_persona` bigint(20) DEFAULT NULL,
  `id_pais` bigint(20) DEFAULT NULL,
  `contribuyente_especial` varchar(2) DEFAULT NULL,
  `codigo_contribuyente` varchar(15) DEFAULT NULL,
  `observaciones` varchar(60) DEFAULT NULL,
  `nombre_comercial` varchar(50) DEFAULT NULL,
  `usuario_creacion` varchar(20) DEFAULT NULL,
  `fecha_creacion` datetime DEFAULT NULL,
  `usuario_actualizacion` varchar(20) DEFAULT NULL,
  `fecha_actualizacion` datetime DEFAULT NULL,
  `estado` char(1) DEFAULT NULL,
  PRIMARY KEY (`id_proveedor`),
  KEY `fk_co_idtipopersona_idx` (`tipo_persona`),
  KEY `fk_co_proveedores_1_idx` (`id_pais`),
  CONSTRAINT `fk_co_idtipopersona` FOREIGN KEY (`tipo_persona`) REFERENCES `se_tipo_persona` (`id_tipo_persona`) ON DELETE NO ACTION ON UPDATE NO ACTION,
  CONSTRAINT `fk_co_proveedores_1` FOREIGN KEY (`id_pais`) REFERENCES `se_pais` (`id_Pais`) ON DELETE NO ACTION ON UPDATE NO ACTION
) ENGINE=InnoDB AUTO_INCREMENT=3 DEFAULT CHARSET=latin1;

-- Volcando datos para la tabla bd_farmacia_desa.co_proveedores: ~2 rows (aproximadamente)
/*!40000 ALTER TABLE `co_proveedores` DISABLE KEYS */;
INSERT INTO `co_proveedores` (`id_proveedor`, `nombre`, `direccion`, `telefono1`, `telefono2`, `pagina_web`, `numero_identificacion`, `email`, `tipo_persona`, `id_pais`, `contribuyente_especial`, `codigo_contribuyente`, `observaciones`, `nombre_comercial`, `usuario_creacion`, `fecha_creacion`, `usuario_actualizacion`, `fecha_actualizacion`, `estado`) VALUES
	(1, 'RoberthArellano', 'Flor de Bastion', '0456793', '0985420743', 'www.Roberthdebastion.com', '0958305749', 'dbastion@gmail.com', 1, 2, 'SI', '', 'N/A', 'BaastionDRoberth', '', NULL, NULL, '2019-05-16 19:24:11', 'A'),
	(2, 'Prueba', 'Huancavilca sur', '0XXXXXX', '0XXXXXXXX', 'www.XXXXXXXX.COM', 'XXXXXXXXXX', 'XXXXXXX@gmail.com', 2, 2, '', '', 'N/A', 'XXXXXXXXXXX', '', '2019-05-12 00:00:00', '', '2019-05-16 19:25:00', 'I');
/*!40000 ALTER TABLE `co_proveedores` ENABLE KEYS */;

-- Volcando estructura para procedimiento bd_farmacia_desa.crearTmp
DELIMITER //
CREATE DEFINER=`farmacia`@`%` PROCEDURE `crearTmp`()
BEGIN
    DECLARE nombre1 VARCHAR(500);
    DECLARE i int;
    declare total int;
    DECLARE cursor_i CURSOR FOR SELECT DISTINCT(medicina.`forma_farmaceutica`) FROM medicina WHERE medicina.`forma_farmaceutica` IS NOT NULL;
	set i=1;
	set total=0;
	SELECT COUNT(DISTINCT(medicina.`forma_farmaceutica`)) into total FROM medicina;
    open cursor_i;
    while i<= total do
    fetch cursor_i into nombre1;
    insert into `tmp_subgrupo`(tmp_subgrupo.`nombre`)values(nombre1);commit;
    end while;
    close cursor_i;
    END//
DELIMITER ;

-- Volcando estructura para tabla bd_farmacia_desa.detalle_egreso
CREATE TABLE IF NOT EXISTS `detalle_egreso` (
  `iddetalle_egreso` int(11) NOT NULL AUTO_INCREMENT,
  `idcliente` int(11) NOT NULL,
  `cantida` int(11) NOT NULL,
  `pvp` double NOT NULL,
  `fecha` datetime NOT NULL,
  `idproducto` int(11) NOT NULL,
  PRIMARY KEY (`iddetalle_egreso`),
  KEY `dsfds_idx` (`idcliente`),
  KEY `dfgfdg_idx` (`idproducto`),
  CONSTRAINT `dfgfdg` FOREIGN KEY (`idproducto`) REFERENCES `producto` (`id_producto`) ON DELETE NO ACTION ON UPDATE NO ACTION,
  CONSTRAINT `erg` FOREIGN KEY (`idcliente`) REFERENCES `cliente` (`idcliente`) ON DELETE NO ACTION ON UPDATE NO ACTION
) ENGINE=InnoDB AUTO_INCREMENT=2 DEFAULT CHARSET=latin1;

-- Volcando datos para la tabla bd_farmacia_desa.detalle_egreso: ~0 rows (aproximadamente)
/*!40000 ALTER TABLE `detalle_egreso` DISABLE KEYS */;
INSERT INTO `detalle_egreso` (`iddetalle_egreso`, `idcliente`, `cantida`, `pvp`, `fecha`, `idproducto`) VALUES
	(1, 1, 10, 1, '2000-02-02 00:00:00', 1);
/*!40000 ALTER TABLE `detalle_egreso` ENABLE KEYS */;

-- Volcando estructura para tabla bd_farmacia_desa.detalle_ingreso
CREATE TABLE IF NOT EXISTS `detalle_ingreso` (
  `iddetalle_ingreso` int(11) NOT NULL AUTO_INCREMENT,
  `cantidad` int(11) NOT NULL,
  `costo` double NOT NULL,
  `fecha` datetime NOT NULL,
  `id_producto` int(11) NOT NULL,
  `idadministrador` int(11) NOT NULL,
  PRIMARY KEY (`iddetalle_ingreso`),
  KEY `asdasdasd_idx` (`id_producto`),
  KEY `asddadsa_idx` (`idadministrador`),
  CONSTRAINT `asdasdasd` FOREIGN KEY (`id_producto`) REFERENCES `producto` (`id_producto`) ON DELETE NO ACTION ON UPDATE NO ACTION,
  CONSTRAINT `asddadsa` FOREIGN KEY (`idadministrador`) REFERENCES `administrador` (`idadministrador`) ON DELETE NO ACTION ON UPDATE NO ACTION
) ENGINE=InnoDB AUTO_INCREMENT=2 DEFAULT CHARSET=latin1;

-- Volcando datos para la tabla bd_farmacia_desa.detalle_ingreso: ~0 rows (aproximadamente)
/*!40000 ALTER TABLE `detalle_ingreso` DISABLE KEYS */;
INSERT INTO `detalle_ingreso` (`iddetalle_ingreso`, `cantidad`, `costo`, `fecha`, `id_producto`, `idadministrador`) VALUES
	(1, 10, 1, '2000-02-02 00:00:00', 1, 1);
/*!40000 ALTER TABLE `detalle_ingreso` ENABLE KEYS */;

-- Volcando estructura para tabla bd_farmacia_desa.egreso
CREATE TABLE IF NOT EXISTS `egreso` (
  `idegreso` int(11) NOT NULL AUTO_INCREMENT,
  `iddetalle_egreso` int(11) NOT NULL,
  `total` double NOT NULL,
  PRIMARY KEY (`idegreso`),
  KEY `jhvc_idx` (`iddetalle_egreso`),
  CONSTRAINT `jhvc` FOREIGN KEY (`iddetalle_egreso`) REFERENCES `detalle_egreso` (`iddetalle_egreso`) ON DELETE NO ACTION ON UPDATE NO ACTION
) ENGINE=InnoDB AUTO_INCREMENT=2 DEFAULT CHARSET=latin1;

-- Volcando datos para la tabla bd_farmacia_desa.egreso: ~0 rows (aproximadamente)
/*!40000 ALTER TABLE `egreso` DISABLE KEYS */;
INSERT INTO `egreso` (`idegreso`, `iddetalle_egreso`, `total`) VALUES
	(1, 1, 10);
/*!40000 ALTER TABLE `egreso` ENABLE KEYS */;

-- Volcando estructura para tabla bd_farmacia_desa.factura
CREATE TABLE IF NOT EXISTS `factura` (
  `idfactura` int(11) NOT NULL AUTO_INCREMENT,
  `idcliente` int(11) NOT NULL,
  `fecha` date NOT NULL,
  `id_producto` int(11) NOT NULL,
  PRIMARY KEY (`idfactura`),
  KEY `idproducto_idx` (`id_producto`),
  KEY `idcliente_idx` (`idcliente`),
  CONSTRAINT `asda` FOREIGN KEY (`idcliente`) REFERENCES `cliente` (`idcliente`) ON DELETE NO ACTION ON UPDATE NO ACTION,
  CONSTRAINT `asdasd` FOREIGN KEY (`id_producto`) REFERENCES `producto` (`id_producto`) ON DELETE NO ACTION ON UPDATE NO ACTION
) ENGINE=InnoDB DEFAULT CHARSET=latin1;

-- Volcando datos para la tabla bd_farmacia_desa.factura: ~0 rows (aproximadamente)
/*!40000 ALTER TABLE `factura` DISABLE KEYS */;
/*!40000 ALTER TABLE `factura` ENABLE KEYS */;

-- Volcando estructura para función bd_farmacia_desa.FN_ARTICULO
DELIMITER //
CREATE DEFINER=`farmacia`@`%` FUNCTION `FN_ARTICULO`(cadart VARCHAR(120),cadesubg VARCHAR(120)) RETURNS int(11)
BEGIN
	DECLARE LN_id INT;
	declare ln_id_sub int;
	set ln_id_sub = 0;
	
	-- set ln_id_sub = (SELECT sg.id_subgrupo FROM pr_subgrupos sg WHERE UPPER(REPLACE(sg.nombre,' ','')) = UPPER(REPLACE(cadesubg,' ','')));
	set ln_id_sub = (SELECT sg.id_subgrupo FROM pr_subgrupos sg WHERE sg.nombre = cadesubg);
	
	SELECT sp.id_articulo INTO LN_id
	FROM pr_articulo sp 
	-- WHERE UPPER(REPLACE(sp.nombre_articulo,' ','')) = UPPER(REPLACE(cadart,' ','')) AND sp.id_subgrupo = ln_id_sub;
	WHERE sp.nombre_articulo = cadart AND sp.id_subgrupo = ln_id_sub;
	RETURN LN_id;
    END//
DELIMITER ;

-- Volcando estructura para función bd_farmacia_desa.FN_CONCAT_PRODUCT
DELIMITER //
CREATE DEFINER=`farmacia`@`%` FUNCTION `FN_CONCAT_PRODUCT`(id_art int ,id_subg int) RETURNS varchar(190) CHARSET latin1
BEGIN
	declare nombre varchar(190);
	DECLARE valor1 VARCHAR(190);
	DECLARE valor2 VARCHAR(190);
	set nombre = '';
	SELECT a.`nombre_articulo` into valor1 FROM `pr_articulo` a WHERE a.`id_articulo` = id_art;
	SELECT s.`nombre` into valor2 FROM `pr_subgrupos` s WHERE s.`id_subgrupo`= id_subg;
	
	set nombre = concat(valor1,' ',valor2);
	return nombre;
    END//
DELIMITER ;

-- Volcando estructura para función bd_farmacia_desa.FN_SUBGRUPO
DELIMITER //
CREATE DEFINER=`farmacia`@`%` FUNCTION `FN_SUBGRUPO`(cadena1 VARCHAR(120)) RETURNS int(11)
BEGIN
	declare LN_id int;
	SELECT sp.`id_subgrupo` into LN_id
	FROM `pr_subgrupos` sp 
	WHERE UPPER(REPLACE(sp.`nombre`,' ','')) = UPPER(REPLACE(cadena1,' ',''));
	
	RETURN LN_id;
    END//
DELIMITER ;

-- Volcando estructura para función bd_farmacia_desa.FN_TIPO_MEDIDA
DELIMITER //
CREATE DEFINER=`farmacia`@`%` FUNCTION `FN_TIPO_MEDIDA`(cadena1 VARCHAR(120)) RETURNS int(11)
BEGIN
	DECLARE LN_id INT;
	SELECT sp.`id_tipo_medidas` INTO LN_id
	FROM `pr_tipo_medidas` sp 
	-- WHERE UPPER(REPLACE(sp.`nombre_tipo_medida`,' ','')) = UPPER(REPLACE(cadena1,' ',''));
	WHERE sp.`nombre_tipo_medida`= cadena1;
	RETURN LN_id;
    END//
DELIMITER ;

-- Volcando estructura para función bd_farmacia_desa.FN_TIPO_PRESENTACION
DELIMITER //
CREATE DEFINER=`farmacia`@`%` FUNCTION `FN_TIPO_PRESENTACION`(cadena1 VARCHAR(120)) RETURNS int(11)
BEGIN
	DECLARE LN_id INT;
	SELECT sp.`id_tipo_presentacion` INTO LN_id
	FROM `pr_tipo_presentacion` sp 
	-- WHERE UPPER(REPLACE(sp.`nombre`,' ','')) = UPPER(REPLACE(cadena1,' ',''));
	WHERE sp.`nombre`= cadena1;
	RETURN LN_id;
    END//
DELIMITER ;

-- Volcando estructura para tabla bd_farmacia_desa.historial
CREATE TABLE IF NOT EXISTS `historial` (
  `idhistorial` int(11) NOT NULL AUTO_INCREMENT,
  `idinvitado` int(11) NOT NULL,
  `idadministrador` int(11) NOT NULL,
  PRIMARY KEY (`idhistorial`),
  KEY `adsfdasedf_idx` (`idadministrador`),
  KEY `db_idx` (`idinvitado`),
  CONSTRAINT `adsfdasedf` FOREIGN KEY (`idadministrador`) REFERENCES `administrador` (`idadministrador`) ON DELETE NO ACTION ON UPDATE NO ACTION,
  CONSTRAINT `sadas` FOREIGN KEY (`idinvitado`) REFERENCES `invitados` (`idinvitado`) ON DELETE NO ACTION ON UPDATE NO ACTION
) ENGINE=InnoDB DEFAULT CHARSET=latin1;

-- Volcando datos para la tabla bd_farmacia_desa.historial: ~0 rows (aproximadamente)
/*!40000 ALTER TABLE `historial` DISABLE KEYS */;
/*!40000 ALTER TABLE `historial` ENABLE KEYS */;

-- Volcando estructura para tabla bd_farmacia_desa.ingreso
CREATE TABLE IF NOT EXISTS `ingreso` (
  `idingreso` int(11) NOT NULL AUTO_INCREMENT,
  `iddetalle_ingreso` int(11) NOT NULL,
  `total` double NOT NULL,
  PRIMARY KEY (`idingreso`),
  KEY `asdsad_idx` (`iddetalle_ingreso`),
  CONSTRAINT `asdsad` FOREIGN KEY (`iddetalle_ingreso`) REFERENCES `detalle_ingreso` (`iddetalle_ingreso`) ON DELETE NO ACTION ON UPDATE NO ACTION
) ENGINE=InnoDB AUTO_INCREMENT=2 DEFAULT CHARSET=latin1;

-- Volcando datos para la tabla bd_farmacia_desa.ingreso: ~0 rows (aproximadamente)
/*!40000 ALTER TABLE `ingreso` DISABLE KEYS */;
INSERT INTO `ingreso` (`idingreso`, `iddetalle_ingreso`, `total`) VALUES
	(1, 1, 1);
/*!40000 ALTER TABLE `ingreso` ENABLE KEYS */;

-- Volcando estructura para tabla bd_farmacia_desa.invitados
CREATE TABLE IF NOT EXISTS `invitados` (
  `idinvitado` int(11) NOT NULL AUTO_INCREMENT,
  `nombre` varchar(45) NOT NULL,
  `fecha` date NOT NULL,
  PRIMARY KEY (`idinvitado`)
) ENGINE=InnoDB DEFAULT CHARSET=latin1;

-- Volcando datos para la tabla bd_farmacia_desa.invitados: ~0 rows (aproximadamente)
/*!40000 ALTER TABLE `invitados` DISABLE KEYS */;
/*!40000 ALTER TABLE `invitados` ENABLE KEYS */;

-- Volcando estructura para tabla bd_farmacia_desa.in_bodega
CREATE TABLE IF NOT EXISTS `in_bodega` (
  `id_bodega` bigint(11) NOT NULL AUTO_INCREMENT,
  `id_tipo_bodega` bigint(11) NOT NULL,
  `id_empresa` bigint(11) NOT NULL,
  `id_sucursal` bigint(11) NOT NULL,
  `nombre_bodega` varchar(70) DEFAULT NULL,
  `estado` varchar(2) DEFAULT NULL,
  `usuario_creacion` varchar(20) DEFAULT NULL,
  `fecha_creacion` datetime DEFAULT NULL,
  `usuario_actualizacion` varchar(20) DEFAULT NULL,
  `fecha_actualizacion` datetime DEFAULT NULL,
  PRIMARY KEY (`id_bodega`,`id_tipo_bodega`,`id_empresa`,`id_sucursal`),
  KEY `fk_bodega_tipo` (`id_tipo_bodega`),
  KEY `fk_in_bodega_sucursal_idx` (`id_empresa`,`id_sucursal`),
  CONSTRAINT `fk_in_bodega_sucursal` FOREIGN KEY (`id_empresa`, `id_sucursal`) REFERENCES `se_sucursal` (`id_empresa`, `id_sucursal`) ON DELETE NO ACTION ON UPDATE NO ACTION,
  CONSTRAINT `fk_in_bodega_tipo_bodega` FOREIGN KEY (`id_tipo_bodega`) REFERENCES `in_tipo_bodega` (`id_tipo_bodega`) ON DELETE NO ACTION ON UPDATE NO ACTION
) ENGINE=InnoDB AUTO_INCREMENT=2 DEFAULT CHARSET=latin1;

-- Volcando datos para la tabla bd_farmacia_desa.in_bodega: ~0 rows (aproximadamente)
/*!40000 ALTER TABLE `in_bodega` DISABLE KEYS */;
INSERT INTO `in_bodega` (`id_bodega`, `id_tipo_bodega`, `id_empresa`, `id_sucursal`, `nombre_bodega`, `estado`, `usuario_creacion`, `fecha_creacion`, `usuario_actualizacion`, `fecha_actualizacion`) VALUES
	(1, 35, 1, 2, 'Prod.tableta', 'A', 'jorgemv', NULL, NULL, NULL);
/*!40000 ALTER TABLE `in_bodega` ENABLE KEYS */;

-- Volcando estructura para tabla bd_farmacia_desa.in_detalle_movimiento
CREATE TABLE IF NOT EXISTS `in_detalle_movimiento` (
  `id_detalle_movimiento` bigint(20) NOT NULL AUTO_INCREMENT,
  `id_movimientos` bigint(20) NOT NULL,
  `id_tipo_documento` bigint(20) NOT NULL,
  `id_tipo_movimiento` bigint(20) NOT NULL,
  `anio_documento` date DEFAULT NULL,
  `id_motivo` bigint(20) NOT NULL,
  `id_empresa` bigint(20) NOT NULL,
  `id_sucursal` bigint(20) NOT NULL,
  `linea_detalle` bigint(20) NOT NULL,
  `id_producto` bigint(20) NOT NULL,
  `descripcion` varchar(256) DEFAULT NULL,
  `cantidad` bigint(20) DEFAULT NULL,
  `precio_unitario` decimal(10,7) DEFAULT NULL,
  `estado` char(2) DEFAULT NULL,
  `despachado` char(2) DEFAULT NULL,
  `id_bodega_origen` bigint(20) DEFAULT NULL,
  `id_bodega_destino` bigint(20) DEFAULT NULL,
  `id_sucursal_destino` bigint(20) DEFAULT NULL,
  `usuario_creacion` varchar(20) DEFAULT NULL,
  `fecha_creacion` datetime DEFAULT NULL,
  `usuario_actualizacion` varchar(20) DEFAULT NULL,
  `fecha_actualizacion` datetime DEFAULT NULL,
  PRIMARY KEY (`id_detalle_movimiento`,`id_movimientos`,`id_tipo_documento`,`id_tipo_movimiento`,`id_motivo`,`id_empresa`,`id_sucursal`,`linea_detalle`,`id_producto`),
  KEY `id_movimientos` (`id_movimientos`,`id_tipo_documento`,`id_tipo_movimiento`,`id_motivo`,`id_empresa`,`id_sucursal`),
  CONSTRAINT `in_detalle_movimiento_ibfk_1` FOREIGN KEY (`id_movimientos`, `id_tipo_documento`, `id_tipo_movimiento`, `id_motivo`, `id_empresa`, `id_sucursal`) REFERENCES `in_movimientos` (`id_movimientos`, `id_tipo_documento`, `id_tipo_movimiento`, `id_motivo`, `id_empresa`, `id_sucursal`)
) ENGINE=InnoDB AUTO_INCREMENT=27 DEFAULT CHARSET=latin1;

-- Volcando datos para la tabla bd_farmacia_desa.in_detalle_movimiento: ~12 rows (aproximadamente)
/*!40000 ALTER TABLE `in_detalle_movimiento` DISABLE KEYS */;
INSERT INTO `in_detalle_movimiento` (`id_detalle_movimiento`, `id_movimientos`, `id_tipo_documento`, `id_tipo_movimiento`, `anio_documento`, `id_motivo`, `id_empresa`, `id_sucursal`, `linea_detalle`, `id_producto`, `descripcion`, `cantidad`, `precio_unitario`, `estado`, `despachado`, `id_bodega_origen`, `id_bodega_destino`, `id_sucursal_destino`, `usuario_creacion`, `fecha_creacion`, `usuario_actualizacion`, `fecha_actualizacion`) VALUES
	(14, 14, 5, 1, NULL, 2, 1, 1, 1, 1, 'Abacavir Tableta recubierta', 1, 2.0000000, 'A', NULL, 1, NULL, NULL, 'ANTHONY ', '2019-09-10 18:14:33', NULL, NULL),
	(15, 15, 1, 2, NULL, 1, 1, 1, 1, 1, 'MEDICINA \nTABLETA RECUBIERTA \nABACAVIR \nCAJA X 1 FRASCO, CAJA X BLÍSTERES \n300 MG', 100, 1.0000000, 'A', NULL, NULL, NULL, NULL, 'apiguave', '2019-09-30 09:54:39', NULL, NULL),
	(16, 15, 1, 2, NULL, 1, 1, 1, 2, 2, 'MEDICINA \nTABLETA \nPROPRANOLOL \nCAJA X 1 FRASCO, CAJA X BLÍSTERES \n10 MG', 100, 1.0000000, 'A', NULL, NULL, NULL, NULL, 'apiguave', '2019-09-30 09:54:39', NULL, NULL),
	(17, 15, 1, 2, NULL, 1, 1, 1, 3, 3, 'MEDICINA \nTABLETA \nPROPRANOLOL \nCAJA X 1 FRASCO, CAJA X BLÍSTERES \n40 MG', 1000, 1.0000000, 'A', NULL, NULL, NULL, NULL, 'apiguave', '2019-09-30 09:54:39', NULL, NULL),
	(18, 15, 1, 2, NULL, 1, 1, 1, 4, 4, 'MEDICINA \nTABLETA \nPROPRANOLOL \nCAJA X 1 FRASCO, CAJA X BLÍSTERES \n80 MG', 100, 1.0000000, 'A', NULL, NULL, NULL, NULL, 'apiguave', '2019-09-30 09:54:39', NULL, NULL),
	(19, 15, 1, 2, NULL, 1, 1, 1, 5, 5, 'MEDICINA \nCÁPSULA \nSUNITINIB \nCAJA X 1 FRASCO, CAJA X BLÍSTERES \n25 MG', 100, 1.0000000, 'A', NULL, NULL, NULL, NULL, 'apiguave', '2019-09-30 09:54:39', NULL, NULL),
	(20, 15, 1, 2, NULL, 1, 1, 1, 6, 6, 'MEDICINA \nCÁPSULA \nSUNITINIB \nCAJA X 1 FRASCO, CAJA X BLÍSTERES \n50 MG', 100, 1.0000000, 'A', NULL, NULL, NULL, NULL, 'apiguave', '2019-09-30 09:54:39', NULL, NULL),
	(21, 15, 1, 2, NULL, 1, 1, 1, 7, 7, 'MEDICINA \nCÁPSULA \nSUNITINIB \nCAJA X 1 FRASCO, CAJA X BLÍSTERES \n12,5 MG', 100, 1.0000000, 'A', NULL, NULL, NULL, NULL, 'apiguave', '2019-09-30 09:54:39', NULL, NULL),
	(22, 15, 1, 2, NULL, 1, 1, 1, 8, 8, 'MEDICINA \nTABLETA \nACETAZOLAMIDA \nCAJA X BLÍSTERES \n250 MG', 100, 1.0000000, 'A', NULL, NULL, NULL, NULL, 'apiguave', '2019-09-30 09:54:39', NULL, NULL),
	(23, 15, 1, 2, NULL, 1, 1, 1, 9, 9, 'MEDICINA \nTABLETA \nACICLOVIR \nCAJA X BLÍSTERES \n200 MG', 100, 1.0000000, 'A', NULL, NULL, NULL, NULL, 'apiguave', '2019-09-30 09:54:39', NULL, NULL),
	(24, 16, 1, 2, NULL, 1, 1, 1, 1, 3, 'MEDICINA \nTABLETA \nPROPRANOLOL \nCAJA X 1 FRASCO, CAJA X BLÍSTERES \n40 MG', 12, 12.0000000, 'A', NULL, NULL, NULL, NULL, 'apiguave', '2019-09-30 11:04:40', NULL, NULL),
	(25, 17, 1, 2, NULL, 1, 1, 1, 1, 2, 'MEDICINA \nTABLETA \nPROPRANOLOL \nCAJA X 1 FRASCO, CAJA X BLÍSTERES \n10 MG', 10, 1.1000000, 'A', NULL, NULL, NULL, NULL, 'apiguave', '2019-10-16 18:12:49', NULL, NULL),
	(26, 17, 1, 2, NULL, 1, 1, 1, 2, 4, 'MEDICINA \nTABLETA \nPROPRANOLOL \nCAJA X 1 FRASCO, CAJA X BLÍSTERES \n80 MG', 20, 1.5000000, 'A', NULL, NULL, NULL, NULL, 'apiguave', '2019-10-16 18:12:49', NULL, NULL);
/*!40000 ALTER TABLE `in_detalle_movimiento` ENABLE KEYS */;

-- Volcando estructura para tabla bd_farmacia_desa.in_estados_movimiento
CREATE TABLE IF NOT EXISTS `in_estados_movimiento` (
  `id_estado_movimiento` bigint(20) NOT NULL AUTO_INCREMENT,
  `nombre` varchar(90) DEFAULT NULL,
  `estado` char(3) DEFAULT NULL,
  `usuario_creacion` varchar(20) DEFAULT NULL,
  `fecha_creacion` datetime DEFAULT NULL,
  `usuario_actualizacion` varchar(20) DEFAULT NULL,
  `fecha_actualizacion` datetime DEFAULT NULL,
  PRIMARY KEY (`id_estado_movimiento`)
) ENGINE=InnoDB DEFAULT CHARSET=latin1;

-- Volcando datos para la tabla bd_farmacia_desa.in_estados_movimiento: ~0 rows (aproximadamente)
/*!40000 ALTER TABLE `in_estados_movimiento` DISABLE KEYS */;
/*!40000 ALTER TABLE `in_estados_movimiento` ENABLE KEYS */;

-- Volcando estructura para tabla bd_farmacia_desa.in_kardex
CREATE TABLE IF NOT EXISTS `in_kardex` (
  `id_kardex` bigint(20) NOT NULL AUTO_INCREMENT,
  `id_empresa` bigint(20) NOT NULL,
  `id_sucursal` bigint(20) NOT NULL,
  `id_bodega` bigint(20) NOT NULL,
  `id_producto` bigint(20) NOT NULL,
  `fecha_movimiento` datetime DEFAULT NULL,
  `id_tipo_documento` bigint(20) NOT NULL,
  `anio_documento` varchar(4) DEFAULT NULL,
  `numero_documento` bigint(20) DEFAULT NULL,
  `fecha_sistema` datetime DEFAULT NULL,
  `cantidad` bigint(20) DEFAULT NULL,
  `saldo_actual` bigint(20) DEFAULT NULL,
  `saldo_anterior` bigint(20) DEFAULT NULL,
  `saldo_actual_bodega` bigint(20) DEFAULT NULL,
  `saldo_actual_empresa` bigint(20) DEFAULT NULL,
  `saldo_anterior_bodega` bigint(20) DEFAULT NULL,
  `saldo_anterior_empresa` bigint(20) DEFAULT NULL,
  `costo_actual` decimal(15,7) DEFAULT NULL,
  `costo_anterior` decimal(15,7) DEFAULT NULL,
  `costo_promedio` decimal(15,7) DEFAULT NULL,
  `usuario_creacion` varchar(50) DEFAULT NULL,
  `fecha_creacion` datetime DEFAULT NULL,
  `usuario_actualizacion` varchar(50) DEFAULT NULL,
  `fecha_actualizacion` datetime DEFAULT NULL,
  PRIMARY KEY (`id_kardex`,`id_empresa`,`id_sucursal`,`id_bodega`,`id_producto`,`id_tipo_documento`),
  KEY `fk_empresa_sucursal$9` (`id_empresa`,`id_sucursal`),
  KEY `fk_tipo_documentos$2` (`id_tipo_documento`),
  CONSTRAINT `fk_empresa_sucursal$9` FOREIGN KEY (`id_empresa`, `id_sucursal`) REFERENCES `se_sucursal` (`id_empresa`, `id_sucursal`),
  CONSTRAINT `fk_tipo_documentos$2` FOREIGN KEY (`id_tipo_documento`) REFERENCES `in_tipo_documento` (`id_tipo_documento`)
) ENGINE=InnoDB AUTO_INCREMENT=30 DEFAULT CHARSET=utf8;

-- Volcando datos para la tabla bd_farmacia_desa.in_kardex: ~29 rows (aproximadamente)
/*!40000 ALTER TABLE `in_kardex` DISABLE KEYS */;
INSERT INTO `in_kardex` (`id_kardex`, `id_empresa`, `id_sucursal`, `id_bodega`, `id_producto`, `fecha_movimiento`, `id_tipo_documento`, `anio_documento`, `numero_documento`, `fecha_sistema`, `cantidad`, `saldo_actual`, `saldo_anterior`, `saldo_actual_bodega`, `saldo_actual_empresa`, `saldo_anterior_bodega`, `saldo_anterior_empresa`, `costo_actual`, `costo_anterior`, `costo_promedio`, `usuario_creacion`, `fecha_creacion`, `usuario_actualizacion`, `fecha_actualizacion`) VALUES
	(1, 1, 1, 1, 1, NULL, 1, '2019', 1, '2019-09-09 17:18:05', 10, 11, 0, NULL, NULL, NULL, NULL, 10.0000000, 0.0000000, 1.0000000, 'apiguave', '2019-09-09 17:18:05', NULL, NULL),
	(2, 1, 1, 1, 1, '2019-09-10 18:14:33', 5, NULL, NULL, NULL, 100, 10, 10, NULL, NULL, NULL, NULL, 10.0000000, NULL, NULL, NULL, NULL, NULL, NULL),
	(3, 1, 1, 1, 1, NULL, 1, '2019', 2, '2019-09-30 09:56:15', 100, 110, 10, NULL, NULL, NULL, NULL, 110.0000000, 10.0000000, 1.0000000, 'apiguave', '2019-09-30 09:56:15', NULL, NULL),
	(4, 1, 1, 1, 2, NULL, 1, '2019', 2, '2019-09-30 09:56:15', 100, 100, 0, NULL, NULL, NULL, NULL, 100.0000000, 0.0000000, 1.0000000, 'apiguave', '2019-09-30 09:56:15', NULL, NULL),
	(5, 1, 1, 1, 3, NULL, 1, '2019', 2, '2019-09-30 09:56:15', 1000, 1000, 0, NULL, NULL, NULL, NULL, 1000.0000000, 0.0000000, 1.0000000, 'apiguave', '2019-09-30 09:56:15', NULL, NULL),
	(6, 1, 1, 1, 4, NULL, 1, '2019', 2, '2019-09-30 09:56:15', 100, 100, 0, NULL, NULL, NULL, NULL, 100.0000000, 0.0000000, 1.0000000, 'apiguave', '2019-09-30 09:56:15', NULL, NULL),
	(7, 1, 1, 1, 5, NULL, 1, '2019', 2, '2019-09-30 09:56:15', 100, 100, 0, NULL, NULL, NULL, NULL, 100.0000000, 0.0000000, 1.0000000, 'apiguave', '2019-09-30 09:56:15', NULL, NULL),
	(8, 1, 1, 1, 6, NULL, 1, '2019', 2, '2019-09-30 09:56:15', 100, 100, 0, NULL, NULL, NULL, NULL, 100.0000000, 0.0000000, 1.0000000, 'apiguave', '2019-09-30 09:56:15', NULL, NULL),
	(9, 1, 1, 1, 7, NULL, 1, '2019', 2, '2019-09-30 09:56:15', 100, 100, 0, NULL, NULL, NULL, NULL, 100.0000000, 0.0000000, 1.0000000, 'apiguave', '2019-09-30 09:56:15', NULL, NULL),
	(10, 1, 1, 1, 8, NULL, 1, '2019', 2, '2019-09-30 09:56:15', 100, 100, 0, NULL, NULL, NULL, NULL, 100.0000000, 0.0000000, 1.0000000, 'apiguave', '2019-09-30 09:56:15', NULL, NULL),
	(11, 1, 1, 1, 9, NULL, 1, '2019', 2, '2019-09-30 09:56:15', 100, 100, 0, NULL, NULL, NULL, NULL, 100.0000000, 0.0000000, 1.0000000, 'apiguave', '2019-09-30 09:56:15', NULL, NULL),
	(12, 1, 1, 1, 9, '2019-09-30 09:58:45', 5, NULL, NULL, NULL, 1, 99, 100, NULL, NULL, NULL, NULL, 100.0000000, NULL, NULL, NULL, '2019-09-30 09:58:45', NULL, NULL),
	(13, 1, 1, 1, 1, '2019-09-30 11:00:31', 5, NULL, NULL, NULL, 1, 109, 110, NULL, NULL, NULL, NULL, 110.0000000, NULL, NULL, NULL, '2019-09-30 11:00:31', NULL, NULL),
	(14, 1, 1, 1, 3, NULL, 1, '2019', 3, '2019-09-30 11:05:40', 12, 1012, 1000, NULL, NULL, NULL, NULL, 1144.0000000, 1000.0000000, 1.1304300, 'apiguave', '2019-09-30 11:05:40', NULL, NULL),
	(15, 1, 1, 1, 3, '2019-09-30 11:09:06', 5, NULL, NULL, NULL, 2, 1010, 1012, NULL, NULL, NULL, NULL, 1144.0000000, NULL, NULL, NULL, '2019-09-30 11:09:06', NULL, NULL),
	(16, 1, 1, 1, 1, '2019-09-30 13:53:43', 5, NULL, NULL, NULL, 1, 108, 109, NULL, NULL, NULL, NULL, 110.0000000, NULL, NULL, NULL, '2019-09-30 13:53:43', NULL, NULL),
	(17, 1, 1, 1, 3, '2019-09-30 13:53:43', 5, NULL, NULL, NULL, 1, 1009, 1010, NULL, NULL, NULL, NULL, 1144.0000000, NULL, NULL, NULL, '2019-09-30 13:53:43', NULL, NULL),
	(18, 1, 1, 1, 9, '2019-09-30 13:57:36', 5, NULL, NULL, NULL, 1, 98, 99, NULL, NULL, NULL, NULL, 100.0000000, NULL, NULL, NULL, '2019-09-30 13:57:36', NULL, NULL),
	(19, 1, 1, 1, 3, '2019-09-30 19:42:25', 5, NULL, NULL, NULL, 1, 1008, 1009, NULL, NULL, NULL, NULL, 1144.0000000, NULL, NULL, NULL, '2019-09-30 19:42:25', NULL, NULL),
	(20, 1, 1, 1, 9, '2019-09-30 19:42:25', 5, NULL, NULL, NULL, 1, 97, 98, NULL, NULL, NULL, NULL, 100.0000000, NULL, NULL, NULL, '2019-09-30 19:42:25', NULL, NULL),
	(21, 1, 1, 1, 1, '2019-10-16 17:13:12', 5, NULL, NULL, NULL, 1, 107, 108, NULL, NULL, NULL, NULL, 110.0000000, NULL, NULL, NULL, '2019-10-16 17:13:12', NULL, NULL),
	(22, 1, 1, 1, 3, '2019-10-16 17:13:12', 5, NULL, NULL, NULL, 1, 1007, 1008, NULL, NULL, NULL, NULL, 1144.0000000, NULL, NULL, NULL, '2019-10-16 17:13:12', NULL, NULL),
	(23, 1, 1, 1, 1, '2019-10-16 17:16:03', 5, NULL, NULL, NULL, 1, 106, 107, NULL, NULL, NULL, NULL, 110.0000000, NULL, NULL, NULL, '2019-10-16 17:16:03', NULL, NULL),
	(24, 1, 1, 1, 3, '2019-10-16 17:16:03', 5, NULL, NULL, NULL, 1, 1006, 1007, NULL, NULL, NULL, NULL, 1144.0000000, NULL, NULL, NULL, '2019-10-16 17:16:03', NULL, NULL),
	(25, 1, 1, 1, 1, '2019-10-16 17:18:48', 5, NULL, NULL, NULL, 1, 105, 106, NULL, NULL, NULL, NULL, 110.0000000, NULL, NULL, NULL, '2019-10-16 17:18:48', NULL, NULL),
	(26, 1, 1, 1, 9, '2019-10-16 17:18:48', 5, NULL, NULL, NULL, 1, 96, 97, NULL, NULL, NULL, NULL, 100.0000000, NULL, NULL, NULL, '2019-10-16 17:18:48', NULL, NULL),
	(27, 1, 1, 1, 2, NULL, 1, '2019', 4, '2019-10-16 18:16:26', 10, 110, 100, NULL, NULL, NULL, NULL, 111.0000000, 100.0000000, 1.0090900, 'apiguave', '2019-10-16 18:16:26', NULL, NULL),
	(28, 1, 1, 1, 4, NULL, 1, '2019', 4, '2019-10-16 18:16:26', 20, 120, 100, NULL, NULL, NULL, NULL, 130.0000000, 100.0000000, 1.0833300, 'apiguave', '2019-10-16 18:16:26', NULL, NULL),
	(29, 1, 1, 1, 1, '2019-10-16 18:33:40', 5, NULL, NULL, NULL, 1, 104, 105, NULL, NULL, NULL, NULL, 110.0000000, NULL, NULL, NULL, '2019-10-16 18:33:40', NULL, NULL);
/*!40000 ALTER TABLE `in_kardex` ENABLE KEYS */;

-- Volcando estructura para tabla bd_farmacia_desa.in_motivos
CREATE TABLE IF NOT EXISTS `in_motivos` (
  `id_motivo` bigint(20) NOT NULL AUTO_INCREMENT,
  `nombre` varchar(150) DEFAULT NULL,
  `estado` char(3) DEFAULT NULL,
  `usuario_creacion` varchar(20) DEFAULT NULL,
  `fecha_creacion` datetime DEFAULT NULL,
  `usuario_actualizacion` varchar(20) DEFAULT NULL,
  `fecha_actualizacion` datetime DEFAULT NULL,
  PRIMARY KEY (`id_motivo`)
) ENGINE=InnoDB AUTO_INCREMENT=3 DEFAULT CHARSET=latin1;

-- Volcando datos para la tabla bd_farmacia_desa.in_motivos: ~2 rows (aproximadamente)
/*!40000 ALTER TABLE `in_motivos` DISABLE KEYS */;
INSERT INTO `in_motivos` (`id_motivo`, `nombre`, `estado`, `usuario_creacion`, `fecha_creacion`, `usuario_actualizacion`, `fecha_actualizacion`) VALUES
	(1, 'COMPRAS', 'A', 'JXANCHUNDIA', NULL, NULL, NULL),
	(2, 'VENTA CLIENTE FINAL', 'A', 'JXANCHUDNDIA', NULL, NULL, NULL);
/*!40000 ALTER TABLE `in_motivos` ENABLE KEYS */;

-- Volcando estructura para tabla bd_farmacia_desa.in_movimientos
CREATE TABLE IF NOT EXISTS `in_movimientos` (
  `id_movimientos` bigint(20) NOT NULL AUTO_INCREMENT,
  `id_tipo_documento` bigint(11) NOT NULL,
  `anio_documento` date DEFAULT NULL,
  `id_tipo_movimiento` bigint(11) NOT NULL,
  `id_motivo` bigint(11) NOT NULL,
  `id_empresa` bigint(11) NOT NULL,
  `id_sucursal` bigint(11) NOT NULL,
  `id_bodega_origen` bigint(11) DEFAULT NULL,
  `id_bodega_destino` bigint(11) DEFAULT NULL,
  `id_sucursal_destino` bigint(11) DEFAULT NULL,
  `fecha_sistema` datetime DEFAULT NULL,
  `fecha_transferencia` datetime DEFAULT NULL,
  `fecha_recepcion` datetime DEFAULT NULL,
  `observacion` varchar(256) DEFAULT NULL,
  `id_proveedor` bigint(11) DEFAULT NULL,
  `id_orden_compra` bigint(20) DEFAULT NULL,
  `fecha_orden` datetime DEFAULT NULL,
  `id_factura` bigint(20) DEFAULT NULL,
  `fecha_factura` datetime DEFAULT NULL,
  `estado` varchar(10) DEFAULT NULL,
  `usuario_creacion` varchar(20) DEFAULT NULL,
  `fecha_creacion` datetime DEFAULT NULL,
  `usuario_actualizacion` varchar(20) DEFAULT NULL,
  `fecha_actualizacion` datetime DEFAULT NULL,
  PRIMARY KEY (`id_movimientos`,`id_tipo_documento`,`id_tipo_movimiento`,`id_motivo`,`id_empresa`,`id_sucursal`),
  KEY `id_tipo_documento` (`id_tipo_documento`),
  KEY `id_tipo_movimiento` (`id_tipo_movimiento`),
  KEY `id_bodega_origen` (`id_bodega_origen`),
  KEY `id_empresa` (`id_empresa`,`id_sucursal`),
  KEY `bodega_destino` (`id_bodega_destino`),
  KEY `sucursal_destino` (`id_sucursal_destino`),
  KEY `id_proveedor` (`id_proveedor`),
  KEY `id_orden_compra` (`id_orden_compra`),
  KEY `id_factura` (`id_factura`),
  KEY `id_motivo` (`id_motivo`),
  CONSTRAINT `in_movimientos_ibfk_1` FOREIGN KEY (`id_tipo_documento`) REFERENCES `in_tipo_documento` (`id_tipo_documento`),
  CONSTRAINT `in_movimientos_ibfk_10` FOREIGN KEY (`id_proveedor`) REFERENCES `co_proveedores` (`id_proveedor`),
  CONSTRAINT `in_movimientos_ibfk_11` FOREIGN KEY (`id_motivo`) REFERENCES `in_motivos` (`id_motivo`),
  CONSTRAINT `in_movimientos_ibfk_2` FOREIGN KEY (`id_tipo_movimiento`) REFERENCES `in_tipo_movimiento` (`id_tipo_movimiento`),
  CONSTRAINT `in_movimientos_ibfk_5` FOREIGN KEY (`id_empresa`, `id_sucursal`) REFERENCES `se_sucursal` (`id_empresa`, `id_sucursal`)
) ENGINE=InnoDB AUTO_INCREMENT=18 DEFAULT CHARSET=latin1;

-- Volcando datos para la tabla bd_farmacia_desa.in_movimientos: ~5 rows (aproximadamente)
/*!40000 ALTER TABLE `in_movimientos` DISABLE KEYS */;
INSERT INTO `in_movimientos` (`id_movimientos`, `id_tipo_documento`, `anio_documento`, `id_tipo_movimiento`, `id_motivo`, `id_empresa`, `id_sucursal`, `id_bodega_origen`, `id_bodega_destino`, `id_sucursal_destino`, `fecha_sistema`, `fecha_transferencia`, `fecha_recepcion`, `observacion`, `id_proveedor`, `id_orden_compra`, `fecha_orden`, `id_factura`, `fecha_factura`, `estado`, `usuario_creacion`, `fecha_creacion`, `usuario_actualizacion`, `fecha_actualizacion`) VALUES
	(1, 1, '2019-09-09', 2, 1, 1, 1, NULL, NULL, NULL, '2019-09-09 17:05:46', NULL, '2019-09-09 17:18:05', 'TOTAL EXITOSO', 1, 1, NULL, NULL, NULL, 'C', 'apiguave', '2019-09-09 17:05:46', 'apiguave', '2019-09-09 17:18:05'),
	(14, 5, NULL, 1, 2, 1, 1, NULL, NULL, NULL, '2019-09-10 18:14:33', NULL, NULL, NULL, NULL, NULL, NULL, 15, '2019-09-10 18:14:33', 'F', 'apiguave', '2019-09-10 18:14:33', NULL, NULL),
	(15, 1, '2019-09-30', 2, 1, 1, 1, NULL, NULL, NULL, '2019-09-30 09:54:39', NULL, '2019-09-30 09:56:15', 'COMPRA', 1, 2, NULL, NULL, NULL, 'C', 'apiguave', '2019-09-30 09:54:39', 'apiguave', '2019-09-30 09:56:15'),
	(16, 1, '2019-10-10', 2, 1, 1, 1, NULL, NULL, NULL, '2019-09-30 11:04:40', NULL, '2019-09-30 11:05:40', 'kfjku', 1, 3, NULL, NULL, NULL, 'C', 'apiguave', '2019-09-30 11:04:40', 'apiguave', '2019-09-30 11:05:40'),
	(17, 1, '2019-10-16', 2, 1, 1, 1, NULL, NULL, NULL, '2019-10-16 18:12:49', NULL, '2019-10-16 18:16:26', 'gjfjyjy', 1, 4, NULL, NULL, NULL, 'C', 'apiguave', '2019-10-16 18:12:49', 'apiguave', '2019-10-16 18:16:26');
/*!40000 ALTER TABLE `in_movimientos` ENABLE KEYS */;

-- Volcando estructura para tabla bd_farmacia_desa.in_prestaciones_por_servicios
CREATE TABLE IF NOT EXISTS `in_prestaciones_por_servicios` (
  `id_prestacion` bigint(20) NOT NULL,
  `id_unidad_servicio` bigint(20) NOT NULL,
  `id_empresa` bigint(20) DEFAULT NULL,
  `estado` varchar(1) DEFAULT NULL,
  `es_facturable` varchar(45) DEFAULT NULL,
  `aplica_descuento` varchar(45) DEFAULT NULL,
  `aplica_tarifario` varchar(45) DEFAULT NULL,
  `fecha_creacion` datetime DEFAULT NULL,
  `usuario_creacion` varchar(45) DEFAULT NULL,
  `fecha_actualizacion` datetime DEFAULT NULL,
  `usuario_actualizacion` varchar(30) DEFAULT NULL,
  PRIMARY KEY (`id_prestacion`,`id_unidad_servicio`),
  KEY `id_unidad_servicio` (`id_unidad_servicio`),
  CONSTRAINT `in_prestaciones_por_servicios_ibfk_2` FOREIGN KEY (`id_unidad_servicio`) REFERENCES `ve_unidad_servicio` (`id_unidad_servicio`),
  CONSTRAINT `in_prestaciones_por_servicios_ibfk_3` FOREIGN KEY (`id_prestacion`) REFERENCES `pr_prestaciones` (`id_prestacion`)
) ENGINE=InnoDB DEFAULT CHARSET=latin1;

-- Volcando datos para la tabla bd_farmacia_desa.in_prestaciones_por_servicios: ~6 rows (aproximadamente)
/*!40000 ALTER TABLE `in_prestaciones_por_servicios` DISABLE KEYS */;
INSERT INTO `in_prestaciones_por_servicios` (`id_prestacion`, `id_unidad_servicio`, `id_empresa`, `estado`, `es_facturable`, `aplica_descuento`, `aplica_tarifario`, `fecha_creacion`, `usuario_creacion`, `fecha_actualizacion`, `usuario_actualizacion`) VALUES
	(84, 1, NULL, 'A', 'SI', 'SI', NULL, '2019-09-09 16:53:43', 'apiguave', NULL, NULL),
	(85, 1, NULL, 'A', 'SI', 'SI', NULL, '2019-09-30 09:48:28', 'apiguave', NULL, NULL),
	(86, 1, NULL, 'A', 'SI', 'SI', NULL, '2019-09-30 09:48:40', 'apiguave', NULL, NULL),
	(89, 1, NULL, 'A', 'SI', 'SI', NULL, '2019-09-30 09:49:25', 'apiguave', NULL, NULL),
	(91, 1, NULL, 'A', 'SI', 'SI', NULL, '2019-09-30 09:48:50', 'apiguave', NULL, NULL),
	(91, 2, NULL, 'A', 'SI', 'SI', NULL, '2019-09-30 09:49:00', 'apiguave', NULL, NULL),
	(92, 1, NULL, 'A', 'SI', 'SI', NULL, '2019-09-30 09:49:14', 'apiguave', NULL, NULL);
/*!40000 ALTER TABLE `in_prestaciones_por_servicios` ENABLE KEYS */;

-- Volcando estructura para tabla bd_farmacia_desa.in_tipo_bodega
CREATE TABLE IF NOT EXISTS `in_tipo_bodega` (
  `id_tipo_bodega` bigint(20) NOT NULL AUTO_INCREMENT,
  `nombre` varchar(70) DEFAULT NULL,
  `estado` varchar(2) DEFAULT NULL,
  `usuario_creacion` varchar(20) DEFAULT NULL,
  `fecha_creacion` datetime DEFAULT NULL,
  `usuario_actualizacion` varchar(20) DEFAULT NULL,
  `fecha_actualizacion` datetime DEFAULT NULL,
  PRIMARY KEY (`id_tipo_bodega`)
) ENGINE=InnoDB AUTO_INCREMENT=36 DEFAULT CHARSET=latin1;

-- Volcando datos para la tabla bd_farmacia_desa.in_tipo_bodega: ~0 rows (aproximadamente)
/*!40000 ALTER TABLE `in_tipo_bodega` DISABLE KEYS */;
INSERT INTO `in_tipo_bodega` (`id_tipo_bodega`, `nombre`, `estado`, `usuario_creacion`, `fecha_creacion`, `usuario_actualizacion`, `fecha_actualizacion`) VALUES
	(35, 'VITRINA 01', 'A', 'ANTHONY ', '2019-09-09 17:13:13', NULL, NULL);
/*!40000 ALTER TABLE `in_tipo_bodega` ENABLE KEYS */;

-- Volcando estructura para tabla bd_farmacia_desa.in_tipo_compra
CREATE TABLE IF NOT EXISTS `in_tipo_compra` (
  `id_in_tipo_compra` bigint(20) NOT NULL AUTO_INCREMENT,
  `nombre` varchar(70) DEFAULT NULL,
  `estado` char(3) DEFAULT NULL,
  `usuario_creacion` varchar(45) DEFAULT NULL,
  `fecha_creacion` datetime DEFAULT NULL,
  `usuario_actualizacion` varchar(45) DEFAULT NULL,
  `fecha_actualizacion` varchar(45) DEFAULT NULL,
  PRIMARY KEY (`id_in_tipo_compra`)
) ENGINE=InnoDB AUTO_INCREMENT=2 DEFAULT CHARSET=latin1;

-- Volcando datos para la tabla bd_farmacia_desa.in_tipo_compra: ~0 rows (aproximadamente)
/*!40000 ALTER TABLE `in_tipo_compra` DISABLE KEYS */;
INSERT INTO `in_tipo_compra` (`id_in_tipo_compra`, `nombre`, `estado`, `usuario_creacion`, `fecha_creacion`, `usuario_actualizacion`, `fecha_actualizacion`) VALUES
	(1, 'SUMINISTRO', 'A', 'ANGEL', '2019-03-15 00:00:00', NULL, NULL);
/*!40000 ALTER TABLE `in_tipo_compra` ENABLE KEYS */;

-- Volcando estructura para tabla bd_farmacia_desa.in_tipo_departamento
CREATE TABLE IF NOT EXISTS `in_tipo_departamento` (
  `id_tipo_departamento` bigint(20) NOT NULL AUTO_INCREMENT,
  `nombre` varchar(70) DEFAULT NULL,
  `estado` char(3) DEFAULT NULL,
  `usuario_creacion` varchar(45) DEFAULT NULL,
  `fecha_creacion` datetime DEFAULT NULL,
  `usuario_actualizacion` varchar(45) DEFAULT NULL,
  `fecha_actualizacion` varchar(45) DEFAULT NULL,
  PRIMARY KEY (`id_tipo_departamento`)
) ENGINE=InnoDB AUTO_INCREMENT=2 DEFAULT CHARSET=latin1;

-- Volcando datos para la tabla bd_farmacia_desa.in_tipo_departamento: ~0 rows (aproximadamente)
/*!40000 ALTER TABLE `in_tipo_departamento` DISABLE KEYS */;
INSERT INTO `in_tipo_departamento` (`id_tipo_departamento`, `nombre`, `estado`, `usuario_creacion`, `fecha_creacion`, `usuario_actualizacion`, `fecha_actualizacion`) VALUES
	(1, 'OFICINA', 'A', 'ANGEL', '2019-05-15 00:00:00', NULL, NULL);
/*!40000 ALTER TABLE `in_tipo_departamento` ENABLE KEYS */;

-- Volcando estructura para tabla bd_farmacia_desa.in_tipo_documento
CREATE TABLE IF NOT EXISTS `in_tipo_documento` (
  `id_tipo_documento` bigint(20) NOT NULL AUTO_INCREMENT,
  `nombre_documento` varchar(45) DEFAULT NULL,
  `estado` char(3) DEFAULT NULL,
  `usuario_creacion` varchar(20) DEFAULT NULL,
  `fecha_creacion` datetime DEFAULT NULL,
  `usuario_actualizacion` varchar(20) DEFAULT NULL,
  `fecha_actualizacion` datetime DEFAULT NULL,
  PRIMARY KEY (`id_tipo_documento`)
) ENGINE=InnoDB AUTO_INCREMENT=8 DEFAULT CHARSET=utf8;

-- Volcando datos para la tabla bd_farmacia_desa.in_tipo_documento: ~5 rows (aproximadamente)
/*!40000 ALTER TABLE `in_tipo_documento` DISABLE KEYS */;
INSERT INTO `in_tipo_documento` (`id_tipo_documento`, `nombre_documento`, `estado`, `usuario_creacion`, `fecha_creacion`, `usuario_actualizacion`, `fecha_actualizacion`) VALUES
	(1, 'INGRESO BODEGA', 'A', 'ANTHONY ', '2019-05-02 18:52:00', 'ANTHONY ', '2019-07-02 16:02:42'),
	(2, 'EGRESO BODEGA', 'A', 'ANTHONY ', '2019-05-02 18:52:00', 'ANTHONY ', '2019-05-21 22:01:29'),
	(3, 'INGRESO MERCADERIA', 'A', 'ANTHONY ', '2019-05-13 17:20:26', 'ANTHONY ', '2019-05-15 09:39:36'),
	(4, 'EGRESO MERCADERIA', 'A', 'ANTHONY ', '2019-05-15 08:50:43', 'ANTHONY ', '2019-09-06 17:12:39'),
	(5, 'FACTURA', 'A', 'ANTHONY', NULL, NULL, NULL);
/*!40000 ALTER TABLE `in_tipo_documento` ENABLE KEYS */;

-- Volcando estructura para tabla bd_farmacia_desa.in_tipo_movimiento
CREATE TABLE IF NOT EXISTS `in_tipo_movimiento` (
  `id_tipo_movimiento` bigint(20) NOT NULL AUTO_INCREMENT,
  `nombre_movimiento` varchar(70) DEFAULT NULL,
  `estado` char(3) DEFAULT NULL,
  `usuario_creacion` varchar(20) DEFAULT NULL,
  `fecha_creacion` datetime DEFAULT NULL,
  `usuario_actuliazacion` varchar(20) DEFAULT NULL,
  `fecha_actualizacion` datetime DEFAULT NULL,
  PRIMARY KEY (`id_tipo_movimiento`)
) ENGINE=InnoDB AUTO_INCREMENT=3 DEFAULT CHARSET=utf8;

-- Volcando datos para la tabla bd_farmacia_desa.in_tipo_movimiento: ~2 rows (aproximadamente)
/*!40000 ALTER TABLE `in_tipo_movimiento` DISABLE KEYS */;
INSERT INTO `in_tipo_movimiento` (`id_tipo_movimiento`, `nombre_movimiento`, `estado`, `usuario_creacion`, `fecha_creacion`, `usuario_actuliazacion`, `fecha_actualizacion`) VALUES
	(1, 'VENTAS', 'A', '1', '2019-05-08 23:46:50', NULL, NULL),
	(2, 'COMPRAS', 'A', '1', '2019-05-08 23:46:50', NULL, NULL);
/*!40000 ALTER TABLE `in_tipo_movimiento` ENABLE KEYS */;

-- Volcando estructura para tabla bd_farmacia_desa.medicina
CREATE TABLE IF NOT EXISTS `medicina` (
  `codigo_referencial` varchar(100) DEFAULT NULL,
  `name` varchar(100) DEFAULT NULL,
  `forma_farmaceutica` varchar(100) DEFAULT NULL,
  `concentracion` varchar(100) DEFAULT NULL,
  `presentacion comercial` varchar(100) DEFAULT NULL
) ENGINE=InnoDB DEFAULT CHARSET=latin1;

-- Volcando datos para la tabla bd_farmacia_desa.medicina: ~1.029 rows (aproximadamente)
/*!40000 ALTER TABLE `medicina` DISABLE KEYS */;
INSERT INTO `medicina` (`codigo_referencial`, `name`, `forma_farmaceutica`, `concentracion`, `presentacion comercial`) VALUES
	('J05AF06TAR265', 'Abacavir', 'Tableta recubierta', '300 mg', 'Caja x 1 frasco, Caja x blísteres'),
	('S01EC01TAB232', 'Acetazolamida', 'Tableta', '250 mg', 'Caja x blísteres'),
	('V03AB23SOY112', 'Acetilcisteína', 'Solución inyectable', '100 mg/mL', 'Caja x ampollas de 3 mL'),
	('R05CB01SOI271', 'Acetilcisteína', 'Solución inhalatoria', '300 mg/3 mL', 'Caja x ampollas de 3 mL'),
	('J05AB01SUS209', 'Aciclovir', 'Suspensión', '200 mg/5 mL', 'Caja x frasco de 100 ó 120 mL'),
	('J05AB01TAB205', 'Aciclovir', 'Tableta', '200 mg', 'Caja x blísteres'),
	('J05AB01POI232', 'Aciclovir', 'Polvo para inyección', '250 mg', 'Caja x viales'),
	('J05AB01TAB391', 'Aciclovir', 'Tableta', '800 mg', 'Caja x blísteres'),
	('J05AB01TAB296', 'Aciclovir', 'Tableta', '400 mg', 'Caja x blísteres'),
	('J05AB01TAD296', 'Aciclovir', 'Tableta dispersable', '400 mg', 'Caja x blísteres'),
	('J05AB01CAP205', 'Aciclovir', 'Cápsula', '200 mg', 'Caja x blísteres'),
	('S01AD03UNF247', 'Aciclovir', 'Ungüento oftálmico', '3.00%', 'Caja x tubo'),
	('J05AB01TAR205', 'Aciclovir', 'Tableta recubierta', '200 mg', 'Caja x blísteres'),
	('N02BA01TAE339', 'Ácido acetil salicílico', 'Tableta efervescente', '500 mg', 'Caja x sobres ó ristra'),
	('B01AC06TAB105', 'Ácido acetil salicílico', 'Tableta', '100 mg', 'Caja x blísteres'),
	('B01AC06TAR105', 'Ácido acetil salicílico', 'Tableta recubierta', '100 mg', 'Caja x blísteres'),
	('N02BA01TAM339', 'Ácido acetil salicílico', 'Tableta masticable', '500 mg', 'Caja x blísteres'),
	('N02BA01TAB339', 'Ácido acetil salicílico', 'Tableta', '500 mg', 'Caja x blísteres'),
	('M05BA04TAR376', 'Ácido alendrónico', 'Tableta recubierta', '70 mg', 'Caja x blísteres'),
	('M05BA04TAB376', 'Ácido alendrónico', 'Tableta', '70 mg', 'Caja x blísteres'),
	('A11GA01SOY112', 'Ácido ascórbico (vitamina C)', 'Solución inyectable', '100 mg/mL', 'Caja x ampollas de 5mL'),
	('B03BB01TAB314', 'Ácido fólico', 'Tableta', '5 mg', 'Caja x blísteres, Caja x frasco'),
	('B03BB01TAB073', 'Ácido fólico', 'Tableta', '1 mg', 'Caja x blísteres, Caja x frasco'),
	('D06AX01CRE185', 'Acido fusídico', 'Crema', '2.00%', 'Caja x tubo de 15 g'),
	('J04AA01GRN391', 'Ácido aminosalicílico', 'Granulado', '800 mg', 'Caja x frasco'),
	('B02AA02TAR232', 'Ácido tranexámico', 'Tableta recubierta', '250 mg', 'Caja x blísteres'),
	('B02AA02TAR339', 'Ácido tranexámico', 'Tableta recubierta', '500 mg', 'Caja x blísteres'),
	('B02AA02SOY112', 'Ácido tranexámico', 'Solución inyectable', '100 mg/mL', 'Caja x ampollas de 5 mL'),
	('N03AG01TAR339', 'Ácido valpróico', 'Tableta recubierta', '500 mg', 'Caja x blísteres, Caja x frasco'),
	('N03AG01SOL472', 'Ácido valpróico', 'Solución oral', '375 mg/mL', 'Caja x frasco'),
	('N03AG01SOL211', 'Ácido valpróico (Sal sódica)', 'Solución oral', '200 mg/mL', 'Caja x frasco'),
	('N03AG01JBE238', 'Ácido valpróico (sal sódica)', 'Jarabe', '250 mg/5 mL', 'Caja x frasco de 120 mL'),
	('M05BA08POI286', 'Ácido zolendrónico', 'Polvo para inyección', '4 mg', 'Caja x  vial con o sin disolvente'),
	('B02BD03451', 'Actividad de desvío del Inhibidor del factor VIII', 'Polvo para inyección', '500 UI', 'Caja x 1 vial + disolvente vial de 20mL + kit para reconstitución'),
	('D10AD03GEL024', 'Adapaleno', 'Gel', '0,001', 'Caja x tubo'),
	('C01EB10SOY249', 'Adenosina', 'Solución inyectable', '3 mg/mL', 'Caja x ampollas de 2 mL'),
	('B05AA06SOY445', 'Agente gelatina', 'Solución inyectable', '0,035', 'Frasco x 500 mL'),
	('B05AA06SOY284', 'Agente gelatina', 'Solución inyectable', '4.00%', 'Frasco x 500 mL'),
	('V07AB00SOY000', 'Agua para inyección', 'Solución inyectable', '___', 'Caja x ampollas de 2, 3, 5 ó 10 mL, Bolsa de 250 ó 3000 mL'),
	('P02CA03SUS116', 'Albendazol', 'Suspensión', '100 mg/5 mL', 'Caja x frascos de 20 mL'),
	('P02CA03TAM296', 'Albendazol', 'Tableta masticable', '400 mg', 'Caja x blisteres/sobres'),
	('P02CA03TAB296', 'Albendazol', 'Tableta', '400 mg', 'Caja x blísteres'),
	('R05CB13SOI188', 'Alfa dornasa', 'Solución para inhalación', '2,5 mg/2,5 mL (2 500 UI)', 'Caja x ampollas de 2,5 mL'),
	('M04AA01TAB105', 'Alopurinol', 'Tableta', '100 mg', 'Caja x blísteres'),
	('M04AA01TAB265', 'Alopurinol', 'Tableta', '300 mg', 'Caja x blísteres'),
	('N05BA12TAB048', 'Alprazolam', 'Tableta', '0,50 mg', 'Caja x blísteres'),
	('N05BA12TAB405', 'Alprazolam', 'Tableta', '0,25 mg', 'Caja x blísteres'),
	('N05BA12TAR405', 'Alprazolam', 'Tableta recubierta', '0,25 mg', 'Caja x blísteres'),
	('N05BA12TAR048', 'Alprazolam', 'Tableta recubierta', '0,50 mg', 'Caja x blísteres'),
	('N05BA12TAL048', 'Alprazolam', 'Tableta de liberación prolongada', '0,5 mg', 'Caja x blísteres'),
	('D05AA01EMU310', 'Alquitrán de hulla', 'Emulsión', '5.00%', 'Caja x frascos'),
	('V03AF05POI339', 'Amifostina', 'Polvo para inyección', '500 mg', 'Caja x vial'),
	('J01GB06SOY334', 'Amikacina', 'Solución para inyección', '50 mg/mL', 'Caja x ampollas de 2 mL'),
	('J01GB06SOY239', 'Amikacina', 'Solución para inyección', '250 mg/mL', 'Caja x ampollas de 2, 4 mL'),
	('B05BA01SOY088', 'Aminoácidos', 'Solución inyectable', '10.00%', 'Caja x Frasco/Funda de 100 mL, 250 mL, Frasco de 500 mL.'),
	('B05BA01SOY145', 'Aminoácidos', 'Solución inyectable', '15.00%', 'Frasco/Funda de 500 mL'),
	('B05BA01SOY385', 'Aminoácidos', 'Solución inyectable', '0,085', 'Frasco/Funda de 500 mL'),
	('R03DA05SOY226', 'Aminofilina', 'Solución inyectable', '25 mg/mL', 'Caja x ampollas de 10 mL'),
	('C01BD01TAR205', 'Amiodarona', 'Tableta recubierta', '200 mg', 'Caja x blísteres'),
	('C01BD01SOY334', 'Amiodarona', 'Solución inyectable', '50 mg/mL', 'Caja x ampollas de 3 mL'),
	('C01BD01TAB205', 'Amiodarona', 'Tableta', '200 mg', 'Caja x blísteres'),
	('N06AA09TAB091', 'Amitriptilina', 'Tableta', '10 mg', 'Caja x blísteres'),
	('N06AA09TAB222', 'Amitriptilina', 'Tableta', '25 mg', 'Caja x blísteres'),
	('N06AA09TAR222', 'Amitriptilina', 'Tableta recubierta', '25 mg', 'Caja x blísteres'),
	('C08CA01TAB091', 'Amlodipina', 'Tableta', '10 mg', 'Caja x blísteres'),
	('C08CA01TAB314', 'Amlodipina', 'Tableta', '5 mg', 'Caja x blísteres'),
	('J01CA04POS112', 'Amoxicilina', 'Polvo para suspensión', '100 mg/mL', 'Caja x frasco de 100 ó 120 mL + dosificador'),
	('J01CA04TAR339', 'Amoxicilina', 'Tableta recubierta', '500 mg', 'Caja x blísteres'),
	('J01CA04TAB339', 'Amoxicilina', 'Tableta', '500 mg', 'Caja x blísteres'),
	('J01CA04POS238', 'Amoxicilina', 'Polvo para suspensión', '250 mg/5 mL', 'Caja x frasco para reconstituír de 100 ó 120 mL'),
	('J01CA04CAP339', 'Amoxicilina', 'Cápsula', '500 mg', 'Caja x blísteres/ristras'),
	('J01CR02POS140', 'Amoxicilina + ácido clavulánico', 'Polvo para suspensión', '125 mg + 31,25 mg/5 mL', 'Caja x frasco de 100 ó 120 mL'),
	('J01CR02POS229', 'Amoxicilina + ácido clavulánico', 'Polvo para suspensión', '250 mg + 62,5 mg/5 mL', 'Caja x 1 frasco de 100 ó 120 mL'),
	('J01CR02POI069', 'Amoxicilina + ácido clavulánico', 'Polvo para inyección', '1 g + 200 mg', 'Caja x viales'),
	('J01CR02TAR337', 'Amoxicilina + ácido clavulánico', 'Tableta recubierta', '500 mg + 125 mg', 'Caja x blísteres/ristras, Caja x frasco'),
	('J01CA01POI121', 'Ampicilina', 'Polvo para inyección', '1000 mg', 'Caja x viales + disolvente'),
	('J01CA01POI339', 'Ampicilina', 'Polvo para inyección', '500 mg', 'Caja x viales + disolvente'),
	('J01CR01TAR2825', 'Ampicilina + sulbactam (sultamicilina)', 'Tableta recubierta', '375 mg', 'Caja x 1 blíster/blísteres'),
	('J01CR01TAB3815', 'Ampicilina + sulbactam (sultamicilina)', 'Tableta', '750 mg', 'Caja x 1 blíster/blísteres'),
	('J01CR01POI123', 'Ampicilina + sulbactam (sultamicilina)', 'Polvo para inyección', '1000 mg + 500 mg', 'Caja x viales + diluyente'),
	('J02AA01POI329', 'Amfotericina B', 'Polvo para inyección', '50 mg', 'Caja x vial'),
	('J06AA02SUY240', 'Antitoxina tetánica humana', 'Suspensión inyectable', '250 UI', 'Caja x jeringas prellenadas de 0,5 mL o 1 mL'),
	('P01BF01TAB196', 'Artemeter + Lumefantrina', 'Tableta', '20 mg + 120 mg', 'Caja x blísteres'),
	('L01XX02POI101', 'Asparaginasa', 'Polvo para inyección', '10 000 UI', 'Caja x frasco vial'),
	('J05AE08CAP205', 'Atazanavir', 'Cápsula', '200 mg', 'Caja x frasco'),
	('J05AE08CAP158', 'Atazanavir', 'Cápsula', '150 mg', 'Caja x frasco'),
	('C07AB03TAB105', 'Atenolol', 'Tableta', '100 mg', 'Caja x blísteres'),
	('C07AB03TAB329', 'Atenolol', 'Tableta', '50 mg', 'Caja x blísteres'),
	('A03BA01SOY081', 'Atropina', 'Solución inyectable', '1 mg/mL', 'Cajas x ampollas de 1 mL'),
	('S01FA01SOF066', 'Atropina', 'Solución oftálmica', '1.00%', 'Caja x frasco gotero de 5 ó 10 mL'),
	('S01FA01SOF044', 'Atropina', 'Solución oftálmica', '0,005', 'Caja x frasco gotero de 5 ó 10 mL'),
	('L04AX01POI105', 'Azatioprina', 'Polvo para inyección', '100 mg', 'Caja x vial'),
	('L04AX01TAB329', 'Azatioprina', 'Tableta', '50 mg', 'Caja x blísteres'),
	('J01FA10CAP339', 'Azitromicina', 'Cápsula', '500 mg', 'Caja x blísteres'),
	('J01FA10TAR339', 'Azitromicina', 'Tableta recubierta', '500 mg', 'Caja x blísteres'),
	('J01FA10POS209', 'Azitromicina', 'Polvo para suspensión', '200 mg/5 mL', 'Caja x frasco de 15 ó 30 mL'),
	('L04AC02POI194', 'Basiliximab', 'Polvo para inyección', '20 mg', 'Caja x vial + disolvente ampolla de 5 mL'),
	('R03BA01AER327', 'Beclometasona', 'Aerosol', '50 mcg/dosis', 'Caja x frasco de 200 dosis con atomizador'),
	('R03BA01AER231', 'Beclometasona', 'Aerosol', '250 mcg/dosis', 'Caja x frasco de 200 dosis con atomizador'),
	('J01CE01POI352', 'Bencilpenicilina (Penicilina G cristalina)', 'Polvo para inyección', '5 000 000 UI', 'Caja x viales con o sin disolvente'),
	('J01CE01POI125', 'Bencilpenicilina (Penicilina G cristalina)', 'Polvo para inyección', '1 000 000 UI', 'Caja x viales con o sin disolvente'),
	('J01CE08POI219', 'Bencilpenicilina benzatínica (penicilina G benzatínica)', 'Polvo para inyección', '2 400 000 UI', 'Caja x viales + disolvente'),
	('J01CE08POI367', 'Bencilpenicilina benzatínica (penicilina G benzatínica)', 'Polvo para inyección', '600 000 UI', 'Caja x viales con o sin disolvente'),
	('J01CE08POI138', 'Bencilpenicilina benzatínica (penicilina G benzatínica)', 'Polvo para inyección', '1 200 000 UI', 'Caja x viales'),
	('P01CA02TAB329', 'Benznidazol', 'Tableta', '50 mg', 'Caja x frasco'),
	('H02AB01SOY287', 'Betametasona', 'Solución inyectable', '4 mg/mL', 'Caja x ampollas de 1 mL'),
	('D07AC01LOC020', 'Betametasona', 'Loción', '0,0005', 'Caja x frasco de 60 mL'),
	('D07AC01UNG020', 'Betametasona', 'Ungüento', '0,0005', 'Caja x tubo de 30 g'),
	('D07AC01CRE024', 'Betametasona', 'Crema', '0,001', 'Caja x tubo mínimo de 20 g'),
	('D07AC01CRE020', 'Betametasona', 'Crema', '0,0005', 'Caja x tubo mínimo de 20 g'),
	('L01XC07SOY226', 'Bevacizumab', 'Solución inyectable', '25 mg/mL', 'Caja x vial de 4 mL ó 16 mL'),
	('N04AA02SOY320', 'Biperideno', 'Solución inyectable', '5 mg/mL', 'Caja x ampollas de 1 mL'),
	('N04AA02TAB178', 'Biperideno', 'Tableta', '2 mg', 'Caja x blísteres'),
	('L01DC01POI152', 'Bleomicina', 'Polvo para inyección', '15 UI', 'Caja x vial + diluyente'),
	('N01BB51SOY053', 'Bupivacaína hiperbárica', 'Solución inyectable', '0,0075', 'Caja x viales/ampoulepack de 4 mL'),
	('N01BB51SOY044', 'Bupivacaína hiperbárica', 'Solución inyectable', '0,005', 'Caja x ampoulepack/ ampollas de 3 o 4 mL.'),
	('N01BB01SOY053', 'Bupivacaína sin epinefrina', 'Solución inyectable', '0,0075', 'Caja x ampoulepack de 10 mL'),
	('N01BB01SOY044', 'Bupivacaína sin epinefrina', 'Solución inyectable', '0,005', 'Caja x viales/Ampoulepack de 10 ó 20 mL'),
	('N02AE01PAT278', 'Buprenorfina', 'Parche transdérmico', '20mg (35 mcg/h)', 'Caja x parches'),
	('N02AE01TAS036', 'Buprenorfina', 'Tableta sublingual', '0,2 mg', 'Caja x blísteres'),
	('N02AE01SOY040', 'Buprenorfina', 'Solución inyectable', '0,3 mg/mL', 'Caja x ampollas de 1 mL'),
	('A03BB01SOY200', 'Butilescopolamina', 'Solución inyectable', '20 mg/mL', 'Caja x ampollas de 1 mL'),
	('N04BC06TAB048', 'Cabergolina', 'Tableta', '0,5 mg', 'Caja x blísteres, Caja x frasco'),
	('A12AA04TAB339', 'Calcio (Carbonato de Calcio)', 'Tableta', '500 mg', 'Caja x blísteres, Caja x frasco'),
	('A12AA04TAM339', 'Calcio (Carbonato de Calcio)', 'Tableta masticable', '500 mg', 'Caja x blísteres'),
	('A12AA03SOY088', 'Calcio gluconato', 'Solución inyectable', '10.00%', 'Caja x ampollas de 10 mL'),
	('D05AX52UNG325', 'Calcipotriol + betametasona dipropionato', 'Ungüento', '(50 mcg + 0,5 mg)/g', 'Caja x  tubo de 30 g'),
	('A11CC04CAP047', 'Calcitriol', 'Cápsula', '0,5 mcg', 'Caja x blísteres'),
	('L01BC06TAR339', 'Capecitabina', 'Tableta recubierta', '500 mg', 'Caja x blísteres, Caja x frasco'),
	('J04AB30POI121', 'Capreomicina', 'Polvo para inyección', '1 000 mg', 'Caja x vial'),
	('N03AF01TAL296', 'Carbamazepina', 'Tableta de liberación prolongada', '400 mg', 'Caja x blísteres/ristras'),
	('N03AF01SUS116', 'Carbamazepina', 'Suspensión', '100 mg/5 mL', 'Caja x frasco de 120 mL'),
	('N03AF01TAB205', 'Carbamazepina', 'Tableta', '200 mg', 'Caja x blísteres/ristras'),
	('N03AF01TAR296', 'Carbamazepina', 'Tableta recubierta', '400 mg', 'Caja x blísteres'),
	('L01XA02POI309', 'Carboplatino', 'Polvo para inyección', '450 mg', 'Caja x vial'),
	('L01XA02POI158', 'Carboplatino', 'Polvo para inyección', '150 mg', 'Caja x vial'),
	('L01XA02SOY097', 'Carboplatino', 'Solución inyectable', '10 mg/mL', 'Caja x vial de 5, 15 ó 45 mL'),
	('C07AG02TAB131', 'Carvedilol', 'Tableta', '12,5 mg', 'Caja x blísteres'),
	('C07AG02TAB357', 'Carvedilol', 'Tableta', '6,25 mg', 'Caja x blísteres'),
	('C07AG02TAB222', 'Carvedilol', 'Tableta', '25 mg', 'Caja x blísteres'),
	('J02AX04POI329', 'Caspofungina', 'Polvo para inyección', '50 mg', 'Caja x vial'),
	('J02AX04POI376', 'Caspofungina', 'Polvo para inyección', '70 mg', 'Caja x vial'),
	('J01DB01POS238', 'Cefalexina', 'Polvo para suspensión', '250 mg/5 mL', 'Caja x frasco de 60 mL, 100 ó 120 mL'),
	('J01DB01CAP339', 'Cefalexina', 'Cápsula', '500 mg', 'Caja x blísteres'),
	('J01DB04POI121', 'Cefazolina', 'Polvo para inyección', '1 000 mg', 'Caja x viales'),
	('J01DE01POI121', 'Cefepima', 'Polvo para inyección', '1 000 mg', 'Caja x viales'),
	('J01DD02POI121', 'Ceftazidima', 'Polvo para inyección', '1 000 mg (1 g)', 'Caja x vial con ó sin disolvente'),
	('J01DD02POI339', 'Ceftazidima', 'Polvo para inyección', '500 mg', 'Caja x vial con ó sin disolvente'),
	('J01DD04POI339', 'Ceftriaxona', 'Polvo para inyección', '500 mg', 'Caja x vial'),
	('J01DD04POI121', 'Ceftriaxona', 'Polvo para inyección', '1 000 mg (1 g)', 'Caja x viales'),
	('L01AA01POI121', 'Ciclofosfamida', 'Polvo para inyección', '1 000 mg', 'Caja x vial'),
	('L01AA01TAB329', 'Ciclofosfamida', 'Tableta', '50 mg', 'Caja x blísteres/ristras'),
	('L01AA01POI339', 'Ciclofosfamida', 'Polvo para inyección', '500 mg', 'Caja x vial'),
	('J04AB01CAP232', 'Cicloserina', 'Cápsula', '250 mg', 'Caja x ristras'),
	('L04AD01CAP329', 'Ciclosporina', 'Cápsula', '50 mg', 'Caja x blísteres'),
	('L04AD01CAP105', 'Ciclosporina', 'Cápsula', '100 mg', 'Caja x blísteres'),
	('L04AD01SOL112', 'Ciclosporina', 'Solución oral', '100 mg/mL', 'Caja x frasco de 50 mL'),
	('L04AD01CAP222', 'Ciclosporina', 'Cápsula', '25 mg', 'Caja x blísteres'),
	('S01AX13SOF039', 'Ciprofloxacina', 'Solución oftálmica', '0,003', 'Caja x frasco gotero de 5 mL'),
	('J01MA02TAL339', 'Ciprofloxacina', 'Tableta de liberación prolongada', '500 mg', 'Caja x ristras'),
	('J01MA02SOY183', 'Ciprofloxacina', 'Solución para inyección', '2 mg/mL', 'Caja x frasco/funda/vial de 100 mL'),
	('J01MA02CAP339', 'Ciprofloxacina', 'Cápsula', '500 mg', 'Caja x blísteres'),
	('J01MA02TAR339', 'Ciprofloxacina', 'Tableta recubierta', '500 mg', 'Caja x blísteres/ristras'),
	('L01XA01SOY321', 'Cisplatino', 'Solución inyectable', '0,5 mg/mL', 'Caja x viales de 10 ó 50 mL'),
	('L01XA01SOY081', 'Cisplatino', 'Solución inyectable', '1 mg/mL', 'Caja x viales de 50 mL'),
	('L01XA01POI091', 'Cisplatino', 'Polvo para inyección', '10 mg', 'Caja x viales'),
	('L01BC01POI121', 'Citarabina', 'Polvo para inyección', '1 000 mg', 'Caja x viales'),
	('L01BC01POI105', 'Citarabina', 'Polvo para inyección', '100 mg', 'Caja x viales'),
	('L01BC01POI339', 'Citarabina', 'Polvo para inyección', '500 mg', 'Caja x viales'),
	('J01FA09TAB339', 'Claritromicina', 'Tableta', '500 mg', 'Caja x blísteres'),
	('J01FA09POS142', 'Claritromicina', 'Polvo para suspensión', '125 mg/5 mL', 'Caja x frasco de 50 ó 60 mL'),
	('J01FA09POI339', 'Claritromicina', 'Polvo para inyección', '500 mg', 'Caja x viales'),
	('J01FA09POS238', 'Claritromicina', 'Polvo para suspensión', '250 mg/5 mL', 'Caja x frasco de 50, 60 u 80 mL'),
	('J01FA09TAR339', 'Claritromicina', 'Tableta recubierta', '500 mg', 'Caja x blísteres'),
	('J01FF01CAP265', 'Clindamicina', 'Cápsula', '300 mg', 'Caja x blísteres'),
	('J01FF01SOY160', 'Clindamicina', 'Solución para inyección', '150 mg/mL', 'Caja x ampollas de 4 mL'),
	('J04BA01CAP105', 'Clofazimina', 'Cápsula', '100 mg', 'Caja x blísteres/ristras'),
	('G03GB02TAB329', 'Clomifeno', 'Tableta', '50 mg', 'Caja x blísteres'),
	('N03AE01TAB048', 'Clonazepam', 'Tableta', '0,5 mg', 'Caja x blísteres'),
	('N03AE01TAD073', 'Clonazepam', 'Tableta dispersable', '1 mg', 'Caja x blísteres'),
	('N03AE01SOL189', 'Clonazepam', 'Solución oral', '2,5 mg/mL', 'Caja x frasco de 10, 20 ó 30 mL'),
	('N03AE01TAB178', 'Clonazepam', 'Tableta', '2 mg', 'Caja x blísteres'),
	('B01AC04TAR265', 'Clopidogrel', 'Tableta recubierta', '300 mg', 'Caja x blísteres'),
	('B01AC04TAR380', 'Clopidogrel', 'Tableta recubierta', '75 mg', 'Caja x blísteres/ristras'),
	('L01AA02TAB178', 'Clorambucilo', 'Tableta', '2 mg', 'Caja x blísteres/ristras'),
	('S01AA01SOF044', 'Cloranfenicol', 'Solución oftálmica', '0,005', 'Caja x frasco gotero de 5 mL'),
	('S01AA01UNF066', 'Cloranfenicol', 'Ungüento oftálmico', '1.00%', 'Caja x tubo'),
	('P01BA01TAB232', 'Cloroquina', 'Tableta', '250 mg', 'Caja x blísteres'),
	('N05AA01TAB222', 'Clorpromazina', 'Tableta', '25 mg', 'Caja x blísteres'),
	('N05AA01TAR105', 'Clorpromazina', 'Tableta recubierta', '100 mg', 'Caja x blísteres/ristras'),
	('N05AA01SOY224', 'Clorpromazina', 'Solución inyectable', '25 mg/2 mL', 'Caja x ampollas de 2 mL'),
	('C03BA04TAB329', 'Clortalidona', 'Tableta', '50 mg', 'Caja x blísteres'),
	('C03BA04TAB222', 'Clortalidona', 'Tableta', '25 mg', 'Caja x blísteres'),
	('G01AF02OVU339', 'Clotrimazol', 'Óvulo', '500 mg', 'Caja x bíster/bísteres'),
	('D01AC01SOT066', 'Clotrimazol', 'Solución tópica', '1.00%', 'Caja x frasco de 25 mL'),
	('G01AF02CRV066', 'Clotrimazol', 'Crema vaginal', '1.00%', 'Caja x tubo de 40 g + aplicadores'),
	('G01AF02CRV185', 'Clotrimazol', 'Crema vaginal', '2.00%', 'Caja x tubo 20 g  + aplicador'),
	('G01AF02TAV339', 'Clotrimazol', 'Tableta vaginal', '500 mg', 'Caja x blíster/blísteres'),
	('D01AC01CRE066', 'Clotrimazol', 'Crema', '1.00%', 'Caja x tubo de 20 ó 40 g'),
	('G01AF02OVU105', 'Clotrimazol', 'Óvulo', '100 mg', 'Caja x ristra/ ristras'),
	('G01AF02OVU205', 'Clotrimazol', 'Óvulo', '200 mg', 'Caja x ristra/ristras'),
	('G01AF02TAV105', 'Clotrimazol', 'Tableta vaginal', '100 mg', 'Caja x blíster/ blísteres'),
	('G01AF02TAV205', 'Clotrimazol', 'Tableta vaginal', '200 mg', 'Caja x blíster/ blísteres'),
	('R05DA04TAB091', 'Codeína', 'Tableta', '10 mg', 'Caja x blísteres/ristras'),
	('R05DA04JBE095', 'Codeína', 'Jarabe', '10 mg/5 mL', 'Caja x frasco de 120 mL'),
	('M04AC01TAB048', 'Colchicina', 'Tableta', '0,5 mg', 'Frasco'),
	('J01XB01POI105', 'Colistina', 'Polvo para inyección', '100 mg', 'Caja x frasco ampolla + disolvente ampolla'),
	('A11DB00POI000', 'Complejo B', NULL, NULL, NULL),
	('A11DB00GRA000', 'Complejo B (Vitaminas B1, B6, B12)', 'Gragea', '___', 'Caja x blísteres'),
	('A11DB00TAR000', 'Complejo B (Vitaminas B1, B6, B12)', 'Tableta recubierta', '___', 'Caja x blísteres'),
	('A11DB00SOY000', 'Complejo B (Vitaminas B1, B6, B12)', 'Solución inyectable', '100 mg, 100 mg, 1 mg', 'Caja x ampollas, Caja x jeringa prellenada, de 2, 3, ó 10 mL'),
	('A11DB00CAP000', 'Complejo B (Vitaminas B1, B6, B12)', 'Cápsula', '___', 'Caja x blísteres'),
	('J01EE01SUS206', 'Cotrimoxazol (Sulfametoxazol + Trimetoprima)', 'Suspensión', '200 mg + 40 mg/5 mL', 'Caja x frasco de 100 ó 120 mL'),
	('J01EE01TAB298', 'Cotrimoxazol (Sulfametoxazol + Trimetoprima)', 'Tableta', '400 mg + 80 mg', 'Caja x ristras, Caja x blísteres'),
	('J01EE01TAB392', 'Cotrimoxazol (Sulfametoxazol + Trimetoprima)', 'Tableta', '800 mg + 160 mg', 'Caja x ristras, Caja x blísteres'),
	('L01AX04POI205', 'Dacarbazina', 'Polvo para inyección', '200 mg', 'Caja x vial/viales'),
	('L01DA01POI048', 'Dactinomicina', 'Polvo para inyección', '0,5 mg', 'Caja x vial'),
	('M03CA01POI194', 'Dantroleno', 'Polvo para inyección', '20 mg', 'Caja x vial + diluyente ampolla'),
	('J05AE10TAR296', 'Darunavir', 'Tableta recubierta', '400 mg', 'Caja x frasco'),
	('J05AE10TAR365', 'Darunavir', 'Tableta recubierta', '600 mg', 'Caja x frasco'),
	('L01DB02SOY183', 'Daunorubicina', 'Solución inyectable', '2 mg/mL', 'Caja x ampolla de 10 mL'),
	('V03AC03TAD141', 'Deferasirox', 'Tableta dispersable', '125 mg', 'Caja x blister/blísteres'),
	('V03AC03TAD232', 'Deferasirox', 'Tableta dispersable', '250 mg', 'Caja x blister/blísteres'),
	('V03AC03TAD339', 'Deferasirox', 'Tableta dispersable', '500 mg', 'Caja x blister/blísteres'),
	('H01BA02SOI450', 'Desmopresina', 'Solución para inhalación', '10 mcg/0,1 mL', 'Caja x frasco spray'),
	('H01BA02SOY482', 'Desmopresina', 'Solución inyectable', '15 mcg/mL', 'Caja x ampollas de 1 mL'),
	('S01BA01SUF081', 'Dexametasona', 'Suspensión oftálmica', '1 mg/mL', 'Caja x frasco gotero de 5 mL'),
	('H02AB02SOY287', 'Dexametasona', 'Solución inyectable', '4 mg/mL', 'Caja x ampollas de 1 mL, Caja x  ampollas de  2 mL'),
	('S01CA01SUF025', 'Dexametasona + Tobramicina', 'Suspensión oftálmica', '0,1 % + 0,3 %', 'Caja x frasco gotero de 5 mL'),
	('S01CA01UNF025', 'Dexametasona + Tobramicina', 'Ungüento oftálmico', '0,1 % + 0,3 %', 'Caja x tubo de 3,5 g'),
	('B05BA03SOY088', 'Dextrosa en agua', 'Solución inyectable', '10.00%', 'Funda de 500 y 1000 mL'),
	('B05BA03SOY310', 'Dextrosa en agua', 'Solución inyectable', '5.00%', 'Funda de 100, 250, 500 y 1000 mL.'),
	('B05BA03SOY335', 'Dextrosa en agua', 'Solución inyectable', '50.00%', 'Funda de 500 ó 1000 mL'),
	('B05BB02SOY322', 'Dextrosa en solución salina', 'Solución inyectable', '5 % + 0,9 %', 'Funda de 500 ó 1000 mL'),
	('N05BA01TAB091', 'Diazepam', 'Tableta', '10 mg', 'Caja x blíster/blísteres'),
	('N05BA01SOY320', 'Diazepam', 'Solución inyectable', '5 mg/mL', 'Caja x ampollas de 1 ó 2 mL'),
	('N05BA01TAB314', 'Diazepam', 'Tableta', '5 mg', 'Caja x blíster/blísteres'),
	('S01BC03SOF024', 'Diclofenaco', 'Solución oftálmica', '0,001', 'Caja x frasco gotero de 5 mL'),
	('M01AB05SOY226', 'Diclofenaco', 'Solución inyectable', '25 mg/mL', 'Caja x ampollas de 3 mL'),
	('M01AB05TAL329', 'Diclofenaco', 'Tableta de liberación prolongada', '50 mg', 'Caja x blísteres'),
	('M01AB05GRA329', 'Diclofenaco', 'Gragea', '50 mg', 'Caja x blísteres'),
	('M01AB05TAR329', 'Diclofenaco', 'Tableta recubierta', '50 mg', 'Caja x blísteres'),
	('J01CF01CAP339', 'Dicloxacilina', 'Cápsula', '500 mg', 'Caja x blísteres , Caja x ristras'),
	('J01CF01POS142', 'Dicloxacilina', 'Polvo para suspensión', '125 mg/5 mL', 'Caja x frasco de 60 mL'),
	('J01CF01POS238', 'Dicloxacilina', 'Polvo para suspensión', '250 mg/5 mL', 'Caja x frasco de 60, 80 mL'),
	('J05AF02TAM105', 'Didanosina', 'Tableta masticable', '100 mg', 'Caja x frasco'),
	('R06AA02SOY334', 'Difenhidramina', 'Solución inyectable', '50 mg/mL', 'Caja x ampollas de 1mL'),
	('C01AA05TAB370', 'Digoxina', 'Tableta', '62,5 mcg', 'Caja x blíster/blísteres'),
	('C01AA05SOL328', 'Digoxina', 'Solución oral', '50 mcg/mL', 'Caja x frasco de  60 mL'),
	('C01AA05SOY038', 'Digoxina', 'Solución inyectable', '0,25 mg/mL', 'Caja x ampolla/ampollas de 2 mL'),
	('C01AA05TAB230', 'Digoxina', 'Tableta', '250 mcg', 'Caja x blíster/blísteres'),
	('C08DB01TAL400', 'Diltiazem', 'Tableta de liberación prolongada', '90 mg', 'Caja x blísteres'),
	('C08DB01POI222', 'Diltiazem', 'Polvo para inyección', '25 mg', 'Caja x vial + ampolla con disolvente'),
	('C08DB01CLP134', 'Diltiazem', 'Cápsula de liberación prolongada', '120 mg', 'Caja x blíster/blísteres'),
	('C08DB01TAL134', 'Diltiazem', 'Tableta de liberación prolongada', '120 mg', 'Caja x blísteres'),
	('C08DB01CLP400', 'Diltiazem', 'Cápsula de liberación prolongada', '90 mg', 'Caja x blíster'),
	('C08DB01TAB360', 'Diltiazem', 'Tableta', '60 mg', 'Caja x blísteres'),
	('N07CA00TAB329', 'Dimenhidrinato', 'Tableta', '50 mg', 'Caja x blísteres/ristras'),
	('V03AB09SOY112', 'Dimercaprol', 'Solución inyectable', '100 mg/mL', 'Caja x ampollas de 3 mL'),
	('N07BB01TAB339', 'Disulfiram', 'Tableta', '500 mg', 'Frasco'),
	('C01CA07SOY334', 'Dobutamina', 'Solución inyectable', '50 mg/mL', 'Caja x ampollas de 5 mL'),
	('L01CD02SOY197', 'Docetaxel', 'Solución inyectable', '20 mg/0,5 mL', 'Caja x frasco ampolla de 0,5 mL, Caja x frasco ampolla de 0,5 mL + disolvente de 1,5 mL, Caja x vial'),
	('L01CD02SOY294', 'Docetaxel', 'Solución inyectable', '40 mg/mL', 'Caja x vial de 2 mL con ó sin disolvente ampolla'),
	('C01CA04SOY294', 'Dopamina', 'Solución inyectable', '40 mg/mL', 'Caja x ampollas de 5 mL'),
	('C02CA04TAB178', 'Doxazocina', 'Tableta', '2 mg', 'Caja x blísteres'),
	('C02CA04TAB286', 'Doxazocina', 'Tableta', '4 mg', 'Caja x blísteres'),
	('J01AA02TAB105', 'Doxiciclina', 'Tableta', '100 mg', 'Caja x blíster/blísteres'),
	('L01DB01POI091', 'Doxorubicina', 'Polvo para inyección', '10 mg', 'Caja x vial'),
	('L01DB01POI329', 'Doxorubicina', 'Polvo para inyección', '50 mg', 'Caja x vial'),
	('J05AG03CAP329', 'Efavirenz', 'Cápsula', '50 mg', 'Caja x frasco'),
	('J05AG03CAP205', 'Efavirenz', 'Cápsula', '200 mg', 'Caja x frasco'),
	('R03CA02SOY364', 'Efedrina', 'Solución inyectable', '60 mg/mL', 'Caja x ampollas de 1 mL'),
	('J05AF09SOL097', 'Emtricitabina', 'Solución oral', '10 mg/mL', 'Caja x frasco'),
	('J05AF09CAP205', 'Emtricitabina', 'Cápsula', '200 mg', 'Caja x blísteres'),
	('B05BA02EMF088', 'Emulsiones grasas (lípidos)', 'Emulsión para infusión', '10.00%', 'Frasco/funda de 500 mL'),
	('B05BA02EMF202', 'Emulsiones grasas (lípidos)', 'Emulsión para infusión', '20.00%', 'Frasco/funda x 500 mL, botella x 250 mL'),
	('C09AA02SOY082', 'Enalapril', 'Solución inyectable', '1,25 mg/mL', 'Caja x ampolla de 2 mL'),
	('C09AA02TAB314', 'Enalapril', 'Tableta', '5 mg', 'Caja x Ristras, Caja x blísteres'),
	('C09AA02TAR314', 'Enalapril', 'Tableta recubierta', '5 mg', 'Caja x ristras'),
	('C09AA02TAB194', 'Enalapril', 'Tableta', '20 mg', 'Caja x blísteres, Caja x ristras'),
	('C09AA02TAR194', 'Enalapril', 'Tableta recubierta', '20 mg', 'Caja x ristras'),
	('C09AA02TAR091', 'Enalapril', 'Tableta recubierta', '10 mg', 'Caja x ristras, Caja x blísteres'),
	('C09AA02TAB091', 'Enalapril', 'Tableta', '10 mg', 'Caja x blísteres, Caja x ristras'),
	('B01AB05SOY215', 'Enoxaparina', 'Solución inyectable', '2 000 UI (20 mg)', 'Caja x blísterpack con jeringas prellenadas de 0.2 mL'),
	('B01AB05SOY304', 'Enoxaparina', 'Solución inyectable', '4 000 UI (40 mg)', 'Caja x blísterpack con jeringas prellenadas de 0.4 mL'),
	('B01AB05SOY368', 'Enoxaparina', 'Solución inyectable', '6 000 UI (60 mg)', 'Caja x jeringas prellenadas de 0.6 mL'),
	('B01AB05SOY393', 'Enoxaparina', 'Solución inyectable', '8 000 UI (80 mg)', 'Caja x jeringas prellenadas'),
	('B01AB05SOY102', 'Enoxaparina', 'Solución inyectable', '10 000 UI (100 mg)', 'Caja x jeringas prellenadas'),
	('C01CA24SOY081', 'Epinefrina', 'Solución inyectable', '1 mg/mL', 'Caja x ampollas de 1 mL, Caja x blísteres x ampollas de 1 mL'),
	('L01DB03SOY183', 'Epirubicina', 'Solución inyectable', '2 mg/mL', 'Caja x vial de 5 mL'),
	('L01DB03POI091', 'Epirubicina', 'Polvo para inyección', '10 mg', 'Caja x vial'),
	('L01DB03POI329', 'Epirubicina', 'Polvo para inyección', '50 mg', 'Caja x vial'),
	('S01AA17UNF044', 'Eritromicina', 'Ungüento oftálmico', '0,005', 'Caja x tubo de 3 g'),
	('J01FA01TAB232', 'Eritromicina', 'Tableta', '250 mg', 'Caja x blísteres'),
	('J01FA01POS301', 'Eritromicina', 'Polvo para suspensión', '400 mg/5 mL', 'Caja x frasco de 60 mL'),
	('J01FA01TAR339', 'Eritromicina', 'Tableta recubierta', '500 mg', 'Caja x blísteres/ristras'),
	('J01FA01POS209', 'Eritromicina', 'Polvo para suspensión', '200 mg/5 mL', 'Caja x frasco de 60, 80 y 100 mL'),
	('B03XA01SOY303', 'Eritropoyetina', 'Solución inyectable', '4 000 UI', 'Caja x jeringa precargada de 0.4 mL, Caja x jeringas precargadas de 1 mL'),
	('B03XA01SOY214', 'Eritropoyetina', 'Solución inyectable', '2 000 UI', 'Caja x jeringa precargada de 1mL, Caja x jeringas precargadas de 0.3 mL, 0.5 mL'),
	('B03XA01SOY350', 'Eritropoyetina', 'Solución inyectable', '5 000 UI', 'Caja x jeringas precargadas'),
	('B03XA01POI214', 'Eritropoyetina', 'Polvo inyectable', '2 000 UI', 'Caja X Jeringa prellenada'),
	('J01FA02TAB274', 'Espiramicina', 'Tableta', '3 000 000 UI', 'Caja x blisteres'),
	('C03DA01TAB105', 'Espironolactona', 'Tableta', '100 mg', 'Caja x blísteres'),
	('C03DA01TAB222', 'Espironolactona', 'Tableta', '25 mg', 'Caja x blísteres'),
	('G03CA03TAB073', 'Estradiol', 'Tableta', '1 mg', 'Caja x blíster'),
	('G03AA05SOY315', 'Estradiol + noretisterona', 'Solución inyectable', '5 mg + 50 mg/mL', 'Caja x ampolla de 1 mL'),
	('J01GA01POI121', 'Estreptomicina', 'Polvo para inyección', '1 000 mg', 'Caja x vial/viales'),
	('B01AD01POI164', 'Estreptoquinasa', 'Polvo para inyección', '1 500 000 UI', 'Caja x vial'),
	('G03CA04CRV080', 'Estriol', 'Crema vaginal', '1 mg/g (0,1%)', 'Caja x tubo de 15 g'),
	('J04AK02TAB296', 'Etambutol', 'Tableta', '400 mg', 'Caja x blíster/ristra'),
	('L04AB01POI222', 'Etanercept', 'Polvo para inyección', '25 mg', 'Caja x viales'),
	('L04AB01POI329', 'Etanercept', 'Polvo para inyección', '50 mg', 'Caja x vial/viales'),
	('L04AB01SOY329', 'Etanercept', 'Solución inyectable', '50 mg', 'Caja x jeringas de 1 mL'),
	('J04AD03TAR232', 'Etionamida', 'Tableta recubierta', '250 mg', 'frasco'),
	('L01CB01SOY200', 'Etopósido', 'Solución inyectable', '20 mg/mL', 'Caja x ampollas de 5 mL'),
	('J05AG04TAB105', 'Etravirina', 'Tableta', '100 mg', 'Caja x frasco'),
	('J05AG04TAB205', 'Etravirina', 'Tableta', '200 mg', 'Caja x frasco'),
	('L04AA18TAB048', 'Everolimus', 'Tableta', '0,50 mg', 'Caja x blíster/blísteres'),
	('L04AA18TAB054', 'Everolimus', 'Tableta', '0,75 mg', 'Caja x blíster/blísteres'),
	('L02BG06TAB222', 'Exemestano', 'Tableta', '25 mg', 'Caja x blísteres'),
	('B02BD04POI240', 'Factor IX de la Coagulación', 'Polvo para inyección', '250 UI', 'Caja x vial + disolvente ampolla'),
	('B02BD04POI366', 'Factor IX de la Coagulación', 'Polvo para inyección', '600 UI', 'Caja x vial + disolvente'),
	('B02BD02POI124', 'Factor VIII de la coagulación', 'Polvo para inyección', '1 000 UI', 'Kit x vial + disolvente ampolla'),
	('B02BD02POI348', 'Factor VIII de la coagulación', 'Polvo para inyección', '500 UI', 'Caja x vial + disolvente ampolla'),
	('B02BD02POI240', 'Factor VIII de la coagulación', 'Polvo para inyección', '250 UI', 'Caja x vial + disolvente ampolla'),
	('N03AB02SOY334', 'Fenitoína', 'Solución inyectable', '50 mg/mL', 'Caja x ampollas de 2 mL, 5 mL, 10 mL'),
	('N03AB02SUS142', 'Fenitoína', 'Suspensión', '125 mg/5 mL', 'Frasco de 120 mL'),
	('N03AB02CAP105', 'Fenitoína', 'Cápsula', '100 mg', 'Caja x frasco'),
	('N03AA02TAB105', 'Fenobarbital', 'Tableta', '100 mg', 'Caja x blíster/blísteres'),
	('N03AA02SOY364', 'Fenobarbital', 'Solución inyectable', '60 mg/mL', 'Caja x ampollas de 2 mL'),
	('N01AH01PAT486', 'Fentanilo', 'Parche transdérmico', '25 mcg/h', 'Caja x parches'),
	('N01AH01SOY050', 'Fentanilo', 'Solución inyectable', '0,5 mg/10 mL', 'Caja x ampollas de 10 mL'),
	('L03AA02SOY264', 'Filgrastim', 'Solución inyectable', '300 mcg/mL', 'Caja x jeringa prellenada de 1 mL<br />'),
	('B02BA01SOY097', 'Fitomenadiona (Vitamina K)', 'Solución inyectable', '10 mg/mL', 'Caja x ampollas de 1 mL'),
	('J02AC01SOY183', 'Fluconazol', 'Solución inyectable', '2 mg/mL', 'Caja x frasco de 50 mL ó 100 mL'),
	('J02AC01TAB158', 'Fluconazol', 'Tableta', '150 mg', 'Caja x blíster ,Caja x blísteres'),
	('J02AC01CAP158', 'Fluconazol', 'Cápsula', '150 mg', 'Caja x blíster'),
	('L01BB05POI329', 'Fludarabina', 'Polvo para inyección', '50 mg', 'Caja x vial /viales'),
	('H02AA02TAB029', 'Fludrocortisona', 'Tableta', '0,1 mg', 'Caja x blísteres'),
	('V03AB25SOY027', 'Flumazenil', 'Solución inyectable', '0,1 mg/mL', 'Caja x jeringa prellenada de 5 mL, Caja x ampollas de 5 mL'),
	('S01BA07SUF024', 'Fluorometalona', 'Suspensión oftálmica', '0,001', 'Caja x frasco gotero de 5 mL'),
	('L01BC02SOY334', 'Fluoruracilo', 'Solución inyectable', '50 mg/mL', 'Caja x vial/ viales x 5 mL y 10 mL'),
	('L01BC02SOY226', 'Fluoruracilo', 'Solución inyectable', '25 mg/mL', 'Caja x vial/ viales de 20 mL'),
	('L01BC02GEL310', 'Fluoruracilo', 'Gel', '5.00%', 'Caja x tubo de 30 g'),
	('N06AB03CAP194', 'Fluoxetina', 'Cápsula', '20 mg', 'Caja x blíster/ blísteres'),
	('N06AB03TAR194', 'Fluoxetina', 'Tableta recubierta', '20 mg', 'Caja x blíster/ blísteres'),
	('N06AB03TAB194', 'Fluoxetina', 'Tableta', '20 mg', 'Caja x blíster/ blísteres'),
	('V03AF03SOY097', 'Folinato Cálcico', 'Solución inyectable', '10 mg/mL', 'Caja x ampollas de 5 mL ó 10 mL.'),
	('V03AF03TAB147', 'Folinato Cálcico', 'Tableta', '15 mg', 'Caja x blíster/blísteres.'),
	('V03AB34SOY070', 'Fomepizol', 'Solución inyectable', '1 g/mL', 'Caja x ampollas de 1 mL'),
	('V06DB00SUS000', 'Fórmula para nutrición enteral', 'Suspensión', '___', 'Envase de 237 mL ó frasco de 1000 mL'),
	('V06DB00POL000', 'Fórmula para nutrición enteral', 'Polvo', '___', 'Envase de 300g ó 400 g, Caja x sobres de 76 g.'),
	('C03CA01SOY097', 'Furosemida', 'Solución inyectable', '10 mg/mL', 'Caja x ampollas de 2 mL'),
	('C03CA01TAB290', 'Furosemida', 'Tableta', '40 mg', 'Caja x blíster/ blísteres'),
	('L01BC05POI121', 'Gemcitabina', 'Polvo para inyección', '1 000 mg', 'Caja x vial/ viales'),
	('L01BC05POI205', 'Gemcitabina', 'Polvo para inyección', '200 mg', 'Caja x vial/ viales'),
	('C10AB04TAB365', 'Genfibrozilo', 'Tableta', '600 mg', 'Caja x blíster/ blísteres'),
	('C10AB04TAR365', 'Gemfibrozilo', 'Tableta recubierta', '600 mg', 'Caja x blíster/ blísteres'),
	('J01GB03SOY097', 'Gentamicina', 'Solución inyectable', '10 mg/mL', 'Caja x ampolla/ ampollas de 2 mL'),
	('J01GB03SOY525', 'Gentamicina', 'Solución inyectable', '140 mg/mL', 'Caja x ampolla/ ampollas de 2 mL'),
	('J01GB03SOY389', 'Gentamicina', 'Solución inyectable', '80 mg/mL', 'Caja x ampolla/ ampollas de 2 mL'),
	('J01GB03SOY294', 'Gentamicina', 'Solución inyectable', '40 mg/mL', 'Caja x ampolla/ ampollas de 1 mL'),
	('A10BB01TAB314', 'Glibenclamida', 'Tableta', '5 mg', 'Caja x blíster/ blísteres'),
	('A06AG04SUP487', 'Glicerol', 'Supositorio', '0,92 g', 'Caja x blíster/ blísteres'),
	('A06AG04SUP488', 'Glicerol', 'Supositorio', '3 g', 'Caja x blister/blísteres'),
	('H04AA01POI073', 'Glucagón', 'Polvo para inyección', '1 mg', 'Caja x vial/ viales de 1 mg + disolvente'),
	('D01BA01TAB339', 'Griseofulvina', 'Tableta', '500 mg', 'Caja x blíster/blísteres'),
	('N05AD01SOY334', 'Haloperidol decanoato', 'Solución inyectable', '50 mg/mL', 'Caja x ampolla/ ampollas de 1 mL'),
	('N05AD01SOY320', 'Haloperidol', 'Solución inyectable', '5 mg/mL', 'Caja x ampolla/ ampollas de 1 mL'),
	('N05AD01SOL183', 'Haloperidol', 'Solución oral', '2 mg/mL', 'Caja x frasco gotero, Caja x frasco + dosificador.'),
	('N05AD01TAB314', 'Haloperidol', 'Tableta', '5 mg', 'Caja x blíster/ blísteres'),
	('B01AB01SOY062', 'Heparina no fraccionada', 'Solución inyectable', '5 000 UI/mL', 'Caja x Frascos/viales de 5 mL, Caja x Frascos/viales de 10 mL'),
	('C02DB02TAB329', 'Hidralazina', 'Tableta', '50 mg', 'Caja x blíster/ristras'),
	('C02DB02TAR329', 'Hidralazina', 'Tableta recubierta', '50 mg', 'Caja x blíster/ristras'),
	('C02DB02SOY200', 'Hidralazina', 'Solución inyectable', '20 mg/mL', 'Caja x ampolla/ampollas.'),
	('N05CC01JBE112', 'Hidrato de cloral', 'Jarabe', '100 mg/mL', 'Caja x frasco'),
	('H02AB09TAB314', 'Hidrocortisona', 'Tableta', '5 mg', 'Caja x blíster/blísteres, Frasco.'),
	('H02AB09TAB091', 'Hidrocortisona', 'Tableta', '10 mg', 'Caja x blíster/blísteres, Frasco.'),
	('D07AA02LOC066', 'Hidrocortisona', 'Loción', '1.00%', 'Caja x frasco'),
	('D07AA02CRE044', 'Hidrocortisona', 'Crema', '0,005', 'Caja x tubo'),
	('D07AA02LOC044', 'Hidrocortisona', 'Loción', '0,005', 'Caja x frasco de 15 mL, 20 mL, 30 mL ó 60 mL.'),
	('D07AA02CRE066', 'Hidrocortisona', 'Crema', '1.00%', 'Caja x tubo de 15 g, 20 g, ó 30 g'),
	('H02AB09POI339', 'Hidrocortisona, succinato sódico', 'Polvo para inyección', '500 mg', 'Caja x frasco/vial + diluyente, Caja x frasco/vial.'),
	('H02AB09POI105', 'Hidrocortisona, succinato sódico', 'Polvo para inyección', '100 mg', 'Caja x frascos/viales 2 mL'),
	('N02AA03TAB060', 'Hidromorfona', 'Tableta', '2,5 mg', 'Caja x blíster/blísteres, Caja x frasco.'),
	('N02AA03TAB314', 'Hidromorfona', 'Tableta', '5 mg', 'Caja x blíster/blísteres, Caja x frasco.'),
	('N02AA03SOY183', 'Hidromorfona', 'Solución inyectable', '2 mg/mL', 'Caja x ampolla/ampollas.'),
	('L01XX05CAP339', 'Hidroxicarbamida (Hidroxiurea)', 'Cápsula', '500 mg', 'Frasco, Caja x blísteres/ristras.'),
	('B03AE04POL473', 'Hierro, multivitaminas y minerales', 'Polvo', '12,5 mg de hierro + 300 mcg de vitamina A + 160 mcg de ácido fólico + 30 mg de ácido ascórbico + 5 m', 'Caja x sobres'),
	('M01AE01TAR296', 'Ibuprofeno', 'Tableta recubierta', '400 mg', 'Caja x blísteres.'),
	('M01AE01SUS209', 'Ibuprofeno', 'Suspensión', '200 mg/5 mL', 'Caja x frasco/frasco gotero/frasco gotero + dosificador.'),
	('M01AE01TAB296', 'Ibuprofeno', 'Tableta', '400 mg', 'Caja x blísteres.'),
	('L01DB06SOY081', 'Idarrubicina', 'Solución inyectable', '1 mg/mL', 'Caja x vial/frasco.'),
	('L01AA06POI067', 'Ifosfamida', 'Polvo para inyección', '1 g', 'Caja x vial/frasco.'),
	('L01XE01TAR296', 'Imatinib', 'Tableta recubierta', '400 mg', 'Caja x  blísteres'),
	('L01XE01CAP105', 'Imatinib', 'Cápsula', '100 mg', 'Caja x blísteres'),
	('L01XE01TAB296', 'Imatinib', 'Tableta', '400 mg', 'Caja x 10 blísteres de 10 unidades cada uno'),
	('J01DH51POI343', 'Imipenem + cilastatina', 'Polvo para inyección', '500 mg + 500 mg', 'Caja x frascos/viales.'),
	('L04AB02POI105', 'Infliximab', 'Polvo para inyección', '100 mg', 'Caja x vial.'),
	('J06BB01SOY262', 'Inmunoglobulina anti D', 'Solución inyectable', '300 mcg', 'Caja x vial/frasco'),
	('J06BB01SOY230', 'Inmunoglobulina anti D', 'Solución inyectable', '250 mcg', 'Caja x frasco/vial'),
	('J06BB01SOY204', 'Inmunoglobulina anti D', 'Solución inyectable', '200 mcg', 'Caja x frasco/vial'),
	('J06BB02SOY240', 'Inmunoglobulina antitetánica', 'Solución inyectable', '250 UI', 'Caja x jeringa prellenada.'),
	('J06BB02SOY348', 'Inmunoglobulina antitetánica', 'Solución inyectable', '500 UI', 'Caja x jeringa prellenada.'),
	('J06BA02SOY028', 'Inmunoglobulina humana normal', 'Solución inyectable', '0,10 g/mL', 'Caja x frasco/vial + disolvente'),
	('J06BA02SOY043', 'Inmunoglobulina humana normal', 'Solución inyectable', '0,45 g/mL', 'Caja x 1 frasco/vial.'),
	('J06BA02POI307', 'Inmunoglobulina humana normal', 'Polvo para inyección', '45 g/100 g', 'Caja x frasco x 5 ó 10 g'),
	('A10AC01SOY118', 'Insulina de acción intermedia (NPH)', 'Solución inyectable', '100 UI/mL', 'Caja x vial/frasco de 10 mL'),
	('A10AC01SUY118', 'Insulina de acción intermedia (NPH)', 'Suspensión inyectable', '100 UI/mL', 'Caja x vial/frasco de 10 mL'),
	('A10AB01SOY118', 'Insulina de Acción Rápida', 'Solución inyectable', '100 UI/mL', 'Caja x vial/frasco de 10 ml'),
	('A10AB01SUY118', 'Insulina de Acción Rápida', 'Suspensión inyectable', '100 UI/mL', 'Caja x vial/frasco de 10 mL'),
	('L03AB05SOY274', 'Interferón alfa 2b', 'Solución inyectable', '3 000 000 UI', 'Caja x  viales/frasco'),
	('L03AB05SOY275', 'Interferón alfa 2b', 'Solución inyectable', '30 000 000 UI', 'Caja x viales/frasco'),
	('L03AB05POI274', 'Interferón alfa 2b', 'Polvo para inyección', '3 000 000 UI', 'Caja x frasco/vial + disolvente, Caja x frasco/vial'),
	('L03AB05POI352', 'Interferón alfa 2b', 'Polvo para inyección', '5 000 000 UI', 'Caja x frasco/vial + disolvente, Caja x frasco/vial'),
	('L03AB05POI061', 'Interferón alfa 2b', 'Polvo para inyección', '10 000 000 UI', 'Caja x frasco/vial + disolvente, Caja x frasco/vial'),
	('L03AB05SOY165', 'Interferón alfa 2b', 'Solución inyectable', '15 000 000 UI', 'Caja x pluma multidosis de 1,2 mL.'),
	('L03AB05SOY243', 'Interferón alfa 2b', 'Solución inyectable', '25 000 000 UI', 'Caja x pluma multidosis de 1,2 mL.'),
	('L03AB07SOY139', 'Interferón Beta 1a', 'Solución inyectable', '12 000 000 UI (44mcg)', 'Caja x jeringa prellenada de 1,5 mL ó 0,5 mL.'),
	('L03AB07POI369', 'Interferón Beta 1a', 'Polvo para inyección', '6 000 000 UI  (30 mcg)', 'Caja x frasco/vial + disolvente, Caja x frasco/vial'),
	('L03AB07SOY481', 'Interferón Beta 1a', 'Solución inyectable', '36 000 000 UI  (88 mcg)', 'Caja x jeringa prellenada.'),
	('L03AB08SOY394', 'Interferón Beta 1b', 'Solución inyectable', '8 000 000 UI  (250 mcg)', 'Caja x jeringa prellenada.'),
	('L03AB07SOY369', 'Interferón Beta 1a', 'Solución inyectable', '6 000 000 UI  (30 mcg)', 'Caja x jeringa prellenada de 0,5 mL.'),
	('R03BB01AER010', 'Ipratropio bromuro', 'Aerosol', '0,02 mg/dosis', 'Caja x frasco inhalador (200 dosis)'),
	('R03BB01SOI038', 'Ipratropio bromuro', 'Solución para inhalación', '0,25 mg/mL (0,025 % )', 'Caja x frasco + dosificador.'),
	('L01XX19SOY200', 'Irinotecán', 'Solución inyectable', '20 mg/mL', 'Caja x vial/frasco.'),
	('J04AC01TAB265', 'Isoniazida', 'Tableta', '300 mg', 'Caja x blísteres.'),
	('J04AC01TAB105', 'Isoniazida', 'Tableta', '100 mg', 'Caja x blísteres.'),
	('C01DA14TAB194', 'Isosorbida mononitrato', 'Tableta', '20 mg', 'Caja x blísteres'),
	('J02AC02SOL097', 'Itraconazol', 'Solución oral', '10 mg/mL', 'Caja x frasco, Frasco'),
	('J02AC02CAP105', 'Itraconazol', 'Cápsula', '100 mg', 'Caja x blísteres'),
	('P02CF01SOL356', 'Ivermectina', 'Solución oral', '6 mg/mL', 'Caja x frasco gotero de 5 mL, 10 mL, 30 mL ó 60 mL'),
	('P02CF01TAB460', 'Ivermectina', 'Tableta', '6 mg', 'Caja x blísteres.'),
	('J01GB04SOY708', 'Kanamicina', 'Solución inyectable', '1 g/4 ml', 'Frasco ampolla de vidrio'),
	('M01AB15SOY260', 'Ketorolaco', 'Solución inyectable', '30 mg/mL', 'Caja x ampollas de 1 mL, Caja x ampolla de 2 mL'),
	('A06AD11SOL371', 'Lactulosa', 'Solución oral', '65.00%', 'Caja x frasco de 200 mL, 220 mL ó 240 mL, Caja x Frasco de 220 mL + dosificador, Frasco x 200 mL ó 2'),
	('S01XA20GEF185', 'Lágrimas artificiales y otros preparados inertes (Ácido poliacrílico)', 'Gel oftálmico', '2.00%', 'Caja x tubo de 10 g'),
	('S01XA20SOF144', 'Lágrimas artificiales y otros preparados inertes (Alcohol polivinílico)', 'Solución oftálmica', '14 mg/mL', 'Caja x frasco gotero de 15 mL'),
	('S01XA20GEF249', 'Lágrimas artificiales y otros preparados inertes (Carbomer)', 'Gel oftálmico', '3 mg/mL', 'Caja x tubo de 5 g ó 10 g'),
	('S01XA20SOF077', 'Lágrimas artificiales y otros preparados inertes (Dextrano 70 + Hipromelosa)', 'Solución oftálmica', '1 mg + 3 mg/mL', 'Caja x frasco gotero de 15 mL ó 20 mL.'),
	('S01XA20SOF181', 'Lágrimas artificiales y otros preparados inertes (Hialuronato sódico)', 'Solución oftálmica', '2 mg/0,5 mL', 'Caja x frascos unidosis de 0,5 mL.'),
	('S01XA20SOF045', 'Lágrimas artificiales y otros preparados inertes (Hipromelosa)', 'Solución oftálmica', '0,005', 'Caja x frasco gotero de 10 mL'),
	('S01XA20GEF039', 'Lágrimas artificiales y otros preparados inertes (Hipromelosa)', 'Gel oftálmico', '0,003', 'Caja x tubo 10 g'),
	('S01XA20SOF287', 'Lágrimas artificiales y otros preparados inertes (Polietilenglicol)', 'Solución oftálmica', '4 mg/mL', 'Caja x frasco gotero de 15 mL'),
	('S01XA20SOF334', 'Lágrimas artificiales y otros preparados inertes (Polividona)', 'Solución oftálmica', '50 mg/mL', 'Caja x frasco gotero de 10 mL'),
	('S01XA20SOF249', 'Lágrimas artificiales y otros preparados inertes (Polividona)', 'Solución oftálmica', '3 mg/mL', 'Caja x frasco gotero de 10 mL, 15 mL ó 20 mL'),
	('J05AF05TAR158', 'Lamivudina', 'Tableta recubierta', '150 mg', 'Caja x frasco/Caja x blísteres.'),
	('J05AF05SOL333', 'Lamivudina', 'Solución oral', '50 mg/5 mL', 'Caja x frasco + dosificador, Caja x frasco'),
	('J05AR02TAR269', 'Lamivudina + Abacavir', 'Tableta recubierta', '300 mg + 600 mg', 'Caja x blísteres.'),
	('J05AR02TAB269', 'Lamivudina + Abacavir', 'Tableta', '300 mg + 600 mg', 'Caja x blísteres.'),
	('N03AX09TAD329', 'Lamotrigina', 'Tableta dispersable', '50 mg', 'Caja x blísteres.'),
	('N03AX09TAD105', 'Lamotrigina', 'Tableta dispersable', '100 mg', 'Caja x blísteres.'),
	('N03AX09TAD222', 'Lamotrigina', 'Tableta dispersable', '25 mg', 'Caja x blísteres.'),
	('N03AX09TAB329', 'Lamotrigina', 'Tableta', '50 mg', 'Caja x blísteres'),
	('N03AX09TAB105', 'Lamotrigina', 'Tableta', '100 mg', 'Caja x blísteres'),
	('N03AX09TAB222', 'Lamotrigina', 'Tableta', '25 mg', 'Caja x blísteres'),
	('S01EE01SOF009', 'Latanoprost', 'Solución oftálmica', '5.00%', 'Caja x frasco gotero'),
	('L02BG04TAR060', 'Letrozol', 'Tableta recubierta', '2,5 mg', 'Caja x blísteres'),
	('L02AE02POI374', 'Leuprolide', 'Polvo para inyección', '7,5 mg', 'Caja x frasco + diluyente.'),
	('L02AE02POI252', 'Leuprolide', 'Polvo para inyección', '3,75 mg', 'Caja x frasco + diluyente.'),
	('L02AE02POI126', 'Leuprolide', 'Polvo para inyección', '11,25 mg', 'Caja x frasco + diluyente.'),
	('L02AE02SOY320', 'Leuprolide', 'Solución inyectable', '5 mg/mL', 'Caja x  frasco/vial de 2,8 mL.'),
	('L02AE02SUY374', 'Leuprolide', 'Suspensión inyectable', '7,5 mg', 'Caja x jeringa prellenada.'),
	('N04BA02TAR109', 'Levodopa + Carbidopa', 'Tableta recubierta', '100 mg + 10 mg', 'Caja x blísteres/ristras'),
	('N04BA02TAB109', 'Levodopa + Carbidopa', 'Tableta', '100 mg + 10 mg', 'Caja x blísteres/ristras'),
	('N04BA02TAB234', 'Levodopa + Carbidopa', 'Tableta', '250 mg + 25 mg', 'Caja x blísteres/ristras.'),
	('J01MA12TAR232', 'Levofloxacino', 'Tableta recubierta', '250 mg', 'Caja x blísteres'),
	('J01MA12TAR339', 'Levofloxacino', 'Tableta recubierta', '500 mg', 'Caja x blísteres.'),
	('J01MA12SOY344', 'Levofloxacino', 'Solución inyectable', '500 mg/100 mL', 'Caja + funda polipropileno + envase soluflex de 100 mL'),
	('N05AA02SOY226', 'Levomepromazina', 'Solución inyectable', '25 mg/mL', 'Caja x ampolla'),
	('N05AA02TAR105', 'Levomepromazina', 'Tableta recubierta', '100 mg', 'Caja x blísteres.'),
	('N05AA02SOL294', 'Levomepromazina', 'Solución oral', '40 mg/mL', 'Caja x frasco gotero.'),
	('N05AA02TAR222', 'Levomepromazina', 'Tableta recubierta', '25 mg', 'Caja x blísteres'),
	('G03AC03GRA254', 'Levonorgestrel', 'Gragea', '0,030 mg', 'Caja x blísteres'),
	('G03AC03TAB054', 'Levonorgestrel', 'Tableta', '0,75 mg', 'Caja x blísteres'),
	('G03AC03IMP158', 'Levonorgestrel', 'Implante subdérmico', '150 mg', 'Caja x implantes de 75mg cada uno'),
	('G03AA07TAR156', 'Levonorgestrel + etinilestradiol', 'Tableta recubierta', '150 mcg + 30 mcg', 'Caja x blísteres'),
	('G03AA07GRA156', 'Levonorgestrel + etinilestradiol', 'Gragea', '150 mcg + 30 mcg', 'Caja x blísteres'),
	('H03AA01TAB029', 'Levotiroxina sódica', 'Tableta', '0,1 mg', 'Caja x blísteres, Caja x frasco.'),
	('H03AA01TAB036', 'Levotiroxina sódica', 'Tableta', '0,2 mg', 'Caja x blísteres.'),
	('H03AA01TAB016', 'Levotiroxina sódica', 'Tableta', '0,05 mg', 'Caja x blísteres, Caja x frasco.'),
	('H03AA01TAB021', 'Levotiroxina sódica', 'Tableta', '0,075 mg', 'Caja x blísteres.'),
	('H03AA01TAB032', 'Levotiroxina sódica', 'Tableta', '0,125 mg', 'Caja x blísteres.'),
	('H03AA01TAB034', 'Levotiroxina sódica', 'Tableta', '0,150 mg', 'Caja x blísteres.'),
	('H03AA01TAB035', 'Levotiroxina sódica', 'Tableta', '0,175 mg', 'Caja x blísteres/ristras.'),
	('D04AB01CRE185', 'Lidocaína', 'Crema', '2.00%', 'Caja x tubo'),
	('D04AB01CRE310', 'Lidocaína', 'Crema', '5.00%', 'Caja x tubo'),
	('D04AB01JAL185', 'Lidocaína', 'Jalea', '2.00%', 'Caja x tubo de 25 ó 30 g'),
	('D04AB01SOT088', 'Lidocaína', 'Solución tópica', '10.00%', 'Caja x frasco de 80 g, Caja x frasco de 50 mL'),
	('D04AB01GEL185', 'Lidocaína', 'Gel', '2.00%', 'Caja x tubo de 25 g'),
	('D04AB01GEL310', 'Lidocaína', 'Gel', '5.00%', 'Caja x tubo'),
	('C05AD01GEL185', 'Lidocaína', 'Gel', '2.00%', 'Caja x tubo'),
	('N01BB52SOY175', 'Lidocaína con epinefrina', 'Solución inyectable', '2 % + 1:200 000', 'Caja x Frasco de 20 mL ó 50 mL, Frasco x 20 mL ó 50 mL, Caja x tubo/cartucho x 1,8 mL'),
	('N01BB02SOY185', 'Lidocaína sin epinefrina', 'Solución inyectable', '2.00%', 'Caja x frasco/vial de 20 mL ó 50 mL, Frasco/vial x 50 mL, Cartucho dental de 1,8 mL.'),
	('J01XX08SOY183', 'Linezolid', 'Solución inyectable', '2 mg/mL', 'Caja x bolsas de 300 mL, Funda x 300 mL'),
	('J01XX08TAR365', 'Linezolid', 'Tableta recubierta', '600 mg', 'Caja x blísteres.'),
	('N05AN01TAB265', 'Litio, carbonato', 'Tableta', '300 mg', 'Caja x ristras/blísteres.'),
	('A07DA03CAP178', 'Loperamida', 'Cápsula', '2 mg', 'Caja x ristras/blísteres'),
	('J05AR10TAR111', 'Lopinavir + Ritonavir', 'Tableta recubierta', '100 mg + 25 mg', 'Caja x frasco, Frasco.'),
	('J05AR10SOL387', 'Lopinavir + Ritonavir', 'Solución oral', '(80 mg + 20 mg)/mL', 'Caja x frasco con dosificador, Caja x frasco'),
	('J05AR10TAR208', 'Lopinavir + Ritonavir', 'Tableta recubierta', '200 mg + 50 mg', 'Caja x frasco de 40 ó 120 unidades.'),
	('R06AX13JBE318', 'Loratadina', 'Jarabe', '5 mg/5 mL', 'Caja x frasco de 60 mL, 100 mL ó 120 mL con dosificador/sin dosificador. Frasco de 60 mL, 100 mL ó 1'),
	('R06AX13TAR091', 'Loratadina', 'Tableta recubierta', '10 mg', 'Caja x 2 blísteres de 20 unidades cada uno'),
	('R06AX13TAB091', 'Loratadina', 'Tableta', '10 mg', 'Caja x blísteres.'),
	('C09CA01TAR329', 'Losartán', 'Tableta recubierta', '50 mg', 'Caja x blísteres/ristras'),
	('C09CA01TAR105', 'Losartán', 'Tableta recubierta', '100 mg', 'Caja x blísteres'),
	('C09CA01TAB105', 'Losartán', 'Tableta', '100 mg', 'Caja x blísteres'),
	('C09CA01TAB329', 'Losartán', 'Tableta', '50 mg', 'Caja x blísteres'),
	('A02AF01SUS000', 'Magaldrato con simeticona (Hidróxido de Al y Mg)', 'Suspensión', '___', 'Caja x frasco de 150 mL, 200 mL ó 250 mL, Frasco de 180 mL, 200 mL, 240 mL ó 360 mL'),
	('B05XA05SOY202', 'Magnesio sulfato', 'Solución inyectable', '20.00%', 'Caja x ampollas de 10 mL'),
	('B05BC01SOY202', 'Manitol', 'Solución inyectable', '20.00%', 'Funda o bolsa de 500 mL'),
	('G03FA12TAB186', 'Medroxiprogesterona + estrógenos equinos conjugados', 'Tableta', '2,5 mg + 0,625 mg', 'Caja x blísteres'),
	('P01CB01SOY273', 'Meglumina antimoniato', 'Solución inyectable', '300 mg/mL', 'Caja x ampollas.'),
	('L01AA03TAB178', 'Melfalán', 'Tableta', '2 mg', 'Caja x frasco, Frasco.'),
	('V03AF01SOY112', 'Mercapto Etiletano Sulfonato de Sodio (Mesna)', 'Solución inyectable', '100 mg/mL', 'Caja x ampollas de 4 mL'),
	('L01BB02TAB329', 'Mercaptopurina', 'Tableta', '50 mg', 'Caja x blísteres, Caja x frasco, Frasco'),
	('J01DH02POI067', 'Meropenem', 'Polvo para inyección', '1 000 mg', 'Caja x viales/frascos.'),
	('J01DH02POI339', 'Meropenem', 'Polvo para inyección', '500 mg', 'Caja x viales/frascos.'),
	('N07BC02SOY320', 'Metadona', 'Solución inyectable', '5 mg/mL', 'Caja x ampollas'),
	('A10BA02TAR339', 'Metformina', 'Tableta recubierta', '500 mg', 'Caja x blísteres/ristras'),
	('A10BA02TAR397', 'Metformina', 'Tableta recubierta', '850 mg', 'Caja x blísteres/ristras'),
	('A10BA02TAR121', 'Metformina', 'Tableta recubierta', '1 000 mg', 'Caja x blísteres'),
	('A10BA02TAB397', 'Metformina', 'Tableta', '850 mg', 'Caja x blísteres'),
	('A10BA02TAB121', 'Metformina', 'Tableta', '1 000 mg', 'Caja x blísteres'),
	('A10BA02TAB339', 'Metformina', 'Tableta', '500 mg', 'Caja x blísteres'),
	('A10BA02TAL121', 'Metformina', 'Tableta de liberación prolongada', '1 000 mg', 'Caja x blísteres'),
	('A10BA02TAL381', 'Metformina', 'Tableta de liberación prolongada', '750 mg', 'Caja x blísteres'),
	('A10BD02TAR283', 'Metformina + Glibenclamida', 'Tableta recubierta', '500 mg + 5 mg', 'Caja x blísteres'),
	('A10BD02TAB283', 'Metformina + Glibenclamida', 'Tableta', '500 mg + 5 mg', 'Caja x blísteres'),
	('A10BD02TAB338', 'Metformina + Glibenclamida', 'Tableta', '500 mg + 2,5 mg', 'Caja x blísteres'),
	('A10BD02TAR338', 'Metformina + Glibenclamida', 'Tableta recubierta', '500 mg + 2,5 mg', 'Caja x blísteres'),
	('A10BD02TAB228', 'Metformina + Glibenclamida', 'Tableta', '250 mg + 1,25 mg', 'Caja x blísteres'),
	('A10BD02TAR228', 'Metformina + Glibenclamida', 'Tableta recubierta', '250 mg + 1,25 mg', 'Caja x blísteres'),
	('C02AB01TAB232', 'Metildopa', 'Tableta', '250 mg', 'Caja x ristras'),
	('C02AB01TAB339', 'Metildopa', 'Tableta', '500 mg', 'Caja x blíster/ristra'),
	('G02AB01GRA032', 'Metilergometrina', 'Gragea', '0,125 mg', 'Caja x blísteres'),
	('G02AB01SOY037', 'Metilergometrina', 'Solución inyectable', '0,2 mg/mL', 'Caja x ampollas'),
	('H02AB04SUY389', 'Metilprednisolona, acetato', 'Suspensión inyectable', '80 mg/mL', 'Caja x vial/frasco.'),
	('H02AB04SUY294', 'Metilprednisolona, acetato', 'Suspensión inyectable', '40 mg/mL', 'Caja x vial/frasco de 1 mL ó 2 mL.'),
	('H02AB04POI339', 'Metilprednisolona, succinato', 'Polvo para inyección', '500 mg', 'Caja x ACT-O-VIAL de 4 mL, Caja x frasco/vial.'),
	('H02AB04POI141', 'Metilprednisolona, succinato', 'Polvo para inyección', '125 mg', 'Caja x ACT-O-VIAL de 4 mL, Caja x frasco/vial.'),
	('A03FA01SOY320', 'Metoclopramida', 'Solución inyectable', '5 mg/mL', 'Caja x ampollas de 2 mL cada una'),
	('A03FA01TAB091', 'Metoclopramida', 'Tableta', '10 mg', 'Caja x blísteres'),
	('L01BA01POI329', 'Metotrexato', 'Polvo para inyección', '50 mg', 'Caja x frasco/vial.'),
	('L01BA01TAB060', 'Metotrexato', 'Tableta', '2,5 mg', 'Caja x blísteres/ristras.'),
	('L01BA01SOY226', 'Metotrexato', 'Solución inyectable', '25 mg/mL', 'Caja x frascos/viales de 2 ó 20 mL cada uno'),
	('L01BA01POI339', 'Metotrexato', 'Polvo para inyección', '500 mg', 'Caja x vial/frasco.'),
	('P01AB01CAP232', 'Metronidazol', 'Cápsula', '250 mg', 'Caja x blísteres.'),
	('P01AB01SUS238', 'Metronidazol', 'Suspensión', '250 mg/5 mL', 'Caja x frasco de 100 mL, 120 mL con dosificador, Frasco de 100 ó 120 mL'),
	('P01AB01SUS142', 'Metronidazol', 'Suspensión', '125 mg/5 mL', 'Caja x frasco de 100 mL, 110 mL ó 120 mL con dosificador, Frasco de 100 ó 120 mL'),
	('P01AB01TAB232', 'Metronidazol', 'Tableta', '250 mg', 'Caja x blísteres.'),
	('G01AF01OVU339', 'Metronidazol', 'Óvulo', '500 mg', 'Caja x ristras/blísteres'),
	('P01AB01TAB339', 'Metronidazol', 'Tableta', '500 mg', 'Caja x blísteres.'),
	('P01AB01CAP339', 'Metronidazol', 'Cápsula', '500 mg', 'Caja x blísteres.'),
	('J01XD01SOY320', 'Metronidazol', 'Solución inyectable', '5 mg/mL', 'Caja x sachets de 100 mL cada uno, Caja x bolsas de 100 mL cada una, Funda o frasco plástico de 100 '),
	('G01AF01TAV339', 'Metronidazol', 'Tableta vaginal', '500 mg', 'Caja x blísteres'),
	('G01AF01OVU121', 'Metronidazol', 'Óvulo', '1 000 mg', 'Caja x blísteres'),
	('L04AA06TAR280', 'Micofenolato', 'Tableta recubierta', '360 mg', 'Caja x blísteres.'),
	('L04AA06CAP232', 'Micofenolato', 'Cápsula', '250 mg', 'Caja x blísteres.'),
	('L04AA06TAR232', 'Micofenolato', 'Tableta recubierta', '250 mg', 'Caja x blísteres.'),
	('L04AA06TAR339', 'Micofenolato', 'Tableta recubierta', '500 mg', 'Caja x blísteres.'),
	('L04AA06TAR173', 'Micofenolato', 'Tableta recubierta', '180 mg', 'Caja x blísteres.'),
	('N05CD08SOY320', 'Midazolam', 'Solución inyectable', '5 mg/mL', 'Caja x ampollas de 3 mL cada una, Caja x ampollas de 10 mL cada una.'),
	('N05CD08SOY081', 'Midazolam', 'Solución inyectable', '1 mg/mL', 'Caja x ampollas de 5 mL cada una.'),
	('G02AD06TAB204', 'Misoprostol', 'Tableta', '200 mcg', 'Caja x ristras/blísteres, Caja x frasco'),
	('L01DC03POI194', 'Mitomicina', 'Polvo para inyección', '20 mg', 'Caja x vial/frasco.'),
	('L01DB07SOY183', 'Mitoxantrona', 'Solución inyectable', '2 mg/mL', 'Caja x vial/frasco de 10 mL.'),
	('R01AD09SUH324', 'Mometasona', 'Suspensión para inhalación', '50 mcg/dosis', 'Caja x frascos de 140 aplicaciones cada uno'),
	('N02AA01SOL200', 'Morfina', 'Solución oral', '20 mg/mL', 'Caja x frasco'),
	('N02AA01SOY097', 'Morfina', 'Solución inyectable', '10 mg/mL', 'Caja x ampollas de 1 mL cada una.'),
	('N02AA01CLP091', 'Morfina', 'Cápsula de liberación prolongada', '10 mg', 'Caja x blísteres/ristras.'),
	('N02AA01CLP360', 'Morfina', 'Cápsula de liberación prolongada', '60 mg', 'Caja x blísteres/ristras.'),
	('N02AA01CLP255', 'Morfina', 'Cápsula de liberación prolongada', '30 mg', 'Caja x blísteres/ristras'),
	('A09AA02CAP437', 'Multienzimas (pancreatina: amilasa, lipasa, proteasa)', 'Cápsula', '150 mg (8 000 UI, 10 000 UI, 600 UI)', 'Caja x Frasco'),
	('A11AA03SOL000', 'Multivitaminas con minerales', 'Solución oral', 'Según declarado en Registro Sanitario', 'Caja x frasco gotero de 10 mL'),
	('A11AA03JBE000', 'Multivitaminas con minerales', 'Jarabe', 'Según declarado en Registro Sanitario', 'Caja x frasco de 120 mL, 200 mL ó 240 mL, Frasco de 120 mL'),
	('V03AB15SOY042', 'Naloxona', 'Solución inyectable', '0,4 mg/mL', 'Caja x viales/frascos de 5 mL.'),
	('N07AA01SOY321', 'Neostigmina', 'Solución inyectable', '0,5 mg/mL', 'Caja x ampollas de 1 mL.'),
	('J05AG01SUS333', 'Nevirapina', 'Suspensión oral', '50 mg/5 mL', 'Caja x frasco de 100 mL con dosificador/sin dosificador,  Frasco x 240 mL.'),
	('J05AG01TAB205', 'Nevirapina', 'Tableta', '200 mg', 'Caja x  frasco.'),
	('J05AG01TAR205', 'Nevirapina', 'Tableta recubierta', '200 mg', 'Caja x  frasco.'),
	('C08CA05CAP091', 'Nifedipina', 'Cápsula', '10 mg', 'Blísteres, ristras'),
	('C08CA05TAB091', 'Nifedipina', 'Tableta', '10 mg', 'Caja x blísteres'),
	('C08CA05TAR091', 'Nifedipina', 'Tableta recubierta', '10 mg', 'Caja x blísteres'),
	('C08CA05TAL091', 'Nifedipina', 'Tableta de liberación prolongada', '10 mg', 'Caja x blísteres'),
	('A07AA02SUS119', 'Nistatina', 'Suspensión oral', '100 000 UI/mL', 'Caja x frasco de 30 mL ó 120 mL + dosificador (gotero), Caja x frasco de 30 mL ó 120 mL'),
	('J01XE01SUS225', 'Nitrofurantoína', 'Suspensión oral', '25 mg /5 mL', 'Caja x frasco de 100 mL ó 120 mL'),
	('J01XE01CAP105', 'Nitrofurantoína', 'Cápsula', '100 mg', 'Caja x blísteres.'),
	('C01DA02SOY320', 'Nitroglicerina (trinitrato de glicerilo)', 'Solución inyectable', '5 mg/mL', 'Caja x viales/frascos.'),
	('C02DD01POI329', 'Nitroprusiato sódico', 'Polvo para inyección', '50 mg', 'Caja x frascos/viales'),
	('C01CA03SOY081', 'Norepinefrina', 'Solución inyectable', '1 mg/mL', 'Caja x ampollas de 4 mL cada una'),
	('H01CB02POI194', 'Octreotida', 'Polvo para inyección', '20 mg', 'Caja x frasco + jeringuilla prellenada con 2,5 mL de disolvente, Caja x frasco/vial.'),
	('H01CB02SOY027', 'Octreotida', 'Solución inyectable', '0,1 mg/mL', 'Caja x ampollas de 1 mL.'),
	('B05XX00SOY000', 'Oligoelementos', 'Solución inyectable', 'Según lo declarado en el Registro Sanitario', 'Caja x ampollas de 10 mL cada una, Caja x ampollas de 2 mL cada una'),
	('A02BC01CAP194', 'Omeprazol', 'Cápsula', '20 mg', 'Caja x blísteres/ristras, Caja x frasco'),
	('A02BC01POI290', 'Omeprazol', 'Polvo para inyección', '40 mg', 'Caja x vial/frasco + disolvente ampolla de 10 mL, Caja x viales/frasco'),
	('A04AA01SOY183', 'Ondansetrón', 'Solución inyectable', '2 mg/mL', 'Caja x ampollas de 4 mL cada una, Caja x ampollas de 2 mL'),
	('A04AA01TAR286', 'Ondansetrón', 'Tableta recubierta', '4 mg', 'Caja x blísteres'),
	('A04AA01TAR383', 'Ondansetrón', 'Tableta recubierta', '8 mg', 'Caja x blísteres'),
	('J05AH02CAP380', 'Oseltamivir', 'Cápsula', '75 mg', 'Caja x blísteres'),
	('J01CF04POI121', 'Oxacilina', 'Polvo para inyección', '1 000 mg', 'Caja x frascos/viales'),
	('L01XA03POI329', 'Oxaliplatino', 'Polvo para inyección', '50 mg', 'Caja x viales/frascos'),
	('L01XA03POI105', 'Oxaliplatino', 'Polvo para inyección', '100 mg', 'Caja x viales/frascos'),
	('N02AA05TAL091', 'Oxicodona', 'Tableta de liberación prolongada', '10 mg', 'Caja x frasco'),
	('N02AA05TAL290', 'Oxicodona', 'Tableta de liberación prolongada', '40 mg', 'Caja x frasco'),
	('N02AA05TAL194', 'Oxicodona', 'Tableta de liberación prolongada', '20 mg', 'Caja x frasco'),
	('V03AN01GPI000', 'Oxígeno', 'Gas para inhalación', 'Pureza no menor al 99.5 %', 'Oxígeno, gas medicinal, cilindro por: 0,4 m3, 0,7 m3, 1 m3, 2 m3, 3 m3, 4 m3, 6 m3, 7 m3, 8 m3, 9 m3'),
	('H01BB02SOY100', 'Oxitocina', 'Solución inyectable', '10 UI/mL', 'Caja x ampollas de 1 ml'),
	('L01CD01SOY356', 'Paclitaxel', 'Solución inyectable', '6 mg/mL', 'Caja x frascos/viales de 5 mL o más'),
	('M03AC01SOY183', 'Pancuronio', 'Solución inyectable', '2 mg/mL', 'Caja x ampollas x 2 mL'),
	('N02BE01JBE169', 'Paracetamol', 'Jarabe', '160 mg/5 mL', 'Caja x frasco de 60 mL o más'),
	('N02BE01SUP105', 'Paracetamol', 'Supositorio', '100 mg', 'Caja x blísteres/ristras'),
	('N02BE01SOL112', 'Paracetamol', 'Solución oral', '100 mg/mL', 'Caja x 1 frasco de 15 mL o más, Caja x frasco gotero de 15 mL o más'),
	('N02BE01TAB339', 'Paracetamol', 'Tableta', '500 mg', 'Caja x ristras, Caja x blísteres'),
	('N02BE01JBE135', 'Paracetamol', 'Jarabe', '120 mg/5 mL', 'Caja x 1 frasco de 60 mL o más'),
	('H05BX02SOY313', 'Paricalcitol', 'Solución inyectable', '5 mcg/mL', 'Caja x ampollas x 2 mL, Caja x ampollas x 1mL'),
	('L03AA13SOY354', 'Pegfilgrastim', 'Solución inyectable', '6 mg/0,6 mL (10 mg/mL)', 'Caja x jeringas prellenadas x 0,6 mL'),
	('L01BA04POI339', 'Pemetrexed', 'Polvo para inyección', '500 mg', 'Caja x viales/frascos'),
	('M01CC01TAB141', 'Penicilamina', 'Tableta', '125 mg', 'Caja x ristras/blísteres.'),
	('M01CC01TAB232', 'Penicilamina', 'Tableta', '250 mg', 'Caja x ristras/blísteres.'),
	('P03AC04CRE066', 'Permetrina', 'Crema', '1.00%', 'Caja x tubo.'),
	('P03AC04SOT066', 'Permetrina', 'Solución tópica', '1.00%', 'Frasco x 60 mL ó 120 mL.'),
	('D10AE01CRE310', 'Peróxido de benzoilo', 'Crema', '5.00%', 'Caja x 1 tubo de 10, 20 ó 30 g.'),
	('D10AE01CRE088', 'Peróxido de benzoilo', 'Crema', '10.00%', 'Caja x 1 tubo de 10 g o más'),
	('D10AE01LOC310', 'Peróxido de benzoilo', 'Loción', '5.00%', 'Caja x frasco'),
	('D10AE01LOC088', 'Peróxido de benzoilo', 'Loción', '10.00%', 'Caja x frasco'),
	('J01CR05POI285', 'Piperacilina + Tazobactam', 'Polvo para inyección', '4 g + 0,5 g (4000 mg + 500 mg)', 'Caja x viales/frascos'),
	('J04AK01TAB339', 'Pirazinamida', 'Tableta', '500 mg', 'Caja x blísteres/ristras'),
	('N07AA02TAB360', 'Piridostigmina', 'Tableta', '60 mg', 'Caja x frasco'),
	('P01BD01TAB222', 'Pirimetamina', 'Tableta', '25 mg', 'Caja x blísteres, ristras'),
	('C05BB02SOY247', 'Polidocanol', 'Solución inyectable', '3.00%', 'Caja x frasco/vial.'),
	('A06AD65GRN000', 'Polietilenglicol en combinaciones', 'Granulado', 'Según consta en Registro Sanitario.', 'Caja x sobres.'),
	('B05XA01SOY177', 'Potasio cloruro', 'Solución inyectable', '2 mEq/mL (14,9 %)', 'Caja x ampollas de 10 mL'),
	('S01BA04SUF066', 'Prednisolona', 'Suspensión oftálmica', '1.00%', 'Caja x 1 frasco gotero de 5 mL.'),
	('S01BA04SUF031', 'Prednisolona', 'Suspensión oftálmica', '0,0012', 'Caja x 1 frasco gotero de 5 mL.'),
	('H02AB06TAB314', 'Prednisolona', 'Tableta', '5 mg', 'Caja x blísteres'),
	('H02AB07TAR194', 'Prednisona', 'Tableta recubierta', '20 mg', 'Caja x blísteres'),
	('H02AB07TAR314', 'Prednisona', 'Tableta recubierta', '5 mg', 'Caja x blísteres'),
	('H02AB07TAB194', 'Prednisona', 'Tableta', '20 mg', 'Caja x blísteres'),
	('P01BA03TAB374', 'Primaquina', 'Tableta', '7,5 mg', 'Caja x blísteres'),
	('P01BA03TAB147', 'Primaquina', 'Tableta', '15 mg', 'Caja x blísteres'),
	('L01XB01CAP329', 'Procarbazina', 'Cápsula', '50 mg', 'Caja x blísteres, Caja x ristras, Caja x frasco.'),
	('D02AB01CRE103', 'Productos con zinc (Nistatina + Vitamina A + Vitamina D2 + Óxido de zinc', 'Crema', '10 000 000 UI + 500 000 UI + 62 500 UI + 15 g/100 g', 'Caja x 1 tubo de 60 g ó 100 g'),
	('D02AB01UNG203', 'Productos con zinc (oxido de zinc)', 'Ungüento', '20 g/100 g (20 %)', 'Caja x 1 Tubo de 60 g'),
	('D02AB01CRE193', 'Productos con zinc (Undecilenato de Zinc + Ácido Undecilénico)', 'Crema', '(20 g + 5 g)/100 g', 'Caja x 1 tubo de 60 g'),
	('D02AB01POM349', 'Productos con zinc (Vitamina A + vitamina D2 + oxido de zinc)', 'Pomada', '500 000 UI + 62 500 UI + 15 g/100 g', 'Caja x 1 Tubo de 60 ó 100 g'),
	('G03DA04CAP105', 'Progesterona', 'Cápsula', '100 mg', 'Caja x blísteres'),
	('N01AX10EMI097', 'Propofol', 'Emulsión inyectable', '10 mg/mL', 'Caja x ampollas x 20 mL'),
	('C07AA05TAB290', 'Propranolol', 'Tableta', '40 mg', 'Caja x 1 frasco, Caja x blísteres'),
	('C07AA05TAB091', 'Propranolol', 'Tableta', '10 mg', 'Caja x 1 frasco, Caja x blisteres'),
	('C07AA05TAB386', 'Propranolol', 'Tableta', '80 mg', 'Caja x 1 frasco, Caja x blísteres'),
	('V03AB14SOY098', 'Protamina', 'Solución inyectable', '10mg/mL (1000 UH/mL)', 'Caja x 1 ampolla x 5mL.'),
	('N05AH04TAR222', 'Quetiapina', 'Tableta recubierta', '25 mg', 'Caja x blísteres'),
	('N05AH04TAR105', 'Quetiapina', 'Tableta recubierta', '100 mg', 'Caja x blísteres'),
	('N05AH04TAR205', 'Quetiapina', 'Tableta recubierta', '200 mg', 'Caja x blísteres'),
	('J05AX08TAR296', 'Raltegravir', 'Tableta recubierta', '400 mg', 'Caja x 1 frasco de 60 unidades.'),
	('A02BA02SOY226', 'Ranitidina', 'Solución inyectable', '25 mg/mL', 'Caja x ampollas x 2 mL'),
	('A02BA02TAB158', 'Ranitidina', 'Tableta', '150 mg', 'Caja x blísteres, ristra'),
	('A02BA02TAR158', 'Ranitidina', 'Tableta recubierta', '150 mg', 'Caja x blísteres, ristras'),
	('N01AH06POI178', 'Remifentanilo', 'Polvo para inyección', '2 mg', 'Caja x frascos/viales.'),
	('N01AH06POI314', 'Remifentanilo', 'Polvo para inyección', '5 mg', 'Caja x frascos/viales.'),
	('A11CA01CAP336', 'Retinol (Vitamina A)', 'Cápsula', '50 000 UI', 'Caja x blísteres'),
	('J04AB02SUS116', 'Rifampicina', 'Suspensión', '100 mg/5 mL', 'Caja x 1 frasco.'),
	('J04AB02CAP265', 'Rifampicina', 'Cápsula', '300 mg', 'Caja x blísteres'),
	('J04AM02TAR266', 'Rifampicina + Isoniazida', 'Tableta recubierta', '300 mg + 150 mg', 'Caja x blísteres.'),
	('J04AM02CAP266', 'Rifampicina + Isoniazida', 'Cápsula', '300 mg + 150 mg', 'Caja x blísteres'),
	('J04AM06TAR406', 'Rifampicina+Pirazinamida+Etambutol+Isoniazida', 'Tableta recubierta', '150 mg + 400 mg + 275 mg + 75 mg', 'Caja x blísteres'),
	('B05CB10SOY000', 'Ringer lactato (combinaciones)', 'Solución inyectable', '___', 'Funda/Bolsa de 500 ó 1000 mL'),
	('N05AX08POI222', 'Risperidona', 'Polvo para inyección', '25 mg', 'Caja x  1 vial/frasco + diluyente'),
	('N05AX08POI281', 'Risperidona', 'Polvo para inyección', '37,5 mg', 'Caja x 1 vial/frasco + diluyente'),
	('N05AX08TAR073', 'Risperidona', 'Tableta recubierta', '1 mg', 'Caja x blísteres, ristras'),
	('N05AX08TAR178', 'Risperidona', 'Tableta recubierta', '2 mg', 'Caja x blísteres, ristras'),
	('N05AX08TAB073', 'Risperidona', 'Tableta', '1 mg', 'Caja x blísteres'),
	('N05AX08SOL081', 'Risperidona', 'Solución oral', '1 mg/mL', 'Caja x 1 frasco de 20 mL ó 30 mL + gotero(dosificador), Caja x 1 frasco gotero de 20 mL ó 30 mL.'),
	('J05AE03CAP105', 'Ritonavir', 'Cápsula', '100 mg', 'Caja x frascos'),
	('L01XC02SCI097', 'Rituximab', 'Solución concentrada para infusión', '10 mg/mL', 'Caja x viales/frascos de 10 mL, Caja x viales/frascos 50 mL'),
	('M03AC09SOY097', 'Rocuronio, Bromuro', 'Solución inyectable', '10 mg/mL', 'Caja x   viales/frascos de 5 mL, Caja x  viales/frascos de 10 mL.'),
	('R03AC02AER026', 'Salbutamol', 'Aerosol', '0,1 mg/dosis', 'Caja x 1 envase inhalador de 200 dosis con dosificador, Caja por envase inhalador de 200 dosis.'),
	('R03AC02SOI320', 'Salbutamol', 'Solución inhalatoria (para nebulización)', '5 mg/mL', 'Caja x 1 frasco de 10 mL + dosificador, Caja x 1 frasco de 10 mL.'),
	('B03AC02SOY116', 'Sales de Hierro (Sacarato de óxido férrico)', 'Solución inyectable', '100 mg/5 mL', 'Caja x ampollas de 5 mL'),
	('B03AA07GRA329', 'Sales de hierro (Sulfato ferroso)', 'Gragea', '50 mg', 'Frasco'),
	('B03AA07SOL226', 'Sales de hierro (Sulfato ferroso)', 'Solución oral', '25 mg/mL', 'Caja x frasco gotero de 20 mL ó 30 mL.'),
	('A07CA00POL000', 'Sales de Rehidratación Oral', 'Polvo', '___', 'Caja x sobres'),
	('J05AE01TAR339', 'Saquinavir', 'Tableta recubierta', '500 mg', 'Caja x 1 frasco'),
	('N04BD01TAB314', 'Selegilina', 'Tableta', '5 mg', 'Caja x blísteres'),
	('N06AB06TAB329', 'Sertralina', 'Tableta', '50 mg', 'Caja x blísteres'),
	('N06AB06CAP329', 'Sertralina', 'Cápsula', '50 mg', 'Caja x blísteres.'),
	('N06AB06TAB105', 'Sertralina', 'Tableta', '100 mg', 'Caja x blísteres'),
	('N01AB08SOI081', 'Sevoflurano', 'Solución para inhalación', '1 mg/mL', 'Caja x 1 Frasco de 250 mL.'),
	('C10AA01TAB194', 'Simvastatina', 'Tableta', '20 mg', 'Caja x blísteres'),
	('C10AA01TAB290', 'Simvastatina', 'Tableta', '40 mg', 'Caja x blísteres,ristras'),
	('C10AA01TAR290', 'Simvastatina', 'Tableta recubierta', '40 mg', 'Caja x blísteres'),
	('C10AA01TAR194', 'Simvastatina', 'Tableta recubierta', '20 mg', 'Caja x 1, 2, 3 ó 4 blísteres de 10 unidades cada uno.'),
	('L04AA10GRA073', 'Sirolimus', 'Gragea', '1 mg', 'Caja x blísteres'),
	('B05XA02SOY072', 'Sodio bicarbonato', 'Solución inyectable', '1 mEq/mL (8,4 %)', 'Caja x ampollas de 10 mL'),
	('B05XA03SOY251', 'Sodio Cloruro', 'Solución inyectable', '3,4 mEq/mL (20 %)', 'Caja x ampollas de 10 mL'),
	('B05CB01SOY056', 'Sodio Cloruro', 'Solución inyectable', '0,009', 'Bolsa/funda  de 100, 250, 500 ó 1000 mL.'),
	('B05DB00SOY288', 'Solución diálisis peritoneal', 'Solución para diálisis peritoneal', '4,25 % - 4,50 %', 'Bolsa de 2 000 mL ó 5 000 mL'),
	('B05DB00SOY001', 'Solución diálisis peritoneal', 'Solución para diálisis peritoneal', '0,015', 'Bolsa de 2 000 mL ó 5 000 mL'),
	('B05DB00SOY191', 'Solución diálisis peritoneal', 'Solución para diálisis peritoneal', '2,25 % - 2,5 %', 'Bolsa de 2 000 mL ó 5 000 mL'),
	('J06AA03POI000', 'Suero antiofídico polivalente', 'Polvo para inyección', '___', 'Caja x viales + viales de solvente'),
	('J06AA03POI431', 'Suero antiofídico polivalente', 'Polvo para inyección', 'Cada mL neutraliza: 2,5 mg Bothrops asper, 2,5 mg Bothrops atrox, 1,0 mg Crotalus durissus, 1,0 mg L', 'Caja x 1 ó 2 viales + diluyente de 10 mL cada uno.'),
	('J06AA03POI430', 'Suero antiofídico polivalente', 'Polvo para inyección', 'Cada ml neutraliza: 3 mg Bothrops asper, 2 mg Crotalus durissus, 3 mg Lachesis muta, 3 mg Bothrops a', 'Caja x 1 vial/frasco + diluyente de 10 mL.'),
	('J06AA03SOY000', 'Suero antiofídico polivalente', 'Solución inyectable', '___', 'Caja x frasco/vial.'),
	('J01EC02TAB339', 'Sulfadiazina', 'Tableta', '500 mg', 'Caja x blíster/blísteres.'),
	('D06BA01CRE066', 'Sulfadiazina de Plata', 'Crema', '1.00%', 'Caja x 1 tubo/frasco/pomo'),
	('A07EC01TAB339', 'Sulfasalazina', 'Tableta', '500 mg', 'Frasco x 10, 50 ó 100 unidades.'),
	('A12CB01SOL320', 'Sulfato de Zinc', 'Solución oral', '5 mg/mL', 'Caja x frasco de 100 mL o 150 mL, Caja por frasco gotero de 30 mL.'),
	('A12CB01SOL183', 'Sulfato de Zinc', 'Solución oral', '2 mg/mL', 'Caja x frasco'),
	('L01XE04CAP131', 'Sunitinib', 'Cápsula', '12,5 mg', 'Caja x 1 frasco, Caja x blísteres'),
	('L01XE04CAP222', 'Sunitinib', 'Cápsula', '25 mg', 'Caja x 1 frasco, Caja x blísteres'),
	('L01XE04CAP329', 'Sunitinib', 'Cápsula', '50 mg', 'Caja x 1 frasco, Caja x blísteres'),
	('M03AB01SOY200', 'Suxametonio', 'Solución inyectable', '20 mg/mL', 'Caja x ampollas'),
	('L04AX02TAB105', 'Talidomida', 'Tableta', '100 mg', 'Caja x 10, 50 ó 100 blísteres de 10 unidades cada uno.'),
	('L02BA01TAB091', 'Tamoxifeno', 'Tableta', '10 mg', 'Caja x blísteres'),
	('L02BA01TAB194', 'Tamoxifeno', 'Tableta', '20 mg', 'Caja x blísteres, Caja x frasco'),
	('G04CA02CAP041', 'Tamsulosina', 'Cápsula', '0,4 mg', 'Caja x blísteres'),
	('G04CA02CLP041', 'Tamsulosina', 'Cápsula de liberación prolongada', '0,4 mg', 'Caja x blísteres'),
	('G04CA02TAL041', 'Tamsulosina', 'Tableta de liberación prolongada', '0,4 mg', 'Caja x blísteres'),
	('L01AX03CAP232', 'Temozolomida', 'Cápsula', '250 mg', 'Caja x frasco, Caja x sachets'),
	('L01AX03CAP105', 'Temozolomida', 'Cápsula', '100 mg', 'Caja x frasco, Caja x sachets'),
	('L01AX03CAP194', 'Temozolomida', 'Cápsula', '20 mg', 'Caja x frasco, Caja x sachets'),
	('J05AR03TAR267', 'Tenofovir + Emtricitabina', 'Tableta recubierta', '300 mg + 200 mg', 'Caja x 1 frasco'),
	('J05AR06TAR268', 'Tenofovir + Emtricitabina + Efavirenz', 'Tableta recubierta', '300 mg + 200 mg + 600 mg', 'Caja x 1 frasco'),
	('J05AF07TAR265', 'Tenofovir disoproxilo', 'Tableta recubierta', '300 mg', 'Caja x 1 frasco'),
	('D01BA02TAB232', 'Terbinafina', 'Tableta', '250 mg', 'Caja x blísteres, ristra'),
	('D01AE15CRE066', 'Terbinafina', 'Crema', '1.00%', 'Caja x 1 tubo x 15 g o más'),
	('G03BA03SOY239', 'Testosterona', 'Solución inyectable', '250 mg/mL', 'Caja x ampollas de 1 mL o 3 mL.'),
	('H03BB02TAB314', 'Tiamazol (Metimazol)', 'Tableta', '5 mg', 'Caja x blísteres'),
	('A11DA01SOY334', 'Tiamina (vitamina B1)', 'Solución inyectable', '50 mg/mL', 'Caja x ampolla de 1 mL ó 2 mL.'),
	('S01ED01SOF044', 'Timolol', 'Solución oftálmica', '0,005', 'Caja x 1 frasco gotero de 5 mL ó 10 mL'),
	('S01ED01SOF404', 'Timolol', 'Solución oftálmica', '0,0025', 'Caja x 1 frasco gotero de 5 mL ó 10 mL.'),
	('P01AB02TAR121', 'Tinidazol', 'Tableta recubierta', '1 000 mg', 'Caja x blísteres, ristras'),
	('P01AB02TAB121', 'Tinidazol', 'Tableta', '1 000 mg', 'Caja x blísteres/ristras'),
	('P01AB02CAV158', 'Tinidazol', 'Cápsula vaginal', '150 mg', 'Caja x blísteres'),
	('P01AB02OVU158', 'Tinidazol', 'Óvulo', '150 mg', 'Caja x ristras'),
	('L01BB03TAB290', 'Tioguanina', 'Tableta', '40 mg', 'Caja x ristras'),
	('N01AF03POI067', 'Tiopental sódico', 'Polvo para inyección', '1 g', 'Caja x frascos/viales'),
	('R03BB04POH172', 'Tiotropio bromuro', 'Polvo para inhalación en cápsula dura', '18 mcg', 'Caja x 1, 3 ó 6 blísteres de 10 unidades cada uno.'),
	('B01AC17SOY038', 'Tirofibán', 'Solución inyectable', '0,25 mg/mL', 'Caja x 1 frasco/vial de 50 mL.'),
	('S01AA12UNF039', 'Tobramicina', 'Ungüento oftálmico', '0,003', 'Caja x 1 tubo'),
	('S01AA12SOF039', 'Tobramicina', 'Solución oftálmica', '0,003', 'Caja x 1 frasco gotero de 5 mL.'),
	('J01GB01SOI272', 'Tobramicina', 'Solución para inhalación', '300 mg/5 mL', 'Caja x blísteres x cánulas, Caja x sobres x ampollas'),
	('S01AA12GEF039', 'Tobramicina', 'Gel oftálmico', '0,003', 'Caja x 1 tubo de 5 g.'),
	('S01AA12SUF039', 'Tobramicina', 'Suspensión oftálmica', '0,003', 'Caja x 1 frasco gotero de 5 mL.'),
	('M03AX01POI117', 'Toxina botulínica', 'Polvo para inyección', '100 U', 'Caja x frascos/viales'),
	('M03AX01POI086', 'Toxina botulínica', 'Polvo para inyección', '500 U', 'Caja x 1 frasco/vial.'),
	('J07AM51SUY006', 'Toxoide diftérico tetánico', 'Suspensión inyectable', NULL, 'Caja x frascos/viales o jeringuillas prellenadas'),
	('J07AJ52SUY000', 'Toxoide diftérico tetánico + Vacuna pertusis', 'Suspensión inyectable', '___', 'Caja x frascos/viales o jeringuillas prellenadas'),
	('J07AM01SUY007', 'Toxoide tetánico', 'Suspensión inyectable', '> 40 UI/0,5 mL.', 'Caja x jeringas prellenadas de 0,5 mL, Caja x frascos/viales de 0,5 mL'),
	('N02AX02SOL112', 'Tramadol', 'Solución oral', '100 mg/mL', 'Caja x 1 frasco'),
	('N02AX02TAR329', 'Tramadol', 'Tableta recubierta', '50 mg', 'Caja x blísteres'),
	('N02AX02TAL329', 'Tramadol', 'Tableta de liberación prolongada', '50 mg', 'Caja x blísteres'),
	('N02AX02CAP329', 'Tramadol', 'Cápsula', '50 mg', 'Caja x blísteres'),
	('N02AX02SOY334', 'Tramadol', 'Solución inyectable', '50 mg/mL', 'Caja x ampollas de 1mL ó 2 mL.'),
	('L01XC03POI306', 'Trastuzumab', 'Polvo para inyección', '440 mg', 'Caja x 1 vial + disolvente ampolla de 20 mL.'),
	('L02AE04451', 'Triptorelina', 'Polvo para inyección', '3,75 mg', 'Caja x 1 vial + disolvente x 2 mL'),
	('D03AX12EMU429', 'Trolamina', 'Emulsión', '0,67 g/100 g', 'Caja x 1 tubo'),
	('S01FA06SOF066', 'Tropicamida', 'Solución oftálmica', '1.00%', 'Caja x 1 frasco gotero de 15 mL'),
	('D02AE01CRE310', 'Urea', 'Crema', '5.00%', 'Caja x 1 tubo.'),
	('D02AE01CRE088', 'Urea', 'Crema', '10.00%', 'Caja x tubo de 10 g o más'),
	('D02AE01LOC088', 'Urea', 'Loción', '10.00%', 'Caja x 1 frasco de 125 mL.'),
	('D02AE01LOC310', 'Urea', 'Loción', '5.00%', 'Caja x 1 frasco de 125 mL.'),
	('J07BL01POI000', 'Vacuna antiamarílica', 'Polvo para inyección', '___', 'Caja x viales + jeringas prellenadas de 0,5 mL'),
	('J07BC01SUY000', 'Vacuna antihepatitis B', 'Suspensión inyectable', '___', 'Caja x frascos/ampollas de 0.5 ml ó 1mL'),
	('J07AL02SUY000', 'Vacuna antineumococo (Polisacárido conjugado)', 'Suspensión inyectable', '___', 'Caja x jeringuilla prellenada.'),
	('J07AL02SOY000', 'Vacuna antineumococo (Polisacárido conjugado)', 'Solución inyectable', '___', 'Caja x frascos/viales de 0,5 mL'),
	('J07BF02SUS000', 'Vacuna antipoliomielítica', 'Suspensión', '___', 'Caja x frascos de 10 mL'),
	('J07BH01SUS000', 'Vacuna Antirotavirus', 'Suspensión', '___', 'Caja x frascos goteros de dosis única de 2 mL.'),
	('J07BG01POI000', 'Vacuna antirrábica', 'Polvo para inyección', '___', 'Caja x frascos/viales + jeringas prellenadas de 0,5 mL.'),
	('J07BK02POI000', 'Vacuna Antivaricela zóster (virus atenuado)', 'Polvo para inyección', '___', 'Caja x frascos/viales + diluyentes'),
	('J07AN01POI000', 'Vacuna BCG', 'Polvo para inyección', '___', 'Caja x viales/frascos con o sin diluyente'),
	('J07BD52POI000', 'Vacuna triple viral (Parotiditis-Sarampión-Rubéola)', 'Polvo para inyección', '___', 'Caja x viales + ampollas de diluyente de 0,5 mL'),
	('J05AB14TAB309', 'Valganciclovir', 'Tableta', '450 mg', 'Caja x frascos'),
	('J05AB14TAR309', 'Valganciclovir', 'Tableta recubierta', '450 mg', 'Caja x frascos'),
	('J01XA01POI339', 'Vancomicina', 'Polvo para inyección', '500 mg', 'Caja x viales/frascos'),
	('J01XA01POI121', 'Vancomicina', 'Polvo para inyección', '1 000 mg', 'Caja x viales/frascos'),
	('L01CA01SOY081', 'Vinblastina', 'Solución inyectable', '1 mg/mL', 'Caja x frascos/viales de 10 mL'),
	('L01CA02SOY081', 'Vincristina', 'Solución inyectable', '1 mg/mL', 'Caja x viales/frascos.'),
	('L01CA02POI073', 'Vincristina', 'Polvo para inyección', '1 mg', 'Caja x frascos/viales'),
	('J02AC03POI205', 'Voriconazol', 'Polvo para inyección', '200 mg', 'Caja x frascos/viales con o sin diluyente'),
	('J02AC03TAR205', 'Voriconazol', 'Tableta recubierta', '200 mg', 'Caja x blísteres'),
	('B01AA03TAB314', 'Warfarina', 'Tableta', '5 mg', 'Caja x blísteres'),
	('J05AF01TAR265', 'Zidovudina', 'Tableta recubierta', '300 mg', 'Caja x 1 frasco de 60 ó 100 unidades.'),
	('J05AF01CAP105', 'Zidovudina', 'Cápsula', '100 mg', 'Caja x frascos'),
	('J05AF01SOL333', 'Zidovudina', 'Solución oral', '50 mg/5 mL', 'Caja x 1 frasco de 100 mL.'),
	('J05AF01SOS097', 'Zidovudina', 'Solución para infusión', '10 mg/mL', 'Caja x frascos/viales de 20 mL'),
	('J05AR01TAR266', 'Zidovudina + Lamivudina', 'Tableta recubierta', '300 mg + 150 mg', 'Caja x frasco'),
	('J05AR05TAR409', 'Zidovudina + Lamivudina + Nevirapina', 'Tableta recubierta', 'Zidovudina + Lamivudina + Nevirapina', 'Caja x  frasco'),
	('P01AB01TAR339', 'Metronidazol', 'Tableta recubierta', '500 mg', 'Caja x blísteres, Caja x tabletas.'),
	('J01FA10CAP232', 'Azitromicina', 'Cápsula', '250 mg', 'Caja x blísteres'),
	('L04AC02POI091', 'Basiliximab', 'Polvo para inyección', '10 mg', 'Caja x vial + disolvente'),
	('L01XX09CAP091', 'Miltefosina', 'Cápsula', '10 mg', 'Caja x blísteres.'),
	('L01XX09CAP329', 'Miltefosina', 'Cápsula', '50 mg', 'Caja x blísteres.'),
	('N02AA01SOY200', 'Morfina', 'Solución inyectable', '20 mg/mL', 'Caja x 10 ó 100 ampollas'),
	('P01CA02TAB105', 'Benznidazol', 'Tableta', '100 mg', 'Caja x blísteres'),
	('N02AA01TAB091', 'Morfina', 'Tableta', '10 mg', 'Caja x blísteres/ristras'),
	('N02AA01SOL183', 'Morfina', 'Solución oral', '2 mg/mL', 'Caja x frasco'),
	('D07AC01LOC024', 'Betametasona', 'Loción', '0,001', 'Caja x frasco de 30 ó 60 mL'),
	('N04AA02TAB286', 'Biperideno', 'Tableta', '4 mg', 'Caja x blísteres'),
	('J01XE01CLP105', 'Nitrofurantoína', 'Cápsula de liberación prolongada', '100 mg', 'Caja x blísteres.'),
	('A02BC01POS095', 'Omeprazol', 'Polvo para suspensión', '10 mg/5 mL', 'Caja x sobres'),
	('H01CB02POI255', 'Octreotida', 'Polvo para inyección', '30 mg', 'Caja x vial/frasco + diluyente, Caja x frasco/vial'),
	('L01XA03SOS320', 'Oxaliplatino', 'Solución para infusión', '5 mg/mL', 'Caja x viales de 10 mL ó 20 mL'),
	('N02AA05TAB314', 'Oxicodona', 'Tableta', '5 mg', 'Caja x frasco, Caja x blíster/ristras'),
	('A07BA01POL000', 'Carbón activado', 'Polvo', '___', 'Frasco de 50 g, Frasco de 25 g'),
	('C07AG02TAR222', 'Carvedilol', 'Tableta recubierta', '25 mg', 'Caja x blísteres'),
	('N02BE01SOL135', 'Paracetamol', 'Solución oral', '120 mg/mL', 'Caja x 1 frasco de 60 mL, Frasco de 60 mL.'),
	('N02BE01JBE159', 'Paracetamol', 'Jarabe', '150 mg/5 mL', 'Caja x 1 frasco de 60 mL o más'),
	('N02BE01SUP265', 'Paracetamol', 'Supositorio', '300 mg', 'Caja x 1, 2, 3, 4, 5, 10, ó 20 ristras de 5 unidades cada una, Caja x ristra de 2 unidades.'),
	('N02BE01SOS097', 'Paracetamol', 'Solución para infusión', '10 mg/mL', 'Caja x frascos/viales de 50 mL o 100 mL'),
	('D10AE01GEL310', 'Peróxido de benzoilo', 'Gel', '5.00%', 'Caja x 1 tubo de 40 o más'),
	('D10AE01GEL088', 'Peróxido de benzoilo', 'Gel', '10.00%', 'Caja x 1 tubo de 40 o más'),
	('A11HA02TAB105', 'Piridoxina (Vitamina B6)', 'Tableta', '100 mg', 'Frasco'),
	('A11HA02SOY160', 'Piridoxina (Vitamina B6)', 'Solución inyectable', '150 mg/mL', 'Caja x frasco/vial.'),
	('L04AD01SOY334', 'Ciclosporina', 'Solución inyectable', '50 mg/mL.', 'Caja x ampollas de 5 mL'),
	('V03AB04SOY334', 'Pralidoxima', 'Solución inyectable', '50 mg/mL', 'Caja x ampollas'),
	('P02BA01TAB365', 'Praziquantel', 'Tableta', '600 mg', 'Caja x blísteres'),
	('H02AB06TAB194', 'Prednisolona', 'Tableta', '20 mg', 'Caja x 3 blísteres de 10 unidades cada uno.'),
	('L01XA01POI329', 'Cisplatino', 'Polvo para inyección', '50 mg', 'Caja x viales'),
	('N01AX10EMI200', 'Propofol', 'Emulsión inyectable', '20 mg/mL', 'Caja x viales/frascos.'),
	('C07AA05SOY081', 'Propranolol', 'Solución inyectable', '1 mg/mL', 'Caja x ampolla'),
	('N05AH04TAR265', 'Quetiapina', 'Tableta recubierta', '300 mg', 'Caja x blísteres'),
	('P01BC01SOY273', 'Quinina', 'Solución inyectable', '300 mg/mL', 'Caja x ampollas'),
	('S01AA01SOF404', 'Cloranfenicol', 'Solución oftálmica', '0,0025', 'Caja x frasco gotero de 5 mL'),
	('P01BA01SOY294', 'Cloroquina', 'Solución inyectable', '40 mg/mL', 'Caja x ampollas'),
	('J04AM02TAR155', 'Rifampicina + Isoniazida', 'Tableta recubierta', '150 mg + 75 mg', 'Caja x blísteres'),
	('J04AM02TAB153', 'Rifampicina + Isoniazida', 'Tableta', '150 mg + 150 mg', 'Caja x blíster/blísteres.'),
	('J04AM05GRA154', 'Rifampicina+ Pirazinamida+Isoniazida', 'Gragea', '150 mg + 400 mg + 75 mg', 'Caja x blísteres.'),
	('J04AM05GRA133', 'Rifampicina+ Pirazinamida+Isoniazida', 'Gragea', '120 mg + 300 mg + 60 mg', 'Caja x blísteres.'),
	('N05AX08TAB178', 'Risperidona', 'Tableta', '2 mg', 'Caja x blísteres'),
	('B03AD00TAB361', 'Sales de Hierro + Ácido Fólico', 'Tableta', '60 mg + 400 mcg', 'Caja x blísteres'),
	('J05AE01TAR205', 'Saquinavir', 'Tableta recubierta', '200 mg', 'Caja x frasco'),
	('N06AB06TAR329', 'Sertralina', 'Tableta recubierta', '50 mg', 'Caja x blísteres, ristra'),
	('N06AB06TAR105', 'Sertralina', 'Tableta recubierta', '100 mg', 'Caja x blísteres/ristras'),
	('A07EC01TAR339', 'Sulfasalazina', 'Tableta recubierta', '500 mg', 'Frasco'),
	('N03AX12TAR265', 'Gabapentina', 'Tableta recubierta', '300 mg', 'Caja x blíster/blísteres'),
	('L01AX04POI105', 'Dacarbazina', 'Polvo para inyección', '100 mg', 'Caja x vial/viales'),
	('J04BA02TAB105', 'Dapsona', 'Tableta', '100 mg', 'Caja x blísteres'),
	('L01DB02POI194', 'Daunorubicina', 'Polvo inyectable', '20 mg', 'Caja x vial'),
	('H02AB02TAB286', 'Dexametasona', 'Tableta', '4 mg', 'Caja x blíster/blísteres'),
	('H02AB02TAB383', 'Dexametasona', 'Tableta', '8 mg', 'Caja x blíster/blísteres'),
	('N05BA01JBE182', 'Diazepam', 'Jarabe', '2 mg/5 mL', 'Caja x frasco'),
	('J06AA01SOY101', 'Antitoxina difterica', 'Suspensión inyectable', '10 000 UI', 'Caja x vial/viales'),
	('L04AX02TAR105', 'Talidomida', 'Tableta recubierta', '100 mg', 'Caja x blísteres'),
	('D01BA02TAR232', 'Terbinafina', 'Tableta recubierta', '250 mg', 'Caja x blísteres'),
	('C01DA08TAS314', 'Dinitrato de isosorbida', 'Tableta sublingual', '5 mg', 'Caja x blíster/blísteres'),
	('G03AC03TAR254', 'Levonorgestrel', 'Tableta recubierta', '0,030 mg', 'Caja x blísteres'),
	('C02CA04TAR286', 'Doxazocina', 'Tableta recubierta', '4 mg', 'Caja x blísteres'),
	('J05AG03SOL260', 'Efavirenz', 'Solución oral', '30 mg/mL', 'Caja x frasco'),
	('R03AA01SOI455', 'Epinefrina (adrenalina) racémica', 'Solución inhalatoria', '22,5 mg/mL(2.25 %)', 'Caja x ampolla/ampollas'),
	('B03XA01SOY101', 'Eritropoyetina', 'Solución inyectable', '10 000 UI', 'Caja x jeringa precargada de 1 mL'),
	('J01FA02TAR274', 'Espiramicina', 'Tableta recubierta', '3 000 000 UI', 'Caja x blísteres'),
	('J07BC02SUY000', 'Vacuna antihepatitis A', 'Suspensión inyectable', '___', 'Caja x jeringa de 0,5 mL, Caja x vial de 0,5 mL.'),
	('C03DA01TAR105', 'Espironolactona', 'Tableta recubierta', '100 mg', 'Caja x blísteres'),
	('J04AM03TAB297', 'Etambutol + Isoniazida', 'Tableta', '400 mg + 150 mg', 'Caja  blíster o blísteres/ristra ó ristras'),
	('J07AH10SUY000', 'Vacuna antimeningococo (B + C)', 'Suspensión inyectable', '___', 'Caja x frascos/viales de 0,5 mL.'),
	('J04AD03TAB339', 'Etionamida', 'Tableta', '500 mg', 'Caja x blíster/ristra'),
	('L01CB01CAP329', 'Etopósido', 'Cápsula', '50 mg', 'Caja x blíster/ristra'),
	('L02BG06TAR222', 'Exemestano', 'Tableta recubierta', '25 mg', 'Caja x blísteres'),
	('J07CA11SUY000', 'Vacuna pentavalente viral (Difteria -haemophilus influenzae B -pertussis -tétanos -hepatitis B)', 'Suspensión inyectable', '___', 'Caja x frascos/viales o jeringuillas prellenadas'),
	('B02BD04POI137', 'Factor IX de la Coagulación', 'Polvo para inyección', '1 200 UI', 'Caja x vial + disolvente'),
	('B02BD02POI163', 'Factor VIII de la coagulación', 'Polvo para inyección', '1 500 UI', 'Caja x vial'),
	('N03AA02SOL199', 'Fenobarbital', 'Solución oral', '20 mg/5 mL', 'Caja x frasco de 60 ó 120 mL'),
	('B01AA03TAR314', 'Warfarina', 'Tableta recubierta', '5 mg', 'Caja x blísteres'),
	('J02AC01TAR158', 'Fluconazol', 'Tableta recubierta', '150 mg', 'Caja x blíster/blisters'),
	('J05AF01CAP265', 'Zidovudina', 'Cápsula', '300 mg', 'Caja x blísteres'),
	('L02BB01TAB141', 'Flutamida', 'Tableta', '125 mg', 'Caja x blíster/blísteres.'),
	('L02BB01TAB232', 'Flutamida', 'Tableta', '250 mg', 'Caja x blíster/blísteres.'),
	('J05AR01TAB266', 'Zidovudina + Lamivudina', 'Tableta', '300 mg + 150 mg', 'Caja x blísteres'),
	('A10BB01TAR314', 'Glibenclamida', 'Tableta recubierta', '5 mg', 'Caja x blíster/ blísteres'),
	('D01BA01TAB141', 'Griseofulvina', 'Tableta', '125 mg', 'Caja x blíster/blísteres'),
	('D01BA01TAB232', 'Griseofulvina', 'Tableta', '250 mg', 'Caja x blíster/blísteres'),
	('N05AD01TAR314', 'Haloperidol', 'Tableta recubierta', '5 mg', 'Caja x blíster/blísteres'),
	('N05AD01TAB091', 'Haloperidol', 'Tableta', '10 mg', 'Caja x blíster/blísteres'),
	('J05AF06TAB265', 'Abacavir', 'Tableta', '300 mg', 'Caja x frascos/envases, Caja x blísteres'),
	('J05AF06SOL097', 'Abacavir', 'Solución oral', '10 mg/mL', 'Caja x frasco'),
	('B02AA02TAB339', 'Ácido tranexámico', 'Tableta', '500 mg', 'Caja x blísteres'),
	('V03AB33SOY081', 'Hidroxocobalamina (Vitamina B 12)', 'Solución inyectable', '1 mg/mL', 'Frasco/vial x 10 mL'),
	('L04AX01TAR329', 'Azatioprina', 'Tableta recubierta', '50 mg', 'Caja x blísteres'),
	('C08CA01TAR314', 'Amlodipina', 'Tableta recubierta', '5 mg', 'Caja x blísteres'),
	('C08CA01TAR091', 'Amlodipina', 'Tableta recubierta', '10 mg', 'Caja x blísteres'),
	('C07AB03TAR329', 'Atenolol', 'Tableta recubierta', '50 mg', 'Caja x blísteres'),
	('C07AB03TAR105', 'Atenolol', 'Tableta recubierta', '100 mg', 'Caja x blísteres'),
	('J06BB05SOY479', 'Inmunoglobulina antirrábica', 'Solución inyectable', '300 UI/mL', 'Caja x frasco/vial'),
	('J01FA10TAB339', 'Azitromicina', 'Tableta', '500 mg', 'Caja x blísteres'),
	('J01MA02TAB339', 'Ciprofloxacina', 'Tableta', '500 mg', 'Caja x blísteres/ristras'),
	('J06BB02SOY422', 'Inmunoglobulina antitetánica', 'Solución inyectable', '200 UI', 'Caja x jeringa prellenada'),
	('L04AA04SOY334', 'Inmunoglobulina antitimocítica o lonfocítica', 'Solución inyectable', '50 mg/mL', 'Caja x ampolla/ampollas.'),
	('N04AA02TAR286', 'Biperideno', 'Tableta recubierta', '4 mg', 'Caja x blísteres'),
	('A12AA04TAR339', 'Calcio (Carbonato de Calcio)', 'Tableta recubierta', '500 mg', 'Caja x blísteres'),
	('J05AF05TAB158', 'Lamivudina', 'Tableta', '150 mg', 'Caja x blísteres/Caja x frasco.'),
	('N04BA02TAU109', 'Levodopa + Carbidopa', 'Tableta de disolución bucal', '100 mg + 10 mg', 'Caja x frasco'),
	('G03AC03TAR054', 'Levonorgestrel', 'Tableta recubierta', '0,75 mg', 'Caja x blíster'),
	('G03AC03TAB083', 'Levonorgestrel', 'Tableta', '1,5 mg', 'Caja x blísteres'),
	('L01BC06TAB339', 'Capecitabina', 'Tableta', '500 mg', 'Caja x blísteres'),
	('D04AB01PAS310', 'Lidocaína', 'Pasta', '5.00%', 'Caja x frasco de 12 g'),
	('J01DH51POF343', 'Imipenem + cilastatina', 'Polvo para infusión', '500 mg + 500 mg', 'Caja x frascos/viales'),
	('L03AB05POI275', 'Interferón alfa 2b', 'Polvo para inyección', '30 000 000 UI', 'Caja x viales/frasco'),
	('S01XA20GEF085', 'Lágrimas artificiales y otros preparados inertes', 'Gel oftálmico', '1,5 mg/mL', 'Caja x tubo de 5 g'),
	('J01MA12TAB232', 'Levofloxacino', 'Tableta', '250 mg', 'Caja x blísteres'),
	('D04AB01POM310', 'Lidocaína', 'Pomada', '5.00%', 'Caja x tubo de 10 gramos'),
	('A10BA02TAL339', 'Metformina', 'Tableta de liberación prolongada', '500 mg', 'Caja x blísteres'),
	('A10BA02TAL397', 'Metformina', 'Tableta de liberación prolongada', '850 mg', 'Caja x blísteres'),
	('N03AE01TAD048', 'Clonazepam', 'Tableta dispersable', '0,5 mg', 'Caja x blísteres'),
	('N03AE01TAD178', 'Clonazepam', 'Tableta dispersable', '2 mg', 'Caja x blísteres'),
	('J05AG03TAR365', 'Efavirenz', 'Tableta recubierta', '600 mg', 'Caja x frasco, Caja x blísteres'),
	('J05AG03TAB365', 'Efavirenz', 'Tableta', '600 mg', 'Caja x frasco, Caja x blísteres'),
	('G01AF01TAV121', 'Metronidazol', 'Tableta vaginal', '1 000 mg', 'Caja x blísteres'),
	('A11JA01POI000', 'Combinaciones de vitaminas', 'Polvo para inyección', '___', 'Caja x vial/viales'),
	('A02BC01CLP194', 'Omeprazol', 'Cápsula de liberación prolongada', '20 mg', 'Caja x ristras'),
	('A02BC01POF290', 'Omeprazol', 'Polvo para infusión', '40 mg', 'Caja x viales'),
	('H02AB07TAB314', 'Prednisona', 'Tableta', '5 mg', 'Caja x blísteres'),
	('R06AA02CAP329', 'Difenhidramina', 'Cápsula', '50 mg', 'Caja x blísteres'),
	('A11CA01GRA336', 'Retinol (Vitamina A)', 'Gragea', '50 000 UI', 'Caja x blísteres'),
	('J04AM02TAB266', 'Rifampicina + Isoniazida', 'Tableta', '300 mg + 150 mg', 'Caja x blísteres'),
	('J04AM02TAB155', 'Rifampicina + Isoniazida', 'Tableta', '150 mg + 75 mg', 'Caja x blísteres'),
	('J04AM05TAB133', 'Rifampicina+ Pirazinamida+Isoniazida', 'Tableta', '120 mg + 300 mg + 60 mg', 'Caja x blísteres.'),
	('J04AM05TAB154', 'Rifampicina+ Pirazinamida+Isoniazida', 'Tableta', '150 mg + 400 mg + 75 mg', 'Caja x blíster/blísteres.'),
	('B03AD00TAM361', 'Sales de Hierro + Ácido Fólico', 'Tableta masticable', '60 mg + 400 mcg', 'Caja x blísteres'),
	('J05AE01CAP205', 'Saquinavir', 'Cápsula', '200 mg', 'Caja x blísteres'),
	('N06AB06CAP105', 'Sertralina', 'Cápsula', '100 mg', 'Caja x blísteres.'),
	('P01AB02TAV158', 'Tinidazol', 'Tableta vaginal', '150 mg', 'Caja x blísteres'),
	('J05AR05TAB409', 'Zidovudina + Lamivudina + Nevirapina', 'Tableta', '300 mg + 150 mg + 200 mg', 'Caja x  frasco de 60 unidades, Caja x blíster/blísteres'),
	('G03CA03TAR073', 'Estradiol', 'Tableta recubierta', '1 mg', 'Caja x blíster'),
	('L04AB01SOY222', 'Etanercept', 'Solución inyectable', '25 mg', 'Caja x jeringas de 1 mL'),
	('B03AA07TAB329', 'Sales de hierro (Sulfato ferroso)', 'Tableta', '50 mg', 'Frasco/Blíster/Ristra'),
	('B03AA07JBE333', 'Sales de hierro (Sulfato ferroso)', 'Jarabe', '50 mg/5 mL', 'Frasco x 340 mL'),
	('N03AX12CAP265', 'Gabapentina', 'Cápsula', '300 mg', 'Caja x ristra/ ristras'),
	('G03AC03TAB254', 'Levonorgestrel', 'Tableta', '0,030 mg', 'Caja x blísteres'),
	('A11DA01TAB329', 'Tiamina (Vitamina B1)', 'Tableta', '50 mg', 'Caja x blísteres'),
	('J01XE01TAB105', 'Nitrofurantoína', 'Tableta', '100 mg', 'Caja x blísteres'),
	('N02AA05CLP314', 'Oxicodona', 'Cápsula de liberación prolongada', '5 mg', 'Caja x blísteres'),
	('J01CR01TAB2825', 'Ampicilina + sulbactam (sultamicilina)', 'Tableta', '375 mg', 'Caja x 1 blíster/blísteres'),
	('A02BA02GRA158', 'Ranitidina', 'Gragea', '150 mg', 'Caja x ristras'),
	('S01HA03SOF044', 'Anestésico local oftálmico', 'Solución oftálmica', '0,005', 'Caja x frasco gotero de 10 mL'),
	('S01HA04SOF044', 'Anestésico local oftálmico', 'Solución oftálmica', '0,005', 'Caja x frasco gotero de 15 mL'),
	('R05DA04TAB255', 'Codeína', 'Tableta', '30 mg', 'Caja x blísteres/ristras'),
	('J05AG03TAB205', 'Efavirenz', 'Tableta', '200 mg', 'Caja x frasco. Caja x blíster/blísteres.'),
	('J05AF01TAB105', 'Zidovudina', 'Tableta', '100 mg', 'Caja x frascos'),
	('J05AF01TAR265', 'Zidovudina', 'Tableta recubierta', '100 mg', 'Caja x frascos'),
	('J05AR03TAB267', 'Tenofovir + Emtricitabina', 'Tableta', '300 mg + 200 mg', 'Caja x 1 frasco'),
	('J05AF07TAB265', 'Tenofovir disoproxilo', 'Tableta', '300 mg', 'Caja x 1 frasco'),
	('J05AF01TAB265', 'Zidovudina', 'Tableta', '300 mg', 'Frasco'),
	('J07BG01SUY000', 'Vacuna antirrábica', 'Suspensión inyectable', '___', 'Caja x frascos/viales, Caja x jeringuillas prellenadas'),
	('J07AH10POI000', 'Vacuna antimeningococo (B + C)', 'Polvo para inyección', '___', 'Caja x frascos/viales'),
	('G03FA12TAR186', 'Medroxiprogesterona + estrógenos equinos conjugados', 'Tableta recubierta', '2,5 mg + 0,625 mg', 'Caja x blísteres'),
	('N05AA02TAB222', 'Levomepromazina', 'Tableta', '25 mg', 'Caja x blísteres'),
	('J06BB05SOY163', 'Inmunoglobulina antirrábica', 'Solución inyectable', '1 500 UI/mL', 'Caja x frasco/vial.'),
	('J06BB01POI230', 'Inmunoglobulina anti D', 'Polvo para inyección', '250 mcg', 'Caja x vial/frasco'),
	('N03AX12TAB265', 'Gabapentina', 'Tableta', '300 mg', 'Caja x blíster/blísteres, Caja x ristra/ristras.'),
	('J04AD03TAB232', 'Etionamida', 'Tableta', '250 mg', 'Caja x ristra/ristras'),
	('D08AC52SOT185', 'Clorhexidina', 'Solución tópica', '2.00%', 'Frasco x 60, 120, 250, 300, 500, 1000, 3785 mL'),
	('R06AA02JBE132', 'Difenhidramina', 'Jarabe', '12,5 mg/5 mL', 'Caja x frasco de 60mL, 100 mL ó 120 mL'),
	('H02AB09TAB194', 'Hidrocortisona', 'Tableta', '20 mg', 'Caja x blíster/blísteres, Caja x ristra/ristras.'),
	('C02KX01TAR449', 'Bosentano', 'Tableta recubierta', '62,5 mg', 'Caja x Frasco de 60 unidades.'),
	('C02KX01TAR141', 'Bosentano', 'Tableta recubierta', '125 mg', 'Caja x Frasco de 60 unidades.'),
	('A16AB02POF302', 'Imiglucerasa', 'Polvo para infusión', '400 UI', 'Caja x 1 vial, Caja x 5 viales.'),
	('N03AX14TAB339', 'Levetiracetam', 'Tableta', '500 mg', 'Caja x 2,4,6,8 y 10 blísteres de 5 unidades c/u, Caja x 1,3 y 5 blísteres de 10 unidades c/u.'),
	('N03AX14TAR339', 'Levetiracetam', 'Tableta recubierta', '500 mg', 'Caja x blíster/blísteres.'),
	('N03AX14TAB067', 'Levetiracetam', 'Tableta', '1 000 mg', 'Caja x 1,2,4,6,8 y 10 blíster de 5 uniades c/u, Caja x 1, 3 y 5 blísteres de 10 unidades cada uno.'),
	('N03AX14TAR067', 'Levetiracetam', 'Tableta recubierta', '1 000 mg', 'Caja x 1, 2, 3 y 6 blísteres de 10 unidades cada uno.'),
	('N03AX14SOL112', 'Levetiracetam', 'Solución oral', '100 mg/mL', 'Caja x Frasco de 120 mL, Caja x Frasco de 150 mL, Caja x Frasco x 300 mL.'),
	('B03AD04TAB361', 'Hierro (óxido de hierro polimaltosado) + ácido fólico', 'Tableta', '60 mg + 400 mcg', 'Caja x blíster o blísteres de 10 unidades cada uno.'),
	('S01LA04SOY097', 'Ranibizumab', 'Solución inyectable', '10 mg/mL', 'Caja x vial de 0,3 mL'),
	('L01XE08CAP158', 'Nilotinib', 'Cápsula', '150 mg', 'Caja x 7 blísteres de 4 unidades cada uno.'),
	('L01XE08CAP205', 'Nilotinib', 'Cápsula', '200 mg', 'Caja x 1, 2 blísteres de 14 unidades cada uno.'),
	('L04AD02CAP048', 'Tacrolimo', 'Cápsula', '0,5 mg', 'Caja x blíster/blísteres'),
	('L04AD02CAP073', 'Tacrolimo', 'Cápsula', '1 mg', 'Caja x 1, 2, 3, 4, ,6, 7, 8, 10 blísteres de 6 cápsulas cada uno.'),
	('L04AD02CAP314', 'Tacrolimo', 'Cápsula', '5 mg', 'Caja x blíster/blísteres de 6 cápsulas cada uno.'),
	('L04AD02POS081', 'Tacrolimo', 'Polvo para suspensión', '1 mg/mL', 'Caja x frasco de 25 mL +  dosificador.'),
	('A16AX06CAP105', 'Miglustad', 'Cápsula', '100 mg', 'Caja x blíster/blísteres'),
	('A16AB04POF2795', 'Agalsidasa beta', 'Polvo para infusión', '35 mg', 'Caja x víal.'),
	('L01XX32POI250', 'Bortezomib', 'Polvo para inyección', '3,5 mg', 'Caja x 1, 25 víales/frasco.'),
	('N05BA09TAB091', 'Clobazam', 'Tableta', '10 mg', 'Caja x blíster de 20 unidades cada uno.'),
	('L01CA04SOY097', 'Vinorelbina', 'Solución inyectable', '10 mg/mL', 'Caja x vial/frasco de 1 mL, Caja x vial/frasco de 5 mL'),
	('V06DX00POL000', 'Fórmula excenta de lisina y baja en triptófano', 'Polvo', '___', 'Envase x 500 g'),
	('V06DF00POL000', 'Fórmula hidrolizada libre de áminoácidos y proteínas', 'Polvo', '___', 'Envase x 454 g'),
	('G04BE03TAB329', 'Sildenafil', 'Tableta', '50 mg', 'Caja x blíster/blísteres.'),
	('G04BE03TAR329', 'Sildenafil', 'Tableta recubierta', '50 mg', 'Caja x blíster/blísteres.'),
	('D07AB09SUY097', 'Triamcinolona', 'Solución inyectable', '10 mg/mL', 'Caja x vial/frasco de 5 mL'),
	('L04AC07SCI200', 'Tocilizumab', 'Concentrado para  infusión', '20 mg/mL', 'Caja x vial/frasco de 4 mL, Caja x vial/frasco de 10 mL'),
	('R03AC18POH034', 'Indacaterol', 'Polvo para inhalación en cápsula', '150 mcg', 'Caja x 3 blísteres de 10 cápsulas cada una + inhalador.'),
	('R03AC18POH262', 'Indacaterol', 'Polvo para inhalación en cápsula', '300 mcg', 'Caja x 3 blísteres de 10 cápsulas cada una + inhalador.'),
	('H01AC01POI622', 'Somatotropina', 'Polvo para inyección', '5,3 mg', 'Caja x cartucho de doble compartimiento.'),
	('V03AF02POI339', 'Dexrazoxano', 'Polvo para inyección', '500 mg', 'Caja x frasco/vial.'),
	('L04AA27CAP048', 'Fingolimod', 'Cápsula', '0,5 mg', 'Caja x 2 blísteres de 14 unidades cada uno.'),
	('L01XE03TAR158', 'Erlotinib', 'Tableta recubierta', '150 mg', 'Caja x 3 blísteres de 10 unidades cada uno.'),
	('A06AB06TAB624', 'Glicósidos del senna', 'Tableta', '8,6 mg', 'Caja x 3, 5, 10 blísteres de 10 unidades cada uno.'),
	('A06AB06TAR624', 'Glicósidos del senna', 'Tableta recubierta', '8,6 mg', 'Caja x 2, 3, 5, 10 blísteres de 10 unidades cada uno.'),
	('R03BA05SUH016', 'Fluticasona', 'Suspensión para inhalación', '50 mcg', 'Caja x envase/frasco de 120 dosis.'),
	('R03BA05SUH032', 'Fluticasona', 'Suspensión para inhalación', '125 mcg', 'Caja x envase/frasco de 120 dosis, Caja x envase/frasco de 200 dosis.'),
	('R03BA05SUH230', 'Fluticasona', 'Suspensión para inhalación', '250 mcg', 'Caja x envase/frasco de 120 dosis.'),
	('J01CR04TAR381', 'Ampicilina + sulbactam (sultamicilina)', 'Tableta recubierta', '750 mg', 'Caja x blíster/blísteres, Caja x ristra/ristras.'),
	('B01AD02POI329', 'Alteplasa', 'Polvo para inyección', '50 mg', 'Caja x frasco'),
	('B05XA06SOY632', 'Fosfato de Potasio', 'Solución inyectable', 'Fosfato: 2,6 mMol/mLPotasio:3,8mEq/mL', 'Caja x ampolla/ampollas de 10 mL cada una.'),
	('L04AB01POI222', 'Etanercept', 'Polvo para inyección', '25 mg', 'Caja x frasco/vial.'),
	('J06BA02POF000', 'Inmunoglobulina humana normal', 'Polvo para infusión', '25 mg', 'Caja x frasco/vial.'),
	('J06BA01SOY112', 'Inmunoglobulina humana normal', 'Solución inyectable', '100 mg/mL', 'Caja x frasco/vial de 20 mL.'),
	('J06BA01SOY211', 'Inmunoglobulina humana normal', 'Solución inyectable', '200 mg/mL', 'Caja x frasco/vial de 50 mL.'),
	('L01XX14CAP091', 'Ácido trans-retinoico (ATRA)', 'Cápsula', '10 mg', 'Caja x frasco, Caja x blíster/blísteres'),
	('L01XX27SCI081', 'Trióxido de arsénico', 'Solución concentrada para perfusión', '1 mg/mL', 'Caja x frasco/víal de 10 mL'),
	('G03AC08IMP373', 'Etonogestrel', 'Implante subdérmico', '68 mg', 'Caja x 1 aplicador con implante'),
	('J05AB06POI339', 'Ganciclovir', 'Polvo para inyección', '500 mg', 'Caja x frasco/víal'),
	('L04AB04SOY290', 'Adalimumab', 'Solución inyectable', '40 mg', 'Caja x jeringuilla prellenada de 0,8 mL'),
	('L02AE04POI252', 'Triptorelina', 'Polvo para inyección', '3,5 mg', 'Caja x frasco/víal'),
	('L04AA04POI222', 'Inmunoglobulina antitimocítica (conejo)', 'Polvo para inyección', '25 mg', 'Caja x frasco/víal'),
	('N03AB02CLP105', 'Fenitoína', 'Cápsula de liberación prolongada', '100 mg', 'Caja x 1 frasco de 100 unidades.'),
	('J06AA03POI604', 'Suero antiofídico polivalente (faboterápico)', 'Liofilizado para solución inyectable.', '30 mg de veneno deshidratado de Bothrops sp.,', NULL),
	('J05AE03TAR105', 'Ritonavir', 'Tableta recubierta', '100 mg', 'Caja x frasco de 30 unidades'),
	('J06BA02POF684', 'Inmunoglobulina Humana Normal para administración Extravascular', 'Polvo liofilizado para reconstituir en solución para infusión.', '100 mg/mL', '200 mg/mL'),
	('J06BA02POI683', 'Inmunoglobulina humana normal', 'Polvo para inyección', '6 g', 'Caja x frasco + solvente'),
	('R07AA02SUT691', 'Fosfolípidos naturales (Surfactante pulmonar)', 'Suspensión estéril intratraqueal', '27 mg/ mL', 'Caja x frasco'),
	('H01AC01POI383', 'Somatotropina', 'Polvo para inyección', '8 mg', 'Caja x cartucho de doble compartimiento.'),
	('V03AB35SOY112', 'Sugammadex', 'Solución Inyectable', '100 mg/mL', 'Caja x víal.'),
	('A12CB01SOL097', 'Sulfato de Zinc', 'Solución Oral', '10 mg/mL', 'Caja x frasco'),
	('R03AK06SUH573', 'Salmeterol + Fluticasona', 'Suspensión para inhalación', '25 mcg + 125 mcg', 'Caja x frasco'),
	('R03AK06SUH715', 'Salmeterol + Fluticasona', 'Suspensión para inhalación', '25 mcg + 250 mcg', 'Caja x frasco'),
	('G03CA03PAT713', 'Estradiol', 'Parches Transdérmicos', '3,9 mg', 'Caja x Parches'),
	('V08BA01POS000XO', 'Sulfato de Bario, Medios de contraste para rayos x, con agentes de suspensión', 'Polvo para suspensión', 'Según lo declarado en registro sanitario', 'Caja x sobres'),
	('V08BA02POS000XO', 'Sulfato de Bario, Medios de contraste para rayos x, sin agentes de suspensión', 'Polvo para suspensión', 'Según lo declarado en registro sanitario', 'Caja x sobres'),
	('V08BA01POS000XO', 'Sulfato de Bario, Medios de contraste para rayos x, con agentes de suspensión', 'Polvo para suspensión', 'Según lo declarado en registro sanitario', 'Caja x sobres'),
	('V08BA02POS000XO', 'Sulfato de Bario, Medios de contraste para rayos x, sin agentes de suspensión', 'Polvo para suspensión', 'Según lo declarado en registro sanitario', 'Caja x sobres'),
	('V08BA01SUS000XO', 'Sulfato de Bario, Medios de contraste para rayos x, sin agentes de suspensión', 'Suspensión oral', 'Según lo declarado en registro sanitario', 'caja x frasco'),
	('V08BA01SUS000XO', 'Sulfato de Bario, Medios de contraste para rayos x, sin agentes de suspensión', 'Suspensión Rectal', 'Según lo declarado en registro sanitario', 'caja x frasco'),
	('D08AX08SOL', 'Alcohol antiséptico', 'Solución', 'Según lo declarado en registro sanitario', 'caja x frasco'),
	('D08AX01SOL', 'Agua Oxigenada', 'Solución', 'Según lo declarado en registro sanitario', 'caja x frasco'),
	('D08AC02SOL', 'Gluconato de Clorhexidina', 'Solución', 'Según lo declarado en registro sanitario', 'caja x frasco'),
	('R07AA02SUT210', 'Fosfolípidos naturales (Surfactante pulmonar)', 'Suspensión intratraqueal', '200 mg/8 mL', 'Caja x vial de 8 mL');
/*!40000 ALTER TABLE `medicina` ENABLE KEYS */;

-- Volcando estructura para tabla bd_farmacia_desa.producto
CREATE TABLE IF NOT EXISTS `producto` (
  `id_producto` int(11) NOT NULL AUTO_INCREMENT,
  `nombre` varchar(45) NOT NULL,
  `precio` decimal(10,0) NOT NULL,
  `stock` int(11) NOT NULL,
  `idfactura` int(11) NOT NULL,
  `idadministrador` int(11) NOT NULL,
  PRIMARY KEY (`id_producto`),
  KEY `idfactura_idx` (`idfactura`),
  KEY `dsgv_idx` (`idadministrador`),
  CONSTRAINT `dsgv` FOREIGN KEY (`idadministrador`) REFERENCES `administrador` (`idadministrador`) ON DELETE NO ACTION ON UPDATE NO ACTION
) ENGINE=InnoDB AUTO_INCREMENT=2 DEFAULT CHARSET=latin1;

-- Volcando datos para la tabla bd_farmacia_desa.producto: ~0 rows (aproximadamente)
/*!40000 ALTER TABLE `producto` DISABLE KEYS */;
INSERT INTO `producto` (`id_producto`, `nombre`, `precio`, `stock`, `idfactura`, `idadministrador`) VALUES
	(1, 'nelio', 1, 10, 1, 1);
/*!40000 ALTER TABLE `producto` ENABLE KEYS */;

-- Volcando estructura para tabla bd_farmacia_desa.pr_articulo
CREATE TABLE IF NOT EXISTS `pr_articulo` (
  `id_articulo` bigint(20) NOT NULL AUTO_INCREMENT,
  `id_grupo` bigint(20) NOT NULL,
  `id_subgrupo` bigint(20) NOT NULL,
  `nombre_articulo` varchar(120) DEFAULT NULL,
  `estado` char(2) DEFAULT NULL,
  `usuario_creacion` varchar(20) DEFAULT NULL,
  `fecha_creacion` datetime DEFAULT NULL,
  `usuario_actualizacion` varchar(20) DEFAULT NULL,
  `fecha_actualizacion` datetime DEFAULT NULL,
  PRIMARY KEY (`id_articulo`,`id_grupo`,`id_subgrupo`),
  KEY `fk_gru_sub_articulo$1` (`id_grupo`,`id_subgrupo`),
  CONSTRAINT `fk_gru_sub_articulo$1` FOREIGN KEY (`id_grupo`, `id_subgrupo`) REFERENCES `pr_subgrupos` (`id_grupo`, `id_subgrupo`) ON DELETE NO ACTION ON UPDATE NO ACTION
) ENGINE=InnoDB AUTO_INCREMENT=760 DEFAULT CHARSET=utf8;

-- Volcando datos para la tabla bd_farmacia_desa.pr_articulo: ~759 rows (aproximadamente)
/*!40000 ALTER TABLE `pr_articulo` DISABLE KEYS */;
INSERT INTO `pr_articulo` (`id_articulo`, `id_grupo`, `id_subgrupo`, `nombre_articulo`, `estado`, `usuario_creacion`, `fecha_creacion`, `usuario_actualizacion`, `fecha_actualizacion`) VALUES
	(1, 1, 1, 'Abacavir', 'A', 'AXJEFFERSON', '2019-09-06 01:29:41', NULL, NULL),
	(2, 1, 2, 'Acetazolamida', 'A', 'AXJEFFERSON', '2019-09-06 01:29:41', NULL, NULL),
	(3, 1, 3, 'Acetilcisteína', 'A', 'AXJEFFERSON', '2019-09-06 01:29:41', NULL, NULL),
	(4, 1, 4, 'Acetilcisteína', 'A', 'AXJEFFERSON', '2019-09-06 01:29:41', NULL, NULL),
	(5, 1, 5, 'Aciclovir', 'A', 'AXJEFFERSON', '2019-09-06 01:29:41', NULL, NULL),
	(6, 1, 2, 'Aciclovir', 'A', 'AXJEFFERSON', '2019-09-06 01:29:41', NULL, NULL),
	(7, 1, 6, 'Aciclovir', 'A', 'AXJEFFERSON', '2019-09-06 01:29:41', NULL, NULL),
	(8, 1, 7, 'Aciclovir', 'A', 'AXJEFFERSON', '2019-09-06 01:29:41', NULL, NULL),
	(9, 1, 8, 'Aciclovir', 'A', 'AXJEFFERSON', '2019-09-06 01:29:41', NULL, NULL),
	(10, 1, 9, 'Aciclovir', 'A', 'AXJEFFERSON', '2019-09-06 01:29:41', NULL, NULL),
	(11, 1, 1, 'Aciclovir', 'A', 'AXJEFFERSON', '2019-09-06 01:29:41', NULL, NULL),
	(12, 1, 10, 'Ácido acetil salicílico', 'A', 'AXJEFFERSON', '2019-09-06 01:29:41', NULL, NULL),
	(13, 1, 2, 'Ácido acetil salicílico', 'A', 'AXJEFFERSON', '2019-09-06 01:29:41', NULL, NULL),
	(14, 1, 1, 'Ácido acetil salicílico', 'A', 'AXJEFFERSON', '2019-09-06 01:29:41', NULL, NULL),
	(15, 1, 11, 'Ácido acetil salicílico', 'A', 'AXJEFFERSON', '2019-09-06 01:29:41', NULL, NULL),
	(16, 1, 1, 'Ácido alendrónico', 'A', 'AXJEFFERSON', '2019-09-06 01:29:41', NULL, NULL),
	(17, 1, 2, 'Ácido alendrónico', 'A', 'AXJEFFERSON', '2019-09-06 01:29:41', NULL, NULL),
	(18, 1, 3, 'Ácido ascórbico (vitamina C)', 'A', 'AXJEFFERSON', '2019-09-06 01:29:41', NULL, NULL),
	(19, 1, 2, 'Ácido fólico', 'A', 'AXJEFFERSON', '2019-09-06 01:29:41', NULL, NULL),
	(20, 1, 12, 'Acido fusídico', 'A', 'AXJEFFERSON', '2019-09-06 01:29:41', NULL, NULL),
	(21, 1, 13, 'Ácido aminosalicílico', 'A', 'AXJEFFERSON', '2019-09-06 01:29:41', NULL, NULL),
	(22, 1, 1, 'Ácido tranexámico', 'A', 'AXJEFFERSON', '2019-09-06 01:29:41', NULL, NULL),
	(23, 1, 3, 'Ácido tranexámico', 'A', 'AXJEFFERSON', '2019-09-06 01:29:41', NULL, NULL),
	(24, 1, 1, 'Ácido valpróico', 'A', 'AXJEFFERSON', '2019-09-06 01:29:41', NULL, NULL),
	(25, 1, 14, 'Ácido valpróico', 'A', 'AXJEFFERSON', '2019-09-06 01:29:41', NULL, NULL),
	(26, 1, 14, 'Ácido valpróico (Sal sódica)', 'A', 'AXJEFFERSON', '2019-09-06 01:29:41', NULL, NULL),
	(27, 1, 15, 'Ácido valpróico (sal sódica)', 'A', 'AXJEFFERSON', '2019-09-06 01:29:41', NULL, NULL),
	(28, 1, 6, 'Ácido zolendrónico', 'A', 'AXJEFFERSON', '2019-09-06 01:29:41', NULL, NULL),
	(29, 1, 6, 'Actividad de desvío del Inhibidor del factor VIII', 'A', 'AXJEFFERSON', '2019-09-06 01:29:41', NULL, NULL),
	(30, 1, 16, 'Adapaleno', 'A', 'AXJEFFERSON', '2019-09-06 01:29:41', NULL, NULL),
	(31, 1, 3, 'Adenosina', 'A', 'AXJEFFERSON', '2019-09-06 01:29:41', NULL, NULL),
	(32, 1, 3, 'Agente gelatina', 'A', 'AXJEFFERSON', '2019-09-06 01:29:41', NULL, NULL),
	(33, 1, 3, 'Agua para inyección', 'A', 'AXJEFFERSON', '2019-09-06 01:29:41', NULL, NULL),
	(34, 1, 5, 'Albendazol', 'A', 'AXJEFFERSON', '2019-09-06 01:29:41', NULL, NULL),
	(35, 1, 11, 'Albendazol', 'A', 'AXJEFFERSON', '2019-09-06 01:29:41', NULL, NULL),
	(36, 1, 2, 'Albendazol', 'A', 'AXJEFFERSON', '2019-09-06 01:29:41', NULL, NULL),
	(37, 1, 17, 'Alfa dornasa', 'A', 'AXJEFFERSON', '2019-09-06 01:29:41', NULL, NULL),
	(38, 1, 2, 'Alopurinol', 'A', 'AXJEFFERSON', '2019-09-06 01:29:41', NULL, NULL),
	(39, 1, 2, 'Alprazolam', 'A', 'AXJEFFERSON', '2019-09-06 01:29:41', NULL, NULL),
	(40, 1, 1, 'Alprazolam', 'A', 'AXJEFFERSON', '2019-09-06 01:29:41', NULL, NULL),
	(41, 1, 18, 'Alprazolam', 'A', 'AXJEFFERSON', '2019-09-06 01:29:41', NULL, NULL),
	(42, 1, 19, 'Alquitrán de hulla', 'A', 'AXJEFFERSON', '2019-09-06 01:29:41', NULL, NULL),
	(43, 1, 6, 'Amifostina', 'A', 'AXJEFFERSON', '2019-09-06 01:29:41', NULL, NULL),
	(44, 1, 20, 'Amikacina', 'A', 'AXJEFFERSON', '2019-09-06 01:29:41', NULL, NULL),
	(45, 1, 3, 'Aminoácidos', 'A', 'AXJEFFERSON', '2019-09-06 01:29:41', NULL, NULL),
	(46, 1, 3, 'Aminofilina', 'A', 'AXJEFFERSON', '2019-09-06 01:29:41', NULL, NULL),
	(47, 1, 1, 'Amiodarona', 'A', 'AXJEFFERSON', '2019-09-06 01:29:41', NULL, NULL),
	(48, 1, 3, 'Amiodarona', 'A', 'AXJEFFERSON', '2019-09-06 01:29:41', NULL, NULL),
	(49, 1, 2, 'Amiodarona', 'A', 'AXJEFFERSON', '2019-09-06 01:29:41', NULL, NULL),
	(50, 1, 2, 'Amitriptilina', 'A', 'AXJEFFERSON', '2019-09-06 01:29:41', NULL, NULL),
	(51, 1, 1, 'Amitriptilina', 'A', 'AXJEFFERSON', '2019-09-06 01:29:41', NULL, NULL),
	(52, 1, 2, 'Amlodipina', 'A', 'AXJEFFERSON', '2019-09-06 01:29:41', NULL, NULL),
	(53, 1, 21, 'Amoxicilina', 'A', 'AXJEFFERSON', '2019-09-06 01:29:41', NULL, NULL),
	(54, 1, 1, 'Amoxicilina', 'A', 'AXJEFFERSON', '2019-09-06 01:29:41', NULL, NULL),
	(55, 1, 2, 'Amoxicilina', 'A', 'AXJEFFERSON', '2019-09-06 01:29:41', NULL, NULL),
	(56, 1, 8, 'Amoxicilina', 'A', 'AXJEFFERSON', '2019-09-06 01:29:41', NULL, NULL),
	(57, 1, 21, 'Amoxicilina + ácido clavulánico', 'A', 'AXJEFFERSON', '2019-09-06 01:29:41', NULL, NULL),
	(58, 1, 6, 'Amoxicilina + ácido clavulánico', 'A', 'AXJEFFERSON', '2019-09-06 01:29:41', NULL, NULL),
	(59, 1, 1, 'Amoxicilina + ácido clavulánico', 'A', 'AXJEFFERSON', '2019-09-06 01:29:41', NULL, NULL),
	(60, 1, 6, 'Ampicilina', 'A', 'AXJEFFERSON', '2019-09-06 01:29:41', NULL, NULL),
	(61, 1, 1, 'Ampicilina + sulbactam (sultamicilina)', 'A', 'AXJEFFERSON', '2019-09-06 01:29:41', NULL, NULL),
	(62, 1, 2, 'Ampicilina + sulbactam (sultamicilina)', 'A', 'AXJEFFERSON', '2019-09-06 01:29:41', NULL, NULL),
	(63, 1, 6, 'Ampicilina + sulbactam (sultamicilina)', 'A', 'AXJEFFERSON', '2019-09-06 01:29:41', NULL, NULL),
	(64, 1, 6, 'Amfotericina B', 'A', 'AXJEFFERSON', '2019-09-06 01:29:41', NULL, NULL),
	(65, 1, 22, 'Antitoxina tetánica humana', 'A', 'AXJEFFERSON', '2019-09-06 01:29:41', NULL, NULL),
	(66, 1, 2, 'Artemeter + Lumefantrina', 'A', 'AXJEFFERSON', '2019-09-06 01:29:41', NULL, NULL),
	(67, 1, 6, 'Asparaginasa', 'A', 'AXJEFFERSON', '2019-09-06 01:29:41', NULL, NULL),
	(68, 1, 8, 'Atazanavir', 'A', 'AXJEFFERSON', '2019-09-06 01:29:41', NULL, NULL),
	(69, 1, 2, 'Atenolol', 'A', 'AXJEFFERSON', '2019-09-06 01:29:41', NULL, NULL),
	(70, 1, 3, 'Atropina', 'A', 'AXJEFFERSON', '2019-09-06 01:29:41', NULL, NULL),
	(71, 1, 23, 'Atropina', 'A', 'AXJEFFERSON', '2019-09-06 01:29:41', NULL, NULL),
	(72, 1, 6, 'Azatioprina', 'A', 'AXJEFFERSON', '2019-09-06 01:29:41', NULL, NULL),
	(73, 1, 2, 'Azatioprina', 'A', 'AXJEFFERSON', '2019-09-06 01:29:41', NULL, NULL),
	(74, 1, 8, 'Azitromicina', 'A', 'AXJEFFERSON', '2019-09-06 01:29:41', NULL, NULL),
	(75, 1, 1, 'Azitromicina', 'A', 'AXJEFFERSON', '2019-09-06 01:29:41', NULL, NULL),
	(76, 1, 21, 'Azitromicina', 'A', 'AXJEFFERSON', '2019-09-06 01:29:41', NULL, NULL),
	(77, 1, 6, 'Basiliximab', 'A', 'AXJEFFERSON', '2019-09-06 01:29:41', NULL, NULL),
	(78, 1, 24, 'Beclometasona', 'A', 'AXJEFFERSON', '2019-09-06 01:29:41', NULL, NULL),
	(79, 1, 6, 'Bencilpenicilina (Penicilina G cristalina)', 'A', 'AXJEFFERSON', '2019-09-06 01:29:41', NULL, NULL),
	(80, 1, 6, 'Bencilpenicilina benzatínica (penicilina G benzatínica)', 'A', 'AXJEFFERSON', '2019-09-06 01:29:41', NULL, NULL),
	(81, 1, 2, 'Benznidazol', 'A', 'AXJEFFERSON', '2019-09-06 01:29:41', NULL, NULL),
	(82, 1, 3, 'Betametasona', 'A', 'AXJEFFERSON', '2019-09-06 01:29:41', NULL, NULL),
	(83, 1, 25, 'Betametasona', 'A', 'AXJEFFERSON', '2019-09-06 01:29:41', NULL, NULL),
	(84, 1, 26, 'Betametasona', 'A', 'AXJEFFERSON', '2019-09-06 01:29:41', NULL, NULL),
	(85, 1, 12, 'Betametasona', 'A', 'AXJEFFERSON', '2019-09-06 01:29:41', NULL, NULL),
	(86, 1, 3, 'Bevacizumab', 'A', 'AXJEFFERSON', '2019-09-06 01:29:41', NULL, NULL),
	(87, 1, 3, 'Biperideno', 'A', 'AXJEFFERSON', '2019-09-06 01:29:41', NULL, NULL),
	(88, 1, 2, 'Biperideno', 'A', 'AXJEFFERSON', '2019-09-06 01:29:41', NULL, NULL),
	(89, 1, 6, 'Bleomicina', 'A', 'AXJEFFERSON', '2019-09-06 01:29:41', NULL, NULL),
	(90, 1, 3, 'Bupivacaína hiperbárica', 'A', 'AXJEFFERSON', '2019-09-06 01:29:41', NULL, NULL),
	(91, 1, 3, 'Bupivacaína sin epinefrina', 'A', 'AXJEFFERSON', '2019-09-06 01:29:41', NULL, NULL),
	(92, 1, 27, 'Buprenorfina', 'A', 'AXJEFFERSON', '2019-09-06 01:29:41', NULL, NULL),
	(93, 1, 28, 'Buprenorfina', 'A', 'AXJEFFERSON', '2019-09-06 01:29:41', NULL, NULL),
	(94, 1, 3, 'Buprenorfina', 'A', 'AXJEFFERSON', '2019-09-06 01:29:41', NULL, NULL),
	(95, 1, 3, 'Butilescopolamina', 'A', 'AXJEFFERSON', '2019-09-06 01:29:41', NULL, NULL),
	(96, 1, 2, 'Cabergolina', 'A', 'AXJEFFERSON', '2019-09-06 01:29:41', NULL, NULL),
	(97, 1, 2, 'Calcio (Carbonato de Calcio)', 'A', 'AXJEFFERSON', '2019-09-06 01:29:41', NULL, NULL),
	(98, 1, 11, 'Calcio (Carbonato de Calcio)', 'A', 'AXJEFFERSON', '2019-09-06 01:29:41', NULL, NULL),
	(99, 1, 3, 'Calcio gluconato', 'A', 'AXJEFFERSON', '2019-09-06 01:29:41', NULL, NULL),
	(100, 1, 26, 'Calcipotriol + betametasona dipropionato', 'A', 'AXJEFFERSON', '2019-09-06 01:29:41', NULL, NULL),
	(101, 1, 8, 'Calcitriol', 'A', 'AXJEFFERSON', '2019-09-06 01:29:41', NULL, NULL),
	(102, 1, 1, 'Capecitabina', 'A', 'AXJEFFERSON', '2019-09-06 01:29:41', NULL, NULL),
	(103, 1, 6, 'Capreomicina', 'A', 'AXJEFFERSON', '2019-09-06 01:29:41', NULL, NULL),
	(104, 1, 18, 'Carbamazepina', 'A', 'AXJEFFERSON', '2019-09-06 01:29:41', NULL, NULL),
	(105, 1, 5, 'Carbamazepina', 'A', 'AXJEFFERSON', '2019-09-06 01:29:41', NULL, NULL),
	(106, 1, 2, 'Carbamazepina', 'A', 'AXJEFFERSON', '2019-09-06 01:29:41', NULL, NULL),
	(107, 1, 1, 'Carbamazepina', 'A', 'AXJEFFERSON', '2019-09-06 01:29:41', NULL, NULL),
	(108, 1, 6, 'Carboplatino', 'A', 'AXJEFFERSON', '2019-09-06 01:29:41', NULL, NULL),
	(109, 1, 3, 'Carboplatino', 'A', 'AXJEFFERSON', '2019-09-06 01:29:41', NULL, NULL),
	(110, 1, 2, 'Carvedilol', 'A', 'AXJEFFERSON', '2019-09-06 01:29:41', NULL, NULL),
	(111, 1, 6, 'Caspofungina', 'A', 'AXJEFFERSON', '2019-09-06 01:29:41', NULL, NULL),
	(112, 1, 21, 'Cefalexina', 'A', 'AXJEFFERSON', '2019-09-06 01:29:41', NULL, NULL),
	(113, 1, 8, 'Cefalexina', 'A', 'AXJEFFERSON', '2019-09-06 01:29:41', NULL, NULL),
	(114, 1, 6, 'Cefazolina', 'A', 'AXJEFFERSON', '2019-09-06 01:29:41', NULL, NULL),
	(115, 1, 6, 'Cefepima', 'A', 'AXJEFFERSON', '2019-09-06 01:29:41', NULL, NULL),
	(116, 1, 6, 'Ceftazidima', 'A', 'AXJEFFERSON', '2019-09-06 01:29:41', NULL, NULL),
	(117, 1, 6, 'Ceftriaxona', 'A', 'AXJEFFERSON', '2019-09-06 01:29:41', NULL, NULL),
	(118, 1, 6, 'Ciclofosfamida', 'A', 'AXJEFFERSON', '2019-09-06 01:29:41', NULL, NULL),
	(119, 1, 2, 'Ciclofosfamida', 'A', 'AXJEFFERSON', '2019-09-06 01:29:41', NULL, NULL),
	(120, 1, 8, 'Cicloserina', 'A', 'AXJEFFERSON', '2019-09-06 01:29:41', NULL, NULL),
	(121, 1, 8, 'Ciclosporina', 'A', 'AXJEFFERSON', '2019-09-06 01:29:41', NULL, NULL),
	(122, 1, 14, 'Ciclosporina', 'A', 'AXJEFFERSON', '2019-09-06 01:29:41', NULL, NULL),
	(123, 1, 23, 'Ciprofloxacina', 'A', 'AXJEFFERSON', '2019-09-06 01:29:41', NULL, NULL),
	(124, 1, 18, 'Ciprofloxacina', 'A', 'AXJEFFERSON', '2019-09-06 01:29:41', NULL, NULL),
	(125, 1, 20, 'Ciprofloxacina', 'A', 'AXJEFFERSON', '2019-09-06 01:29:41', NULL, NULL),
	(126, 1, 8, 'Ciprofloxacina', 'A', 'AXJEFFERSON', '2019-09-06 01:29:41', NULL, NULL),
	(127, 1, 1, 'Ciprofloxacina', 'A', 'AXJEFFERSON', '2019-09-06 01:29:41', NULL, NULL),
	(128, 1, 3, 'Cisplatino', 'A', 'AXJEFFERSON', '2019-09-06 01:29:41', NULL, NULL),
	(129, 1, 6, 'Cisplatino', 'A', 'AXJEFFERSON', '2019-09-06 01:29:41', NULL, NULL),
	(130, 1, 6, 'Citarabina', 'A', 'AXJEFFERSON', '2019-09-06 01:29:41', NULL, NULL),
	(131, 1, 2, 'Claritromicina', 'A', 'AXJEFFERSON', '2019-09-06 01:29:41', NULL, NULL),
	(132, 1, 21, 'Claritromicina', 'A', 'AXJEFFERSON', '2019-09-06 01:29:41', NULL, NULL),
	(133, 1, 6, 'Claritromicina', 'A', 'AXJEFFERSON', '2019-09-06 01:29:41', NULL, NULL),
	(134, 1, 1, 'Claritromicina', 'A', 'AXJEFFERSON', '2019-09-06 01:29:41', NULL, NULL),
	(135, 1, 8, 'Clindamicina', 'A', 'AXJEFFERSON', '2019-09-06 01:29:41', NULL, NULL),
	(136, 1, 20, 'Clindamicina', 'A', 'AXJEFFERSON', '2019-09-06 01:29:41', NULL, NULL),
	(137, 1, 8, 'Clofazimina', 'A', 'AXJEFFERSON', '2019-09-06 01:29:41', NULL, NULL),
	(138, 1, 2, 'Clomifeno', 'A', 'AXJEFFERSON', '2019-09-06 01:29:41', NULL, NULL),
	(139, 1, 2, 'Clonazepam', 'A', 'AXJEFFERSON', '2019-09-06 01:29:41', NULL, NULL),
	(140, 1, 7, 'Clonazepam', 'A', 'AXJEFFERSON', '2019-09-06 01:29:41', NULL, NULL),
	(141, 1, 14, 'Clonazepam', 'A', 'AXJEFFERSON', '2019-09-06 01:29:41', NULL, NULL),
	(142, 1, 1, 'Clopidogrel', 'A', 'AXJEFFERSON', '2019-09-06 01:29:41', NULL, NULL),
	(143, 1, 2, 'Clorambucilo', 'A', 'AXJEFFERSON', '2019-09-06 01:29:41', NULL, NULL),
	(144, 1, 23, 'Cloranfenicol', 'A', 'AXJEFFERSON', '2019-09-06 01:29:41', NULL, NULL),
	(145, 1, 9, 'Cloranfenicol', 'A', 'AXJEFFERSON', '2019-09-06 01:29:41', NULL, NULL),
	(146, 1, 2, 'Cloroquina', 'A', 'AXJEFFERSON', '2019-09-06 01:29:41', NULL, NULL),
	(147, 1, 2, 'Clorpromazina', 'A', 'AXJEFFERSON', '2019-09-06 01:29:41', NULL, NULL),
	(148, 1, 1, 'Clorpromazina', 'A', 'AXJEFFERSON', '2019-09-06 01:29:41', NULL, NULL),
	(149, 1, 3, 'Clorpromazina', 'A', 'AXJEFFERSON', '2019-09-06 01:29:41', NULL, NULL),
	(150, 1, 2, 'Clortalidona', 'A', 'AXJEFFERSON', '2019-09-06 01:29:41', NULL, NULL),
	(151, 1, 29, 'Clotrimazol', 'A', 'AXJEFFERSON', '2019-09-06 01:29:41', NULL, NULL),
	(152, 1, 30, 'Clotrimazol', 'A', 'AXJEFFERSON', '2019-09-06 01:29:41', NULL, NULL),
	(153, 1, 31, 'Clotrimazol', 'A', 'AXJEFFERSON', '2019-09-06 01:29:41', NULL, NULL),
	(154, 1, 32, 'Clotrimazol', 'A', 'AXJEFFERSON', '2019-09-06 01:29:41', NULL, NULL),
	(155, 1, 12, 'Clotrimazol', 'A', 'AXJEFFERSON', '2019-09-06 01:29:41', NULL, NULL),
	(156, 1, 2, 'Codeína', 'A', 'AXJEFFERSON', '2019-09-06 01:29:41', NULL, NULL),
	(157, 1, 15, 'Codeína', 'A', 'AXJEFFERSON', '2019-09-06 01:29:41', NULL, NULL),
	(158, 1, 2, 'Colchicina', 'A', 'AXJEFFERSON', '2019-09-06 01:29:41', NULL, NULL),
	(159, 1, 6, 'Colistina', 'A', 'AXJEFFERSON', '2019-09-06 01:29:41', NULL, NULL),
	(160, 1, 33, 'Complejo B (Vitaminas B1, B6, B12)', 'A', 'AXJEFFERSON', '2019-09-06 01:29:41', NULL, NULL),
	(161, 1, 1, 'Complejo B (Vitaminas B1, B6, B12)', 'A', 'AXJEFFERSON', '2019-09-06 01:29:41', NULL, NULL),
	(162, 1, 3, 'Complejo B (Vitaminas B1, B6, B12)', 'A', 'AXJEFFERSON', '2019-09-06 01:29:41', NULL, NULL),
	(163, 1, 8, 'Complejo B (Vitaminas B1, B6, B12)', 'A', 'AXJEFFERSON', '2019-09-06 01:29:41', NULL, NULL),
	(164, 1, 5, 'Cotrimoxazol (Sulfametoxazol + Trimetoprima)', 'A', 'AXJEFFERSON', '2019-09-06 01:29:41', NULL, NULL),
	(165, 1, 2, 'Cotrimoxazol (Sulfametoxazol + Trimetoprima)', 'A', 'AXJEFFERSON', '2019-09-06 01:29:41', NULL, NULL),
	(166, 1, 6, 'Dacarbazina', 'A', 'AXJEFFERSON', '2019-09-06 01:29:41', NULL, NULL),
	(167, 1, 6, 'Dactinomicina', 'A', 'AXJEFFERSON', '2019-09-06 01:29:41', NULL, NULL),
	(168, 1, 6, 'Dantroleno', 'A', 'AXJEFFERSON', '2019-09-06 01:29:41', NULL, NULL),
	(169, 1, 1, 'Darunavir', 'A', 'AXJEFFERSON', '2019-09-06 01:29:41', NULL, NULL),
	(170, 1, 3, 'Daunorubicina', 'A', 'AXJEFFERSON', '2019-09-06 01:29:41', NULL, NULL),
	(171, 1, 7, 'Deferasirox', 'A', 'AXJEFFERSON', '2019-09-06 01:29:41', NULL, NULL),
	(172, 1, 17, 'Desmopresina', 'A', 'AXJEFFERSON', '2019-09-06 01:29:41', NULL, NULL),
	(173, 1, 3, 'Desmopresina', 'A', 'AXJEFFERSON', '2019-09-06 01:29:41', NULL, NULL),
	(174, 1, 34, 'Dexametasona', 'A', 'AXJEFFERSON', '2019-09-06 01:29:41', NULL, NULL),
	(175, 1, 3, 'Dexametasona', 'A', 'AXJEFFERSON', '2019-09-06 01:29:41', NULL, NULL),
	(176, 1, 34, 'Dexametasona + Tobramicina', 'A', 'AXJEFFERSON', '2019-09-06 01:29:41', NULL, NULL),
	(177, 1, 9, 'Dexametasona + Tobramicina', 'A', 'AXJEFFERSON', '2019-09-06 01:29:41', NULL, NULL),
	(178, 1, 3, 'Dextrosa en agua', 'A', 'AXJEFFERSON', '2019-09-06 01:29:41', NULL, NULL),
	(179, 1, 3, 'Dextrosa en solución salina', 'A', 'AXJEFFERSON', '2019-09-06 01:29:41', NULL, NULL),
	(180, 1, 2, 'Diazepam', 'A', 'AXJEFFERSON', '2019-09-06 01:29:41', NULL, NULL),
	(181, 1, 3, 'Diazepam', 'A', 'AXJEFFERSON', '2019-09-06 01:29:41', NULL, NULL),
	(182, 1, 23, 'Diclofenaco', 'A', 'AXJEFFERSON', '2019-09-06 01:29:41', NULL, NULL),
	(183, 1, 3, 'Diclofenaco', 'A', 'AXJEFFERSON', '2019-09-06 01:29:41', NULL, NULL),
	(184, 1, 18, 'Diclofenaco', 'A', 'AXJEFFERSON', '2019-09-06 01:29:41', NULL, NULL),
	(185, 1, 33, 'Diclofenaco', 'A', 'AXJEFFERSON', '2019-09-06 01:29:41', NULL, NULL),
	(186, 1, 1, 'Diclofenaco', 'A', 'AXJEFFERSON', '2019-09-06 01:29:41', NULL, NULL),
	(187, 1, 8, 'Dicloxacilina', 'A', 'AXJEFFERSON', '2019-09-06 01:29:41', NULL, NULL),
	(188, 1, 21, 'Dicloxacilina', 'A', 'AXJEFFERSON', '2019-09-06 01:29:41', NULL, NULL),
	(189, 1, 11, 'Didanosina', 'A', 'AXJEFFERSON', '2019-09-06 01:29:41', NULL, NULL),
	(190, 1, 3, 'Difenhidramina', 'A', 'AXJEFFERSON', '2019-09-06 01:29:41', NULL, NULL),
	(191, 1, 2, 'Digoxina', 'A', 'AXJEFFERSON', '2019-09-06 01:29:41', NULL, NULL),
	(192, 1, 14, 'Digoxina', 'A', 'AXJEFFERSON', '2019-09-06 01:29:41', NULL, NULL),
	(193, 1, 3, 'Digoxina', 'A', 'AXJEFFERSON', '2019-09-06 01:29:41', NULL, NULL),
	(194, 1, 18, 'Diltiazem', 'A', 'AXJEFFERSON', '2019-09-06 01:29:41', NULL, NULL),
	(195, 1, 6, 'Diltiazem', 'A', 'AXJEFFERSON', '2019-09-06 01:29:41', NULL, NULL),
	(196, 1, 35, 'Diltiazem', 'A', 'AXJEFFERSON', '2019-09-06 01:29:41', NULL, NULL),
	(197, 1, 2, 'Diltiazem', 'A', 'AXJEFFERSON', '2019-09-06 01:29:41', NULL, NULL),
	(198, 1, 2, 'Dimenhidrinato', 'A', 'AXJEFFERSON', '2019-09-06 01:29:41', NULL, NULL),
	(199, 1, 3, 'Dimercaprol', 'A', 'AXJEFFERSON', '2019-09-06 01:29:41', NULL, NULL),
	(200, 1, 2, 'Disulfiram', 'A', 'AXJEFFERSON', '2019-09-06 01:29:41', NULL, NULL),
	(201, 1, 3, 'Dobutamina', 'A', 'AXJEFFERSON', '2019-09-06 01:29:41', NULL, NULL),
	(202, 1, 3, 'Docetaxel', 'A', 'AXJEFFERSON', '2019-09-06 01:29:41', NULL, NULL),
	(203, 1, 3, 'Dopamina', 'A', 'AXJEFFERSON', '2019-09-06 01:29:41', NULL, NULL),
	(204, 1, 2, 'Doxazocina', 'A', 'AXJEFFERSON', '2019-09-06 01:29:41', NULL, NULL),
	(205, 1, 2, 'Doxiciclina', 'A', 'AXJEFFERSON', '2019-09-06 01:29:41', NULL, NULL),
	(206, 1, 6, 'Doxorubicina', 'A', 'AXJEFFERSON', '2019-09-06 01:29:41', NULL, NULL),
	(207, 1, 8, 'Efavirenz', 'A', 'AXJEFFERSON', '2019-09-06 01:29:41', NULL, NULL),
	(208, 1, 3, 'Efedrina', 'A', 'AXJEFFERSON', '2019-09-06 01:29:41', NULL, NULL),
	(209, 1, 14, 'Emtricitabina', 'A', 'AXJEFFERSON', '2019-09-06 01:29:41', NULL, NULL),
	(210, 1, 8, 'Emtricitabina', 'A', 'AXJEFFERSON', '2019-09-06 01:29:41', NULL, NULL),
	(211, 1, 36, 'Emulsiones grasas (lípidos)', 'A', 'AXJEFFERSON', '2019-09-06 01:29:41', NULL, NULL),
	(212, 1, 3, 'Enalapril', 'A', 'AXJEFFERSON', '2019-09-06 01:29:41', NULL, NULL),
	(213, 1, 2, 'Enalapril', 'A', 'AXJEFFERSON', '2019-09-06 01:29:41', NULL, NULL),
	(214, 1, 1, 'Enalapril', 'A', 'AXJEFFERSON', '2019-09-06 01:29:41', NULL, NULL),
	(215, 1, 3, 'Enoxaparina', 'A', 'AXJEFFERSON', '2019-09-06 01:29:41', NULL, NULL),
	(216, 1, 3, 'Epinefrina', 'A', 'AXJEFFERSON', '2019-09-06 01:29:41', NULL, NULL),
	(217, 1, 3, 'Epirubicina', 'A', 'AXJEFFERSON', '2019-09-06 01:29:41', NULL, NULL),
	(218, 1, 6, 'Epirubicina', 'A', 'AXJEFFERSON', '2019-09-06 01:29:41', NULL, NULL),
	(219, 1, 9, 'Eritromicina', 'A', 'AXJEFFERSON', '2019-09-06 01:29:41', NULL, NULL),
	(220, 1, 2, 'Eritromicina', 'A', 'AXJEFFERSON', '2019-09-06 01:29:41', NULL, NULL),
	(221, 1, 21, 'Eritromicina', 'A', 'AXJEFFERSON', '2019-09-06 01:29:41', NULL, NULL),
	(222, 1, 1, 'Eritromicina', 'A', 'AXJEFFERSON', '2019-09-06 01:29:41', NULL, NULL),
	(223, 1, 3, 'Eritropoyetina', 'A', 'AXJEFFERSON', '2019-09-06 01:29:41', NULL, NULL),
	(224, 1, 37, 'Eritropoyetina', 'A', 'AXJEFFERSON', '2019-09-06 01:29:41', NULL, NULL),
	(225, 1, 2, 'Espiramicina', 'A', 'AXJEFFERSON', '2019-09-06 01:29:41', NULL, NULL),
	(226, 1, 2, 'Espironolactona', 'A', 'AXJEFFERSON', '2019-09-06 01:29:41', NULL, NULL),
	(227, 1, 2, 'Estradiol', 'A', 'AXJEFFERSON', '2019-09-06 01:29:41', NULL, NULL),
	(228, 1, 3, 'Estradiol + noretisterona', 'A', 'AXJEFFERSON', '2019-09-06 01:29:41', NULL, NULL),
	(229, 1, 6, 'Estreptomicina', 'A', 'AXJEFFERSON', '2019-09-06 01:29:41', NULL, NULL),
	(230, 1, 6, 'Estreptoquinasa', 'A', 'AXJEFFERSON', '2019-09-06 01:29:41', NULL, NULL),
	(231, 1, 31, 'Estriol', 'A', 'AXJEFFERSON', '2019-09-06 01:29:41', NULL, NULL),
	(232, 1, 2, 'Etambutol', 'A', 'AXJEFFERSON', '2019-09-06 01:29:41', NULL, NULL),
	(233, 1, 6, 'Etanercept', 'A', 'AXJEFFERSON', '2019-09-06 01:29:41', NULL, NULL),
	(234, 1, 3, 'Etanercept', 'A', 'AXJEFFERSON', '2019-09-06 01:29:41', NULL, NULL),
	(235, 1, 1, 'Etionamida', 'A', 'AXJEFFERSON', '2019-09-06 01:29:41', NULL, NULL),
	(236, 1, 3, 'Etopósido', 'A', 'AXJEFFERSON', '2019-09-06 01:29:41', NULL, NULL),
	(237, 1, 2, 'Etravirina', 'A', 'AXJEFFERSON', '2019-09-06 01:29:41', NULL, NULL),
	(238, 1, 2, 'Everolimus', 'A', 'AXJEFFERSON', '2019-09-06 01:29:41', NULL, NULL),
	(239, 1, 2, 'Exemestano', 'A', 'AXJEFFERSON', '2019-09-06 01:29:41', NULL, NULL),
	(240, 1, 6, 'Factor IX de la Coagulación', 'A', 'AXJEFFERSON', '2019-09-06 01:29:41', NULL, NULL),
	(241, 1, 6, 'Factor VIII de la coagulación', 'A', 'AXJEFFERSON', '2019-09-06 01:29:41', NULL, NULL),
	(242, 1, 3, 'Fenitoína', 'A', 'AXJEFFERSON', '2019-09-06 01:29:41', NULL, NULL),
	(243, 1, 5, 'Fenitoína', 'A', 'AXJEFFERSON', '2019-09-06 01:29:41', NULL, NULL),
	(244, 1, 8, 'Fenitoína', 'A', 'AXJEFFERSON', '2019-09-06 01:29:41', NULL, NULL),
	(245, 1, 2, 'Fenobarbital', 'A', 'AXJEFFERSON', '2019-09-06 01:29:41', NULL, NULL),
	(246, 1, 3, 'Fenobarbital', 'A', 'AXJEFFERSON', '2019-09-06 01:29:41', NULL, NULL),
	(247, 1, 27, 'Fentanilo', 'A', 'AXJEFFERSON', '2019-09-06 01:29:41', NULL, NULL),
	(248, 1, 3, 'Fentanilo', 'A', 'AXJEFFERSON', '2019-09-06 01:29:41', NULL, NULL),
	(249, 1, 3, 'Filgrastim', 'A', 'AXJEFFERSON', '2019-09-06 01:29:41', NULL, NULL),
	(250, 1, 3, 'Fitomenadiona (Vitamina K)', 'A', 'AXJEFFERSON', '2019-09-06 01:29:41', NULL, NULL),
	(251, 1, 3, 'Fluconazol', 'A', 'AXJEFFERSON', '2019-09-06 01:29:41', NULL, NULL),
	(252, 1, 2, 'Fluconazol', 'A', 'AXJEFFERSON', '2019-09-06 01:29:41', NULL, NULL),
	(253, 1, 8, 'Fluconazol', 'A', 'AXJEFFERSON', '2019-09-06 01:29:41', NULL, NULL),
	(254, 1, 6, 'Fludarabina', 'A', 'AXJEFFERSON', '2019-09-06 01:29:41', NULL, NULL),
	(255, 1, 2, 'Fludrocortisona', 'A', 'AXJEFFERSON', '2019-09-06 01:29:41', NULL, NULL),
	(256, 1, 3, 'Flumazenil', 'A', 'AXJEFFERSON', '2019-09-06 01:29:41', NULL, NULL),
	(257, 1, 34, 'Fluorometalona', 'A', 'AXJEFFERSON', '2019-09-06 01:29:41', NULL, NULL),
	(258, 1, 3, 'Fluoruracilo', 'A', 'AXJEFFERSON', '2019-09-06 01:29:41', NULL, NULL),
	(259, 1, 16, 'Fluoruracilo', 'A', 'AXJEFFERSON', '2019-09-06 01:29:41', NULL, NULL),
	(260, 1, 8, 'Fluoxetina', 'A', 'AXJEFFERSON', '2019-09-06 01:29:41', NULL, NULL),
	(261, 1, 1, 'Fluoxetina', 'A', 'AXJEFFERSON', '2019-09-06 01:29:41', NULL, NULL),
	(262, 1, 2, 'Fluoxetina', 'A', 'AXJEFFERSON', '2019-09-06 01:29:41', NULL, NULL),
	(263, 1, 3, 'Folinato Cálcico', 'A', 'AXJEFFERSON', '2019-09-06 01:29:41', NULL, NULL),
	(264, 1, 2, 'Folinato Cálcico', 'A', 'AXJEFFERSON', '2019-09-06 01:29:41', NULL, NULL),
	(265, 1, 3, 'Fomepizol', 'A', 'AXJEFFERSON', '2019-09-06 01:29:41', NULL, NULL),
	(266, 1, 5, 'Fórmula para nutrición enteral', 'A', 'AXJEFFERSON', '2019-09-06 01:29:41', NULL, NULL),
	(267, 1, 38, 'Fórmula para nutrición enteral', 'A', 'AXJEFFERSON', '2019-09-06 01:29:41', NULL, NULL),
	(268, 1, 3, 'Furosemida', 'A', 'AXJEFFERSON', '2019-09-06 01:29:41', NULL, NULL),
	(269, 1, 2, 'Furosemida', 'A', 'AXJEFFERSON', '2019-09-06 01:29:41', NULL, NULL),
	(270, 1, 6, 'Gemcitabina', 'A', 'AXJEFFERSON', '2019-09-06 01:29:41', NULL, NULL),
	(271, 1, 2, 'Genfibrozilo', 'A', 'AXJEFFERSON', '2019-09-06 01:29:41', NULL, NULL),
	(272, 1, 1, 'Gemfibrozilo', 'A', 'AXJEFFERSON', '2019-09-06 01:29:41', NULL, NULL),
	(273, 1, 3, 'Gentamicina', 'A', 'AXJEFFERSON', '2019-09-06 01:29:41', NULL, NULL),
	(274, 1, 2, 'Glibenclamida', 'A', 'AXJEFFERSON', '2019-09-06 01:29:41', NULL, NULL),
	(275, 1, 39, 'Glicerol', 'A', 'AXJEFFERSON', '2019-09-06 01:29:41', NULL, NULL),
	(276, 1, 6, 'Glucagón', 'A', 'AXJEFFERSON', '2019-09-06 01:29:41', NULL, NULL),
	(277, 1, 2, 'Griseofulvina', 'A', 'AXJEFFERSON', '2019-09-06 01:29:41', NULL, NULL),
	(278, 1, 3, 'Haloperidol decanoato', 'A', 'AXJEFFERSON', '2019-09-06 01:29:41', NULL, NULL),
	(279, 1, 3, 'Haloperidol', 'A', 'AXJEFFERSON', '2019-09-06 01:29:41', NULL, NULL),
	(280, 1, 14, 'Haloperidol', 'A', 'AXJEFFERSON', '2019-09-06 01:29:41', NULL, NULL),
	(281, 1, 2, 'Haloperidol', 'A', 'AXJEFFERSON', '2019-09-06 01:29:41', NULL, NULL),
	(282, 1, 3, 'Heparina no fraccionada', 'A', 'AXJEFFERSON', '2019-09-06 01:29:41', NULL, NULL),
	(283, 1, 2, 'Hidralazina', 'A', 'AXJEFFERSON', '2019-09-06 01:29:41', NULL, NULL),
	(284, 1, 1, 'Hidralazina', 'A', 'AXJEFFERSON', '2019-09-06 01:29:41', NULL, NULL),
	(285, 1, 3, 'Hidralazina', 'A', 'AXJEFFERSON', '2019-09-06 01:29:41', NULL, NULL),
	(286, 1, 15, 'Hidrato de cloral', 'A', 'AXJEFFERSON', '2019-09-06 01:29:41', NULL, NULL),
	(287, 1, 2, 'Hidrocortisona', 'A', 'AXJEFFERSON', '2019-09-06 01:29:41', NULL, NULL),
	(288, 1, 25, 'Hidrocortisona', 'A', 'AXJEFFERSON', '2019-09-06 01:29:41', NULL, NULL),
	(289, 1, 12, 'Hidrocortisona', 'A', 'AXJEFFERSON', '2019-09-06 01:29:41', NULL, NULL),
	(290, 1, 6, 'Hidrocortisona, succinato sódico', 'A', 'AXJEFFERSON', '2019-09-06 01:29:41', NULL, NULL),
	(291, 1, 2, 'Hidromorfona', 'A', 'AXJEFFERSON', '2019-09-06 01:29:41', NULL, NULL),
	(292, 1, 3, 'Hidromorfona', 'A', 'AXJEFFERSON', '2019-09-06 01:29:41', NULL, NULL),
	(293, 1, 8, 'Hidroxicarbamida (Hidroxiurea)', 'A', 'AXJEFFERSON', '2019-09-06 01:29:41', NULL, NULL),
	(294, 1, 38, 'Hierro, multivitaminas y minerales', 'A', 'AXJEFFERSON', '2019-09-06 01:29:41', NULL, NULL),
	(295, 1, 1, 'Ibuprofeno', 'A', 'AXJEFFERSON', '2019-09-06 01:29:41', NULL, NULL),
	(296, 1, 5, 'Ibuprofeno', 'A', 'AXJEFFERSON', '2019-09-06 01:29:41', NULL, NULL),
	(297, 1, 2, 'Ibuprofeno', 'A', 'AXJEFFERSON', '2019-09-06 01:29:41', NULL, NULL),
	(298, 1, 3, 'Idarrubicina', 'A', 'AXJEFFERSON', '2019-09-06 01:29:41', NULL, NULL),
	(299, 1, 6, 'Ifosfamida', 'A', 'AXJEFFERSON', '2019-09-06 01:29:41', NULL, NULL),
	(300, 1, 1, 'Imatinib', 'A', 'AXJEFFERSON', '2019-09-06 01:29:41', NULL, NULL),
	(301, 1, 8, 'Imatinib', 'A', 'AXJEFFERSON', '2019-09-06 01:29:41', NULL, NULL),
	(302, 1, 2, 'Imatinib', 'A', 'AXJEFFERSON', '2019-09-06 01:29:41', NULL, NULL),
	(303, 1, 6, 'Imipenem + cilastatina', 'A', 'AXJEFFERSON', '2019-09-06 01:29:41', NULL, NULL),
	(304, 1, 6, 'Infliximab', 'A', 'AXJEFFERSON', '2019-09-06 01:29:41', NULL, NULL),
	(305, 1, 3, 'Inmunoglobulina anti D', 'A', 'AXJEFFERSON', '2019-09-06 01:29:41', NULL, NULL),
	(306, 1, 3, 'Inmunoglobulina antitetánica', 'A', 'AXJEFFERSON', '2019-09-06 01:29:41', NULL, NULL),
	(307, 1, 3, 'Inmunoglobulina humana normal', 'A', 'AXJEFFERSON', '2019-09-06 01:29:41', NULL, NULL),
	(308, 1, 6, 'Inmunoglobulina humana normal', 'A', 'AXJEFFERSON', '2019-09-06 01:29:41', NULL, NULL),
	(309, 1, 3, 'Insulina de acción intermedia (NPH)', 'A', 'AXJEFFERSON', '2019-09-06 01:29:41', NULL, NULL),
	(310, 1, 22, 'Insulina de acción intermedia (NPH)', 'A', 'AXJEFFERSON', '2019-09-06 01:29:41', NULL, NULL),
	(311, 1, 3, 'Insulina de Acción Rápida', 'A', 'AXJEFFERSON', '2019-09-06 01:29:41', NULL, NULL),
	(312, 1, 22, 'Insulina de Acción Rápida', 'A', 'AXJEFFERSON', '2019-09-06 01:29:41', NULL, NULL),
	(313, 1, 3, 'Interferón alfa 2b', 'A', 'AXJEFFERSON', '2019-09-06 01:29:41', NULL, NULL),
	(314, 1, 6, 'Interferón alfa 2b', 'A', 'AXJEFFERSON', '2019-09-06 01:29:41', NULL, NULL),
	(315, 1, 3, 'Interferón Beta 1a', 'A', 'AXJEFFERSON', '2019-09-06 01:29:41', NULL, NULL),
	(316, 1, 6, 'Interferón Beta 1a', 'A', 'AXJEFFERSON', '2019-09-06 01:29:41', NULL, NULL),
	(317, 1, 3, 'Interferón Beta 1b', 'A', 'AXJEFFERSON', '2019-09-06 01:29:41', NULL, NULL),
	(318, 1, 24, 'Ipratropio bromuro', 'A', 'AXJEFFERSON', '2019-09-06 01:29:41', NULL, NULL),
	(319, 1, 17, 'Ipratropio bromuro', 'A', 'AXJEFFERSON', '2019-09-06 01:29:41', NULL, NULL),
	(320, 1, 3, 'Irinotecán', 'A', 'AXJEFFERSON', '2019-09-06 01:29:41', NULL, NULL),
	(321, 1, 2, 'Isoniazida', 'A', 'AXJEFFERSON', '2019-09-06 01:29:41', NULL, NULL),
	(322, 1, 2, 'Isosorbida mononitrato', 'A', 'AXJEFFERSON', '2019-09-06 01:29:41', NULL, NULL),
	(323, 1, 14, 'Itraconazol', 'A', 'AXJEFFERSON', '2019-09-06 01:29:41', NULL, NULL),
	(324, 1, 8, 'Itraconazol', 'A', 'AXJEFFERSON', '2019-09-06 01:29:41', NULL, NULL),
	(325, 1, 14, 'Ivermectina', 'A', 'AXJEFFERSON', '2019-09-06 01:29:41', NULL, NULL),
	(326, 1, 2, 'Ivermectina', 'A', 'AXJEFFERSON', '2019-09-06 01:29:41', NULL, NULL),
	(327, 1, 3, 'Kanamicina', 'A', 'AXJEFFERSON', '2019-09-06 01:29:41', NULL, NULL),
	(328, 1, 3, 'Ketorolaco', 'A', 'AXJEFFERSON', '2019-09-06 01:29:41', NULL, NULL),
	(329, 1, 14, 'Lactulosa', 'A', 'AXJEFFERSON', '2019-09-06 01:29:41', NULL, NULL),
	(330, 1, 40, 'Lágrimas artificiales y otros preparados inertes (Ácido poliacrílico)', 'A', 'AXJEFFERSON', '2019-09-06 01:29:41', NULL, NULL),
	(331, 1, 23, 'Lágrimas artificiales y otros preparados inertes (Alcohol polivinílico)', 'A', 'AXJEFFERSON', '2019-09-06 01:29:41', NULL, NULL),
	(332, 1, 40, 'Lágrimas artificiales y otros preparados inertes (Carbomer)', 'A', 'AXJEFFERSON', '2019-09-06 01:29:41', NULL, NULL),
	(333, 1, 23, 'Lágrimas artificiales y otros preparados inertes (Dextrano 70 + Hipromelosa)', 'A', 'AXJEFFERSON', '2019-09-06 01:29:41', NULL, NULL),
	(334, 1, 23, 'Lágrimas artificiales y otros preparados inertes (Hialuronato sódico)', 'A', 'AXJEFFERSON', '2019-09-06 01:29:41', NULL, NULL),
	(335, 1, 23, 'Lágrimas artificiales y otros preparados inertes (Hipromelosa)', 'A', 'AXJEFFERSON', '2019-09-06 01:29:41', NULL, NULL),
	(336, 1, 40, 'Lágrimas artificiales y otros preparados inertes (Hipromelosa)', 'A', 'AXJEFFERSON', '2019-09-06 01:29:41', NULL, NULL),
	(337, 1, 23, 'Lágrimas artificiales y otros preparados inertes (Polietilenglicol)', 'A', 'AXJEFFERSON', '2019-09-06 01:29:41', NULL, NULL),
	(338, 1, 23, 'Lágrimas artificiales y otros preparados inertes (Polividona)', 'A', 'AXJEFFERSON', '2019-09-06 01:29:41', NULL, NULL),
	(339, 1, 1, 'Lamivudina', 'A', 'AXJEFFERSON', '2019-09-06 01:29:41', NULL, NULL),
	(340, 1, 14, 'Lamivudina', 'A', 'AXJEFFERSON', '2019-09-06 01:29:41', NULL, NULL),
	(341, 1, 1, 'Lamivudina + Abacavir', 'A', 'AXJEFFERSON', '2019-09-06 01:29:41', NULL, NULL),
	(342, 1, 2, 'Lamivudina + Abacavir', 'A', 'AXJEFFERSON', '2019-09-06 01:29:41', NULL, NULL),
	(343, 1, 7, 'Lamotrigina', 'A', 'AXJEFFERSON', '2019-09-06 01:29:41', NULL, NULL),
	(344, 1, 2, 'Lamotrigina', 'A', 'AXJEFFERSON', '2019-09-06 01:29:41', NULL, NULL),
	(345, 1, 23, 'Latanoprost', 'A', 'AXJEFFERSON', '2019-09-06 01:29:41', NULL, NULL),
	(346, 1, 1, 'Letrozol', 'A', 'AXJEFFERSON', '2019-09-06 01:29:41', NULL, NULL),
	(347, 1, 6, 'Leuprolide', 'A', 'AXJEFFERSON', '2019-09-06 01:29:41', NULL, NULL),
	(348, 1, 3, 'Leuprolide', 'A', 'AXJEFFERSON', '2019-09-06 01:29:41', NULL, NULL),
	(349, 1, 22, 'Leuprolide', 'A', 'AXJEFFERSON', '2019-09-06 01:29:41', NULL, NULL),
	(350, 1, 1, 'Levodopa + Carbidopa', 'A', 'AXJEFFERSON', '2019-09-06 01:29:41', NULL, NULL),
	(351, 1, 2, 'Levodopa + Carbidopa', 'A', 'AXJEFFERSON', '2019-09-06 01:29:41', NULL, NULL),
	(352, 1, 1, 'Levofloxacino', 'A', 'AXJEFFERSON', '2019-09-06 01:29:41', NULL, NULL),
	(353, 1, 3, 'Levofloxacino', 'A', 'AXJEFFERSON', '2019-09-06 01:29:41', NULL, NULL),
	(354, 1, 3, 'Levomepromazina', 'A', 'AXJEFFERSON', '2019-09-06 01:29:41', NULL, NULL),
	(355, 1, 1, 'Levomepromazina', 'A', 'AXJEFFERSON', '2019-09-06 01:29:41', NULL, NULL),
	(356, 1, 14, 'Levomepromazina', 'A', 'AXJEFFERSON', '2019-09-06 01:29:41', NULL, NULL),
	(357, 1, 33, 'Levonorgestrel', 'A', 'AXJEFFERSON', '2019-09-06 01:29:41', NULL, NULL),
	(358, 1, 2, 'Levonorgestrel', 'A', 'AXJEFFERSON', '2019-09-06 01:29:41', NULL, NULL),
	(359, 1, 41, 'Levonorgestrel', 'A', 'AXJEFFERSON', '2019-09-06 01:29:41', NULL, NULL),
	(360, 1, 1, 'Levonorgestrel + etinilestradiol', 'A', 'AXJEFFERSON', '2019-09-06 01:29:41', NULL, NULL),
	(361, 1, 33, 'Levonorgestrel + etinilestradiol', 'A', 'AXJEFFERSON', '2019-09-06 01:29:41', NULL, NULL),
	(362, 1, 2, 'Levotiroxina sódica', 'A', 'AXJEFFERSON', '2019-09-06 01:29:41', NULL, NULL),
	(363, 1, 12, 'Lidocaína', 'A', 'AXJEFFERSON', '2019-09-06 01:29:41', NULL, NULL),
	(364, 1, 42, 'Lidocaína', 'A', 'AXJEFFERSON', '2019-09-06 01:29:41', NULL, NULL),
	(365, 1, 30, 'Lidocaína', 'A', 'AXJEFFERSON', '2019-09-06 01:29:41', NULL, NULL),
	(366, 1, 16, 'Lidocaína', 'A', 'AXJEFFERSON', '2019-09-06 01:29:41', NULL, NULL),
	(367, 1, 3, 'Lidocaína con epinefrina', 'A', 'AXJEFFERSON', '2019-09-06 01:29:41', NULL, NULL),
	(368, 1, 3, 'Lidocaína sin epinefrina', 'A', 'AXJEFFERSON', '2019-09-06 01:29:41', NULL, NULL),
	(369, 1, 3, 'Linezolid', 'A', 'AXJEFFERSON', '2019-09-06 01:29:41', NULL, NULL),
	(370, 1, 1, 'Linezolid', 'A', 'AXJEFFERSON', '2019-09-06 01:29:41', NULL, NULL),
	(371, 1, 2, 'Litio, carbonato', 'A', 'AXJEFFERSON', '2019-09-06 01:29:41', NULL, NULL),
	(372, 1, 8, 'Loperamida', 'A', 'AXJEFFERSON', '2019-09-06 01:29:41', NULL, NULL),
	(373, 1, 1, 'Lopinavir + Ritonavir', 'A', 'AXJEFFERSON', '2019-09-06 01:29:41', NULL, NULL),
	(374, 1, 14, 'Lopinavir + Ritonavir', 'A', 'AXJEFFERSON', '2019-09-06 01:29:41', NULL, NULL),
	(375, 1, 15, 'Loratadina', 'A', 'AXJEFFERSON', '2019-09-06 01:29:41', NULL, NULL),
	(376, 1, 1, 'Loratadina', 'A', 'AXJEFFERSON', '2019-09-06 01:29:41', NULL, NULL),
	(377, 1, 2, 'Loratadina', 'A', 'AXJEFFERSON', '2019-09-06 01:29:41', NULL, NULL),
	(378, 1, 1, 'Losartán', 'A', 'AXJEFFERSON', '2019-09-06 01:29:41', NULL, NULL),
	(379, 1, 2, 'Losartán', 'A', 'AXJEFFERSON', '2019-09-06 01:29:41', NULL, NULL),
	(380, 1, 5, 'Magaldrato con simeticona (Hidróxido de Al y Mg)', 'A', 'AXJEFFERSON', '2019-09-06 01:29:41', NULL, NULL),
	(381, 1, 3, 'Magnesio sulfato', 'A', 'AXJEFFERSON', '2019-09-06 01:29:41', NULL, NULL),
	(382, 1, 3, 'Manitol', 'A', 'AXJEFFERSON', '2019-09-06 01:29:41', NULL, NULL),
	(383, 1, 2, 'Medroxiprogesterona + estrógenos equinos conjugados', 'A', 'AXJEFFERSON', '2019-09-06 01:29:41', NULL, NULL),
	(384, 1, 3, 'Meglumina antimoniato', 'A', 'AXJEFFERSON', '2019-09-06 01:29:41', NULL, NULL),
	(385, 1, 2, 'Melfalán', 'A', 'AXJEFFERSON', '2019-09-06 01:29:41', NULL, NULL),
	(386, 1, 3, 'Mercapto Etiletano Sulfonato de Sodio (Mesna)', 'A', 'AXJEFFERSON', '2019-09-06 01:29:41', NULL, NULL),
	(387, 1, 2, 'Mercaptopurina', 'A', 'AXJEFFERSON', '2019-09-06 01:29:41', NULL, NULL),
	(388, 1, 6, 'Meropenem', 'A', 'AXJEFFERSON', '2019-09-06 01:29:41', NULL, NULL),
	(389, 1, 3, 'Metadona', 'A', 'AXJEFFERSON', '2019-09-06 01:29:41', NULL, NULL),
	(390, 1, 1, 'Metformina', 'A', 'AXJEFFERSON', '2019-09-06 01:29:41', NULL, NULL),
	(391, 1, 2, 'Metformina', 'A', 'AXJEFFERSON', '2019-09-06 01:29:41', NULL, NULL),
	(392, 1, 18, 'Metformina', 'A', 'AXJEFFERSON', '2019-09-06 01:29:41', NULL, NULL),
	(393, 1, 1, 'Metformina + Glibenclamida', 'A', 'AXJEFFERSON', '2019-09-06 01:29:41', NULL, NULL),
	(394, 1, 2, 'Metformina + Glibenclamida', 'A', 'AXJEFFERSON', '2019-09-06 01:29:41', NULL, NULL),
	(395, 1, 2, 'Metildopa', 'A', 'AXJEFFERSON', '2019-09-06 01:29:41', NULL, NULL),
	(396, 1, 33, 'Metilergometrina', 'A', 'AXJEFFERSON', '2019-09-06 01:29:41', NULL, NULL),
	(397, 1, 3, 'Metilergometrina', 'A', 'AXJEFFERSON', '2019-09-06 01:29:41', NULL, NULL),
	(398, 1, 22, 'Metilprednisolona, acetato', 'A', 'AXJEFFERSON', '2019-09-06 01:29:41', NULL, NULL),
	(399, 1, 6, 'Metilprednisolona, succinato', 'A', 'AXJEFFERSON', '2019-09-06 01:29:41', NULL, NULL),
	(400, 1, 3, 'Metoclopramida', 'A', 'AXJEFFERSON', '2019-09-06 01:29:41', NULL, NULL),
	(401, 1, 2, 'Metoclopramida', 'A', 'AXJEFFERSON', '2019-09-06 01:29:41', NULL, NULL),
	(402, 1, 6, 'Metotrexato', 'A', 'AXJEFFERSON', '2019-09-06 01:29:41', NULL, NULL),
	(403, 1, 2, 'Metotrexato', 'A', 'AXJEFFERSON', '2019-09-06 01:29:41', NULL, NULL),
	(404, 1, 3, 'Metotrexato', 'A', 'AXJEFFERSON', '2019-09-06 01:29:41', NULL, NULL),
	(405, 1, 8, 'Metronidazol', 'A', 'AXJEFFERSON', '2019-09-06 01:29:41', NULL, NULL),
	(406, 1, 5, 'Metronidazol', 'A', 'AXJEFFERSON', '2019-09-06 01:29:41', NULL, NULL),
	(407, 1, 2, 'Metronidazol', 'A', 'AXJEFFERSON', '2019-09-06 01:29:41', NULL, NULL),
	(408, 1, 29, 'Metronidazol', 'A', 'AXJEFFERSON', '2019-09-06 01:29:41', NULL, NULL),
	(409, 1, 3, 'Metronidazol', 'A', 'AXJEFFERSON', '2019-09-06 01:29:41', NULL, NULL),
	(410, 1, 32, 'Metronidazol', 'A', 'AXJEFFERSON', '2019-09-06 01:29:41', NULL, NULL),
	(411, 1, 1, 'Micofenolato', 'A', 'AXJEFFERSON', '2019-09-06 01:29:41', NULL, NULL),
	(412, 1, 8, 'Micofenolato', 'A', 'AXJEFFERSON', '2019-09-06 01:29:41', NULL, NULL),
	(413, 1, 3, 'Midazolam', 'A', 'AXJEFFERSON', '2019-09-06 01:29:41', NULL, NULL),
	(414, 1, 2, 'Misoprostol', 'A', 'AXJEFFERSON', '2019-09-06 01:29:41', NULL, NULL),
	(415, 1, 6, 'Mitomicina', 'A', 'AXJEFFERSON', '2019-09-06 01:29:41', NULL, NULL),
	(416, 1, 3, 'Mitoxantrona', 'A', 'AXJEFFERSON', '2019-09-06 01:29:41', NULL, NULL),
	(417, 1, 43, 'Mometasona', 'A', 'AXJEFFERSON', '2019-09-06 01:29:41', NULL, NULL),
	(418, 1, 14, 'Morfina', 'A', 'AXJEFFERSON', '2019-09-06 01:29:41', NULL, NULL),
	(419, 1, 3, 'Morfina', 'A', 'AXJEFFERSON', '2019-09-06 01:29:41', NULL, NULL),
	(420, 1, 35, 'Morfina', 'A', 'AXJEFFERSON', '2019-09-06 01:29:41', NULL, NULL),
	(421, 1, 8, 'Multienzimas (pancreatina: amilasa, lipasa, proteasa)', 'A', 'AXJEFFERSON', '2019-09-06 01:29:41', NULL, NULL),
	(422, 1, 14, 'Multivitaminas con minerales', 'A', 'AXJEFFERSON', '2019-09-06 01:29:41', NULL, NULL),
	(423, 1, 15, 'Multivitaminas con minerales', 'A', 'AXJEFFERSON', '2019-09-06 01:29:41', NULL, NULL),
	(424, 1, 3, 'Naloxona', 'A', 'AXJEFFERSON', '2019-09-06 01:29:41', NULL, NULL),
	(425, 1, 3, 'Neostigmina', 'A', 'AXJEFFERSON', '2019-09-06 01:29:41', NULL, NULL),
	(426, 1, 44, 'Nevirapina', 'A', 'AXJEFFERSON', '2019-09-06 01:29:41', NULL, NULL),
	(427, 1, 2, 'Nevirapina', 'A', 'AXJEFFERSON', '2019-09-06 01:29:41', NULL, NULL),
	(428, 1, 1, 'Nevirapina', 'A', 'AXJEFFERSON', '2019-09-06 01:29:41', NULL, NULL),
	(429, 1, 8, 'Nifedipina', 'A', 'AXJEFFERSON', '2019-09-06 01:29:41', NULL, NULL),
	(430, 1, 2, 'Nifedipina', 'A', 'AXJEFFERSON', '2019-09-06 01:29:41', NULL, NULL),
	(431, 1, 1, 'Nifedipina', 'A', 'AXJEFFERSON', '2019-09-06 01:29:41', NULL, NULL),
	(432, 1, 18, 'Nifedipina', 'A', 'AXJEFFERSON', '2019-09-06 01:29:41', NULL, NULL),
	(433, 1, 44, 'Nistatina', 'A', 'AXJEFFERSON', '2019-09-06 01:29:41', NULL, NULL),
	(434, 1, 44, 'Nitrofurantoína', 'A', 'AXJEFFERSON', '2019-09-06 01:29:41', NULL, NULL),
	(435, 1, 8, 'Nitrofurantoína', 'A', 'AXJEFFERSON', '2019-09-06 01:29:41', NULL, NULL),
	(436, 1, 3, 'Nitroglicerina (trinitrato de glicerilo)', 'A', 'AXJEFFERSON', '2019-09-06 01:29:41', NULL, NULL),
	(437, 1, 6, 'Nitroprusiato sódico', 'A', 'AXJEFFERSON', '2019-09-06 01:29:41', NULL, NULL),
	(438, 1, 3, 'Norepinefrina', 'A', 'AXJEFFERSON', '2019-09-06 01:29:41', NULL, NULL),
	(439, 1, 6, 'Octreotida', 'A', 'AXJEFFERSON', '2019-09-06 01:29:41', NULL, NULL),
	(440, 1, 3, 'Octreotida', 'A', 'AXJEFFERSON', '2019-09-06 01:29:41', NULL, NULL),
	(441, 1, 3, 'Oligoelementos', 'A', 'AXJEFFERSON', '2019-09-06 01:29:41', NULL, NULL),
	(442, 1, 8, 'Omeprazol', 'A', 'AXJEFFERSON', '2019-09-06 01:29:41', NULL, NULL),
	(443, 1, 6, 'Omeprazol', 'A', 'AXJEFFERSON', '2019-09-06 01:29:41', NULL, NULL),
	(444, 1, 3, 'Ondansetrón', 'A', 'AXJEFFERSON', '2019-09-06 01:29:41', NULL, NULL),
	(445, 1, 1, 'Ondansetrón', 'A', 'AXJEFFERSON', '2019-09-06 01:29:41', NULL, NULL),
	(446, 1, 8, 'Oseltamivir', 'A', 'AXJEFFERSON', '2019-09-06 01:29:41', NULL, NULL),
	(447, 1, 6, 'Oxacilina', 'A', 'AXJEFFERSON', '2019-09-06 01:29:41', NULL, NULL),
	(448, 1, 6, 'Oxaliplatino', 'A', 'AXJEFFERSON', '2019-09-06 01:29:41', NULL, NULL),
	(449, 1, 18, 'Oxicodona', 'A', 'AXJEFFERSON', '2019-09-06 01:29:41', NULL, NULL),
	(450, 1, 45, 'Oxígeno', 'A', 'AXJEFFERSON', '2019-09-06 01:29:41', NULL, NULL),
	(451, 1, 3, 'Oxitocina', 'A', 'AXJEFFERSON', '2019-09-06 01:29:41', NULL, NULL),
	(452, 1, 3, 'Paclitaxel', 'A', 'AXJEFFERSON', '2019-09-06 01:29:41', NULL, NULL),
	(453, 1, 3, 'Pancuronio', 'A', 'AXJEFFERSON', '2019-09-06 01:29:41', NULL, NULL),
	(454, 1, 15, 'Paracetamol', 'A', 'AXJEFFERSON', '2019-09-06 01:29:41', NULL, NULL),
	(455, 1, 39, 'Paracetamol', 'A', 'AXJEFFERSON', '2019-09-06 01:29:41', NULL, NULL),
	(456, 1, 14, 'Paracetamol', 'A', 'AXJEFFERSON', '2019-09-06 01:29:41', NULL, NULL),
	(457, 1, 2, 'Paracetamol', 'A', 'AXJEFFERSON', '2019-09-06 01:29:41', NULL, NULL),
	(458, 1, 3, 'Paricalcitol', 'A', 'AXJEFFERSON', '2019-09-06 01:29:41', NULL, NULL),
	(459, 1, 3, 'Pegfilgrastim', 'A', 'AXJEFFERSON', '2019-09-06 01:29:41', NULL, NULL),
	(460, 1, 6, 'Pemetrexed', 'A', 'AXJEFFERSON', '2019-09-06 01:29:41', NULL, NULL),
	(461, 1, 2, 'Penicilamina', 'A', 'AXJEFFERSON', '2019-09-06 01:29:41', NULL, NULL),
	(462, 1, 12, 'Permetrina', 'A', 'AXJEFFERSON', '2019-09-06 01:29:41', NULL, NULL),
	(463, 1, 30, 'Permetrina', 'A', 'AXJEFFERSON', '2019-09-06 01:29:41', NULL, NULL),
	(464, 1, 12, 'Peróxido de benzoilo', 'A', 'AXJEFFERSON', '2019-09-06 01:29:41', NULL, NULL),
	(465, 1, 25, 'Peróxido de benzoilo', 'A', 'AXJEFFERSON', '2019-09-06 01:29:41', NULL, NULL),
	(466, 1, 6, 'Piperacilina + Tazobactam', 'A', 'AXJEFFERSON', '2019-09-06 01:29:41', NULL, NULL),
	(467, 1, 2, 'Pirazinamida', 'A', 'AXJEFFERSON', '2019-09-06 01:29:41', NULL, NULL),
	(468, 1, 2, 'Piridostigmina', 'A', 'AXJEFFERSON', '2019-09-06 01:29:41', NULL, NULL),
	(469, 1, 2, 'Pirimetamina', 'A', 'AXJEFFERSON', '2019-09-06 01:29:41', NULL, NULL),
	(470, 1, 3, 'Polidocanol', 'A', 'AXJEFFERSON', '2019-09-06 01:29:41', NULL, NULL),
	(471, 1, 13, 'Polietilenglicol en combinaciones', 'A', 'AXJEFFERSON', '2019-09-06 01:29:41', NULL, NULL),
	(472, 1, 3, 'Potasio cloruro', 'A', 'AXJEFFERSON', '2019-09-06 01:29:41', NULL, NULL),
	(473, 1, 34, 'Prednisolona', 'A', 'AXJEFFERSON', '2019-09-06 01:29:41', NULL, NULL),
	(474, 1, 2, 'Prednisolona', 'A', 'AXJEFFERSON', '2019-09-06 01:29:41', NULL, NULL),
	(475, 1, 1, 'Prednisona', 'A', 'AXJEFFERSON', '2019-09-06 01:29:41', NULL, NULL),
	(476, 1, 2, 'Prednisona', 'A', 'AXJEFFERSON', '2019-09-06 01:29:41', NULL, NULL),
	(477, 1, 2, 'Primaquina', 'A', 'AXJEFFERSON', '2019-09-06 01:29:41', NULL, NULL),
	(478, 1, 8, 'Procarbazina', 'A', 'AXJEFFERSON', '2019-09-06 01:29:41', NULL, NULL),
	(479, 1, 12, 'Productos con zinc (Nistatina + Vitamina A + Vitamina D2 + Óxido de zinc', 'A', 'AXJEFFERSON', '2019-09-06 01:29:41', NULL, NULL),
	(480, 1, 26, 'Productos con zinc (oxido de zinc)', 'A', 'AXJEFFERSON', '2019-09-06 01:29:41', NULL, NULL),
	(481, 1, 12, 'Productos con zinc (Undecilenato de Zinc + Ácido Undecilénico)', 'A', 'AXJEFFERSON', '2019-09-06 01:29:41', NULL, NULL),
	(482, 1, 46, 'Productos con zinc (Vitamina A + vitamina D2 + oxido de zinc)', 'A', 'AXJEFFERSON', '2019-09-06 01:29:41', NULL, NULL),
	(483, 1, 8, 'Progesterona', 'A', 'AXJEFFERSON', '2019-09-06 01:29:41', NULL, NULL),
	(484, 1, 47, 'Propofol', 'A', 'AXJEFFERSON', '2019-09-06 01:29:41', NULL, NULL),
	(485, 1, 2, 'Propranolol', 'A', 'AXJEFFERSON', '2019-09-06 01:29:41', NULL, NULL),
	(486, 1, 3, 'Protamina', 'A', 'AXJEFFERSON', '2019-09-06 01:29:41', NULL, NULL),
	(487, 1, 1, 'Quetiapina', 'A', 'AXJEFFERSON', '2019-09-06 01:29:41', NULL, NULL),
	(488, 1, 1, 'Raltegravir', 'A', 'AXJEFFERSON', '2019-09-06 01:29:41', NULL, NULL),
	(489, 1, 3, 'Ranitidina', 'A', 'AXJEFFERSON', '2019-09-06 01:29:41', NULL, NULL),
	(490, 1, 2, 'Ranitidina', 'A', 'AXJEFFERSON', '2019-09-06 01:29:41', NULL, NULL),
	(491, 1, 1, 'Ranitidina', 'A', 'AXJEFFERSON', '2019-09-06 01:29:41', NULL, NULL),
	(492, 1, 6, 'Remifentanilo', 'A', 'AXJEFFERSON', '2019-09-06 01:29:41', NULL, NULL),
	(493, 1, 8, 'Retinol (Vitamina A)', 'A', 'AXJEFFERSON', '2019-09-06 01:29:41', NULL, NULL),
	(494, 1, 5, 'Rifampicina', 'A', 'AXJEFFERSON', '2019-09-06 01:29:41', NULL, NULL),
	(495, 1, 8, 'Rifampicina', 'A', 'AXJEFFERSON', '2019-09-06 01:29:41', NULL, NULL),
	(496, 1, 1, 'Rifampicina + Isoniazida', 'A', 'AXJEFFERSON', '2019-09-06 01:29:41', NULL, NULL),
	(497, 1, 8, 'Rifampicina + Isoniazida', 'A', 'AXJEFFERSON', '2019-09-06 01:29:41', NULL, NULL),
	(498, 1, 1, 'Rifampicina+Pirazinamida+Etambutol+Isoniazida', 'A', 'AXJEFFERSON', '2019-09-06 01:29:41', NULL, NULL),
	(499, 1, 3, 'Ringer lactato (combinaciones)', 'A', 'AXJEFFERSON', '2019-09-06 01:29:41', NULL, NULL),
	(500, 1, 6, 'Risperidona', 'A', 'AXJEFFERSON', '2019-09-06 01:29:41', NULL, NULL),
	(501, 1, 1, 'Risperidona', 'A', 'AXJEFFERSON', '2019-09-06 01:29:41', NULL, NULL),
	(502, 1, 2, 'Risperidona', 'A', 'AXJEFFERSON', '2019-09-06 01:29:41', NULL, NULL),
	(503, 1, 14, 'Risperidona', 'A', 'AXJEFFERSON', '2019-09-06 01:29:41', NULL, NULL),
	(504, 1, 8, 'Ritonavir', 'A', 'AXJEFFERSON', '2019-09-06 01:29:41', NULL, NULL),
	(505, 1, 48, 'Rituximab', 'A', 'AXJEFFERSON', '2019-09-06 01:29:41', NULL, NULL),
	(506, 1, 3, 'Rocuronio, Bromuro', 'A', 'AXJEFFERSON', '2019-09-06 01:29:41', NULL, NULL),
	(507, 1, 24, 'Salbutamol', 'A', 'AXJEFFERSON', '2019-09-06 01:29:41', NULL, NULL),
	(508, 1, 49, 'Salbutamol', 'A', 'AXJEFFERSON', '2019-09-06 01:29:41', NULL, NULL),
	(509, 1, 3, 'Sales de Hierro (Sacarato de óxido férrico)', 'A', 'AXJEFFERSON', '2019-09-06 01:29:41', NULL, NULL),
	(510, 1, 33, 'Sales de hierro (Sulfato ferroso)', 'A', 'AXJEFFERSON', '2019-09-06 01:29:41', NULL, NULL),
	(511, 1, 14, 'Sales de hierro (Sulfato ferroso)', 'A', 'AXJEFFERSON', '2019-09-06 01:29:41', NULL, NULL),
	(512, 1, 38, 'Sales de Rehidratación Oral', 'A', 'AXJEFFERSON', '2019-09-06 01:29:41', NULL, NULL),
	(513, 1, 1, 'Saquinavir', 'A', 'AXJEFFERSON', '2019-09-06 01:29:41', NULL, NULL),
	(514, 1, 2, 'Selegilina', 'A', 'AXJEFFERSON', '2019-09-06 01:29:41', NULL, NULL),
	(515, 1, 2, 'Sertralina', 'A', 'AXJEFFERSON', '2019-09-06 01:29:41', NULL, NULL),
	(516, 1, 8, 'Sertralina', 'A', 'AXJEFFERSON', '2019-09-06 01:29:41', NULL, NULL),
	(517, 1, 17, 'Sevoflurano', 'A', 'AXJEFFERSON', '2019-09-06 01:29:41', NULL, NULL),
	(518, 1, 2, 'Simvastatina', 'A', 'AXJEFFERSON', '2019-09-06 01:29:41', NULL, NULL),
	(519, 1, 1, 'Simvastatina', 'A', 'AXJEFFERSON', '2019-09-06 01:29:41', NULL, NULL),
	(520, 1, 33, 'Sirolimus', 'A', 'AXJEFFERSON', '2019-09-06 01:29:41', NULL, NULL),
	(521, 1, 3, 'Sodio bicarbonato', 'A', 'AXJEFFERSON', '2019-09-06 01:29:41', NULL, NULL),
	(522, 1, 3, 'Sodio Cloruro', 'A', 'AXJEFFERSON', '2019-09-06 01:29:41', NULL, NULL),
	(523, 1, 50, 'Solución diálisis peritoneal', 'A', 'AXJEFFERSON', '2019-09-06 01:29:41', NULL, NULL),
	(524, 1, 6, 'Suero antiofídico polivalente', 'A', 'AXJEFFERSON', '2019-09-06 01:29:41', NULL, NULL),
	(525, 1, 3, 'Suero antiofídico polivalente', 'A', 'AXJEFFERSON', '2019-09-06 01:29:41', NULL, NULL),
	(526, 1, 2, 'Sulfadiazina', 'A', 'AXJEFFERSON', '2019-09-06 01:29:41', NULL, NULL),
	(527, 1, 12, 'Sulfadiazina de Plata', 'A', 'AXJEFFERSON', '2019-09-06 01:29:41', NULL, NULL),
	(528, 1, 2, 'Sulfasalazina', 'A', 'AXJEFFERSON', '2019-09-06 01:29:41', NULL, NULL),
	(529, 1, 14, 'Sulfato de Zinc', 'A', 'AXJEFFERSON', '2019-09-06 01:29:41', NULL, NULL),
	(530, 1, 8, 'Sunitinib', 'A', 'AXJEFFERSON', '2019-09-06 01:29:41', NULL, NULL),
	(531, 1, 3, 'Suxametonio', 'A', 'AXJEFFERSON', '2019-09-06 01:29:41', NULL, NULL),
	(532, 1, 2, 'Talidomida', 'A', 'AXJEFFERSON', '2019-09-06 01:29:41', NULL, NULL),
	(533, 1, 2, 'Tamoxifeno', 'A', 'AXJEFFERSON', '2019-09-06 01:29:41', NULL, NULL),
	(534, 1, 8, 'Tamsulosina', 'A', 'AXJEFFERSON', '2019-09-06 01:29:41', NULL, NULL),
	(535, 1, 35, 'Tamsulosina', 'A', 'AXJEFFERSON', '2019-09-06 01:29:41', NULL, NULL),
	(536, 1, 18, 'Tamsulosina', 'A', 'AXJEFFERSON', '2019-09-06 01:29:41', NULL, NULL),
	(537, 1, 8, 'Temozolomida', 'A', 'AXJEFFERSON', '2019-09-06 01:29:41', NULL, NULL),
	(538, 1, 1, 'Tenofovir + Emtricitabina', 'A', 'AXJEFFERSON', '2019-09-06 01:29:41', NULL, NULL),
	(539, 1, 1, 'Tenofovir + Emtricitabina + Efavirenz', 'A', 'AXJEFFERSON', '2019-09-06 01:29:41', NULL, NULL),
	(540, 1, 1, 'Tenofovir disoproxilo', 'A', 'AXJEFFERSON', '2019-09-06 01:29:41', NULL, NULL),
	(541, 1, 2, 'Terbinafina', 'A', 'AXJEFFERSON', '2019-09-06 01:29:41', NULL, NULL),
	(542, 1, 12, 'Terbinafina', 'A', 'AXJEFFERSON', '2019-09-06 01:29:41', NULL, NULL),
	(543, 1, 3, 'Testosterona', 'A', 'AXJEFFERSON', '2019-09-06 01:29:41', NULL, NULL),
	(544, 1, 2, 'Tiamazol (Metimazol)', 'A', 'AXJEFFERSON', '2019-09-06 01:29:41', NULL, NULL),
	(545, 1, 3, 'Tiamina (vitamina B1)', 'A', 'AXJEFFERSON', '2019-09-06 01:29:41', NULL, NULL),
	(546, 1, 23, 'Timolol', 'A', 'AXJEFFERSON', '2019-09-06 01:29:41', NULL, NULL),
	(547, 1, 1, 'Tinidazol', 'A', 'AXJEFFERSON', '2019-09-06 01:29:41', NULL, NULL),
	(548, 1, 2, 'Tinidazol', 'A', 'AXJEFFERSON', '2019-09-06 01:29:41', NULL, NULL),
	(549, 1, 51, 'Tinidazol', 'A', 'AXJEFFERSON', '2019-09-06 01:29:41', NULL, NULL),
	(550, 1, 29, 'Tinidazol', 'A', 'AXJEFFERSON', '2019-09-06 01:29:41', NULL, NULL),
	(551, 1, 2, 'Tioguanina', 'A', 'AXJEFFERSON', '2019-09-06 01:29:41', NULL, NULL),
	(552, 1, 6, 'Tiopental sódico', 'A', 'AXJEFFERSON', '2019-09-06 01:29:41', NULL, NULL),
	(553, 1, 52, 'Tiotropio bromuro', 'A', 'AXJEFFERSON', '2019-09-06 01:29:41', NULL, NULL),
	(554, 1, 3, 'Tirofibán', 'A', 'AXJEFFERSON', '2019-09-06 01:29:41', NULL, NULL),
	(555, 1, 9, 'Tobramicina', 'A', 'AXJEFFERSON', '2019-09-06 01:29:41', NULL, NULL),
	(556, 1, 23, 'Tobramicina', 'A', 'AXJEFFERSON', '2019-09-06 01:29:41', NULL, NULL),
	(557, 1, 17, 'Tobramicina', 'A', 'AXJEFFERSON', '2019-09-06 01:29:41', NULL, NULL),
	(558, 1, 40, 'Tobramicina', 'A', 'AXJEFFERSON', '2019-09-06 01:29:41', NULL, NULL),
	(559, 1, 34, 'Tobramicina', 'A', 'AXJEFFERSON', '2019-09-06 01:29:41', NULL, NULL),
	(560, 1, 6, 'Toxina botulínica', 'A', 'AXJEFFERSON', '2019-09-06 01:29:41', NULL, NULL),
	(561, 1, 22, 'Toxoide diftérico tetánico', 'A', 'AXJEFFERSON', '2019-09-06 01:29:41', NULL, NULL),
	(562, 1, 22, 'Toxoide diftérico tetánico + Vacuna pertusis', 'A', 'AXJEFFERSON', '2019-09-06 01:29:41', NULL, NULL),
	(563, 1, 22, 'Toxoide tetánico', 'A', 'AXJEFFERSON', '2019-09-06 01:29:41', NULL, NULL),
	(564, 1, 14, 'Tramadol', 'A', 'AXJEFFERSON', '2019-09-06 01:29:41', NULL, NULL),
	(565, 1, 1, 'Tramadol', 'A', 'AXJEFFERSON', '2019-09-06 01:29:41', NULL, NULL),
	(566, 1, 18, 'Tramadol', 'A', 'AXJEFFERSON', '2019-09-06 01:29:41', NULL, NULL),
	(567, 1, 8, 'Tramadol', 'A', 'AXJEFFERSON', '2019-09-06 01:29:41', NULL, NULL),
	(568, 1, 3, 'Tramadol', 'A', 'AXJEFFERSON', '2019-09-06 01:29:41', NULL, NULL),
	(569, 1, 6, 'Trastuzumab', 'A', 'AXJEFFERSON', '2019-09-06 01:29:41', NULL, NULL),
	(570, 1, 6, 'Triptorelina', 'A', 'AXJEFFERSON', '2019-09-06 01:29:41', NULL, NULL),
	(571, 1, 19, 'Trolamina', 'A', 'AXJEFFERSON', '2019-09-06 01:29:41', NULL, NULL),
	(572, 1, 23, 'Tropicamida', 'A', 'AXJEFFERSON', '2019-09-06 01:29:41', NULL, NULL),
	(573, 1, 12, 'Urea', 'A', 'AXJEFFERSON', '2019-09-06 01:29:41', NULL, NULL),
	(574, 1, 25, 'Urea', 'A', 'AXJEFFERSON', '2019-09-06 01:29:41', NULL, NULL),
	(575, 1, 6, 'Vacuna antiamarílica', 'A', 'AXJEFFERSON', '2019-09-06 01:29:41', NULL, NULL),
	(576, 1, 22, 'Vacuna antihepatitis B', 'A', 'AXJEFFERSON', '2019-09-06 01:29:41', NULL, NULL),
	(577, 1, 22, 'Vacuna antineumococo (Polisacárido conjugado)', 'A', 'AXJEFFERSON', '2019-09-06 01:29:41', NULL, NULL),
	(578, 1, 3, 'Vacuna antineumococo (Polisacárido conjugado)', 'A', 'AXJEFFERSON', '2019-09-06 01:29:41', NULL, NULL),
	(579, 1, 5, 'Vacuna antipoliomielítica', 'A', 'AXJEFFERSON', '2019-09-06 01:29:41', NULL, NULL),
	(580, 1, 5, 'Vacuna Antirotavirus', 'A', 'AXJEFFERSON', '2019-09-06 01:29:41', NULL, NULL),
	(581, 1, 6, 'Vacuna antirrábica', 'A', 'AXJEFFERSON', '2019-09-06 01:29:41', NULL, NULL),
	(582, 1, 6, 'Vacuna Antivaricela zóster (virus atenuado)', 'A', 'AXJEFFERSON', '2019-09-06 01:29:41', NULL, NULL),
	(583, 1, 6, 'Vacuna BCG', 'A', 'AXJEFFERSON', '2019-09-06 01:29:41', NULL, NULL),
	(584, 1, 6, 'Vacuna triple viral (Parotiditis-Sarampión-Rubéola)', 'A', 'AXJEFFERSON', '2019-09-06 01:29:41', NULL, NULL),
	(585, 1, 2, 'Valganciclovir', 'A', 'AXJEFFERSON', '2019-09-06 01:29:41', NULL, NULL),
	(586, 1, 1, 'Valganciclovir', 'A', 'AXJEFFERSON', '2019-09-06 01:29:41', NULL, NULL),
	(587, 1, 6, 'Vancomicina', 'A', 'AXJEFFERSON', '2019-09-06 01:29:41', NULL, NULL),
	(588, 1, 3, 'Vinblastina', 'A', 'AXJEFFERSON', '2019-09-06 01:29:41', NULL, NULL),
	(589, 1, 3, 'Vincristina', 'A', 'AXJEFFERSON', '2019-09-06 01:29:41', NULL, NULL),
	(590, 1, 6, 'Vincristina', 'A', 'AXJEFFERSON', '2019-09-06 01:29:41', NULL, NULL),
	(591, 1, 6, 'Voriconazol', 'A', 'AXJEFFERSON', '2019-09-06 01:29:41', NULL, NULL),
	(592, 1, 1, 'Voriconazol', 'A', 'AXJEFFERSON', '2019-09-06 01:29:41', NULL, NULL),
	(593, 1, 2, 'Warfarina', 'A', 'AXJEFFERSON', '2019-09-06 01:29:41', NULL, NULL),
	(594, 1, 1, 'Zidovudina', 'A', 'AXJEFFERSON', '2019-09-06 01:29:41', NULL, NULL),
	(595, 1, 8, 'Zidovudina', 'A', 'AXJEFFERSON', '2019-09-06 01:29:41', NULL, NULL),
	(596, 1, 14, 'Zidovudina', 'A', 'AXJEFFERSON', '2019-09-06 01:29:41', NULL, NULL),
	(597, 1, 53, 'Zidovudina', 'A', 'AXJEFFERSON', '2019-09-06 01:29:41', NULL, NULL),
	(598, 1, 1, 'Zidovudina + Lamivudina', 'A', 'AXJEFFERSON', '2019-09-06 01:29:41', NULL, NULL),
	(599, 1, 1, 'Zidovudina + Lamivudina + Nevirapina', 'A', 'AXJEFFERSON', '2019-09-06 01:29:41', NULL, NULL),
	(600, 1, 1, 'Metronidazol', 'A', 'AXJEFFERSON', '2019-09-06 01:29:41', NULL, NULL),
	(601, 1, 8, 'Miltefosina', 'A', 'AXJEFFERSON', '2019-09-06 01:29:41', NULL, NULL),
	(602, 1, 2, 'Morfina', 'A', 'AXJEFFERSON', '2019-09-06 01:29:41', NULL, NULL),
	(603, 1, 35, 'Nitrofurantoína', 'A', 'AXJEFFERSON', '2019-09-06 01:29:41', NULL, NULL),
	(604, 1, 21, 'Omeprazol', 'A', 'AXJEFFERSON', '2019-09-06 01:29:41', NULL, NULL),
	(605, 1, 53, 'Oxaliplatino', 'A', 'AXJEFFERSON', '2019-09-06 01:29:41', NULL, NULL),
	(606, 1, 2, 'Oxicodona', 'A', 'AXJEFFERSON', '2019-09-06 01:29:41', NULL, NULL),
	(607, 1, 38, 'Carbón activado', 'A', 'AXJEFFERSON', '2019-09-06 01:29:41', NULL, NULL),
	(608, 1, 1, 'Carvedilol', 'A', 'AXJEFFERSON', '2019-09-06 01:29:41', NULL, NULL),
	(609, 1, 53, 'Paracetamol', 'A', 'AXJEFFERSON', '2019-09-06 01:29:41', NULL, NULL),
	(610, 1, 16, 'Peróxido de benzoilo', 'A', 'AXJEFFERSON', '2019-09-06 01:29:41', NULL, NULL),
	(611, 1, 2, 'Piridoxina (Vitamina B6)', 'A', 'AXJEFFERSON', '2019-09-06 01:29:41', NULL, NULL),
	(612, 1, 3, 'Piridoxina (Vitamina B6)', 'A', 'AXJEFFERSON', '2019-09-06 01:29:41', NULL, NULL),
	(613, 1, 3, 'Ciclosporina', 'A', 'AXJEFFERSON', '2019-09-06 01:29:41', NULL, NULL),
	(614, 1, 3, 'Pralidoxima', 'A', 'AXJEFFERSON', '2019-09-06 01:29:41', NULL, NULL),
	(615, 1, 2, 'Praziquantel', 'A', 'AXJEFFERSON', '2019-09-06 01:29:41', NULL, NULL),
	(616, 1, 3, 'Propranolol', 'A', 'AXJEFFERSON', '2019-09-06 01:29:41', NULL, NULL),
	(617, 1, 3, 'Quinina', 'A', 'AXJEFFERSON', '2019-09-06 01:29:41', NULL, NULL),
	(618, 1, 3, 'Cloroquina', 'A', 'AXJEFFERSON', '2019-09-06 01:29:41', NULL, NULL),
	(619, 1, 2, 'Rifampicina + Isoniazida', 'A', 'AXJEFFERSON', '2019-09-06 01:29:41', NULL, NULL),
	(620, 1, 33, 'Rifampicina+ Pirazinamida+Isoniazida', 'A', 'AXJEFFERSON', '2019-09-06 01:29:41', NULL, NULL),
	(621, 1, 2, 'Sales de Hierro + Ácido Fólico', 'A', 'AXJEFFERSON', '2019-09-06 01:29:41', NULL, NULL),
	(622, 1, 1, 'Sertralina', 'A', 'AXJEFFERSON', '2019-09-06 01:29:41', NULL, NULL),
	(623, 1, 1, 'Sulfasalazina', 'A', 'AXJEFFERSON', '2019-09-06 01:29:41', NULL, NULL),
	(624, 1, 1, 'Gabapentina', 'A', 'AXJEFFERSON', '2019-09-06 01:29:41', NULL, NULL),
	(625, 1, 2, 'Dapsona', 'A', 'AXJEFFERSON', '2019-09-06 01:29:41', NULL, NULL),
	(626, 1, 37, 'Daunorubicina', 'A', 'AXJEFFERSON', '2019-09-06 01:29:41', NULL, NULL),
	(627, 1, 2, 'Dexametasona', 'A', 'AXJEFFERSON', '2019-09-06 01:29:41', NULL, NULL),
	(628, 1, 15, 'Diazepam', 'A', 'AXJEFFERSON', '2019-09-06 01:29:41', NULL, NULL),
	(629, 1, 22, 'Antitoxina difterica', 'A', 'AXJEFFERSON', '2019-09-06 01:29:41', NULL, NULL),
	(630, 1, 1, 'Talidomida', 'A', 'AXJEFFERSON', '2019-09-06 01:29:41', NULL, NULL),
	(631, 1, 1, 'Terbinafina', 'A', 'AXJEFFERSON', '2019-09-06 01:29:41', NULL, NULL),
	(632, 1, 28, 'Dinitrato de isosorbida', 'A', 'AXJEFFERSON', '2019-09-06 01:29:41', NULL, NULL),
	(633, 1, 1, 'Levonorgestrel', 'A', 'AXJEFFERSON', '2019-09-06 01:29:41', NULL, NULL),
	(634, 1, 1, 'Doxazocina', 'A', 'AXJEFFERSON', '2019-09-06 01:29:41', NULL, NULL),
	(635, 1, 14, 'Efavirenz', 'A', 'AXJEFFERSON', '2019-09-06 01:29:41', NULL, NULL),
	(636, 1, 4, 'Epinefrina (adrenalina) racémica', 'A', 'AXJEFFERSON', '2019-09-06 01:29:41', NULL, NULL),
	(637, 1, 1, 'Espiramicina', 'A', 'AXJEFFERSON', '2019-09-06 01:29:41', NULL, NULL),
	(638, 1, 22, 'Vacuna antihepatitis A', 'A', 'AXJEFFERSON', '2019-09-06 01:29:41', NULL, NULL),
	(639, 1, 1, 'Espironolactona', 'A', 'AXJEFFERSON', '2019-09-06 01:29:41', NULL, NULL),
	(640, 1, 2, 'Etambutol + Isoniazida', 'A', 'AXJEFFERSON', '2019-09-06 01:29:41', NULL, NULL),
	(641, 1, 22, 'Vacuna antimeningococo (B + C)', 'A', 'AXJEFFERSON', '2019-09-06 01:29:41', NULL, NULL),
	(642, 1, 2, 'Etionamida', 'A', 'AXJEFFERSON', '2019-09-06 01:29:41', NULL, NULL),
	(643, 1, 8, 'Etopósido', 'A', 'AXJEFFERSON', '2019-09-06 01:29:41', NULL, NULL),
	(644, 1, 1, 'Exemestano', 'A', 'AXJEFFERSON', '2019-09-06 01:29:41', NULL, NULL),
	(645, 1, 22, 'Vacuna pentavalente viral (Difteria -haemophilus influenzae B -pertussis -tétanos -hepatitis B)', 'A', 'AXJEFFERSON', '2019-09-06 01:29:41', NULL, NULL),
	(646, 1, 14, 'Fenobarbital', 'A', 'AXJEFFERSON', '2019-09-06 01:29:41', NULL, NULL),
	(647, 1, 1, 'Warfarina', 'A', 'AXJEFFERSON', '2019-09-06 01:29:41', NULL, NULL),
	(648, 1, 1, 'Fluconazol', 'A', 'AXJEFFERSON', '2019-09-06 01:29:41', NULL, NULL),
	(649, 1, 2, 'Flutamida', 'A', 'AXJEFFERSON', '2019-09-06 01:29:41', NULL, NULL),
	(650, 1, 2, 'Zidovudina + Lamivudina', 'A', 'AXJEFFERSON', '2019-09-06 01:29:41', NULL, NULL),
	(651, 1, 1, 'Glibenclamida', 'A', 'AXJEFFERSON', '2019-09-06 01:29:41', NULL, NULL),
	(652, 1, 1, 'Haloperidol', 'A', 'AXJEFFERSON', '2019-09-06 01:29:41', NULL, NULL),
	(653, 1, 2, 'Abacavir', 'A', 'AXJEFFERSON', '2019-09-06 01:29:41', NULL, NULL),
	(654, 1, 14, 'Abacavir', 'A', 'AXJEFFERSON', '2019-09-06 01:29:41', NULL, NULL),
	(655, 1, 2, 'Ácido tranexámico', 'A', 'AXJEFFERSON', '2019-09-06 01:29:41', NULL, NULL),
	(656, 1, 3, 'Hidroxocobalamina (Vitamina B 12)', 'A', 'AXJEFFERSON', '2019-09-06 01:29:41', NULL, NULL),
	(657, 1, 1, 'Azatioprina', 'A', 'AXJEFFERSON', '2019-09-06 01:29:41', NULL, NULL),
	(658, 1, 1, 'Amlodipina', 'A', 'AXJEFFERSON', '2019-09-06 01:29:41', NULL, NULL),
	(659, 1, 1, 'Atenolol', 'A', 'AXJEFFERSON', '2019-09-06 01:29:41', NULL, NULL),
	(660, 1, 3, 'Inmunoglobulina antirrábica', 'A', 'AXJEFFERSON', '2019-09-06 01:29:41', NULL, NULL),
	(661, 1, 2, 'Azitromicina', 'A', 'AXJEFFERSON', '2019-09-06 01:29:41', NULL, NULL),
	(662, 1, 2, 'Ciprofloxacina', 'A', 'AXJEFFERSON', '2019-09-06 01:29:41', NULL, NULL),
	(663, 1, 3, 'Inmunoglobulina antitimocítica o lonfocítica', 'A', 'AXJEFFERSON', '2019-09-06 01:29:41', NULL, NULL),
	(664, 1, 1, 'Biperideno', 'A', 'AXJEFFERSON', '2019-09-06 01:29:41', NULL, NULL),
	(665, 1, 1, 'Calcio (Carbonato de Calcio)', 'A', 'AXJEFFERSON', '2019-09-06 01:29:41', NULL, NULL),
	(666, 1, 2, 'Lamivudina', 'A', 'AXJEFFERSON', '2019-09-06 01:29:41', NULL, NULL),
	(667, 1, 54, 'Levodopa + Carbidopa', 'A', 'AXJEFFERSON', '2019-09-06 01:29:41', NULL, NULL),
	(668, 1, 2, 'Capecitabina', 'A', 'AXJEFFERSON', '2019-09-06 01:29:41', NULL, NULL),
	(669, 1, 55, 'Lidocaína', 'A', 'AXJEFFERSON', '2019-09-06 01:29:41', NULL, NULL),
	(670, 1, 56, 'Imipenem + cilastatina', 'A', 'AXJEFFERSON', '2019-09-06 01:29:41', NULL, NULL),
	(671, 1, 40, 'Lágrimas artificiales y otros preparados inertes', 'A', 'AXJEFFERSON', '2019-09-06 01:29:41', NULL, NULL),
	(672, 1, 2, 'Levofloxacino', 'A', 'AXJEFFERSON', '2019-09-06 01:29:41', NULL, NULL),
	(673, 1, 46, 'Lidocaína', 'A', 'AXJEFFERSON', '2019-09-06 01:29:41', NULL, NULL),
	(674, 1, 1, 'Efavirenz', 'A', 'AXJEFFERSON', '2019-09-06 01:29:41', NULL, NULL),
	(675, 1, 2, 'Efavirenz', 'A', 'AXJEFFERSON', '2019-09-06 01:29:41', NULL, NULL),
	(676, 1, 6, 'Combinaciones de vitaminas', 'A', 'AXJEFFERSON', '2019-09-06 01:29:41', NULL, NULL),
	(677, 1, 35, 'Omeprazol', 'A', 'AXJEFFERSON', '2019-09-06 01:29:41', NULL, NULL),
	(678, 1, 56, 'Omeprazol', 'A', 'AXJEFFERSON', '2019-09-06 01:29:41', NULL, NULL),
	(679, 1, 8, 'Difenhidramina', 'A', 'AXJEFFERSON', '2019-09-06 01:29:41', NULL, NULL),
	(680, 1, 33, 'Retinol (Vitamina A)', 'A', 'AXJEFFERSON', '2019-09-06 01:29:41', NULL, NULL),
	(681, 1, 2, 'Rifampicina+ Pirazinamida+Isoniazida', 'A', 'AXJEFFERSON', '2019-09-06 01:29:41', NULL, NULL),
	(682, 1, 11, 'Sales de Hierro + Ácido Fólico', 'A', 'AXJEFFERSON', '2019-09-06 01:29:41', NULL, NULL),
	(683, 1, 8, 'Saquinavir', 'A', 'AXJEFFERSON', '2019-09-06 01:29:41', NULL, NULL),
	(684, 1, 32, 'Tinidazol', 'A', 'AXJEFFERSON', '2019-09-06 01:29:41', NULL, NULL),
	(685, 1, 2, 'Zidovudina + Lamivudina + Nevirapina', 'A', 'AXJEFFERSON', '2019-09-06 01:29:41', NULL, NULL),
	(686, 1, 1, 'Estradiol', 'A', 'AXJEFFERSON', '2019-09-06 01:29:41', NULL, NULL),
	(687, 1, 2, 'Sales de hierro (Sulfato ferroso)', 'A', 'AXJEFFERSON', '2019-09-06 01:29:41', NULL, NULL),
	(688, 1, 15, 'Sales de hierro (Sulfato ferroso)', 'A', 'AXJEFFERSON', '2019-09-06 01:29:41', NULL, NULL),
	(689, 1, 8, 'Gabapentina', 'A', 'AXJEFFERSON', '2019-09-06 01:29:41', NULL, NULL),
	(690, 1, 2, 'Tiamina (Vitamina B1)', 'A', 'AXJEFFERSON', '2019-09-06 01:29:41', NULL, NULL),
	(691, 1, 2, 'Nitrofurantoína', 'A', 'AXJEFFERSON', '2019-09-06 01:29:41', NULL, NULL),
	(692, 1, 35, 'Oxicodona', 'A', 'AXJEFFERSON', '2019-09-06 01:29:41', NULL, NULL),
	(693, 1, 33, 'Ranitidina', 'A', 'AXJEFFERSON', '2019-09-06 01:29:41', NULL, NULL),
	(694, 1, 23, 'Anestésico local oftálmico', 'A', 'AXJEFFERSON', '2019-09-06 01:29:41', NULL, NULL),
	(695, 1, 2, 'Zidovudina', 'A', 'AXJEFFERSON', '2019-09-06 01:29:41', NULL, NULL),
	(696, 1, 2, 'Tenofovir + Emtricitabina', 'A', 'AXJEFFERSON', '2019-09-06 01:29:41', NULL, NULL),
	(697, 1, 2, 'Tenofovir disoproxilo', 'A', 'AXJEFFERSON', '2019-09-06 01:29:41', NULL, NULL),
	(698, 1, 22, 'Vacuna antirrábica', 'A', 'AXJEFFERSON', '2019-09-06 01:29:41', NULL, NULL),
	(699, 1, 6, 'Vacuna antimeningococo (B + C)', 'A', 'AXJEFFERSON', '2019-09-06 01:29:41', NULL, NULL),
	(700, 1, 1, 'Medroxiprogesterona + estrógenos equinos conjugados', 'A', 'AXJEFFERSON', '2019-09-06 01:29:41', NULL, NULL),
	(701, 1, 2, 'Levomepromazina', 'A', 'AXJEFFERSON', '2019-09-06 01:29:41', NULL, NULL),
	(702, 1, 6, 'Inmunoglobulina anti D', 'A', 'AXJEFFERSON', '2019-09-06 01:29:41', NULL, NULL),
	(703, 1, 2, 'Gabapentina', 'A', 'AXJEFFERSON', '2019-09-06 01:29:41', NULL, NULL),
	(704, 1, 30, 'Clorhexidina', 'A', 'AXJEFFERSON', '2019-09-06 01:29:41', NULL, NULL),
	(705, 1, 15, 'Difenhidramina', 'A', 'AXJEFFERSON', '2019-09-06 01:29:41', NULL, NULL),
	(706, 1, 1, 'Bosentano', 'A', 'AXJEFFERSON', '2019-09-06 01:29:41', NULL, NULL),
	(707, 1, 56, 'Imiglucerasa', 'A', 'AXJEFFERSON', '2019-09-06 01:29:41', NULL, NULL),
	(708, 1, 2, 'Levetiracetam', 'A', 'AXJEFFERSON', '2019-09-06 01:29:41', NULL, NULL),
	(709, 1, 1, 'Levetiracetam', 'A', 'AXJEFFERSON', '2019-09-06 01:29:41', NULL, NULL),
	(710, 1, 14, 'Levetiracetam', 'A', 'AXJEFFERSON', '2019-09-06 01:29:41', NULL, NULL),
	(711, 1, 2, 'Hierro (óxido de hierro polimaltosado) + ácido fólico', 'A', 'AXJEFFERSON', '2019-09-06 01:29:41', NULL, NULL),
	(712, 1, 3, 'Ranibizumab', 'A', 'AXJEFFERSON', '2019-09-06 01:29:41', NULL, NULL),
	(713, 1, 8, 'Nilotinib', 'A', 'AXJEFFERSON', '2019-09-06 01:29:41', NULL, NULL),
	(714, 1, 8, 'Tacrolimo', 'A', 'AXJEFFERSON', '2019-09-06 01:29:41', NULL, NULL),
	(715, 1, 21, 'Tacrolimo', 'A', 'AXJEFFERSON', '2019-09-06 01:29:41', NULL, NULL),
	(716, 1, 8, 'Miglustad', 'A', 'AXJEFFERSON', '2019-09-06 01:29:41', NULL, NULL),
	(717, 1, 56, 'Agalsidasa beta', 'A', 'AXJEFFERSON', '2019-09-06 01:29:41', NULL, NULL),
	(718, 1, 6, 'Bortezomib', 'A', 'AXJEFFERSON', '2019-09-06 01:29:41', NULL, NULL),
	(719, 1, 2, 'Clobazam', 'A', 'AXJEFFERSON', '2019-09-06 01:29:41', NULL, NULL),
	(720, 1, 3, 'Vinorelbina', 'A', 'AXJEFFERSON', '2019-09-06 01:29:41', NULL, NULL),
	(721, 1, 38, 'Fórmula excenta de lisina y baja en triptófano', 'A', 'AXJEFFERSON', '2019-09-06 01:29:41', NULL, NULL),
	(722, 1, 38, 'Fórmula hidrolizada libre de áminoácidos y proteínas', 'A', 'AXJEFFERSON', '2019-09-06 01:29:41', NULL, NULL),
	(723, 1, 2, 'Sildenafil', 'A', 'AXJEFFERSON', '2019-09-06 01:29:41', NULL, NULL),
	(724, 1, 1, 'Sildenafil', 'A', 'AXJEFFERSON', '2019-09-06 01:29:41', NULL, NULL),
	(725, 1, 3, 'Triamcinolona', 'A', 'AXJEFFERSON', '2019-09-06 01:29:41', NULL, NULL),
	(726, 1, 57, 'Tocilizumab', 'A', 'AXJEFFERSON', '2019-09-06 01:29:41', NULL, NULL),
	(727, 1, 58, 'Indacaterol', 'A', 'AXJEFFERSON', '2019-09-06 01:29:41', NULL, NULL),
	(728, 1, 6, 'Somatotropina', 'A', 'AXJEFFERSON', '2019-09-06 01:29:41', NULL, NULL),
	(729, 1, 6, 'Dexrazoxano', 'A', 'AXJEFFERSON', '2019-09-06 01:29:41', NULL, NULL),
	(730, 1, 8, 'Fingolimod', 'A', 'AXJEFFERSON', '2019-09-06 01:29:41', NULL, NULL),
	(731, 1, 1, 'Erlotinib', 'A', 'AXJEFFERSON', '2019-09-06 01:29:41', NULL, NULL),
	(732, 1, 2, 'Glicósidos del senna', 'A', 'AXJEFFERSON', '2019-09-06 01:29:41', NULL, NULL),
	(733, 1, 1, 'Glicósidos del senna', 'A', 'AXJEFFERSON', '2019-09-06 01:29:41', NULL, NULL),
	(734, 1, 43, 'Fluticasona', 'A', 'AXJEFFERSON', '2019-09-06 01:29:41', NULL, NULL),
	(735, 1, 6, 'Alteplasa', 'A', 'AXJEFFERSON', '2019-09-06 01:29:41', NULL, NULL),
	(736, 1, 3, 'Fosfato de Potasio', 'A', 'AXJEFFERSON', '2019-09-06 01:29:41', NULL, NULL),
	(737, 1, 56, 'Inmunoglobulina humana normal', 'A', 'AXJEFFERSON', '2019-09-06 01:29:41', NULL, NULL),
	(738, 1, 8, 'Ácido trans-retinoico (ATRA)', 'A', 'AXJEFFERSON', '2019-09-06 01:29:41', NULL, NULL),
	(739, 1, 59, 'Trióxido de arsénico', 'A', 'AXJEFFERSON', '2019-09-06 01:29:41', NULL, NULL),
	(740, 1, 41, 'Etonogestrel', 'A', 'AXJEFFERSON', '2019-09-06 01:29:41', NULL, NULL),
	(741, 1, 6, 'Ganciclovir', 'A', 'AXJEFFERSON', '2019-09-06 01:29:41', NULL, NULL),
	(742, 1, 3, 'Adalimumab', 'A', 'AXJEFFERSON', '2019-09-06 01:29:41', NULL, NULL),
	(743, 1, 6, 'Inmunoglobulina antitimocítica (conejo)', 'A', 'AXJEFFERSON', '2019-09-06 01:29:41', NULL, NULL),
	(744, 1, 35, 'Fenitoína', 'A', 'AXJEFFERSON', '2019-09-06 01:29:41', NULL, NULL),
	(745, 1, 60, 'Suero antiofídico polivalente (faboterápico)', 'A', 'AXJEFFERSON', '2019-09-06 01:29:41', NULL, NULL),
	(746, 1, 1, 'Ritonavir', 'A', 'AXJEFFERSON', '2019-09-06 01:29:41', NULL, NULL),
	(747, 1, 61, 'Inmunoglobulina Humana Normal para administración Extravascular', 'A', 'AXJEFFERSON', '2019-09-06 01:29:41', NULL, NULL),
	(748, 1, 62, 'Fosfolípidos naturales (Surfactante pulmonar)', 'A', 'AXJEFFERSON', '2019-09-06 01:29:41', NULL, NULL),
	(749, 1, 3, 'Sugammadex', 'A', 'AXJEFFERSON', '2019-09-06 01:29:41', NULL, NULL),
	(750, 1, 43, 'Salmeterol + Fluticasona', 'A', 'AXJEFFERSON', '2019-09-06 01:29:41', NULL, NULL),
	(751, 1, 63, 'Estradiol', 'A', 'AXJEFFERSON', '2019-09-06 01:29:41', NULL, NULL),
	(752, 1, 21, 'Sulfato de Bario, Medios de contraste para rayos x, con agentes de suspensión', 'A', 'AXJEFFERSON', '2019-09-06 01:29:41', NULL, NULL),
	(753, 1, 21, 'Sulfato de Bario, Medios de contraste para rayos x, sin agentes de suspensión', 'A', 'AXJEFFERSON', '2019-09-06 01:29:41', NULL, NULL),
	(754, 1, 44, 'Sulfato de Bario, Medios de contraste para rayos x, sin agentes de suspensión', 'A', 'AXJEFFERSON', '2019-09-06 01:29:41', NULL, NULL),
	(755, 1, 64, 'Sulfato de Bario, Medios de contraste para rayos x, sin agentes de suspensión', 'A', 'AXJEFFERSON', '2019-09-06 01:29:41', NULL, NULL),
	(756, 1, 65, 'Alcohol antiséptico', 'A', 'AXJEFFERSON', '2019-09-06 01:29:41', NULL, NULL),
	(757, 1, 65, 'Agua Oxigenada', 'A', 'AXJEFFERSON', '2019-09-06 01:29:41', NULL, NULL),
	(758, 1, 65, 'Gluconato de Clorhexidina', 'A', 'AXJEFFERSON', '2019-09-06 01:29:41', NULL, NULL),
	(759, 1, 66, 'Fosfolípidos naturales (Surfactante pulmonar)', 'A', 'AXJEFFERSON', '2019-09-06 01:29:41', NULL, NULL);
/*!40000 ALTER TABLE `pr_articulo` ENABLE KEYS */;

-- Volcando estructura para procedimiento bd_farmacia_desa.PR_CREAR_DTOS_MEDIDAS
DELIMITER //
CREATE DEFINER=`farmacia`@`%` PROCEDURE `PR_CREAR_DTOS_MEDIDAS`()
BEGIN
    DECLARE camp1 int;
    DECLARE camp2 INT;
    DECLARE camp3 INT;
    DECLARE camp4 INT;
    DECLARE id1 INT;
    DECLARE done INT DEFAULT FALSE;
    DECLARE cursor_i CURSOR FOR SELECT tm.`id_arti`,tm.`id_sub`,tm.`id_present`,tm.`id_medida` FROM `tmpmedicina3` tm LIMIT 0,1050;
    DECLARE CONTINUE HANDLER FOR NOT FOUND SET done = TRUE;
	SET id1 = 1;
	OPEN cursor_i;
	read_loop: LOOP
	FETCH cursor_i INTO camp1,camp2,camp3,camp4;
	IF done = TRUE THEN
		LEAVE read_loop;
        END IF;
        INSERT INTO `pr_medidas`(`id_articulo`,
				`id_grupo`,
				`id_subgrupo`,
				`id_tipo_presentacion`,
				`id_tipo_medidas`,
				`estado`,
				`usuario_creacion`,
				`fecha_creacion`) 
			VALUES(camp1,
				1,
				camp2,
				camp3,
				camp4,
				'A',
				'AXJEFFERSON',
				SYSDATE()); COMMIT;
	SET id1= id1+1;
        END LOOP read_loop;
	
	CLOSE cursor_i;
    END//
DELIMITER ;

-- Volcando estructura para procedimiento bd_farmacia_desa.PR_CREAR_DTOS_PRODUCTOS
DELIMITER //
CREATE DEFINER=`farmacia`@`%` PROCEDURE `PR_CREAR_DTOS_PRODUCTOS`()
BEGIN
    DECLARE camp1 INT;
    DECLARE camp2 INT;
    DECLARE camp3 INT;
    DECLARE camp4 INT;
    DECLARE camp5 INT;
    declare nombre_prod varchar(190);
    DECLARE id1 INT;
    DECLARE done INT DEFAULT FALSE;
    DECLARE cursor_i CURSOR FOR SELECT m.`id_articulo`,m.`id_grupo`,m.`id_subgrupo`,m.`id_tipo_presentacion`,m.`id_tipo_medidas` FROM `pr_medidas` m LIMIT 0,1050;
    DECLARE CONTINUE HANDLER FOR NOT FOUND SET done = TRUE;
	set nombre_prod = '';
	SET id1 = 1;
	OPEN cursor_i;
	read_loop: LOOP
	FETCH cursor_i INTO camp1,camp2,camp3,camp4,camp5;
	IF done = TRUE THEN
		LEAVE read_loop;
        END IF;
        set nombre_prod = (select FN_CONCAT_PRODUCT(camp1,camp3));
        INSERT INTO `pr_productos`(`id_producto`,
				`id_empresa`,
				`id_articulo`,
				`id_grupo`,
				`id_subgrupo`,
				`id_tipo_presentacion`,
				`id_tipo_medidas`,
				`descontinuado`,
				`nombre_producto`,
				`estado`,
				`usuario_creacion`,
				`fecha_creacion`) 
			VALUES(id1,
				1,
				camp1,
				camp2,
				camp3,
				camp4,
				camp5,
				'NO',
				nombre_prod,
				'A',
				'AXJEFFERSON',
				SYSDATE()); COMMIT;
	SET id1= id1+1;
	set nombre_prod = ''; 
        END LOOP read_loop;
	
	CLOSE cursor_i;
    END//
DELIMITER ;

-- Volcando estructura para procedimiento bd_farmacia_desa.PR_CREAR_TMP_ARTICULOS
DELIMITER //
CREATE DEFINER=`farmacia`@`%` PROCEDURE `PR_CREAR_TMP_ARTICULOS`()
BEGIN
    DECLARE nombre1 VARCHAR(500);
    declare id_sub1 int;
    declare lc_count int;
    DECLARE i INT;
    DECLARE total INT;
    declare LB_bolean int;
    DECLARE cursor_i CURSOR FOR SELECT tmp2.id_subgrupo,tmp2.name FROM tmp2;
	set lc_count=1;
	SET i=1;
	SET total=0;
	SELECT COUNT(*) into total FROM tmp2;
    OPEN cursor_i;
    WHILE i<= total DO
    FETCH cursor_i INTO id_sub1,nombre1;
	
	    INSERT INTO pr_articulo (id_articulo,
				id_grupo,
				id_subgrupo,
				nombre_articulo,
				estado,
				usuario_creacion,
				fecha_creacion)
				VALUES (lc_count,
					1,
					id_sub1,
					nombre1,
					'A',
					'AXJEFFERSON',
					SYSDATE());
					COMMIT;
	set lc_count = lc_count+1;
    END WHILE;
    CLOSE cursor_i;
    
    END//
DELIMITER ;

-- Volcando estructura para procedimiento bd_farmacia_desa.PR_CREAR_TMP_PRESENTACION
DELIMITER //
CREATE DEFINER=`farmacia`@`%` PROCEDURE `PR_CREAR_TMP_PRESENTACION`()
BEGIN
	DECLARE nombre1 VARCHAR(500);
    DECLARE id_sub1 INT;
    DECLARE lc_count INT;
    DECLARE i INT;
    DECLARE total INT;
    DECLARE cursor_i CURSOR FOR SELECT tmppresent.presentacion_comercial FROM `tmppresent`;
	SET lc_count=1;
	SET i=1;
	SET total=0;
	SELECT COUNT(*) INTO total FROM tmppresent;
    OPEN cursor_i;
    WHILE i<= total DO
    FETCH cursor_i INTO nombre1;
	
	    INSERT INTO `pr_tipo_presentacion`( id_tipo_presentacion,
						nombre,
						estado,
						usuario_creacion,
						fecha_creacion)
				VALUES (lc_count,
					nombre1,
					'A',
					'AXJEFFERSON',
					SYSDATE());
					COMMIT;
	SET lc_count = lc_count+1;
    END WHILE;
    CLOSE cursor_i;
    END//
DELIMITER ;

-- Volcando estructura para procedimiento bd_farmacia_desa.PR_CREAR_TMP_TIPO_MEDIDA
DELIMITER //
CREATE DEFINER=`farmacia`@`%` PROCEDURE `PR_CREAR_TMP_TIPO_MEDIDA`()
BEGIN
    DECLARE nombre1 VARCHAR(500);
    DECLARE id_sub1 INT;
    DECLARE lc_count INT;
    DECLARE i INT;
    DECLARE total INT;
    DECLARE cursor_i CURSOR FOR SELECT tmpmedida.concentracion FROM `tmpmedida`;
	SET lc_count=1;
	SET i=1;
	SET total=0;
	SELECT COUNT(*) INTO total FROM tmpmedida;
    OPEN cursor_i;
    WHILE i<= total DO
    FETCH cursor_i INTO nombre1;
	
	    INSERT INTO pr_tipo_medidas(id_tipo_medidas,
					id_empresa,
					nombre_tipo_medida,
					estado,
					usuario_creacion,
					fecha_creacion)
				VALUES (lc_count,
					1,
					nombre1,
					'A',
					'AXJEFFERSON',
					SYSDATE());
					COMMIT;
	SET lc_count = lc_count+1;
    END WHILE;
    CLOSE cursor_i;
    END//
DELIMITER ;

-- Volcando estructura para tabla bd_farmacia_desa.pr_detalle_tarifario
CREATE TABLE IF NOT EXISTS `pr_detalle_tarifario` (
  `id_detalle_tarifario` bigint(20) NOT NULL AUTO_INCREMENT,
  `id_tarifario` bigint(20) DEFAULT NULL,
  `id_empresa` bigint(20) DEFAULT NULL,
  `id_surcusal` bigint(20) DEFAULT NULL,
  `id_prestacion` bigint(20) DEFAULT NULL,
  `id_unidad_servicio` bigint(20) DEFAULT NULL,
  `valor_costo` double(10,7) DEFAULT NULL,
  `valor_min_venta` double(10,7) DEFAULT NULL,
  `valor_venta` double(10,7) DEFAULT NULL,
  `valor_descuento` double(10,7) DEFAULT NULL,
  `estado` varchar(45) DEFAULT NULL,
  `usuario_creacion` varchar(20) DEFAULT NULL,
  `fecha_creacion` datetime DEFAULT NULL,
  `usuario_actualizacion` varchar(20) DEFAULT NULL,
  `fecha_actualizacion` datetime DEFAULT NULL,
  PRIMARY KEY (`id_detalle_tarifario`),
  KEY `id_tarifario` (`id_tarifario`,`id_empresa`,`id_surcusal`),
  CONSTRAINT `pr_detalle_tarifario_ibfk_1` FOREIGN KEY (`id_tarifario`, `id_empresa`, `id_surcusal`) REFERENCES `pr_tarifario` (`id_tarifario`, `id_empresa`, `id_surcusal`)
) ENGINE=InnoDB AUTO_INCREMENT=13 DEFAULT CHARSET=utf8;

-- Volcando datos para la tabla bd_farmacia_desa.pr_detalle_tarifario: ~12 rows (aproximadamente)
/*!40000 ALTER TABLE `pr_detalle_tarifario` DISABLE KEYS */;
INSERT INTO `pr_detalle_tarifario` (`id_detalle_tarifario`, `id_tarifario`, `id_empresa`, `id_surcusal`, `id_prestacion`, `id_unidad_servicio`, `valor_costo`, `valor_min_venta`, `valor_venta`, `valor_descuento`, `estado`, `usuario_creacion`, `fecha_creacion`, `usuario_actualizacion`, `fecha_actualizacion`) VALUES
	(1, 1, 1, 1, 84, 1, 0.0000000, 1.5000000, 2.0000000, 0.0000000, 'I', 'ANTHONY ', NULL, NULL, NULL),
	(2, 1, 1, 1, 84, 1, 2.0000000, 0.8000000, 4.0000000, 20.0000000, 'I', 'ANTHONY ', NULL, NULL, NULL),
	(3, 1, 1, 1, 84, 1, 15.0000000, 2.4000000, 20.0000000, 12.0000000, 'I', 'ANTHONY ', NULL, NULL, NULL),
	(4, 1, 1, 1, 84, 1, 20.0000000, 50.0000000, 200.0000000, 25.0000000, 'I', 'ANTHONY ', NULL, NULL, NULL),
	(5, 1, 1, 1, 84, 1, 50.0000000, 10.0000000, 100.0000000, 10.0000000, 'I', 'ANTHONY ', NULL, NULL, NULL),
	(6, 1, 1, 1, 84, 1, 4.0000000, 8.0000000, 40.0000000, 20.0000000, 'I', 'ANTHONY ', NULL, NULL, NULL),
	(7, 1, 1, 1, 84, 1, 25.0000000, 50.0000000, 100.0000000, 50.0000000, 'I', 'ANTHONY ', NULL, NULL, NULL),
	(8, 1, 1, 1, 84, 1, 100.0000000, 125.0000000, 250.0000000, 50.0000000, 'A', 'ANTHONY ', NULL, NULL, NULL),
	(9, 1, 1, 1, 91, 1, 0.0000000, 2.5000000, 2.0000000, 0.0400000, 'A', 'ANTHONY ', NULL, NULL, NULL),
	(10, 1, 1, 1, 86, 1, 0.0000000, 5.0000000, 3.0000000, 0.3000000, 'A', 'ANTHONY ', NULL, NULL, NULL),
	(11, 1, 1, 1, 85, 1, 0.0000000, 8.0000000, 5.0000000, 2.0000000, 'A', 'ANTHONY ', NULL, NULL, NULL),
	(12, 1, 1, 1, 92, 1, 0.3000000, 0.3700000, 0.3500000, 0.0525000, 'A', 'ANTHONY ', NULL, NULL, NULL);
/*!40000 ALTER TABLE `pr_detalle_tarifario` ENABLE KEYS */;

-- Volcando estructura para tabla bd_farmacia_desa.pr_fabricante
CREATE TABLE IF NOT EXISTS `pr_fabricante` (
  `id_fabricante` bigint(20) NOT NULL AUTO_INCREMENT,
  `nombre` varchar(70) DEFAULT NULL,
  `estado` char(2) DEFAULT NULL,
  `usuario_creacion` varchar(20) DEFAULT NULL,
  `fecha_creacion` datetime DEFAULT NULL,
  `usuario_actualizacion` varchar(20) DEFAULT NULL,
  `fecha_actualizacion` datetime DEFAULT NULL,
  PRIMARY KEY (`id_fabricante`)
) ENGINE=InnoDB AUTO_INCREMENT=4 DEFAULT CHARSET=latin1;

-- Volcando datos para la tabla bd_farmacia_desa.pr_fabricante: ~3 rows (aproximadamente)
/*!40000 ALTER TABLE `pr_fabricante` DISABLE KEYS */;
INSERT INTO `pr_fabricante` (`id_fabricante`, `nombre`, `estado`, `usuario_creacion`, `fecha_creacion`, `usuario_actualizacion`, `fecha_actualizacion`) VALUES
	(1, 'PRONACA', 'A', '1', '2019-04-29 00:00:00', NULL, NULL),
	(2, 'AVON', 'A', NULL, NULL, NULL, NULL),
	(3, 'BAYER', 'A', NULL, NULL, NULL, NULL);
/*!40000 ALTER TABLE `pr_fabricante` ENABLE KEYS */;

-- Volcando estructura para tabla bd_farmacia_desa.pr_grupos
CREATE TABLE IF NOT EXISTS `pr_grupos` (
  `id_grupo` bigint(20) NOT NULL AUTO_INCREMENT,
  `id_empresa` bigint(20) DEFAULT NULL,
  `nombre` varchar(60) DEFAULT NULL,
  `estado` char(2) DEFAULT NULL,
  `usuario_creacion` varchar(20) DEFAULT NULL,
  `fecha_creacion` datetime DEFAULT NULL,
  `usuario_actualizacion` varchar(20) DEFAULT NULL,
  `fecha_actualizacion` datetime DEFAULT NULL,
  PRIMARY KEY (`id_grupo`),
  KEY `fk_empresa_grupo$1` (`id_empresa`),
  CONSTRAINT `fk_empresa_grupo$1` FOREIGN KEY (`id_empresa`) REFERENCES `se_empresa` (`id_empresa`)
) ENGINE=InnoDB AUTO_INCREMENT=9 DEFAULT CHARSET=utf8;

-- Volcando datos para la tabla bd_farmacia_desa.pr_grupos: ~5 rows (aproximadamente)
/*!40000 ALTER TABLE `pr_grupos` DISABLE KEYS */;
INSERT INTO `pr_grupos` (`id_grupo`, `id_empresa`, `nombre`, `estado`, `usuario_creacion`, `fecha_creacion`, `usuario_actualizacion`, `fecha_actualizacion`) VALUES
	(1, 1, 'MEDICINA', 'A', '1', '2019-04-18 15:42:36', '1', '2019-04-23 15:42:36'),
	(2, 1, 'BEBIDAS', 'A', '1', '2019-04-26 17:07:31', '1', '2019-05-07 18:24:12'),
	(3, 1, 'OTROS', 'A', '1', '2019-04-29 19:56:33', '1', '2019-04-29 19:56:33'),
	(5, 1, 'COMIDA', 'A', '1', '2019-05-07 16:15:51', '1', '2019-05-07 16:15:51'),
	(8, 1, 'GLIBENCAMIDA', 'A', NULL, '2019-05-21 21:37:45', NULL, '2019-05-21 21:37:45');
/*!40000 ALTER TABLE `pr_grupos` ENABLE KEYS */;

-- Volcando estructura para procedimiento bd_farmacia_desa.PR_ITSG_DATOS_SUBGRUPOS
DELIMITER //
CREATE DEFINER=`farmacia`@`%` PROCEDURE `PR_ITSG_DATOS_SUBGRUPOS`()
BEGIN
    DECLARE id_sub1 BIGINT;
    DECLARE nombre1 VARCHAR(100);
    DECLARE id_count INT;
    DECLARE done INT DEFAULT FALSE;
    DECLARE cursor_i CURSOR FOR SELECT id_sub,nombre FROM `tmp_subgrupo`;
    DECLARE CONTINUE HANDLER FOR NOT FOUND SET done = TRUE;
    
	OPEN cursor_i;
	read_loop: LOOP
	FETCH cursor_i INTO id_sub1, nombre1;
	IF done = TRUE THEN
		LEAVE read_loop;
        END IF;
        -- INSERT INTO table_b(id_tipo_persona, nombre,estado) VALUES(id_persona, nombre1,estado1);
	SELECT COUNT(*) INTO id_count FROM `pr_subgrupos` WHERE pr_subgrupos.`id_subgrupo`= id_sub1;
	
	IF  id_count > 0 THEN
		UPDATE pr_subgrupos SET pr_subgrupos.`nombre` = nombre1 WHERE pr_subgrupos.`id_subgrupo`=id_sub1;
	ELSE
		INSERT INTO pr_subgrupos(`id_grupo`,
					`id_empresa`,
					`nombre`,
					`estado`,
					`usuario_creacion`,
					`fecha_creacion`)
				values(1,
					1,
					nombre1,
					'A',
					'AXJEFFERSON',
					SYSDATE());
					COMMIT;
	END IF;
        END LOOP read_loop;
	
	CLOSE cursor_i;
    END//
DELIMITER ;

-- Volcando estructura para tabla bd_farmacia_desa.pr_medidas
CREATE TABLE IF NOT EXISTS `pr_medidas` (
  `id_articulo` bigint(20) NOT NULL,
  `id_grupo` bigint(20) NOT NULL,
  `id_subgrupo` bigint(20) NOT NULL,
  `id_tipo_presentacion` bigint(20) NOT NULL,
  `id_tipo_medidas` bigint(20) NOT NULL,
  `estado` char(2) DEFAULT NULL,
  `usuario_creacion` varchar(20) DEFAULT NULL,
  `fecha_creacion` datetime DEFAULT NULL,
  `usuario_actualizacion` varchar(20) DEFAULT NULL,
  `fecha_actualizacion` datetime DEFAULT NULL,
  PRIMARY KEY (`id_articulo`,`id_grupo`,`id_subgrupo`,`id_tipo_presentacion`,`id_tipo_medidas`),
  KEY `fk_tipoPre_medi$2` (`id_tipo_presentacion`),
  KEY `fk_tipoMed_medi$3_idx` (`id_tipo_medidas`),
  CONSTRAINT `fk_articulo_medid$1` FOREIGN KEY (`id_articulo`, `id_grupo`, `id_subgrupo`) REFERENCES `pr_articulo` (`id_articulo`, `id_grupo`, `id_subgrupo`) ON DELETE NO ACTION ON UPDATE NO ACTION,
  CONSTRAINT `fk_tipoMed_medi$3` FOREIGN KEY (`id_tipo_medidas`) REFERENCES `pr_tipo_medidas` (`id_tipo_medidas`) ON DELETE NO ACTION ON UPDATE NO ACTION,
  CONSTRAINT `fk_tipoPre_medi$2` FOREIGN KEY (`id_tipo_presentacion`) REFERENCES `pr_tipo_presentacion` (`id_tipo_presentacion`)
) ENGINE=InnoDB DEFAULT CHARSET=utf8;

-- Volcando datos para la tabla bd_farmacia_desa.pr_medidas: ~1.027 rows (aproximadamente)
/*!40000 ALTER TABLE `pr_medidas` DISABLE KEYS */;
INSERT INTO `pr_medidas` (`id_articulo`, `id_grupo`, `id_subgrupo`, `id_tipo_presentacion`, `id_tipo_medidas`, `estado`, `usuario_creacion`, `fecha_creacion`, `usuario_actualizacion`, `fecha_actualizacion`) VALUES
	(1, 1, 1, 1, 1, 'A', 'AXJEFFERSON', '2019-09-06 06:12:00', NULL, NULL),
	(2, 1, 2, 2, 2, 'A', 'AXJEFFERSON', '2019-09-06 06:12:00', NULL, NULL),
	(3, 1, 3, 3, 3, 'A', 'AXJEFFERSON', '2019-09-06 06:12:00', NULL, NULL),
	(4, 1, 4, 3, 4, 'A', 'AXJEFFERSON', '2019-09-06 06:12:00', NULL, NULL),
	(5, 1, 5, 4, 5, 'A', 'AXJEFFERSON', '2019-09-06 06:12:00', NULL, NULL),
	(6, 1, 2, 2, 6, 'A', 'AXJEFFERSON', '2019-09-06 06:12:00', NULL, NULL),
	(6, 1, 2, 2, 7, 'A', 'AXJEFFERSON', '2019-09-06 06:12:00', NULL, NULL),
	(6, 1, 2, 2, 8, 'A', 'AXJEFFERSON', '2019-09-06 06:12:00', NULL, NULL),
	(7, 1, 6, 5, 2, 'A', 'AXJEFFERSON', '2019-09-06 06:12:00', NULL, NULL),
	(8, 1, 7, 2, 8, 'A', 'AXJEFFERSON', '2019-09-06 06:12:00', NULL, NULL),
	(9, 1, 8, 2, 6, 'A', 'AXJEFFERSON', '2019-09-06 06:12:00', NULL, NULL),
	(10, 1, 9, 6, 9, 'A', 'AXJEFFERSON', '2019-09-06 06:12:00', NULL, NULL),
	(11, 1, 1, 2, 6, 'A', 'AXJEFFERSON', '2019-09-06 06:12:00', NULL, NULL),
	(12, 1, 10, 7, 10, 'A', 'AXJEFFERSON', '2019-09-06 06:12:00', NULL, NULL),
	(13, 1, 2, 2, 10, 'A', 'AXJEFFERSON', '2019-09-06 06:12:00', NULL, NULL),
	(13, 1, 2, 2, 11, 'A', 'AXJEFFERSON', '2019-09-06 06:12:00', NULL, NULL),
	(14, 1, 1, 2, 11, 'A', 'AXJEFFERSON', '2019-09-06 06:12:00', NULL, NULL),
	(15, 1, 11, 2, 10, 'A', 'AXJEFFERSON', '2019-09-06 06:12:00', NULL, NULL),
	(16, 1, 1, 2, 12, 'A', 'AXJEFFERSON', '2019-09-06 06:12:00', NULL, NULL),
	(17, 1, 2, 2, 12, 'A', 'AXJEFFERSON', '2019-09-06 06:12:00', NULL, NULL),
	(18, 1, 3, 8, 3, 'A', 'AXJEFFERSON', '2019-09-06 06:12:00', NULL, NULL),
	(19, 1, 2, 1, 1, 'A', 'apiguave', '2019-10-16 00:00:00', NULL, NULL),
	(19, 1, 2, 9, 13, 'A', 'AXJEFFERSON', '2019-09-06 06:12:00', NULL, NULL),
	(19, 1, 2, 9, 14, 'A', 'AXJEFFERSON', '2019-09-06 06:12:00', NULL, NULL),
	(20, 1, 12, 10, 15, 'A', 'AXJEFFERSON', '2019-09-06 06:12:00', NULL, NULL),
	(21, 1, 13, 11, 7, 'A', 'AXJEFFERSON', '2019-09-06 06:12:00', NULL, NULL),
	(22, 1, 1, 2, 2, 'A', 'AXJEFFERSON', '2019-09-06 06:12:00', NULL, NULL),
	(22, 1, 1, 2, 10, 'A', 'AXJEFFERSON', '2019-09-06 06:12:00', NULL, NULL),
	(23, 1, 3, 12, 3, 'A', 'AXJEFFERSON', '2019-09-06 06:12:00', NULL, NULL),
	(24, 1, 1, 9, 10, 'A', 'AXJEFFERSON', '2019-09-06 06:12:00', NULL, NULL),
	(25, 1, 14, 11, 16, 'A', 'AXJEFFERSON', '2019-09-06 06:12:00', NULL, NULL),
	(26, 1, 14, 11, 17, 'A', 'AXJEFFERSON', '2019-09-06 06:12:00', NULL, NULL),
	(27, 1, 15, 13, 18, 'A', 'AXJEFFERSON', '2019-09-06 06:12:00', NULL, NULL),
	(28, 1, 6, 14, 19, 'A', 'AXJEFFERSON', '2019-09-06 06:12:00', NULL, NULL),
	(29, 1, 6, 15, 20, 'A', 'AXJEFFERSON', '2019-09-06 06:12:00', NULL, NULL),
	(30, 1, 16, 6, 21, 'A', 'AXJEFFERSON', '2019-09-06 06:12:00', NULL, NULL),
	(31, 1, 3, 16, 22, 'A', 'AXJEFFERSON', '2019-09-06 06:12:00', NULL, NULL),
	(32, 1, 3, 17, 23, 'A', 'AXJEFFERSON', '2019-09-06 06:12:00', NULL, NULL),
	(32, 1, 3, 17, 24, 'A', 'AXJEFFERSON', '2019-09-06 06:12:00', NULL, NULL),
	(33, 1, 3, 18, 25, 'A', 'AXJEFFERSON', '2019-09-06 06:12:00', NULL, NULL),
	(34, 1, 5, 19, 26, 'A', 'AXJEFFERSON', '2019-09-06 06:12:00', NULL, NULL),
	(35, 1, 11, 20, 8, 'A', 'AXJEFFERSON', '2019-09-06 06:12:00', NULL, NULL),
	(36, 1, 2, 2, 8, 'A', 'AXJEFFERSON', '2019-09-06 06:12:00', NULL, NULL),
	(37, 1, 17, 21, 27, 'A', 'AXJEFFERSON', '2019-09-06 06:12:00', NULL, NULL),
	(38, 1, 2, 2, 1, 'A', 'AXJEFFERSON', '2019-09-06 06:12:00', NULL, NULL),
	(38, 1, 2, 2, 11, 'A', 'AXJEFFERSON', '2019-09-06 06:12:00', NULL, NULL),
	(39, 1, 2, 2, 28, 'A', 'AXJEFFERSON', '2019-09-06 06:12:00', NULL, NULL),
	(39, 1, 2, 2, 29, 'A', 'AXJEFFERSON', '2019-09-06 06:12:00', NULL, NULL),
	(40, 1, 1, 2, 28, 'A', 'AXJEFFERSON', '2019-09-06 06:12:00', NULL, NULL),
	(40, 1, 1, 2, 29, 'A', 'AXJEFFERSON', '2019-09-06 06:12:00', NULL, NULL),
	(41, 1, 18, 2, 30, 'A', 'AXJEFFERSON', '2019-09-06 06:12:00', NULL, NULL),
	(42, 1, 19, 22, 31, 'A', 'AXJEFFERSON', '2019-09-06 06:12:00', NULL, NULL),
	(43, 1, 6, 23, 10, 'A', 'AXJEFFERSON', '2019-09-06 06:12:00', NULL, NULL),
	(44, 1, 20, 16, 32, 'A', 'AXJEFFERSON', '2019-09-06 06:12:00', NULL, NULL),
	(44, 1, 20, 24, 33, 'A', 'AXJEFFERSON', '2019-09-06 06:12:00', NULL, NULL),
	(45, 1, 3, 25, 34, 'A', 'AXJEFFERSON', '2019-09-06 06:12:00', NULL, NULL),
	(45, 1, 3, 26, 35, 'A', 'AXJEFFERSON', '2019-09-06 06:12:00', NULL, NULL),
	(45, 1, 3, 26, 36, 'A', 'AXJEFFERSON', '2019-09-06 06:12:00', NULL, NULL),
	(46, 1, 3, 27, 37, 'A', 'AXJEFFERSON', '2019-09-06 06:12:00', NULL, NULL),
	(47, 1, 1, 2, 6, 'A', 'AXJEFFERSON', '2019-09-06 06:12:00', NULL, NULL),
	(48, 1, 3, 3, 32, 'A', 'AXJEFFERSON', '2019-09-06 06:12:00', NULL, NULL),
	(49, 1, 2, 2, 6, 'A', 'AXJEFFERSON', '2019-09-06 06:12:00', NULL, NULL),
	(50, 1, 2, 2, 38, 'A', 'AXJEFFERSON', '2019-09-06 06:12:00', NULL, NULL),
	(50, 1, 2, 2, 39, 'A', 'AXJEFFERSON', '2019-09-06 06:12:00', NULL, NULL),
	(51, 1, 1, 2, 39, 'A', 'AXJEFFERSON', '2019-09-06 06:12:00', NULL, NULL),
	(52, 1, 2, 2, 13, 'A', 'AXJEFFERSON', '2019-09-06 06:12:00', NULL, NULL),
	(52, 1, 2, 2, 38, 'A', 'AXJEFFERSON', '2019-09-06 06:12:00', NULL, NULL),
	(53, 1, 21, 28, 3, 'A', 'AXJEFFERSON', '2019-09-06 06:12:00', NULL, NULL),
	(53, 1, 21, 29, 18, 'A', 'AXJEFFERSON', '2019-09-06 06:12:00', NULL, NULL),
	(54, 1, 1, 2, 10, 'A', 'AXJEFFERSON', '2019-09-06 06:12:00', NULL, NULL),
	(55, 1, 2, 2, 10, 'A', 'AXJEFFERSON', '2019-09-06 06:12:00', NULL, NULL),
	(56, 1, 8, 30, 10, 'A', 'AXJEFFERSON', '2019-09-06 06:12:00', NULL, NULL),
	(57, 1, 21, 4, 40, 'A', 'AXJEFFERSON', '2019-09-06 06:12:00', NULL, NULL),
	(57, 1, 21, 31, 41, 'A', 'AXJEFFERSON', '2019-09-06 06:12:00', NULL, NULL),
	(58, 1, 6, 5, 42, 'A', 'AXJEFFERSON', '2019-09-06 06:12:00', NULL, NULL),
	(59, 1, 1, 32, 43, 'A', 'AXJEFFERSON', '2019-09-06 06:12:00', NULL, NULL),
	(60, 1, 6, 33, 10, 'A', 'AXJEFFERSON', '2019-09-06 06:12:00', NULL, NULL),
	(60, 1, 6, 33, 44, 'A', 'AXJEFFERSON', '2019-09-06 06:12:00', NULL, NULL),
	(61, 1, 1, 34, 45, 'A', 'AXJEFFERSON', '2019-09-06 06:12:00', NULL, NULL),
	(61, 1, 1, 359, 46, 'A', 'AXJEFFERSON', '2019-09-06 06:12:00', NULL, NULL),
	(62, 1, 2, 34, 45, 'A', 'AXJEFFERSON', '2019-09-06 06:12:00', NULL, NULL),
	(62, 1, 2, 34, 46, 'A', 'AXJEFFERSON', '2019-09-06 06:12:00', NULL, NULL),
	(63, 1, 6, 35, 47, 'A', 'AXJEFFERSON', '2019-09-06 06:12:00', NULL, NULL),
	(64, 1, 6, 23, 48, 'A', 'AXJEFFERSON', '2019-09-06 06:12:00', NULL, NULL),
	(65, 1, 22, 36, 49, 'A', 'AXJEFFERSON', '2019-09-06 06:12:00', NULL, NULL),
	(66, 1, 2, 2, 50, 'A', 'AXJEFFERSON', '2019-09-06 06:12:00', NULL, NULL),
	(67, 1, 6, 37, 51, 'A', 'AXJEFFERSON', '2019-09-06 06:12:00', NULL, NULL),
	(68, 1, 8, 11, 6, 'A', 'AXJEFFERSON', '2019-09-06 06:12:00', NULL, NULL),
	(68, 1, 8, 11, 52, 'A', 'AXJEFFERSON', '2019-09-06 06:12:00', NULL, NULL),
	(69, 1, 2, 2, 11, 'A', 'AXJEFFERSON', '2019-09-06 06:12:00', NULL, NULL),
	(69, 1, 2, 2, 48, 'A', 'AXJEFFERSON', '2019-09-06 06:12:00', NULL, NULL),
	(70, 1, 3, 38, 53, 'A', 'AXJEFFERSON', '2019-09-06 06:12:00', NULL, NULL),
	(71, 1, 23, 39, 54, 'A', 'AXJEFFERSON', '2019-09-06 06:12:00', NULL, NULL),
	(71, 1, 23, 39, 55, 'A', 'AXJEFFERSON', '2019-09-06 06:12:00', NULL, NULL),
	(72, 1, 6, 23, 11, 'A', 'AXJEFFERSON', '2019-09-06 06:12:00', NULL, NULL),
	(73, 1, 2, 2, 48, 'A', 'AXJEFFERSON', '2019-09-06 06:12:00', NULL, NULL),
	(74, 1, 8, 2, 2, 'A', 'AXJEFFERSON', '2019-09-06 06:12:00', NULL, NULL),
	(74, 1, 8, 2, 10, 'A', 'AXJEFFERSON', '2019-09-06 06:12:00', NULL, NULL),
	(75, 1, 1, 2, 10, 'A', 'AXJEFFERSON', '2019-09-06 06:12:00', NULL, NULL),
	(76, 1, 21, 40, 5, 'A', 'AXJEFFERSON', '2019-09-06 06:12:00', NULL, NULL),
	(77, 1, 6, 41, 56, 'A', 'AXJEFFERSON', '2019-09-06 06:12:00', NULL, NULL),
	(77, 1, 6, 121, 38, 'A', 'AXJEFFERSON', '2019-09-06 06:12:00', NULL, NULL),
	(78, 1, 24, 42, 57, 'A', 'AXJEFFERSON', '2019-09-06 06:12:00', NULL, NULL),
	(78, 1, 24, 42, 58, 'A', 'AXJEFFERSON', '2019-09-06 06:12:00', NULL, NULL),
	(79, 1, 6, 43, 59, 'A', 'AXJEFFERSON', '2019-09-06 06:12:00', NULL, NULL),
	(79, 1, 6, 43, 60, 'A', 'AXJEFFERSON', '2019-09-06 06:12:00', NULL, NULL),
	(80, 1, 6, 5, 63, 'A', 'AXJEFFERSON', '2019-09-06 06:12:00', NULL, NULL),
	(80, 1, 6, 33, 61, 'A', 'AXJEFFERSON', '2019-09-06 06:12:00', NULL, NULL),
	(80, 1, 6, 43, 62, 'A', 'AXJEFFERSON', '2019-09-06 06:12:00', NULL, NULL),
	(81, 1, 2, 2, 11, 'A', 'AXJEFFERSON', '2019-09-06 06:12:00', NULL, NULL),
	(81, 1, 2, 11, 48, 'A', 'AXJEFFERSON', '2019-09-06 06:12:00', NULL, NULL),
	(82, 1, 3, 44, 64, 'A', 'AXJEFFERSON', '2019-09-06 06:12:00', NULL, NULL),
	(83, 1, 25, 45, 65, 'A', 'AXJEFFERSON', '2019-09-06 06:12:00', NULL, NULL),
	(83, 1, 25, 330, 21, 'A', 'AXJEFFERSON', '2019-09-06 06:12:00', NULL, NULL),
	(84, 1, 26, 46, 65, 'A', 'AXJEFFERSON', '2019-09-06 06:12:00', NULL, NULL),
	(85, 1, 12, 47, 21, 'A', 'AXJEFFERSON', '2019-09-06 06:12:00', NULL, NULL),
	(85, 1, 12, 47, 65, 'A', 'AXJEFFERSON', '2019-09-06 06:12:00', NULL, NULL),
	(86, 1, 3, 48, 37, 'A', 'AXJEFFERSON', '2019-09-06 06:12:00', NULL, NULL),
	(87, 1, 3, 44, 66, 'A', 'AXJEFFERSON', '2019-09-06 06:12:00', NULL, NULL),
	(88, 1, 2, 2, 19, 'A', 'AXJEFFERSON', '2019-09-06 06:12:00', NULL, NULL),
	(88, 1, 2, 2, 67, 'A', 'AXJEFFERSON', '2019-09-06 06:12:00', NULL, NULL),
	(89, 1, 6, 49, 68, 'A', 'AXJEFFERSON', '2019-09-06 06:12:00', NULL, NULL),
	(90, 1, 3, 50, 69, 'A', 'AXJEFFERSON', '2019-09-06 06:12:00', NULL, NULL),
	(90, 1, 3, 51, 55, 'A', 'AXJEFFERSON', '2019-09-06 06:12:00', NULL, NULL),
	(91, 1, 3, 52, 69, 'A', 'AXJEFFERSON', '2019-09-06 06:12:00', NULL, NULL),
	(91, 1, 3, 53, 55, 'A', 'AXJEFFERSON', '2019-09-06 06:12:00', NULL, NULL),
	(92, 1, 27, 54, 70, 'A', 'AXJEFFERSON', '2019-09-06 06:12:00', NULL, NULL),
	(93, 1, 28, 2, 71, 'A', 'AXJEFFERSON', '2019-09-06 06:12:00', NULL, NULL),
	(94, 1, 3, 44, 72, 'A', 'AXJEFFERSON', '2019-09-06 06:12:00', NULL, NULL),
	(95, 1, 3, 44, 73, 'A', 'AXJEFFERSON', '2019-09-06 06:12:00', NULL, NULL),
	(96, 1, 2, 9, 30, 'A', 'AXJEFFERSON', '2019-09-06 06:12:00', NULL, NULL),
	(97, 1, 2, 9, 10, 'A', 'AXJEFFERSON', '2019-09-06 06:12:00', NULL, NULL),
	(98, 1, 11, 2, 10, 'A', 'AXJEFFERSON', '2019-09-06 06:12:00', NULL, NULL),
	(99, 1, 3, 27, 34, 'A', 'AXJEFFERSON', '2019-09-06 06:12:00', NULL, NULL),
	(100, 1, 26, 55, 74, 'A', 'AXJEFFERSON', '2019-09-06 06:12:00', NULL, NULL),
	(101, 1, 8, 2, 75, 'A', 'AXJEFFERSON', '2019-09-06 06:12:00', NULL, NULL),
	(102, 1, 1, 9, 10, 'A', 'AXJEFFERSON', '2019-09-06 06:12:00', NULL, NULL),
	(103, 1, 6, 23, 76, 'A', 'AXJEFFERSON', '2019-09-06 06:12:00', NULL, NULL),
	(104, 1, 18, 30, 8, 'A', 'AXJEFFERSON', '2019-09-06 06:12:00', NULL, NULL),
	(105, 1, 5, 13, 26, 'A', 'AXJEFFERSON', '2019-09-06 06:12:00', NULL, NULL),
	(106, 1, 2, 30, 6, 'A', 'AXJEFFERSON', '2019-09-06 06:12:00', NULL, NULL),
	(107, 1, 1, 2, 8, 'A', 'AXJEFFERSON', '2019-09-06 06:12:00', NULL, NULL),
	(108, 1, 6, 23, 52, 'A', 'AXJEFFERSON', '2019-09-06 06:12:00', NULL, NULL),
	(108, 1, 6, 23, 77, 'A', 'AXJEFFERSON', '2019-09-06 06:12:00', NULL, NULL),
	(109, 1, 3, 56, 78, 'A', 'AXJEFFERSON', '2019-09-06 06:12:00', NULL, NULL),
	(110, 1, 2, 2, 39, 'A', 'AXJEFFERSON', '2019-09-06 06:12:00', NULL, NULL),
	(110, 1, 2, 2, 79, 'A', 'AXJEFFERSON', '2019-09-06 06:12:00', NULL, NULL),
	(110, 1, 2, 2, 80, 'A', 'AXJEFFERSON', '2019-09-06 06:12:00', NULL, NULL),
	(111, 1, 6, 23, 12, 'A', 'AXJEFFERSON', '2019-09-06 06:12:00', NULL, NULL),
	(111, 1, 6, 23, 48, 'A', 'AXJEFFERSON', '2019-09-06 06:12:00', NULL, NULL),
	(112, 1, 21, 57, 18, 'A', 'AXJEFFERSON', '2019-09-06 06:12:00', NULL, NULL),
	(113, 1, 8, 2, 10, 'A', 'AXJEFFERSON', '2019-09-06 06:12:00', NULL, NULL),
	(114, 1, 6, 5, 76, 'A', 'AXJEFFERSON', '2019-09-06 06:12:00', NULL, NULL),
	(115, 1, 6, 5, 76, 'A', 'AXJEFFERSON', '2019-09-06 06:12:00', NULL, NULL),
	(116, 1, 6, 58, 10, 'A', 'AXJEFFERSON', '2019-09-06 06:12:00', NULL, NULL),
	(116, 1, 6, 58, 81, 'A', 'AXJEFFERSON', '2019-09-06 06:12:00', NULL, NULL),
	(117, 1, 6, 5, 81, 'A', 'AXJEFFERSON', '2019-09-06 06:12:00', NULL, NULL),
	(117, 1, 6, 23, 10, 'A', 'AXJEFFERSON', '2019-09-06 06:12:00', NULL, NULL),
	(118, 1, 6, 23, 10, 'A', 'AXJEFFERSON', '2019-09-06 06:12:00', NULL, NULL),
	(118, 1, 6, 23, 76, 'A', 'AXJEFFERSON', '2019-09-06 06:12:00', NULL, NULL),
	(119, 1, 2, 30, 48, 'A', 'AXJEFFERSON', '2019-09-06 06:12:00', NULL, NULL),
	(120, 1, 8, 59, 2, 'A', 'AXJEFFERSON', '2019-09-06 06:12:00', NULL, NULL),
	(121, 1, 8, 2, 11, 'A', 'AXJEFFERSON', '2019-09-06 06:12:00', NULL, NULL),
	(121, 1, 8, 2, 39, 'A', 'AXJEFFERSON', '2019-09-06 06:12:00', NULL, NULL),
	(121, 1, 8, 2, 48, 'A', 'AXJEFFERSON', '2019-09-06 06:12:00', NULL, NULL),
	(122, 1, 14, 60, 3, 'A', 'AXJEFFERSON', '2019-09-06 06:12:00', NULL, NULL),
	(123, 1, 23, 61, 82, 'A', 'AXJEFFERSON', '2019-09-06 06:12:00', NULL, NULL),
	(124, 1, 18, 59, 10, 'A', 'AXJEFFERSON', '2019-09-06 06:12:00', NULL, NULL),
	(125, 1, 20, 62, 83, 'A', 'AXJEFFERSON', '2019-09-06 06:12:00', NULL, NULL),
	(126, 1, 8, 2, 10, 'A', 'AXJEFFERSON', '2019-09-06 06:12:00', NULL, NULL),
	(127, 1, 1, 30, 10, 'A', 'AXJEFFERSON', '2019-09-06 06:12:00', NULL, NULL),
	(128, 1, 3, 63, 84, 'A', 'AXJEFFERSON', '2019-09-06 06:12:00', NULL, NULL),
	(128, 1, 3, 64, 53, 'A', 'AXJEFFERSON', '2019-09-06 06:12:00', NULL, NULL),
	(129, 1, 6, 5, 38, 'A', 'AXJEFFERSON', '2019-09-06 06:12:00', NULL, NULL),
	(129, 1, 6, 5, 48, 'A', 'AXJEFFERSON', '2019-09-06 06:12:00', NULL, NULL),
	(130, 1, 6, 5, 10, 'A', 'AXJEFFERSON', '2019-09-06 06:12:00', NULL, NULL),
	(130, 1, 6, 5, 11, 'A', 'AXJEFFERSON', '2019-09-06 06:12:00', NULL, NULL),
	(130, 1, 6, 5, 76, 'A', 'AXJEFFERSON', '2019-09-06 06:12:00', NULL, NULL),
	(131, 1, 2, 2, 10, 'A', 'AXJEFFERSON', '2019-09-06 06:12:00', NULL, NULL),
	(132, 1, 21, 65, 85, 'A', 'AXJEFFERSON', '2019-09-06 06:12:00', NULL, NULL),
	(132, 1, 21, 66, 18, 'A', 'AXJEFFERSON', '2019-09-06 06:12:00', NULL, NULL),
	(133, 1, 6, 5, 10, 'A', 'AXJEFFERSON', '2019-09-06 06:12:00', NULL, NULL),
	(134, 1, 1, 2, 10, 'A', 'AXJEFFERSON', '2019-09-06 06:12:00', NULL, NULL),
	(135, 1, 8, 2, 1, 'A', 'AXJEFFERSON', '2019-09-06 06:12:00', NULL, NULL),
	(136, 1, 20, 67, 86, 'A', 'AXJEFFERSON', '2019-09-06 06:12:00', NULL, NULL),
	(137, 1, 8, 30, 11, 'A', 'AXJEFFERSON', '2019-09-06 06:12:00', NULL, NULL),
	(138, 1, 2, 2, 48, 'A', 'AXJEFFERSON', '2019-09-06 06:12:00', NULL, NULL),
	(139, 1, 2, 2, 30, 'A', 'AXJEFFERSON', '2019-09-06 06:12:00', NULL, NULL),
	(139, 1, 2, 2, 67, 'A', 'AXJEFFERSON', '2019-09-06 06:12:00', NULL, NULL),
	(140, 1, 7, 2, 14, 'A', 'AXJEFFERSON', '2019-09-06 06:12:00', NULL, NULL),
	(140, 1, 7, 2, 30, 'A', 'AXJEFFERSON', '2019-09-06 06:12:00', NULL, NULL),
	(140, 1, 7, 2, 67, 'A', 'AXJEFFERSON', '2019-09-06 06:12:00', NULL, NULL),
	(141, 1, 14, 68, 87, 'A', 'AXJEFFERSON', '2019-09-06 06:12:00', NULL, NULL),
	(142, 1, 1, 2, 1, 'A', 'AXJEFFERSON', '2019-09-06 06:12:00', NULL, NULL),
	(142, 1, 1, 30, 88, 'A', 'AXJEFFERSON', '2019-09-06 06:12:00', NULL, NULL),
	(143, 1, 2, 30, 67, 'A', 'AXJEFFERSON', '2019-09-06 06:12:00', NULL, NULL),
	(144, 1, 23, 61, 55, 'A', 'AXJEFFERSON', '2019-09-06 06:12:00', NULL, NULL),
	(144, 1, 23, 61, 241, 'A', 'AXJEFFERSON', '2019-09-06 06:12:00', NULL, NULL),
	(145, 1, 9, 6, 54, 'A', 'AXJEFFERSON', '2019-09-06 06:12:00', NULL, NULL),
	(146, 1, 2, 2, 2, 'A', 'AXJEFFERSON', '2019-09-06 06:12:00', NULL, NULL),
	(147, 1, 2, 2, 39, 'A', 'AXJEFFERSON', '2019-09-06 06:12:00', NULL, NULL),
	(148, 1, 1, 30, 11, 'A', 'AXJEFFERSON', '2019-09-06 06:12:00', NULL, NULL),
	(149, 1, 3, 16, 89, 'A', 'AXJEFFERSON', '2019-09-06 06:12:00', NULL, NULL),
	(150, 1, 2, 2, 39, 'A', 'AXJEFFERSON', '2019-09-06 06:12:00', NULL, NULL),
	(150, 1, 2, 2, 48, 'A', 'AXJEFFERSON', '2019-09-06 06:12:00', NULL, NULL),
	(151, 1, 29, 69, 10, 'A', 'AXJEFFERSON', '2019-09-06 06:12:00', NULL, NULL),
	(151, 1, 29, 75, 11, 'A', 'AXJEFFERSON', '2019-09-06 06:12:00', NULL, NULL),
	(151, 1, 29, 76, 6, 'A', 'AXJEFFERSON', '2019-09-06 06:12:00', NULL, NULL),
	(152, 1, 30, 70, 54, 'A', 'AXJEFFERSON', '2019-09-06 06:12:00', NULL, NULL),
	(153, 1, 31, 71, 54, 'A', 'AXJEFFERSON', '2019-09-06 06:12:00', NULL, NULL),
	(153, 1, 31, 72, 15, 'A', 'AXJEFFERSON', '2019-09-06 06:12:00', NULL, NULL),
	(154, 1, 32, 73, 10, 'A', 'AXJEFFERSON', '2019-09-06 06:12:00', NULL, NULL),
	(154, 1, 32, 77, 6, 'A', 'AXJEFFERSON', '2019-09-06 06:12:00', NULL, NULL),
	(154, 1, 32, 77, 11, 'A', 'AXJEFFERSON', '2019-09-06 06:12:00', NULL, NULL),
	(155, 1, 12, 74, 54, 'A', 'AXJEFFERSON', '2019-09-06 06:12:00', NULL, NULL),
	(156, 1, 2, 30, 38, 'A', 'AXJEFFERSON', '2019-09-06 06:12:00', NULL, NULL),
	(156, 1, 2, 30, 201, 'A', 'AXJEFFERSON', '2019-09-06 06:12:00', NULL, NULL),
	(157, 1, 15, 13, 90, 'A', 'AXJEFFERSON', '2019-09-06 06:12:00', NULL, NULL),
	(158, 1, 2, 78, 30, 'A', 'AXJEFFERSON', '2019-09-06 06:12:00', NULL, NULL),
	(159, 1, 6, 79, 11, 'A', 'AXJEFFERSON', '2019-09-06 06:12:00', NULL, NULL),
	(160, 1, 33, 2, 25, 'A', 'AXJEFFERSON', '2019-09-06 06:12:00', NULL, NULL),
	(161, 1, 1, 2, 25, 'A', 'AXJEFFERSON', '2019-09-06 06:12:00', NULL, NULL),
	(162, 1, 3, 81, 92, 'A', 'AXJEFFERSON', '2019-09-06 06:12:00', NULL, NULL),
	(163, 1, 8, 2, 25, 'A', 'AXJEFFERSON', '2019-09-06 06:12:00', NULL, NULL),
	(164, 1, 5, 4, 93, 'A', 'AXJEFFERSON', '2019-09-06 06:12:00', NULL, NULL),
	(165, 1, 2, 82, 94, 'A', 'AXJEFFERSON', '2019-09-06 06:12:00', NULL, NULL),
	(165, 1, 2, 82, 95, 'A', 'AXJEFFERSON', '2019-09-06 06:12:00', NULL, NULL),
	(166, 1, 6, 83, 6, 'A', 'AXJEFFERSON', '2019-09-06 06:12:00', NULL, NULL),
	(166, 1, 6, 83, 11, 'A', 'AXJEFFERSON', '2019-09-06 06:12:00', NULL, NULL),
	(167, 1, 6, 23, 30, 'A', 'AXJEFFERSON', '2019-09-06 06:12:00', NULL, NULL),
	(168, 1, 6, 84, 56, 'A', 'AXJEFFERSON', '2019-09-06 06:12:00', NULL, NULL),
	(169, 1, 1, 11, 8, 'A', 'AXJEFFERSON', '2019-09-06 06:12:00', NULL, NULL),
	(169, 1, 1, 11, 96, 'A', 'AXJEFFERSON', '2019-09-06 06:12:00', NULL, NULL),
	(170, 1, 3, 85, 83, 'A', 'AXJEFFERSON', '2019-09-06 06:12:00', NULL, NULL),
	(171, 1, 7, 73, 2, 'A', 'AXJEFFERSON', '2019-09-06 06:12:00', NULL, NULL),
	(171, 1, 7, 73, 10, 'A', 'AXJEFFERSON', '2019-09-06 06:12:00', NULL, NULL),
	(171, 1, 7, 73, 97, 'A', 'AXJEFFERSON', '2019-09-06 06:12:00', NULL, NULL),
	(172, 1, 17, 86, 98, 'A', 'AXJEFFERSON', '2019-09-06 06:12:00', NULL, NULL),
	(173, 1, 3, 44, 99, 'A', 'AXJEFFERSON', '2019-09-06 06:12:00', NULL, NULL),
	(174, 1, 34, 61, 53, 'A', 'AXJEFFERSON', '2019-09-06 06:12:00', NULL, NULL),
	(175, 1, 3, 87, 64, 'A', 'AXJEFFERSON', '2019-09-06 06:12:00', NULL, NULL),
	(176, 1, 34, 61, 100, 'A', 'AXJEFFERSON', '2019-09-06 06:12:00', NULL, NULL),
	(177, 1, 9, 88, 100, 'A', 'AXJEFFERSON', '2019-09-06 06:12:00', NULL, NULL),
	(178, 1, 3, 89, 34, 'A', 'AXJEFFERSON', '2019-09-06 06:12:00', NULL, NULL),
	(178, 1, 3, 90, 31, 'A', 'AXJEFFERSON', '2019-09-06 06:12:00', NULL, NULL),
	(178, 1, 3, 91, 101, 'A', 'AXJEFFERSON', '2019-09-06 06:12:00', NULL, NULL),
	(179, 1, 3, 91, 102, 'A', 'AXJEFFERSON', '2019-09-06 06:12:00', NULL, NULL),
	(180, 1, 2, 73, 13, 'A', 'AXJEFFERSON', '2019-09-06 06:12:00', NULL, NULL),
	(180, 1, 2, 73, 38, 'A', 'AXJEFFERSON', '2019-09-06 06:12:00', NULL, NULL),
	(181, 1, 3, 92, 66, 'A', 'AXJEFFERSON', '2019-09-06 06:12:00', NULL, NULL),
	(182, 1, 23, 61, 21, 'A', 'AXJEFFERSON', '2019-09-06 06:12:00', NULL, NULL),
	(183, 1, 3, 3, 37, 'A', 'AXJEFFERSON', '2019-09-06 06:12:00', NULL, NULL),
	(184, 1, 18, 2, 48, 'A', 'AXJEFFERSON', '2019-09-06 06:12:00', NULL, NULL),
	(185, 1, 33, 2, 48, 'A', 'AXJEFFERSON', '2019-09-06 06:12:00', NULL, NULL),
	(186, 1, 1, 2, 48, 'A', 'AXJEFFERSON', '2019-09-06 06:12:00', NULL, NULL),
	(187, 1, 8, 93, 10, 'A', 'AXJEFFERSON', '2019-09-06 06:12:00', NULL, NULL),
	(188, 1, 21, 45, 85, 'A', 'AXJEFFERSON', '2019-09-06 06:12:00', NULL, NULL),
	(188, 1, 21, 94, 18, 'A', 'AXJEFFERSON', '2019-09-06 06:12:00', NULL, NULL),
	(189, 1, 11, 11, 11, 'A', 'AXJEFFERSON', '2019-09-06 06:12:00', NULL, NULL),
	(190, 1, 3, 95, 32, 'A', 'AXJEFFERSON', '2019-09-06 06:12:00', NULL, NULL),
	(191, 1, 2, 73, 103, 'A', 'AXJEFFERSON', '2019-09-06 06:12:00', NULL, NULL),
	(191, 1, 2, 73, 106, 'A', 'AXJEFFERSON', '2019-09-06 06:12:00', NULL, NULL),
	(192, 1, 14, 96, 104, 'A', 'AXJEFFERSON', '2019-09-06 06:12:00', NULL, NULL),
	(193, 1, 3, 97, 105, 'A', 'AXJEFFERSON', '2019-09-06 06:12:00', NULL, NULL),
	(194, 1, 18, 2, 107, 'A', 'AXJEFFERSON', '2019-09-06 06:12:00', NULL, NULL),
	(194, 1, 18, 2, 108, 'A', 'AXJEFFERSON', '2019-09-06 06:12:00', NULL, NULL),
	(195, 1, 6, 98, 39, 'A', 'AXJEFFERSON', '2019-09-06 06:12:00', NULL, NULL),
	(196, 1, 35, 73, 108, 'A', 'AXJEFFERSON', '2019-09-06 06:12:00', NULL, NULL),
	(196, 1, 35, 99, 107, 'A', 'AXJEFFERSON', '2019-09-06 06:12:00', NULL, NULL),
	(197, 1, 2, 2, 109, 'A', 'AXJEFFERSON', '2019-09-06 06:12:00', NULL, NULL),
	(198, 1, 2, 30, 48, 'A', 'AXJEFFERSON', '2019-09-06 06:12:00', NULL, NULL),
	(199, 1, 3, 3, 3, 'A', 'AXJEFFERSON', '2019-09-06 06:12:00', NULL, NULL),
	(200, 1, 2, 78, 10, 'A', 'AXJEFFERSON', '2019-09-06 06:12:00', NULL, NULL),
	(201, 1, 3, 12, 32, 'A', 'AXJEFFERSON', '2019-09-06 06:12:00', NULL, NULL),
	(202, 1, 3, 100, 110, 'A', 'AXJEFFERSON', '2019-09-06 06:12:00', NULL, NULL),
	(202, 1, 3, 101, 111, 'A', 'AXJEFFERSON', '2019-09-06 06:12:00', NULL, NULL),
	(203, 1, 3, 12, 111, 'A', 'AXJEFFERSON', '2019-09-06 06:12:00', NULL, NULL),
	(204, 1, 2, 2, 19, 'A', 'AXJEFFERSON', '2019-09-06 06:12:00', NULL, NULL),
	(204, 1, 2, 2, 67, 'A', 'AXJEFFERSON', '2019-09-06 06:12:00', NULL, NULL),
	(205, 1, 2, 73, 11, 'A', 'AXJEFFERSON', '2019-09-06 06:12:00', NULL, NULL),
	(206, 1, 6, 23, 38, 'A', 'AXJEFFERSON', '2019-09-06 06:12:00', NULL, NULL),
	(206, 1, 6, 23, 48, 'A', 'AXJEFFERSON', '2019-09-06 06:12:00', NULL, NULL),
	(207, 1, 8, 11, 6, 'A', 'AXJEFFERSON', '2019-09-06 06:12:00', NULL, NULL),
	(207, 1, 8, 11, 48, 'A', 'AXJEFFERSON', '2019-09-06 06:12:00', NULL, NULL),
	(208, 1, 3, 44, 112, 'A', 'AXJEFFERSON', '2019-09-06 06:12:00', NULL, NULL),
	(209, 1, 14, 11, 78, 'A', 'AXJEFFERSON', '2019-09-06 06:12:00', NULL, NULL),
	(210, 1, 8, 2, 6, 'A', 'AXJEFFERSON', '2019-09-06 06:12:00', NULL, NULL),
	(211, 1, 36, 26, 34, 'A', 'AXJEFFERSON', '2019-09-06 06:12:00', NULL, NULL),
	(211, 1, 36, 102, 113, 'A', 'AXJEFFERSON', '2019-09-06 06:12:00', NULL, NULL),
	(212, 1, 3, 103, 114, 'A', 'AXJEFFERSON', '2019-09-06 06:12:00', NULL, NULL),
	(213, 1, 2, 82, 13, 'A', 'AXJEFFERSON', '2019-09-06 06:12:00', NULL, NULL),
	(213, 1, 2, 104, 38, 'A', 'AXJEFFERSON', '2019-09-06 06:12:00', NULL, NULL),
	(213, 1, 2, 104, 56, 'A', 'AXJEFFERSON', '2019-09-06 06:12:00', NULL, NULL),
	(214, 1, 1, 59, 13, 'A', 'AXJEFFERSON', '2019-09-06 06:12:00', NULL, NULL),
	(214, 1, 1, 59, 56, 'A', 'AXJEFFERSON', '2019-09-06 06:12:00', NULL, NULL),
	(214, 1, 1, 82, 38, 'A', 'AXJEFFERSON', '2019-09-06 06:12:00', NULL, NULL),
	(215, 1, 3, 105, 115, 'A', 'AXJEFFERSON', '2019-09-06 06:12:00', NULL, NULL),
	(215, 1, 3, 106, 116, 'A', 'AXJEFFERSON', '2019-09-06 06:12:00', NULL, NULL),
	(215, 1, 3, 107, 117, 'A', 'AXJEFFERSON', '2019-09-06 06:12:00', NULL, NULL),
	(215, 1, 3, 108, 118, 'A', 'AXJEFFERSON', '2019-09-06 06:12:00', NULL, NULL),
	(215, 1, 3, 108, 119, 'A', 'AXJEFFERSON', '2019-09-06 06:12:00', NULL, NULL),
	(216, 1, 3, 109, 53, 'A', 'AXJEFFERSON', '2019-09-06 06:12:00', NULL, NULL),
	(217, 1, 3, 110, 83, 'A', 'AXJEFFERSON', '2019-09-06 06:12:00', NULL, NULL),
	(218, 1, 6, 23, 38, 'A', 'AXJEFFERSON', '2019-09-06 06:12:00', NULL, NULL),
	(218, 1, 6, 23, 48, 'A', 'AXJEFFERSON', '2019-09-06 06:12:00', NULL, NULL),
	(219, 1, 9, 111, 55, 'A', 'AXJEFFERSON', '2019-09-06 06:12:00', NULL, NULL),
	(220, 1, 2, 2, 2, 'A', 'AXJEFFERSON', '2019-09-06 06:12:00', NULL, NULL),
	(221, 1, 21, 45, 120, 'A', 'AXJEFFERSON', '2019-09-06 06:12:00', NULL, NULL),
	(221, 1, 21, 112, 5, 'A', 'AXJEFFERSON', '2019-09-06 06:12:00', NULL, NULL),
	(222, 1, 1, 30, 10, 'A', 'AXJEFFERSON', '2019-09-06 06:12:00', NULL, NULL),
	(223, 1, 3, 113, 121, 'A', 'AXJEFFERSON', '2019-09-06 06:12:00', NULL, NULL),
	(223, 1, 3, 114, 122, 'A', 'AXJEFFERSON', '2019-09-06 06:12:00', NULL, NULL),
	(223, 1, 3, 115, 123, 'A', 'AXJEFFERSON', '2019-09-06 06:12:00', NULL, NULL),
	(223, 1, 3, 341, 51, 'A', 'AXJEFFERSON', '2019-09-06 06:12:00', NULL, NULL),
	(224, 1, 37, 116, 122, 'A', 'AXJEFFERSON', '2019-09-06 06:12:00', NULL, NULL),
	(225, 1, 2, 2, 124, 'A', 'AXJEFFERSON', '2019-09-06 06:12:00', NULL, NULL),
	(226, 1, 2, 2, 11, 'A', 'AXJEFFERSON', '2019-09-06 06:12:00', NULL, NULL),
	(226, 1, 2, 2, 39, 'A', 'AXJEFFERSON', '2019-09-06 06:12:00', NULL, NULL),
	(227, 1, 2, 99, 14, 'A', 'AXJEFFERSON', '2019-09-06 06:12:00', NULL, NULL),
	(228, 1, 3, 117, 125, 'A', 'AXJEFFERSON', '2019-09-06 06:12:00', NULL, NULL),
	(229, 1, 6, 83, 76, 'A', 'AXJEFFERSON', '2019-09-06 06:12:00', NULL, NULL),
	(230, 1, 6, 23, 126, 'A', 'AXJEFFERSON', '2019-09-06 06:12:00', NULL, NULL),
	(231, 1, 31, 10, 127, 'A', 'AXJEFFERSON', '2019-09-06 06:12:00', NULL, NULL),
	(232, 1, 2, 118, 8, 'A', 'AXJEFFERSON', '2019-09-06 06:12:00', NULL, NULL),
	(233, 1, 6, 5, 39, 'A', 'AXJEFFERSON', '2019-09-06 06:12:00', NULL, NULL),
	(233, 1, 6, 83, 48, 'A', 'AXJEFFERSON', '2019-09-06 06:12:00', NULL, NULL),
	(233, 1, 6, 220, 39, 'A', 'AXJEFFERSON', '2019-09-06 06:12:00', NULL, NULL),
	(234, 1, 3, 119, 39, 'A', 'AXJEFFERSON', '2019-09-06 06:12:00', NULL, NULL),
	(234, 1, 3, 119, 48, 'A', 'AXJEFFERSON', '2019-09-06 06:12:00', NULL, NULL),
	(235, 1, 1, 78, 2, 'A', 'AXJEFFERSON', '2019-09-06 06:12:00', NULL, NULL),
	(236, 1, 3, 12, 73, 'A', 'AXJEFFERSON', '2019-09-06 06:12:00', NULL, NULL),
	(237, 1, 2, 11, 6, 'A', 'AXJEFFERSON', '2019-09-06 06:12:00', NULL, NULL),
	(237, 1, 2, 11, 11, 'A', 'AXJEFFERSON', '2019-09-06 06:12:00', NULL, NULL),
	(238, 1, 2, 73, 28, 'A', 'AXJEFFERSON', '2019-09-06 06:12:00', NULL, NULL),
	(238, 1, 2, 73, 128, 'A', 'AXJEFFERSON', '2019-09-06 06:12:00', NULL, NULL),
	(239, 1, 2, 2, 39, 'A', 'AXJEFFERSON', '2019-09-06 06:12:00', NULL, NULL),
	(240, 1, 6, 120, 49, 'A', 'AXJEFFERSON', '2019-09-06 06:12:00', NULL, NULL),
	(240, 1, 6, 121, 129, 'A', 'AXJEFFERSON', '2019-09-06 06:12:00', NULL, NULL),
	(240, 1, 6, 121, 261, 'A', 'AXJEFFERSON', '2019-09-06 06:12:00', NULL, NULL),
	(241, 1, 6, 23, 262, 'A', 'AXJEFFERSON', '2019-09-06 06:12:00', NULL, NULL),
	(241, 1, 6, 120, 20, 'A', 'AXJEFFERSON', '2019-09-06 06:12:00', NULL, NULL),
	(241, 1, 6, 120, 49, 'A', 'AXJEFFERSON', '2019-09-06 06:12:00', NULL, NULL),
	(241, 1, 6, 122, 130, 'A', 'AXJEFFERSON', '2019-09-06 06:12:00', NULL, NULL),
	(242, 1, 3, 123, 32, 'A', 'AXJEFFERSON', '2019-09-06 06:12:00', NULL, NULL),
	(243, 1, 5, 124, 85, 'A', 'AXJEFFERSON', '2019-09-06 06:12:00', NULL, NULL),
	(244, 1, 8, 11, 11, 'A', 'AXJEFFERSON', '2019-09-06 06:12:00', NULL, NULL),
	(245, 1, 2, 73, 11, 'A', 'AXJEFFERSON', '2019-09-06 06:12:00', NULL, NULL),
	(246, 1, 3, 16, 112, 'A', 'AXJEFFERSON', '2019-09-06 06:12:00', NULL, NULL),
	(247, 1, 27, 54, 131, 'A', 'AXJEFFERSON', '2019-09-06 06:12:00', NULL, NULL),
	(248, 1, 3, 27, 132, 'A', 'AXJEFFERSON', '2019-09-06 06:12:00', NULL, NULL),
	(249, 1, 3, 125, 133, 'A', 'AXJEFFERSON', '2019-09-06 06:12:00', NULL, NULL),
	(250, 1, 3, 44, 78, 'A', 'AXJEFFERSON', '2019-09-06 06:12:00', NULL, NULL),
	(251, 1, 3, 126, 83, 'A', 'AXJEFFERSON', '2019-09-06 06:12:00', NULL, NULL),
	(252, 1, 2, 127, 52, 'A', 'AXJEFFERSON', '2019-09-06 06:12:00', NULL, NULL),
	(253, 1, 8, 99, 52, 'A', 'AXJEFFERSON', '2019-09-06 06:12:00', NULL, NULL),
	(254, 1, 6, 128, 48, 'A', 'AXJEFFERSON', '2019-09-06 06:12:00', NULL, NULL),
	(255, 1, 2, 2, 134, 'A', 'AXJEFFERSON', '2019-09-06 06:12:00', NULL, NULL),
	(256, 1, 3, 129, 135, 'A', 'AXJEFFERSON', '2019-09-06 06:12:00', NULL, NULL),
	(257, 1, 34, 61, 21, 'A', 'AXJEFFERSON', '2019-09-06 06:12:00', NULL, NULL),
	(258, 1, 3, 130, 32, 'A', 'AXJEFFERSON', '2019-09-06 06:12:00', NULL, NULL),
	(258, 1, 3, 131, 37, 'A', 'AXJEFFERSON', '2019-09-06 06:12:00', NULL, NULL),
	(259, 1, 16, 46, 31, 'A', 'AXJEFFERSON', '2019-09-06 06:12:00', NULL, NULL),
	(260, 1, 8, 77, 56, 'A', 'AXJEFFERSON', '2019-09-06 06:12:00', NULL, NULL),
	(261, 1, 1, 77, 56, 'A', 'AXJEFFERSON', '2019-09-06 06:12:00', NULL, NULL),
	(262, 1, 2, 77, 56, 'A', 'AXJEFFERSON', '2019-09-06 06:12:00', NULL, NULL),
	(263, 1, 3, 132, 78, 'A', 'AXJEFFERSON', '2019-09-06 06:12:00', NULL, NULL),
	(264, 1, 2, 133, 136, 'A', 'AXJEFFERSON', '2019-09-06 06:12:00', NULL, NULL),
	(265, 1, 3, 44, 137, 'A', 'AXJEFFERSON', '2019-09-06 06:12:00', NULL, NULL),
	(266, 1, 5, 134, 25, 'A', 'AXJEFFERSON', '2019-09-06 06:12:00', NULL, NULL),
	(267, 1, 38, 135, 25, 'A', 'AXJEFFERSON', '2019-09-06 06:12:00', NULL, NULL),
	(268, 1, 3, 16, 78, 'A', 'AXJEFFERSON', '2019-09-06 06:12:00', NULL, NULL),
	(269, 1, 2, 77, 138, 'A', 'AXJEFFERSON', '2019-09-06 06:12:00', NULL, NULL),
	(270, 1, 6, 136, 6, 'A', 'AXJEFFERSON', '2019-09-06 06:12:00', NULL, NULL),
	(270, 1, 6, 136, 76, 'A', 'AXJEFFERSON', '2019-09-06 06:12:00', NULL, NULL),
	(271, 1, 2, 77, 96, 'A', 'AXJEFFERSON', '2019-09-06 06:12:00', NULL, NULL),
	(272, 1, 1, 77, 96, 'A', 'AXJEFFERSON', '2019-09-06 06:12:00', NULL, NULL),
	(273, 1, 3, 137, 78, 'A', 'AXJEFFERSON', '2019-09-06 06:12:00', NULL, NULL),
	(273, 1, 3, 137, 139, 'A', 'AXJEFFERSON', '2019-09-06 06:12:00', NULL, NULL),
	(273, 1, 3, 137, 140, 'A', 'AXJEFFERSON', '2019-09-06 06:12:00', NULL, NULL),
	(273, 1, 3, 138, 111, 'A', 'AXJEFFERSON', '2019-09-06 06:12:00', NULL, NULL),
	(274, 1, 2, 77, 13, 'A', 'AXJEFFERSON', '2019-09-06 06:12:00', NULL, NULL),
	(275, 1, 39, 73, 142, 'A', 'AXJEFFERSON', '2019-09-06 06:12:00', NULL, NULL),
	(275, 1, 39, 77, 141, 'A', 'AXJEFFERSON', '2019-09-06 06:12:00', NULL, NULL),
	(276, 1, 6, 139, 14, 'A', 'AXJEFFERSON', '2019-09-06 06:12:00', NULL, NULL),
	(277, 1, 2, 73, 2, 'A', 'AXJEFFERSON', '2019-09-06 06:12:00', NULL, NULL),
	(277, 1, 2, 73, 10, 'A', 'AXJEFFERSON', '2019-09-06 06:12:00', NULL, NULL),
	(277, 1, 2, 73, 97, 'A', 'AXJEFFERSON', '2019-09-06 06:12:00', NULL, NULL),
	(278, 1, 3, 138, 32, 'A', 'AXJEFFERSON', '2019-09-06 06:12:00', NULL, NULL),
	(279, 1, 3, 138, 66, 'A', 'AXJEFFERSON', '2019-09-06 06:12:00', NULL, NULL),
	(280, 1, 14, 140, 83, 'A', 'AXJEFFERSON', '2019-09-06 06:12:00', NULL, NULL),
	(281, 1, 2, 73, 38, 'A', 'AXJEFFERSON', '2019-09-06 06:12:00', NULL, NULL),
	(281, 1, 2, 77, 13, 'A', 'AXJEFFERSON', '2019-09-06 06:12:00', NULL, NULL),
	(282, 1, 3, 141, 143, 'A', 'AXJEFFERSON', '2019-09-06 06:12:00', NULL, NULL),
	(283, 1, 2, 142, 48, 'A', 'AXJEFFERSON', '2019-09-06 06:12:00', NULL, NULL),
	(284, 1, 1, 142, 48, 'A', 'AXJEFFERSON', '2019-09-06 06:12:00', NULL, NULL),
	(285, 1, 3, 143, 73, 'A', 'AXJEFFERSON', '2019-09-06 06:12:00', NULL, NULL),
	(286, 1, 15, 11, 3, 'A', 'AXJEFFERSON', '2019-09-06 06:12:00', NULL, NULL),
	(287, 1, 2, 144, 13, 'A', 'AXJEFFERSON', '2019-09-06 06:12:00', NULL, NULL),
	(287, 1, 2, 144, 38, 'A', 'AXJEFFERSON', '2019-09-06 06:12:00', NULL, NULL),
	(287, 1, 2, 359, 56, 'A', 'AXJEFFERSON', '2019-09-06 06:12:00', NULL, NULL),
	(288, 1, 25, 11, 54, 'A', 'AXJEFFERSON', '2019-09-06 06:12:00', NULL, NULL),
	(288, 1, 25, 145, 55, 'A', 'AXJEFFERSON', '2019-09-06 06:12:00', NULL, NULL),
	(289, 1, 12, 6, 55, 'A', 'AXJEFFERSON', '2019-09-06 06:12:00', NULL, NULL),
	(289, 1, 12, 146, 54, 'A', 'AXJEFFERSON', '2019-09-06 06:12:00', NULL, NULL),
	(290, 1, 6, 147, 10, 'A', 'AXJEFFERSON', '2019-09-06 06:12:00', NULL, NULL),
	(290, 1, 6, 148, 11, 'A', 'AXJEFFERSON', '2019-09-06 06:12:00', NULL, NULL),
	(291, 1, 2, 149, 13, 'A', 'AXJEFFERSON', '2019-09-06 06:12:00', NULL, NULL),
	(291, 1, 2, 149, 144, 'A', 'AXJEFFERSON', '2019-09-06 06:12:00', NULL, NULL),
	(292, 1, 3, 143, 83, 'A', 'AXJEFFERSON', '2019-09-06 06:12:00', NULL, NULL),
	(293, 1, 8, 150, 10, 'A', 'AXJEFFERSON', '2019-09-06 06:12:00', NULL, NULL),
	(294, 1, 38, 151, 145, 'A', 'AXJEFFERSON', '2019-09-06 06:12:00', NULL, NULL),
	(295, 1, 1, 152, 8, 'A', 'AXJEFFERSON', '2019-09-06 06:12:00', NULL, NULL),
	(296, 1, 5, 153, 5, 'A', 'AXJEFFERSON', '2019-09-06 06:12:00', NULL, NULL),
	(297, 1, 2, 152, 8, 'A', 'AXJEFFERSON', '2019-09-06 06:12:00', NULL, NULL),
	(298, 1, 3, 154, 53, 'A', 'AXJEFFERSON', '2019-09-06 06:12:00', NULL, NULL),
	(299, 1, 6, 154, 146, 'A', 'AXJEFFERSON', '2019-09-06 06:12:00', NULL, NULL),
	(300, 1, 1, 155, 8, 'A', 'AXJEFFERSON', '2019-09-06 06:12:00', NULL, NULL),
	(301, 1, 8, 2, 11, 'A', 'AXJEFFERSON', '2019-09-06 06:12:00', NULL, NULL),
	(302, 1, 2, 156, 8, 'A', 'AXJEFFERSON', '2019-09-06 06:12:00', NULL, NULL),
	(303, 1, 6, 157, 147, 'A', 'AXJEFFERSON', '2019-09-06 06:12:00', NULL, NULL),
	(304, 1, 6, 158, 11, 'A', 'AXJEFFERSON', '2019-09-06 06:12:00', NULL, NULL),
	(305, 1, 3, 159, 148, 'A', 'AXJEFFERSON', '2019-09-06 06:12:00', NULL, NULL),
	(305, 1, 3, 160, 106, 'A', 'AXJEFFERSON', '2019-09-06 06:12:00', NULL, NULL),
	(305, 1, 3, 160, 149, 'A', 'AXJEFFERSON', '2019-09-06 06:12:00', NULL, NULL),
	(306, 1, 3, 116, 265, 'A', 'AXJEFFERSON', '2019-09-06 06:12:00', NULL, NULL),
	(306, 1, 3, 161, 20, 'A', 'AXJEFFERSON', '2019-09-06 06:12:00', NULL, NULL),
	(306, 1, 3, 161, 49, 'A', 'AXJEFFERSON', '2019-09-06 06:12:00', NULL, NULL),
	(307, 1, 3, 162, 150, 'A', 'AXJEFFERSON', '2019-09-06 06:12:00', NULL, NULL),
	(307, 1, 3, 163, 151, 'A', 'AXJEFFERSON', '2019-09-06 06:12:00', NULL, NULL),
	(307, 1, 3, 390, 3, 'A', 'AXJEFFERSON', '2019-09-06 06:12:00', NULL, NULL),
	(307, 1, 3, 391, 17, 'A', 'AXJEFFERSON', '2019-09-06 06:12:00', NULL, NULL),
	(308, 1, 6, 164, 152, 'A', 'AXJEFFERSON', '2019-09-06 06:12:00', NULL, NULL),
	(308, 1, 6, 399, 283, 'A', 'AXJEFFERSON', '2019-09-06 06:12:00', NULL, NULL),
	(309, 1, 3, 165, 153, 'A', 'AXJEFFERSON', '2019-09-06 06:12:00', NULL, NULL),
	(310, 1, 22, 165, 153, 'A', 'AXJEFFERSON', '2019-09-06 06:12:00', NULL, NULL),
	(311, 1, 3, 165, 153, 'A', 'AXJEFFERSON', '2019-09-06 06:12:00', NULL, NULL),
	(312, 1, 22, 165, 153, 'A', 'AXJEFFERSON', '2019-09-06 06:12:00', NULL, NULL),
	(313, 1, 3, 166, 124, 'A', 'AXJEFFERSON', '2019-09-06 06:12:00', NULL, NULL),
	(313, 1, 3, 167, 154, 'A', 'AXJEFFERSON', '2019-09-06 06:12:00', NULL, NULL),
	(313, 1, 3, 169, 156, 'A', 'AXJEFFERSON', '2019-09-06 06:12:00', NULL, NULL),
	(313, 1, 3, 169, 157, 'A', 'AXJEFFERSON', '2019-09-06 06:12:00', NULL, NULL),
	(314, 1, 6, 167, 154, 'A', 'AXJEFFERSON', '2019-09-06 06:12:00', NULL, NULL),
	(314, 1, 6, 168, 59, 'A', 'AXJEFFERSON', '2019-09-06 06:12:00', NULL, NULL),
	(314, 1, 6, 168, 124, 'A', 'AXJEFFERSON', '2019-09-06 06:12:00', NULL, NULL),
	(314, 1, 6, 168, 155, 'A', 'AXJEFFERSON', '2019-09-06 06:12:00', NULL, NULL),
	(315, 1, 3, 161, 160, 'A', 'AXJEFFERSON', '2019-09-06 06:12:00', NULL, NULL),
	(315, 1, 3, 170, 158, 'A', 'AXJEFFERSON', '2019-09-06 06:12:00', NULL, NULL),
	(315, 1, 3, 171, 159, 'A', 'AXJEFFERSON', '2019-09-06 06:12:00', NULL, NULL),
	(316, 1, 6, 168, 159, 'A', 'AXJEFFERSON', '2019-09-06 06:12:00', NULL, NULL),
	(317, 1, 3, 161, 161, 'A', 'AXJEFFERSON', '2019-09-06 06:12:00', NULL, NULL),
	(318, 1, 24, 172, 162, 'A', 'AXJEFFERSON', '2019-09-06 06:12:00', NULL, NULL),
	(319, 1, 17, 173, 163, 'A', 'AXJEFFERSON', '2019-09-06 06:12:00', NULL, NULL),
	(320, 1, 3, 154, 73, 'A', 'AXJEFFERSON', '2019-09-06 06:12:00', NULL, NULL),
	(321, 1, 2, 152, 1, 'A', 'AXJEFFERSON', '2019-09-06 06:12:00', NULL, NULL),
	(321, 1, 2, 152, 11, 'A', 'AXJEFFERSON', '2019-09-06 06:12:00', NULL, NULL),
	(322, 1, 2, 2, 56, 'A', 'AXJEFFERSON', '2019-09-06 06:12:00', NULL, NULL),
	(323, 1, 14, 174, 78, 'A', 'AXJEFFERSON', '2019-09-06 06:12:00', NULL, NULL),
	(324, 1, 8, 2, 11, 'A', 'AXJEFFERSON', '2019-09-06 06:12:00', NULL, NULL),
	(325, 1, 14, 175, 164, 'A', 'AXJEFFERSON', '2019-09-06 06:12:00', NULL, NULL),
	(326, 1, 2, 152, 165, 'A', 'AXJEFFERSON', '2019-09-06 06:12:00', NULL, NULL),
	(327, 1, 3, 176, 166, 'A', 'AXJEFFERSON', '2019-09-06 06:12:00', NULL, NULL),
	(328, 1, 3, 177, 167, 'A', 'AXJEFFERSON', '2019-09-06 06:12:00', NULL, NULL),
	(329, 1, 14, 178, 168, 'A', 'AXJEFFERSON', '2019-09-06 06:12:00', NULL, NULL),
	(330, 1, 40, 179, 15, 'A', 'AXJEFFERSON', '2019-09-06 06:12:00', NULL, NULL),
	(331, 1, 23, 180, 169, 'A', 'AXJEFFERSON', '2019-09-06 06:12:00', NULL, NULL),
	(332, 1, 40, 181, 22, 'A', 'AXJEFFERSON', '2019-09-06 06:12:00', NULL, NULL),
	(333, 1, 23, 182, 170, 'A', 'AXJEFFERSON', '2019-09-06 06:12:00', NULL, NULL),
	(334, 1, 23, 183, 171, 'A', 'AXJEFFERSON', '2019-09-06 06:12:00', NULL, NULL),
	(335, 1, 23, 184, 55, 'A', 'AXJEFFERSON', '2019-09-06 06:12:00', NULL, NULL),
	(336, 1, 40, 185, 82, 'A', 'AXJEFFERSON', '2019-09-06 06:12:00', NULL, NULL),
	(337, 1, 23, 180, 64, 'A', 'AXJEFFERSON', '2019-09-06 06:12:00', NULL, NULL),
	(338, 1, 23, 184, 32, 'A', 'AXJEFFERSON', '2019-09-06 06:12:00', NULL, NULL),
	(338, 1, 23, 186, 22, 'A', 'AXJEFFERSON', '2019-09-06 06:12:00', NULL, NULL),
	(339, 1, 1, 187, 52, 'A', 'AXJEFFERSON', '2019-09-06 06:12:00', NULL, NULL),
	(340, 1, 14, 188, 172, 'A', 'AXJEFFERSON', '2019-09-06 06:12:00', NULL, NULL),
	(341, 1, 1, 152, 173, 'A', 'AXJEFFERSON', '2019-09-06 06:12:00', NULL, NULL),
	(342, 1, 2, 152, 173, 'A', 'AXJEFFERSON', '2019-09-06 06:12:00', NULL, NULL),
	(343, 1, 7, 152, 11, 'A', 'AXJEFFERSON', '2019-09-06 06:12:00', NULL, NULL),
	(343, 1, 7, 152, 39, 'A', 'AXJEFFERSON', '2019-09-06 06:12:00', NULL, NULL),
	(343, 1, 7, 152, 48, 'A', 'AXJEFFERSON', '2019-09-06 06:12:00', NULL, NULL),
	(344, 1, 2, 2, 11, 'A', 'AXJEFFERSON', '2019-09-06 06:12:00', NULL, NULL),
	(344, 1, 2, 2, 39, 'A', 'AXJEFFERSON', '2019-09-06 06:12:00', NULL, NULL),
	(344, 1, 2, 2, 48, 'A', 'AXJEFFERSON', '2019-09-06 06:12:00', NULL, NULL),
	(345, 1, 23, 189, 31, 'A', 'AXJEFFERSON', '2019-09-06 06:12:00', NULL, NULL),
	(346, 1, 1, 2, 144, 'A', 'AXJEFFERSON', '2019-09-06 06:12:00', NULL, NULL),
	(347, 1, 6, 190, 174, 'A', 'AXJEFFERSON', '2019-09-06 06:12:00', NULL, NULL),
	(347, 1, 6, 190, 175, 'A', 'AXJEFFERSON', '2019-09-06 06:12:00', NULL, NULL),
	(347, 1, 6, 190, 176, 'A', 'AXJEFFERSON', '2019-09-06 06:12:00', NULL, NULL),
	(348, 1, 3, 191, 66, 'A', 'AXJEFFERSON', '2019-09-06 06:12:00', NULL, NULL),
	(349, 1, 22, 161, 174, 'A', 'AXJEFFERSON', '2019-09-06 06:12:00', NULL, NULL),
	(350, 1, 1, 30, 177, 'A', 'AXJEFFERSON', '2019-09-06 06:12:00', NULL, NULL),
	(351, 1, 2, 30, 177, 'A', 'AXJEFFERSON', '2019-09-06 06:12:00', NULL, NULL),
	(351, 1, 2, 192, 178, 'A', 'AXJEFFERSON', '2019-09-06 06:12:00', NULL, NULL),
	(352, 1, 1, 2, 2, 'A', 'AXJEFFERSON', '2019-09-06 06:12:00', NULL, NULL),
	(352, 1, 1, 152, 10, 'A', 'AXJEFFERSON', '2019-09-06 06:12:00', NULL, NULL),
	(353, 1, 3, 193, 179, 'A', 'AXJEFFERSON', '2019-09-06 06:12:00', NULL, NULL),
	(354, 1, 3, 194, 37, 'A', 'AXJEFFERSON', '2019-09-06 06:12:00', NULL, NULL),
	(355, 1, 1, 2, 39, 'A', 'AXJEFFERSON', '2019-09-06 06:12:00', NULL, NULL),
	(355, 1, 1, 152, 11, 'A', 'AXJEFFERSON', '2019-09-06 06:12:00', NULL, NULL),
	(356, 1, 14, 195, 111, 'A', 'AXJEFFERSON', '2019-09-06 06:12:00', NULL, NULL),
	(357, 1, 33, 2, 180, 'A', 'AXJEFFERSON', '2019-09-06 06:12:00', NULL, NULL),
	(358, 1, 2, 2, 128, 'A', 'AXJEFFERSON', '2019-09-06 06:12:00', NULL, NULL),
	(358, 1, 2, 2, 180, 'A', 'AXJEFFERSON', '2019-09-06 06:12:00', NULL, NULL),
	(358, 1, 2, 2, 266, 'A', 'AXJEFFERSON', '2019-09-06 06:12:00', NULL, NULL),
	(359, 1, 41, 196, 52, 'A', 'AXJEFFERSON', '2019-09-06 06:12:00', NULL, NULL),
	(360, 1, 1, 2, 181, 'A', 'AXJEFFERSON', '2019-09-06 06:12:00', NULL, NULL),
	(361, 1, 33, 2, 181, 'A', 'AXJEFFERSON', '2019-09-06 06:12:00', NULL, NULL),
	(362, 1, 2, 152, 71, 'A', 'AXJEFFERSON', '2019-09-06 06:12:00', NULL, NULL),
	(362, 1, 2, 152, 183, 'A', 'AXJEFFERSON', '2019-09-06 06:12:00', NULL, NULL),
	(362, 1, 2, 152, 184, 'A', 'AXJEFFERSON', '2019-09-06 06:12:00', NULL, NULL),
	(362, 1, 2, 152, 185, 'A', 'AXJEFFERSON', '2019-09-06 06:12:00', NULL, NULL),
	(362, 1, 2, 192, 186, 'A', 'AXJEFFERSON', '2019-09-06 06:12:00', NULL, NULL),
	(362, 1, 2, 197, 134, 'A', 'AXJEFFERSON', '2019-09-06 06:12:00', NULL, NULL),
	(362, 1, 2, 197, 182, 'A', 'AXJEFFERSON', '2019-09-06 06:12:00', NULL, NULL),
	(363, 1, 12, 6, 15, 'A', 'AXJEFFERSON', '2019-09-06 06:12:00', NULL, NULL),
	(363, 1, 12, 6, 31, 'A', 'AXJEFFERSON', '2019-09-06 06:12:00', NULL, NULL),
	(364, 1, 42, 198, 15, 'A', 'AXJEFFERSON', '2019-09-06 06:12:00', NULL, NULL),
	(365, 1, 30, 199, 34, 'A', 'AXJEFFERSON', '2019-09-06 06:12:00', NULL, NULL),
	(366, 1, 16, 6, 15, 'A', 'AXJEFFERSON', '2019-09-06 06:12:00', NULL, NULL),
	(366, 1, 16, 6, 31, 'A', 'AXJEFFERSON', '2019-09-06 06:12:00', NULL, NULL),
	(366, 1, 16, 200, 15, 'A', 'AXJEFFERSON', '2019-09-06 06:12:00', NULL, NULL),
	(367, 1, 3, 201, 187, 'A', 'AXJEFFERSON', '2019-09-06 06:12:00', NULL, NULL),
	(368, 1, 3, 202, 15, 'A', 'AXJEFFERSON', '2019-09-06 06:12:00', NULL, NULL),
	(369, 1, 3, 203, 83, 'A', 'AXJEFFERSON', '2019-09-06 06:12:00', NULL, NULL),
	(370, 1, 1, 152, 96, 'A', 'AXJEFFERSON', '2019-09-06 06:12:00', NULL, NULL),
	(371, 1, 2, 204, 1, 'A', 'AXJEFFERSON', '2019-09-06 06:12:00', NULL, NULL),
	(372, 1, 8, 205, 67, 'A', 'AXJEFFERSON', '2019-09-06 06:12:00', NULL, NULL),
	(373, 1, 1, 206, 188, 'A', 'AXJEFFERSON', '2019-09-06 06:12:00', NULL, NULL),
	(373, 1, 1, 208, 190, 'A', 'AXJEFFERSON', '2019-09-06 06:12:00', NULL, NULL),
	(374, 1, 14, 207, 189, 'A', 'AXJEFFERSON', '2019-09-06 06:12:00', NULL, NULL),
	(375, 1, 15, 209, 191, 'A', 'AXJEFFERSON', '2019-09-06 06:12:00', NULL, NULL),
	(376, 1, 1, 210, 38, 'A', 'AXJEFFERSON', '2019-09-06 06:12:00', NULL, NULL),
	(377, 1, 2, 152, 38, 'A', 'AXJEFFERSON', '2019-09-06 06:12:00', NULL, NULL),
	(378, 1, 1, 2, 11, 'A', 'AXJEFFERSON', '2019-09-06 06:12:00', NULL, NULL),
	(378, 1, 1, 30, 48, 'A', 'AXJEFFERSON', '2019-09-06 06:12:00', NULL, NULL),
	(379, 1, 2, 2, 11, 'A', 'AXJEFFERSON', '2019-09-06 06:12:00', NULL, NULL),
	(379, 1, 2, 2, 48, 'A', 'AXJEFFERSON', '2019-09-06 06:12:00', NULL, NULL),
	(380, 1, 5, 211, 25, 'A', 'AXJEFFERSON', '2019-09-06 06:12:00', NULL, NULL),
	(381, 1, 3, 27, 113, 'A', 'AXJEFFERSON', '2019-09-06 06:12:00', NULL, NULL),
	(382, 1, 3, 212, 113, 'A', 'AXJEFFERSON', '2019-09-06 06:12:00', NULL, NULL),
	(383, 1, 2, 2, 192, 'A', 'AXJEFFERSON', '2019-09-06 06:12:00', NULL, NULL),
	(384, 1, 3, 213, 193, 'A', 'AXJEFFERSON', '2019-09-06 06:12:00', NULL, NULL),
	(385, 1, 2, 206, 67, 'A', 'AXJEFFERSON', '2019-09-06 06:12:00', NULL, NULL),
	(386, 1, 3, 67, 3, 'A', 'AXJEFFERSON', '2019-09-06 06:12:00', NULL, NULL),
	(387, 1, 2, 214, 48, 'A', 'AXJEFFERSON', '2019-09-06 06:12:00', NULL, NULL),
	(388, 1, 6, 215, 10, 'A', 'AXJEFFERSON', '2019-09-06 06:12:00', NULL, NULL),
	(388, 1, 6, 215, 76, 'A', 'AXJEFFERSON', '2019-09-06 06:12:00', NULL, NULL),
	(389, 1, 3, 216, 66, 'A', 'AXJEFFERSON', '2019-09-06 06:12:00', NULL, NULL),
	(390, 1, 1, 2, 76, 'A', 'AXJEFFERSON', '2019-09-06 06:12:00', NULL, NULL),
	(390, 1, 1, 30, 10, 'A', 'AXJEFFERSON', '2019-09-06 06:12:00', NULL, NULL),
	(390, 1, 1, 30, 194, 'A', 'AXJEFFERSON', '2019-09-06 06:12:00', NULL, NULL),
	(391, 1, 2, 2, 10, 'A', 'AXJEFFERSON', '2019-09-06 06:12:00', NULL, NULL),
	(391, 1, 2, 2, 76, 'A', 'AXJEFFERSON', '2019-09-06 06:12:00', NULL, NULL),
	(391, 1, 2, 2, 194, 'A', 'AXJEFFERSON', '2019-09-06 06:12:00', NULL, NULL),
	(392, 1, 18, 2, 10, 'A', 'AXJEFFERSON', '2019-09-06 06:12:00', NULL, NULL),
	(392, 1, 18, 2, 46, 'A', 'AXJEFFERSON', '2019-09-06 06:12:00', NULL, NULL),
	(392, 1, 18, 2, 76, 'A', 'AXJEFFERSON', '2019-09-06 06:12:00', NULL, NULL),
	(392, 1, 18, 2, 194, 'A', 'AXJEFFERSON', '2019-09-06 06:12:00', NULL, NULL),
	(393, 1, 1, 2, 195, 'A', 'AXJEFFERSON', '2019-09-06 06:12:00', NULL, NULL),
	(393, 1, 1, 2, 196, 'A', 'AXJEFFERSON', '2019-09-06 06:12:00', NULL, NULL),
	(393, 1, 1, 2, 197, 'A', 'AXJEFFERSON', '2019-09-06 06:12:00', NULL, NULL),
	(394, 1, 2, 2, 195, 'A', 'AXJEFFERSON', '2019-09-06 06:12:00', NULL, NULL),
	(394, 1, 2, 2, 196, 'A', 'AXJEFFERSON', '2019-09-06 06:12:00', NULL, NULL),
	(394, 1, 2, 2, 197, 'A', 'AXJEFFERSON', '2019-09-06 06:12:00', NULL, NULL),
	(395, 1, 2, 59, 2, 'A', 'AXJEFFERSON', '2019-09-06 06:12:00', NULL, NULL),
	(395, 1, 2, 118, 10, 'A', 'AXJEFFERSON', '2019-09-06 06:12:00', NULL, NULL),
	(396, 1, 33, 2, 184, 'A', 'AXJEFFERSON', '2019-09-06 06:12:00', NULL, NULL),
	(397, 1, 3, 216, 198, 'A', 'AXJEFFERSON', '2019-09-06 06:12:00', NULL, NULL),
	(398, 1, 22, 154, 140, 'A', 'AXJEFFERSON', '2019-09-06 06:12:00', NULL, NULL),
	(398, 1, 22, 217, 111, 'A', 'AXJEFFERSON', '2019-09-06 06:12:00', NULL, NULL),
	(399, 1, 6, 218, 10, 'A', 'AXJEFFERSON', '2019-09-06 06:12:00', NULL, NULL),
	(399, 1, 6, 218, 97, 'A', 'AXJEFFERSON', '2019-09-06 06:12:00', NULL, NULL),
	(400, 1, 3, 219, 66, 'A', 'AXJEFFERSON', '2019-09-06 06:12:00', NULL, NULL),
	(401, 1, 2, 2, 38, 'A', 'AXJEFFERSON', '2019-09-06 06:12:00', NULL, NULL),
	(402, 1, 6, 154, 10, 'A', 'AXJEFFERSON', '2019-09-06 06:12:00', NULL, NULL),
	(402, 1, 6, 220, 48, 'A', 'AXJEFFERSON', '2019-09-06 06:12:00', NULL, NULL),
	(403, 1, 2, 192, 144, 'A', 'AXJEFFERSON', '2019-09-06 06:12:00', NULL, NULL),
	(404, 1, 3, 221, 37, 'A', 'AXJEFFERSON', '2019-09-06 06:12:00', NULL, NULL),
	(405, 1, 8, 152, 2, 'A', 'AXJEFFERSON', '2019-09-06 06:12:00', NULL, NULL),
	(405, 1, 8, 152, 10, 'A', 'AXJEFFERSON', '2019-09-06 06:12:00', NULL, NULL),
	(406, 1, 5, 222, 18, 'A', 'AXJEFFERSON', '2019-09-06 06:12:00', NULL, NULL),
	(406, 1, 5, 223, 85, 'A', 'AXJEFFERSON', '2019-09-06 06:12:00', NULL, NULL),
	(407, 1, 2, 152, 2, 'A', 'AXJEFFERSON', '2019-09-06 06:12:00', NULL, NULL),
	(407, 1, 2, 152, 10, 'A', 'AXJEFFERSON', '2019-09-06 06:12:00', NULL, NULL),
	(408, 1, 29, 2, 76, 'A', 'AXJEFFERSON', '2019-09-06 06:12:00', NULL, NULL),
	(408, 1, 29, 205, 10, 'A', 'AXJEFFERSON', '2019-09-06 06:12:00', NULL, NULL),
	(409, 1, 3, 224, 66, 'A', 'AXJEFFERSON', '2019-09-06 06:12:00', NULL, NULL),
	(410, 1, 32, 2, 10, 'A', 'AXJEFFERSON', '2019-09-06 06:12:00', NULL, NULL),
	(410, 1, 32, 2, 76, 'A', 'AXJEFFERSON', '2019-09-06 06:12:00', NULL, NULL),
	(411, 1, 1, 152, 2, 'A', 'AXJEFFERSON', '2019-09-06 06:12:00', NULL, NULL),
	(411, 1, 1, 152, 10, 'A', 'AXJEFFERSON', '2019-09-06 06:12:00', NULL, NULL),
	(411, 1, 1, 152, 199, 'A', 'AXJEFFERSON', '2019-09-06 06:12:00', NULL, NULL),
	(411, 1, 1, 152, 200, 'A', 'AXJEFFERSON', '2019-09-06 06:12:00', NULL, NULL),
	(412, 1, 8, 152, 2, 'A', 'AXJEFFERSON', '2019-09-06 06:12:00', NULL, NULL),
	(413, 1, 3, 225, 66, 'A', 'AXJEFFERSON', '2019-09-06 06:12:00', NULL, NULL),
	(413, 1, 3, 226, 53, 'A', 'AXJEFFERSON', '2019-09-06 06:12:00', NULL, NULL),
	(414, 1, 2, 227, 149, 'A', 'AXJEFFERSON', '2019-09-06 06:12:00', NULL, NULL),
	(415, 1, 6, 154, 56, 'A', 'AXJEFFERSON', '2019-09-06 06:12:00', NULL, NULL),
	(416, 1, 3, 228, 83, 'A', 'AXJEFFERSON', '2019-09-06 06:12:00', NULL, NULL),
	(417, 1, 43, 229, 57, 'A', 'AXJEFFERSON', '2019-09-06 06:12:00', NULL, NULL),
	(418, 1, 14, 11, 73, 'A', 'AXJEFFERSON', '2019-09-06 06:12:00', NULL, NULL),
	(418, 1, 14, 11, 83, 'A', 'AXJEFFERSON', '2019-09-06 06:12:00', NULL, NULL),
	(419, 1, 3, 230, 78, 'A', 'AXJEFFERSON', '2019-09-06 06:12:00', NULL, NULL),
	(419, 1, 3, 329, 73, 'A', 'AXJEFFERSON', '2019-09-06 06:12:00', NULL, NULL),
	(420, 1, 35, 30, 201, 'A', 'AXJEFFERSON', '2019-09-06 06:12:00', NULL, NULL),
	(420, 1, 35, 192, 38, 'A', 'AXJEFFERSON', '2019-09-06 06:12:00', NULL, NULL),
	(420, 1, 35, 192, 109, 'A', 'AXJEFFERSON', '2019-09-06 06:12:00', NULL, NULL),
	(421, 1, 8, 11, 202, 'A', 'AXJEFFERSON', '2019-09-06 06:12:00', NULL, NULL),
	(422, 1, 14, 184, 203, 'A', 'AXJEFFERSON', '2019-09-06 06:12:00', NULL, NULL),
	(423, 1, 15, 231, 203, 'A', 'AXJEFFERSON', '2019-09-06 06:12:00', NULL, NULL),
	(424, 1, 3, 232, 204, 'A', 'AXJEFFERSON', '2019-09-06 06:12:00', NULL, NULL),
	(425, 1, 3, 233, 84, 'A', 'AXJEFFERSON', '2019-09-06 06:12:00', NULL, NULL),
	(426, 1, 44, 234, 172, 'A', 'AXJEFFERSON', '2019-09-06 06:12:00', NULL, NULL),
	(427, 1, 2, 235, 6, 'A', 'AXJEFFERSON', '2019-09-06 06:12:00', NULL, NULL),
	(428, 1, 1, 235, 6, 'A', 'AXJEFFERSON', '2019-09-06 06:12:00', NULL, NULL),
	(429, 1, 8, 236, 38, 'A', 'AXJEFFERSON', '2019-09-06 06:12:00', NULL, NULL),
	(430, 1, 2, 2, 38, 'A', 'AXJEFFERSON', '2019-09-06 06:12:00', NULL, NULL),
	(431, 1, 1, 2, 38, 'A', 'AXJEFFERSON', '2019-09-06 06:12:00', NULL, NULL),
	(432, 1, 18, 2, 38, 'A', 'AXJEFFERSON', '2019-09-06 06:12:00', NULL, NULL),
	(433, 1, 44, 237, 205, 'A', 'AXJEFFERSON', '2019-09-06 06:12:00', NULL, NULL),
	(434, 1, 44, 238, 206, 'A', 'AXJEFFERSON', '2019-09-06 06:12:00', NULL, NULL),
	(435, 1, 8, 152, 11, 'A', 'AXJEFFERSON', '2019-09-06 06:12:00', NULL, NULL),
	(436, 1, 3, 215, 66, 'A', 'AXJEFFERSON', '2019-09-06 06:12:00', NULL, NULL),
	(437, 1, 6, 239, 48, 'A', 'AXJEFFERSON', '2019-09-06 06:12:00', NULL, NULL),
	(438, 1, 3, 240, 53, 'A', 'AXJEFFERSON', '2019-09-06 06:12:00', NULL, NULL),
	(439, 1, 6, 241, 56, 'A', 'AXJEFFERSON', '2019-09-06 06:12:00', NULL, NULL),
	(439, 1, 6, 331, 201, 'A', 'AXJEFFERSON', '2019-09-06 06:12:00', NULL, NULL),
	(440, 1, 3, 233, 135, 'A', 'AXJEFFERSON', '2019-09-06 06:12:00', NULL, NULL),
	(441, 1, 3, 242, 207, 'A', 'AXJEFFERSON', '2019-09-06 06:12:00', NULL, NULL),
	(442, 1, 8, 32, 56, 'A', 'AXJEFFERSON', '2019-09-06 06:12:00', NULL, NULL),
	(443, 1, 6, 243, 138, 'A', 'AXJEFFERSON', '2019-09-06 06:12:00', NULL, NULL),
	(444, 1, 3, 244, 83, 'A', 'AXJEFFERSON', '2019-09-06 06:12:00', NULL, NULL),
	(445, 1, 1, 2, 19, 'A', 'AXJEFFERSON', '2019-09-06 06:12:00', NULL, NULL),
	(445, 1, 1, 2, 208, 'A', 'AXJEFFERSON', '2019-09-06 06:12:00', NULL, NULL),
	(446, 1, 8, 2, 88, 'A', 'AXJEFFERSON', '2019-09-06 06:12:00', NULL, NULL),
	(447, 1, 6, 239, 76, 'A', 'AXJEFFERSON', '2019-09-06 06:12:00', NULL, NULL),
	(448, 1, 6, 245, 11, 'A', 'AXJEFFERSON', '2019-09-06 06:12:00', NULL, NULL),
	(448, 1, 6, 245, 48, 'A', 'AXJEFFERSON', '2019-09-06 06:12:00', NULL, NULL),
	(449, 1, 18, 11, 38, 'A', 'AXJEFFERSON', '2019-09-06 06:12:00', NULL, NULL),
	(449, 1, 18, 11, 56, 'A', 'AXJEFFERSON', '2019-09-06 06:12:00', NULL, NULL),
	(449, 1, 18, 11, 138, 'A', 'AXJEFFERSON', '2019-09-06 06:12:00', NULL, NULL),
	(450, 1, 45, 246, 209, 'A', 'AXJEFFERSON', '2019-09-06 06:12:00', NULL, NULL),
	(451, 1, 3, 44, 210, 'A', 'AXJEFFERSON', '2019-09-06 06:12:00', NULL, NULL),
	(452, 1, 3, 247, 164, 'A', 'AXJEFFERSON', '2019-09-06 06:12:00', NULL, NULL),
	(453, 1, 3, 248, 83, 'A', 'AXJEFFERSON', '2019-09-06 06:12:00', NULL, NULL),
	(454, 1, 15, 249, 211, 'A', 'AXJEFFERSON', '2019-09-06 06:12:00', NULL, NULL),
	(454, 1, 15, 251, 212, 'A', 'AXJEFFERSON', '2019-09-06 06:12:00', NULL, NULL),
	(454, 1, 15, 251, 251, 'A', 'AXJEFFERSON', '2019-09-06 06:12:00', NULL, NULL),
	(455, 1, 39, 30, 11, 'A', 'AXJEFFERSON', '2019-09-06 06:12:00', NULL, NULL),
	(455, 1, 39, 336, 1, 'A', 'AXJEFFERSON', '2019-09-06 06:12:00', NULL, NULL),
	(456, 1, 14, 250, 3, 'A', 'AXJEFFERSON', '2019-09-06 06:12:00', NULL, NULL),
	(456, 1, 14, 335, 250, 'A', 'AXJEFFERSON', '2019-09-06 06:12:00', NULL, NULL),
	(457, 1, 2, 82, 10, 'A', 'AXJEFFERSON', '2019-09-06 06:12:00', NULL, NULL),
	(458, 1, 3, 252, 213, 'A', 'AXJEFFERSON', '2019-09-06 06:12:00', NULL, NULL),
	(459, 1, 3, 253, 214, 'A', 'AXJEFFERSON', '2019-09-06 06:12:00', NULL, NULL),
	(460, 1, 6, 245, 10, 'A', 'AXJEFFERSON', '2019-09-06 06:12:00', NULL, NULL),
	(461, 1, 2, 204, 2, 'A', 'AXJEFFERSON', '2019-09-06 06:12:00', NULL, NULL),
	(461, 1, 2, 204, 97, 'A', 'AXJEFFERSON', '2019-09-06 06:12:00', NULL, NULL),
	(462, 1, 12, 254, 54, 'A', 'AXJEFFERSON', '2019-09-06 06:12:00', NULL, NULL),
	(463, 1, 30, 255, 54, 'A', 'AXJEFFERSON', '2019-09-06 06:12:00', NULL, NULL),
	(464, 1, 12, 256, 31, 'A', 'AXJEFFERSON', '2019-09-06 06:12:00', NULL, NULL),
	(464, 1, 12, 257, 34, 'A', 'AXJEFFERSON', '2019-09-06 06:12:00', NULL, NULL),
	(465, 1, 25, 11, 31, 'A', 'AXJEFFERSON', '2019-09-06 06:12:00', NULL, NULL),
	(465, 1, 25, 11, 34, 'A', 'AXJEFFERSON', '2019-09-06 06:12:00', NULL, NULL),
	(466, 1, 6, 245, 215, 'A', 'AXJEFFERSON', '2019-09-06 06:12:00', NULL, NULL),
	(467, 1, 2, 30, 10, 'A', 'AXJEFFERSON', '2019-09-06 06:12:00', NULL, NULL),
	(468, 1, 2, 11, 109, 'A', 'AXJEFFERSON', '2019-09-06 06:12:00', NULL, NULL),
	(469, 1, 2, 258, 39, 'A', 'AXJEFFERSON', '2019-09-06 06:12:00', NULL, NULL),
	(470, 1, 3, 220, 9, 'A', 'AXJEFFERSON', '2019-09-06 06:12:00', NULL, NULL),
	(471, 1, 13, 259, 216, 'A', 'AXJEFFERSON', '2019-09-06 06:12:00', NULL, NULL),
	(472, 1, 3, 27, 217, 'A', 'AXJEFFERSON', '2019-09-06 06:12:00', NULL, NULL),
	(473, 1, 34, 260, 54, 'A', 'AXJEFFERSON', '2019-09-06 06:12:00', NULL, NULL),
	(473, 1, 34, 260, 218, 'A', 'AXJEFFERSON', '2019-09-06 06:12:00', NULL, NULL),
	(474, 1, 2, 2, 13, 'A', 'AXJEFFERSON', '2019-09-06 06:12:00', NULL, NULL),
	(474, 1, 2, 339, 56, 'A', 'AXJEFFERSON', '2019-09-06 06:12:00', NULL, NULL),
	(475, 1, 1, 2, 13, 'A', 'AXJEFFERSON', '2019-09-06 06:12:00', NULL, NULL),
	(475, 1, 1, 2, 56, 'A', 'AXJEFFERSON', '2019-09-06 06:12:00', NULL, NULL),
	(476, 1, 2, 2, 13, 'A', 'AXJEFFERSON', '2019-09-06 06:12:00', NULL, NULL),
	(476, 1, 2, 2, 56, 'A', 'AXJEFFERSON', '2019-09-06 06:12:00', NULL, NULL),
	(477, 1, 2, 2, 136, 'A', 'AXJEFFERSON', '2019-09-06 06:12:00', NULL, NULL),
	(477, 1, 2, 2, 174, 'A', 'AXJEFFERSON', '2019-09-06 06:12:00', NULL, NULL),
	(478, 1, 8, 261, 48, 'A', 'AXJEFFERSON', '2019-09-06 06:12:00', NULL, NULL),
	(479, 1, 12, 262, 219, 'A', 'AXJEFFERSON', '2019-09-06 06:12:00', NULL, NULL),
	(480, 1, 26, 263, 220, 'A', 'AXJEFFERSON', '2019-09-06 06:12:00', NULL, NULL),
	(481, 1, 12, 263, 221, 'A', 'AXJEFFERSON', '2019-09-06 06:12:00', NULL, NULL),
	(482, 1, 46, 264, 222, 'A', 'AXJEFFERSON', '2019-09-06 06:12:00', NULL, NULL),
	(483, 1, 8, 2, 11, 'A', 'AXJEFFERSON', '2019-09-06 06:12:00', NULL, NULL),
	(484, 1, 47, 215, 73, 'A', 'AXJEFFERSON', '2019-09-06 06:12:00', NULL, NULL),
	(484, 1, 47, 265, 78, 'A', 'AXJEFFERSON', '2019-09-06 06:12:00', NULL, NULL),
	(485, 1, 2, 1, 38, 'A', 'AXJEFFERSON', '2019-09-06 06:12:00', NULL, NULL),
	(485, 1, 2, 1, 138, 'A', 'AXJEFFERSON', '2019-09-06 06:12:00', NULL, NULL),
	(485, 1, 2, 1, 223, 'A', 'AXJEFFERSON', '2019-09-06 06:12:00', NULL, NULL),
	(486, 1, 3, 266, 224, 'A', 'AXJEFFERSON', '2019-09-06 06:12:00', NULL, NULL),
	(487, 1, 1, 2, 1, 'A', 'AXJEFFERSON', '2019-09-06 06:12:00', NULL, NULL),
	(487, 1, 1, 2, 6, 'A', 'AXJEFFERSON', '2019-09-06 06:12:00', NULL, NULL),
	(487, 1, 1, 2, 11, 'A', 'AXJEFFERSON', '2019-09-06 06:12:00', NULL, NULL),
	(487, 1, 1, 2, 39, 'A', 'AXJEFFERSON', '2019-09-06 06:12:00', NULL, NULL),
	(488, 1, 1, 267, 8, 'A', 'AXJEFFERSON', '2019-09-06 06:12:00', NULL, NULL),
	(489, 1, 3, 248, 37, 'A', 'AXJEFFERSON', '2019-09-06 06:12:00', NULL, NULL),
	(490, 1, 2, 268, 52, 'A', 'AXJEFFERSON', '2019-09-06 06:12:00', NULL, NULL),
	(491, 1, 1, 258, 52, 'A', 'AXJEFFERSON', '2019-09-06 06:12:00', NULL, NULL),
	(492, 1, 6, 157, 13, 'A', 'AXJEFFERSON', '2019-09-06 06:12:00', NULL, NULL),
	(492, 1, 6, 157, 67, 'A', 'AXJEFFERSON', '2019-09-06 06:12:00', NULL, NULL),
	(493, 1, 8, 2, 225, 'A', 'AXJEFFERSON', '2019-09-06 06:12:00', NULL, NULL),
	(494, 1, 5, 269, 26, 'A', 'AXJEFFERSON', '2019-09-06 06:12:00', NULL, NULL),
	(495, 1, 8, 2, 1, 'A', 'AXJEFFERSON', '2019-09-06 06:12:00', NULL, NULL),
	(496, 1, 1, 2, 253, 'A', 'AXJEFFERSON', '2019-09-06 06:12:00', NULL, NULL),
	(496, 1, 1, 152, 226, 'A', 'AXJEFFERSON', '2019-09-06 06:12:00', NULL, NULL),
	(497, 1, 8, 2, 226, 'A', 'AXJEFFERSON', '2019-09-06 06:12:00', NULL, NULL),
	(498, 1, 1, 2, 227, 'A', 'AXJEFFERSON', '2019-09-06 06:12:00', NULL, NULL),
	(499, 1, 3, 270, 25, 'A', 'AXJEFFERSON', '2019-09-06 06:12:00', NULL, NULL),
	(500, 1, 6, 271, 39, 'A', 'AXJEFFERSON', '2019-09-06 06:12:00', NULL, NULL),
	(500, 1, 6, 272, 228, 'A', 'AXJEFFERSON', '2019-09-06 06:12:00', NULL, NULL),
	(501, 1, 1, 258, 14, 'A', 'AXJEFFERSON', '2019-09-06 06:12:00', NULL, NULL),
	(501, 1, 1, 258, 67, 'A', 'AXJEFFERSON', '2019-09-06 06:12:00', NULL, NULL),
	(502, 1, 2, 2, 14, 'A', 'AXJEFFERSON', '2019-09-06 06:12:00', NULL, NULL),
	(502, 1, 2, 2, 67, 'A', 'AXJEFFERSON', '2019-09-06 06:12:00', NULL, NULL),
	(503, 1, 14, 273, 53, 'A', 'AXJEFFERSON', '2019-09-06 06:12:00', NULL, NULL),
	(504, 1, 8, 22, 11, 'A', 'AXJEFFERSON', '2019-09-06 06:12:00', NULL, NULL),
	(505, 1, 48, 274, 78, 'A', 'AXJEFFERSON', '2019-09-06 06:12:00', NULL, NULL),
	(506, 1, 3, 275, 78, 'A', 'AXJEFFERSON', '2019-09-06 06:12:00', NULL, NULL),
	(507, 1, 24, 276, 229, 'A', 'AXJEFFERSON', '2019-09-06 06:12:00', NULL, NULL),
	(508, 1, 49, 277, 66, 'A', 'AXJEFFERSON', '2019-09-06 06:12:00', NULL, NULL),
	(509, 1, 3, 12, 26, 'A', 'AXJEFFERSON', '2019-09-06 06:12:00', NULL, NULL),
	(510, 1, 33, 78, 48, 'A', 'AXJEFFERSON', '2019-09-06 06:12:00', NULL, NULL),
	(511, 1, 14, 278, 37, 'A', 'AXJEFFERSON', '2019-09-06 06:12:00', NULL, NULL),
	(512, 1, 38, 151, 25, 'A', 'AXJEFFERSON', '2019-09-06 06:12:00', NULL, NULL),
	(513, 1, 1, 11, 6, 'A', 'AXJEFFERSON', '2019-09-06 06:12:00', NULL, NULL),
	(513, 1, 1, 279, 10, 'A', 'AXJEFFERSON', '2019-09-06 06:12:00', NULL, NULL),
	(514, 1, 2, 2, 13, 'A', 'AXJEFFERSON', '2019-09-06 06:12:00', NULL, NULL),
	(515, 1, 2, 2, 11, 'A', 'AXJEFFERSON', '2019-09-06 06:12:00', NULL, NULL),
	(515, 1, 2, 2, 48, 'A', 'AXJEFFERSON', '2019-09-06 06:12:00', NULL, NULL),
	(516, 1, 8, 152, 11, 'A', 'AXJEFFERSON', '2019-09-06 06:12:00', NULL, NULL),
	(516, 1, 8, 152, 48, 'A', 'AXJEFFERSON', '2019-09-06 06:12:00', NULL, NULL),
	(517, 1, 17, 280, 53, 'A', 'AXJEFFERSON', '2019-09-06 06:12:00', NULL, NULL),
	(518, 1, 2, 2, 56, 'A', 'AXJEFFERSON', '2019-09-06 06:12:00', NULL, NULL),
	(518, 1, 2, 281, 138, 'A', 'AXJEFFERSON', '2019-09-06 06:12:00', NULL, NULL),
	(519, 1, 1, 2, 138, 'A', 'AXJEFFERSON', '2019-09-06 06:12:00', NULL, NULL),
	(519, 1, 1, 282, 56, 'A', 'AXJEFFERSON', '2019-09-06 06:12:00', NULL, NULL),
	(520, 1, 33, 2, 14, 'A', 'AXJEFFERSON', '2019-09-06 06:12:00', NULL, NULL),
	(521, 1, 3, 27, 230, 'A', 'AXJEFFERSON', '2019-09-06 06:12:00', NULL, NULL),
	(522, 1, 3, 27, 231, 'A', 'AXJEFFERSON', '2019-09-06 06:12:00', NULL, NULL),
	(522, 1, 3, 283, 232, 'A', 'AXJEFFERSON', '2019-09-06 06:12:00', NULL, NULL),
	(523, 1, 50, 284, 233, 'A', 'AXJEFFERSON', '2019-09-06 06:12:00', NULL, NULL),
	(523, 1, 50, 284, 234, 'A', 'AXJEFFERSON', '2019-09-06 06:12:00', NULL, NULL),
	(523, 1, 50, 284, 235, 'A', 'AXJEFFERSON', '2019-09-06 06:12:00', NULL, NULL),
	(524, 1, 6, 285, 25, 'A', 'AXJEFFERSON', '2019-09-06 06:12:00', NULL, NULL),
	(524, 1, 6, 286, 236, 'A', 'AXJEFFERSON', '2019-09-06 06:12:00', NULL, NULL),
	(524, 1, 6, 287, 237, 'A', 'AXJEFFERSON', '2019-09-06 06:12:00', NULL, NULL),
	(525, 1, 3, 220, 25, 'A', 'AXJEFFERSON', '2019-09-06 06:12:00', NULL, NULL),
	(526, 1, 2, 133, 10, 'A', 'AXJEFFERSON', '2019-09-06 06:12:00', NULL, NULL),
	(527, 1, 12, 288, 54, 'A', 'AXJEFFERSON', '2019-09-06 06:12:00', NULL, NULL),
	(528, 1, 2, 289, 10, 'A', 'AXJEFFERSON', '2019-09-06 06:12:00', NULL, NULL),
	(529, 1, 14, 11, 78, 'A', 'AXJEFFERSON', '2019-09-06 06:12:00', NULL, NULL),
	(529, 1, 14, 11, 83, 'A', 'AXJEFFERSON', '2019-09-06 06:12:00', NULL, NULL),
	(529, 1, 14, 290, 66, 'A', 'AXJEFFERSON', '2019-09-06 06:12:00', NULL, NULL),
	(530, 1, 8, 1, 39, 'A', 'AXJEFFERSON', '2019-09-06 06:12:00', NULL, NULL),
	(530, 1, 8, 1, 48, 'A', 'AXJEFFERSON', '2019-09-06 06:12:00', NULL, NULL),
	(530, 1, 8, 1, 79, 'A', 'AXJEFFERSON', '2019-09-06 06:12:00', NULL, NULL),
	(531, 1, 3, 216, 73, 'A', 'AXJEFFERSON', '2019-09-06 06:12:00', NULL, NULL),
	(532, 1, 2, 291, 11, 'A', 'AXJEFFERSON', '2019-09-06 06:12:00', NULL, NULL),
	(533, 1, 2, 2, 38, 'A', 'AXJEFFERSON', '2019-09-06 06:12:00', NULL, NULL),
	(533, 1, 2, 9, 56, 'A', 'AXJEFFERSON', '2019-09-06 06:12:00', NULL, NULL),
	(534, 1, 8, 2, 238, 'A', 'AXJEFFERSON', '2019-09-06 06:12:00', NULL, NULL),
	(535, 1, 35, 2, 238, 'A', 'AXJEFFERSON', '2019-09-06 06:12:00', NULL, NULL),
	(536, 1, 18, 2, 238, 'A', 'AXJEFFERSON', '2019-09-06 06:12:00', NULL, NULL),
	(537, 1, 8, 292, 2, 'A', 'AXJEFFERSON', '2019-09-06 06:12:00', NULL, NULL),
	(537, 1, 8, 292, 11, 'A', 'AXJEFFERSON', '2019-09-06 06:12:00', NULL, NULL),
	(537, 1, 8, 292, 56, 'A', 'AXJEFFERSON', '2019-09-06 06:12:00', NULL, NULL),
	(538, 1, 1, 279, 239, 'A', 'AXJEFFERSON', '2019-09-06 06:12:00', NULL, NULL),
	(539, 1, 1, 279, 240, 'A', 'AXJEFFERSON', '2019-09-06 06:12:00', NULL, NULL),
	(540, 1, 1, 279, 1, 'A', 'AXJEFFERSON', '2019-09-06 06:12:00', NULL, NULL),
	(541, 1, 2, 268, 2, 'A', 'AXJEFFERSON', '2019-09-06 06:12:00', NULL, NULL),
	(542, 1, 12, 293, 54, 'A', 'AXJEFFERSON', '2019-09-06 06:12:00', NULL, NULL),
	(543, 1, 3, 294, 33, 'A', 'AXJEFFERSON', '2019-09-06 06:12:00', NULL, NULL),
	(544, 1, 2, 2, 13, 'A', 'AXJEFFERSON', '2019-09-06 06:12:00', NULL, NULL),
	(545, 1, 3, 295, 32, 'A', 'AXJEFFERSON', '2019-09-06 06:12:00', NULL, NULL),
	(546, 1, 23, 296, 55, 'A', 'AXJEFFERSON', '2019-09-06 06:12:00', NULL, NULL),
	(546, 1, 23, 297, 241, 'A', 'AXJEFFERSON', '2019-09-06 06:12:00', NULL, NULL),
	(547, 1, 1, 258, 76, 'A', 'AXJEFFERSON', '2019-09-06 06:12:00', NULL, NULL),
	(548, 1, 2, 30, 76, 'A', 'AXJEFFERSON', '2019-09-06 06:12:00', NULL, NULL),
	(549, 1, 51, 2, 52, 'A', 'AXJEFFERSON', '2019-09-06 06:12:00', NULL, NULL),
	(550, 1, 29, 59, 52, 'A', 'AXJEFFERSON', '2019-09-06 06:12:00', NULL, NULL),
	(551, 1, 2, 59, 138, 'A', 'AXJEFFERSON', '2019-09-06 06:12:00', NULL, NULL),
	(552, 1, 6, 239, 146, 'A', 'AXJEFFERSON', '2019-09-06 06:12:00', NULL, NULL),
	(553, 1, 52, 298, 242, 'A', 'AXJEFFERSON', '2019-09-06 06:12:00', NULL, NULL),
	(554, 1, 3, 299, 105, 'A', 'AXJEFFERSON', '2019-09-06 06:12:00', NULL, NULL),
	(555, 1, 9, 300, 82, 'A', 'AXJEFFERSON', '2019-09-06 06:12:00', NULL, NULL),
	(556, 1, 23, 260, 82, 'A', 'AXJEFFERSON', '2019-09-06 06:12:00', NULL, NULL),
	(557, 1, 17, 301, 243, 'A', 'AXJEFFERSON', '2019-09-06 06:12:00', NULL, NULL),
	(558, 1, 40, 302, 82, 'A', 'AXJEFFERSON', '2019-09-06 06:12:00', NULL, NULL),
	(559, 1, 34, 260, 82, 'A', 'AXJEFFERSON', '2019-09-06 06:12:00', NULL, NULL),
	(560, 1, 6, 163, 245, 'A', 'AXJEFFERSON', '2019-09-06 06:12:00', NULL, NULL),
	(560, 1, 6, 239, 244, 'A', 'AXJEFFERSON', '2019-09-06 06:12:00', NULL, NULL),
	(561, 1, 22, 303, 10, 'A', 'AXJEFFERSON', '2019-09-06 06:12:00', NULL, NULL),
	(562, 1, 22, 303, 25, 'A', 'AXJEFFERSON', '2019-09-06 06:12:00', NULL, NULL),
	(563, 1, 22, 304, 246, 'A', 'AXJEFFERSON', '2019-09-06 06:12:00', NULL, NULL),
	(564, 1, 14, 279, 3, 'A', 'AXJEFFERSON', '2019-09-06 06:12:00', NULL, NULL),
	(565, 1, 1, 2, 48, 'A', 'AXJEFFERSON', '2019-09-06 06:12:00', NULL, NULL),
	(566, 1, 18, 2, 48, 'A', 'AXJEFFERSON', '2019-09-06 06:12:00', NULL, NULL),
	(567, 1, 8, 2, 48, 'A', 'AXJEFFERSON', '2019-09-06 06:12:00', NULL, NULL),
	(568, 1, 3, 305, 32, 'A', 'AXJEFFERSON', '2019-09-06 06:12:00', NULL, NULL),
	(569, 1, 6, 306, 247, 'A', 'AXJEFFERSON', '2019-09-06 06:12:00', NULL, NULL),
	(570, 1, 6, 160, 274, 'A', 'AXJEFFERSON', '2019-09-06 06:12:00', NULL, NULL),
	(570, 1, 6, 307, 175, 'A', 'AXJEFFERSON', '2019-09-06 06:12:00', NULL, NULL),
	(571, 1, 19, 300, 248, 'A', 'AXJEFFERSON', '2019-09-06 06:12:00', NULL, NULL),
	(572, 1, 23, 308, 54, 'A', 'AXJEFFERSON', '2019-09-06 06:12:00', NULL, NULL),
	(573, 1, 12, 309, 31, 'A', 'AXJEFFERSON', '2019-09-06 06:12:00', NULL, NULL),
	(573, 1, 12, 310, 34, 'A', 'AXJEFFERSON', '2019-09-06 06:12:00', NULL, NULL),
	(574, 1, 25, 311, 31, 'A', 'AXJEFFERSON', '2019-09-06 06:12:00', NULL, NULL),
	(574, 1, 25, 311, 34, 'A', 'AXJEFFERSON', '2019-09-06 06:12:00', NULL, NULL),
	(575, 1, 6, 312, 25, 'A', 'AXJEFFERSON', '2019-09-06 06:12:00', NULL, NULL),
	(576, 1, 22, 313, 25, 'A', 'AXJEFFERSON', '2019-09-06 06:12:00', NULL, NULL),
	(577, 1, 22, 314, 25, 'A', 'AXJEFFERSON', '2019-09-06 06:12:00', NULL, NULL),
	(578, 1, 3, 315, 25, 'A', 'AXJEFFERSON', '2019-09-06 06:12:00', NULL, NULL),
	(579, 1, 5, 316, 25, 'A', 'AXJEFFERSON', '2019-09-06 06:12:00', NULL, NULL),
	(580, 1, 5, 317, 25, 'A', 'AXJEFFERSON', '2019-09-06 06:12:00', NULL, NULL),
	(581, 1, 6, 318, 25, 'A', 'AXJEFFERSON', '2019-09-06 06:12:00', NULL, NULL),
	(582, 1, 6, 319, 25, 'A', 'AXJEFFERSON', '2019-09-06 06:12:00', NULL, NULL),
	(583, 1, 6, 320, 25, 'A', 'AXJEFFERSON', '2019-09-06 06:12:00', NULL, NULL),
	(584, 1, 6, 321, 25, 'A', 'AXJEFFERSON', '2019-09-06 06:12:00', NULL, NULL),
	(585, 1, 2, 22, 77, 'A', 'AXJEFFERSON', '2019-09-06 06:12:00', NULL, NULL),
	(586, 1, 1, 22, 77, 'A', 'AXJEFFERSON', '2019-09-06 06:12:00', NULL, NULL),
	(587, 1, 6, 245, 10, 'A', 'AXJEFFERSON', '2019-09-06 06:12:00', NULL, NULL),
	(587, 1, 6, 245, 76, 'A', 'AXJEFFERSON', '2019-09-06 06:12:00', NULL, NULL),
	(588, 1, 3, 322, 53, 'A', 'AXJEFFERSON', '2019-09-06 06:12:00', NULL, NULL),
	(589, 1, 3, 215, 53, 'A', 'AXJEFFERSON', '2019-09-06 06:12:00', NULL, NULL),
	(590, 1, 6, 239, 14, 'A', 'AXJEFFERSON', '2019-09-06 06:12:00', NULL, NULL),
	(591, 1, 6, 323, 6, 'A', 'AXJEFFERSON', '2019-09-06 06:12:00', NULL, NULL),
	(592, 1, 1, 2, 6, 'A', 'AXJEFFERSON', '2019-09-06 06:12:00', NULL, NULL),
	(593, 1, 2, 2, 13, 'A', 'AXJEFFERSON', '2019-09-06 06:12:00', NULL, NULL),
	(594, 1, 1, 22, 11, 'A', 'AXJEFFERSON', '2019-09-06 06:12:00', NULL, NULL),
	(594, 1, 1, 324, 1, 'A', 'AXJEFFERSON', '2019-09-06 06:12:00', NULL, NULL),
	(595, 1, 8, 2, 1, 'A', 'AXJEFFERSON', '2019-09-06 06:12:00', NULL, NULL),
	(595, 1, 8, 22, 11, 'A', 'AXJEFFERSON', '2019-09-06 06:12:00', NULL, NULL),
	(596, 1, 14, 325, 172, 'A', 'AXJEFFERSON', '2019-09-06 06:12:00', NULL, NULL),
	(597, 1, 53, 326, 78, 'A', 'AXJEFFERSON', '2019-09-06 06:12:00', NULL, NULL),
	(598, 1, 1, 11, 226, 'A', 'AXJEFFERSON', '2019-09-06 06:12:00', NULL, NULL),
	(599, 1, 1, 327, 249, 'A', 'AXJEFFERSON', '2019-09-06 06:12:00', NULL, NULL),
	(600, 1, 1, 328, 10, 'A', 'AXJEFFERSON', '2019-09-06 06:12:00', NULL, NULL),
	(601, 1, 8, 152, 38, 'A', 'AXJEFFERSON', '2019-09-06 06:12:00', NULL, NULL),
	(601, 1, 8, 152, 48, 'A', 'AXJEFFERSON', '2019-09-06 06:12:00', NULL, NULL),
	(602, 1, 2, 30, 38, 'A', 'AXJEFFERSON', '2019-09-06 06:12:00', NULL, NULL),
	(603, 1, 35, 152, 11, 'A', 'AXJEFFERSON', '2019-09-06 06:12:00', NULL, NULL),
	(604, 1, 21, 151, 90, 'A', 'AXJEFFERSON', '2019-09-06 06:12:00', NULL, NULL),
	(605, 1, 53, 332, 66, 'A', 'AXJEFFERSON', '2019-09-06 06:12:00', NULL, NULL),
	(606, 1, 2, 333, 13, 'A', 'AXJEFFERSON', '2019-09-06 06:12:00', NULL, NULL),
	(607, 1, 38, 334, 25, 'A', 'AXJEFFERSON', '2019-09-06 06:12:00', NULL, NULL),
	(608, 1, 1, 2, 39, 'A', 'AXJEFFERSON', '2019-09-06 06:12:00', NULL, NULL),
	(609, 1, 53, 337, 78, 'A', 'AXJEFFERSON', '2019-09-06 06:12:00', NULL, NULL),
	(610, 1, 16, 338, 31, 'A', 'AXJEFFERSON', '2019-09-06 06:12:00', NULL, NULL),
	(610, 1, 16, 338, 34, 'A', 'AXJEFFERSON', '2019-09-06 06:12:00', NULL, NULL),
	(611, 1, 2, 78, 11, 'A', 'AXJEFFERSON', '2019-09-06 06:12:00', NULL, NULL),
	(612, 1, 3, 220, 86, 'A', 'AXJEFFERSON', '2019-09-06 06:12:00', NULL, NULL),
	(613, 1, 3, 12, 252, 'A', 'AXJEFFERSON', '2019-09-06 06:12:00', NULL, NULL),
	(614, 1, 3, 216, 32, 'A', 'AXJEFFERSON', '2019-09-06 06:12:00', NULL, NULL),
	(615, 1, 2, 2, 96, 'A', 'AXJEFFERSON', '2019-09-06 06:12:00', NULL, NULL),
	(616, 1, 3, 194, 53, 'A', 'AXJEFFERSON', '2019-09-06 06:12:00', NULL, NULL),
	(617, 1, 3, 216, 193, 'A', 'AXJEFFERSON', '2019-09-06 06:12:00', NULL, NULL),
	(618, 1, 3, 216, 111, 'A', 'AXJEFFERSON', '2019-09-06 06:12:00', NULL, NULL),
	(619, 1, 2, 2, 226, 'A', 'AXJEFFERSON', '2019-09-06 06:12:00', NULL, NULL),
	(619, 1, 2, 2, 253, 'A', 'AXJEFFERSON', '2019-09-06 06:12:00', NULL, NULL),
	(619, 1, 2, 133, 254, 'A', 'AXJEFFERSON', '2019-09-06 06:12:00', NULL, NULL),
	(620, 1, 33, 152, 255, 'A', 'AXJEFFERSON', '2019-09-06 06:12:00', NULL, NULL),
	(620, 1, 33, 152, 256, 'A', 'AXJEFFERSON', '2019-09-06 06:12:00', NULL, NULL),
	(621, 1, 2, 2, 257, 'A', 'AXJEFFERSON', '2019-09-06 06:12:00', NULL, NULL),
	(622, 1, 1, 30, 11, 'A', 'AXJEFFERSON', '2019-09-06 06:12:00', NULL, NULL),
	(622, 1, 1, 268, 48, 'A', 'AXJEFFERSON', '2019-09-06 06:12:00', NULL, NULL),
	(623, 1, 1, 78, 10, 'A', 'AXJEFFERSON', '2019-09-06 06:12:00', NULL, NULL),
	(624, 1, 1, 73, 1, 'A', 'AXJEFFERSON', '2019-09-06 06:12:00', NULL, NULL),
	(625, 1, 2, 2, 11, 'A', 'AXJEFFERSON', '2019-09-06 06:12:00', NULL, NULL),
	(626, 1, 37, 23, 56, 'A', 'AXJEFFERSON', '2019-09-06 06:12:00', NULL, NULL),
	(627, 1, 2, 73, 19, 'A', 'AXJEFFERSON', '2019-09-06 06:12:00', NULL, NULL),
	(627, 1, 2, 73, 208, 'A', 'AXJEFFERSON', '2019-09-06 06:12:00', NULL, NULL),
	(628, 1, 15, 11, 258, 'A', 'AXJEFFERSON', '2019-09-06 06:12:00', NULL, NULL),
	(629, 1, 22, 83, 51, 'A', 'AXJEFFERSON', '2019-09-06 06:12:00', NULL, NULL),
	(630, 1, 1, 2, 11, 'A', 'AXJEFFERSON', '2019-09-06 06:12:00', NULL, NULL),
	(631, 1, 1, 2, 2, 'A', 'AXJEFFERSON', '2019-09-06 06:12:00', NULL, NULL),
	(632, 1, 28, 73, 13, 'A', 'AXJEFFERSON', '2019-09-06 06:12:00', NULL, NULL),
	(633, 1, 1, 2, 180, 'A', 'AXJEFFERSON', '2019-09-06 06:12:00', NULL, NULL),
	(633, 1, 1, 99, 128, 'A', 'AXJEFFERSON', '2019-09-06 06:12:00', NULL, NULL),
	(634, 1, 1, 2, 19, 'A', 'AXJEFFERSON', '2019-09-06 06:12:00', NULL, NULL),
	(635, 1, 14, 11, 167, 'A', 'AXJEFFERSON', '2019-09-06 06:12:00', NULL, NULL),
	(636, 1, 4, 340, 259, 'A', 'AXJEFFERSON', '2019-09-06 06:12:00', NULL, NULL),
	(637, 1, 1, 2, 124, 'A', 'AXJEFFERSON', '2019-09-06 06:12:00', NULL, NULL),
	(638, 1, 22, 342, 25, 'A', 'AXJEFFERSON', '2019-09-06 06:12:00', NULL, NULL),
	(639, 1, 1, 2, 11, 'A', 'AXJEFFERSON', '2019-09-06 06:12:00', NULL, NULL),
	(640, 1, 2, 343, 260, 'A', 'AXJEFFERSON', '2019-09-06 06:12:00', NULL, NULL),
	(641, 1, 22, 344, 25, 'A', 'AXJEFFERSON', '2019-09-06 06:12:00', NULL, NULL),
	(642, 1, 2, 76, 2, 'A', 'AXJEFFERSON', '2019-09-06 06:12:00', NULL, NULL),
	(642, 1, 2, 118, 10, 'A', 'AXJEFFERSON', '2019-09-06 06:12:00', NULL, NULL),
	(643, 1, 8, 118, 48, 'A', 'AXJEFFERSON', '2019-09-06 06:12:00', NULL, NULL),
	(644, 1, 1, 2, 39, 'A', 'AXJEFFERSON', '2019-09-06 06:12:00', NULL, NULL),
	(645, 1, 22, 303, 25, 'A', 'AXJEFFERSON', '2019-09-06 06:12:00', NULL, NULL),
	(646, 1, 14, 345, 263, 'A', 'AXJEFFERSON', '2019-09-06 06:12:00', NULL, NULL),
	(647, 1, 1, 2, 13, 'A', 'AXJEFFERSON', '2019-09-06 06:12:00', NULL, NULL),
	(648, 1, 1, 346, 52, 'A', 'AXJEFFERSON', '2019-09-06 06:12:00', NULL, NULL),
	(649, 1, 2, 133, 2, 'A', 'AXJEFFERSON', '2019-09-06 06:12:00', NULL, NULL),
	(649, 1, 2, 133, 97, 'A', 'AXJEFFERSON', '2019-09-06 06:12:00', NULL, NULL),
	(650, 1, 2, 2, 226, 'A', 'AXJEFFERSON', '2019-09-06 06:12:00', NULL, NULL),
	(651, 1, 1, 77, 13, 'A', 'AXJEFFERSON', '2019-09-06 06:12:00', NULL, NULL),
	(652, 1, 1, 73, 13, 'A', 'AXJEFFERSON', '2019-09-06 06:12:00', NULL, NULL),
	(653, 1, 2, 347, 1, 'A', 'AXJEFFERSON', '2019-09-06 06:12:00', NULL, NULL),
	(654, 1, 14, 11, 78, 'A', 'AXJEFFERSON', '2019-09-06 06:12:00', NULL, NULL),
	(655, 1, 2, 2, 10, 'A', 'AXJEFFERSON', '2019-09-06 06:12:00', NULL, NULL),
	(656, 1, 3, 348, 53, 'A', 'AXJEFFERSON', '2019-09-06 06:12:00', NULL, NULL),
	(657, 1, 1, 2, 48, 'A', 'AXJEFFERSON', '2019-09-06 06:12:00', NULL, NULL),
	(658, 1, 1, 2, 13, 'A', 'AXJEFFERSON', '2019-09-06 06:12:00', NULL, NULL),
	(658, 1, 1, 2, 38, 'A', 'AXJEFFERSON', '2019-09-06 06:12:00', NULL, NULL),
	(659, 1, 1, 2, 11, 'A', 'AXJEFFERSON', '2019-09-06 06:12:00', NULL, NULL),
	(659, 1, 1, 2, 48, 'A', 'AXJEFFERSON', '2019-09-06 06:12:00', NULL, NULL),
	(660, 1, 3, 160, 264, 'A', 'AXJEFFERSON', '2019-09-06 06:12:00', NULL, NULL),
	(660, 1, 3, 220, 269, 'A', 'AXJEFFERSON', '2019-09-06 06:12:00', NULL, NULL),
	(661, 1, 2, 2, 10, 'A', 'AXJEFFERSON', '2019-09-06 06:12:00', NULL, NULL),
	(662, 1, 2, 30, 10, 'A', 'AXJEFFERSON', '2019-09-06 06:12:00', NULL, NULL),
	(663, 1, 3, 143, 32, 'A', 'AXJEFFERSON', '2019-09-06 06:12:00', NULL, NULL),
	(664, 1, 1, 2, 19, 'A', 'AXJEFFERSON', '2019-09-06 06:12:00', NULL, NULL),
	(665, 1, 1, 2, 10, 'A', 'AXJEFFERSON', '2019-09-06 06:12:00', NULL, NULL),
	(666, 1, 2, 349, 52, 'A', 'AXJEFFERSON', '2019-09-06 06:12:00', NULL, NULL),
	(667, 1, 54, 11, 177, 'A', 'AXJEFFERSON', '2019-09-06 06:12:00', NULL, NULL),
	(668, 1, 2, 2, 10, 'A', 'AXJEFFERSON', '2019-09-06 06:12:00', NULL, NULL),
	(669, 1, 55, 350, 31, 'A', 'AXJEFFERSON', '2019-09-06 06:12:00', NULL, NULL),
	(670, 1, 56, 239, 147, 'A', 'AXJEFFERSON', '2019-09-06 06:12:00', NULL, NULL),
	(671, 1, 40, 351, 267, 'A', 'AXJEFFERSON', '2019-09-06 06:12:00', NULL, NULL),
	(672, 1, 2, 2, 2, 'A', 'AXJEFFERSON', '2019-09-06 06:12:00', NULL, NULL),
	(673, 1, 46, 352, 31, 'A', 'AXJEFFERSON', '2019-09-06 06:12:00', NULL, NULL),
	(674, 1, 1, 353, 96, 'A', 'AXJEFFERSON', '2019-09-06 06:12:00', NULL, NULL),
	(675, 1, 2, 353, 96, 'A', 'AXJEFFERSON', '2019-09-06 06:12:00', NULL, NULL),
	(675, 1, 2, 357, 6, 'A', 'AXJEFFERSON', '2019-09-06 06:12:00', NULL, NULL),
	(676, 1, 6, 83, 25, 'A', 'AXJEFFERSON', '2019-09-06 06:12:00', NULL, NULL),
	(677, 1, 35, 59, 56, 'A', 'AXJEFFERSON', '2019-09-06 06:12:00', NULL, NULL),
	(678, 1, 56, 5, 138, 'A', 'AXJEFFERSON', '2019-09-06 06:12:00', NULL, NULL),
	(679, 1, 8, 2, 48, 'A', 'AXJEFFERSON', '2019-09-06 06:12:00', NULL, NULL),
	(680, 1, 33, 2, 225, 'A', 'AXJEFFERSON', '2019-09-06 06:12:00', NULL, NULL),
	(681, 1, 2, 133, 255, 'A', 'AXJEFFERSON', '2019-09-06 06:12:00', NULL, NULL),
	(681, 1, 2, 152, 256, 'A', 'AXJEFFERSON', '2019-09-06 06:12:00', NULL, NULL),
	(682, 1, 11, 2, 257, 'A', 'AXJEFFERSON', '2019-09-06 06:12:00', NULL, NULL),
	(683, 1, 8, 2, 6, 'A', 'AXJEFFERSON', '2019-09-06 06:12:00', NULL, NULL),
	(684, 1, 32, 2, 52, 'A', 'AXJEFFERSON', '2019-09-06 06:12:00', NULL, NULL),
	(685, 1, 2, 354, 268, 'A', 'AXJEFFERSON', '2019-09-06 06:12:00', NULL, NULL),
	(686, 1, 1, 99, 14, 'A', 'AXJEFFERSON', '2019-09-06 06:12:00', NULL, NULL),
	(687, 1, 2, 355, 48, 'A', 'AXJEFFERSON', '2019-09-06 06:12:00', NULL, NULL),
	(688, 1, 15, 356, 172, 'A', 'AXJEFFERSON', '2019-09-06 06:12:00', NULL, NULL),
	(689, 1, 8, 75, 1, 'A', 'AXJEFFERSON', '2019-09-06 06:12:00', NULL, NULL),
	(690, 1, 2, 2, 48, 'A', 'AXJEFFERSON', '2019-09-06 06:12:00', NULL, NULL),
	(691, 1, 2, 2, 11, 'A', 'AXJEFFERSON', '2019-09-06 06:12:00', NULL, NULL),
	(692, 1, 35, 2, 13, 'A', 'AXJEFFERSON', '2019-09-06 06:12:00', NULL, NULL),
	(693, 1, 33, 59, 52, 'A', 'AXJEFFERSON', '2019-09-06 06:12:00', NULL, NULL),
	(694, 1, 23, 180, 55, 'A', 'AXJEFFERSON', '2019-09-06 06:12:00', NULL, NULL),
	(694, 1, 23, 184, 55, 'A', 'AXJEFFERSON', '2019-09-06 06:12:00', NULL, NULL),
	(695, 1, 2, 22, 11, 'A', 'AXJEFFERSON', '2019-09-06 06:12:00', NULL, NULL),
	(695, 1, 2, 78, 1, 'A', 'AXJEFFERSON', '2019-09-06 06:12:00', NULL, NULL),
	(696, 1, 2, 279, 239, 'A', 'AXJEFFERSON', '2019-09-06 06:12:00', NULL, NULL),
	(697, 1, 2, 279, 1, 'A', 'AXJEFFERSON', '2019-09-06 06:12:00', NULL, NULL),
	(698, 1, 22, 358, 25, 'A', 'AXJEFFERSON', '2019-09-06 06:12:00', NULL, NULL),
	(699, 1, 6, 239, 25, 'A', 'AXJEFFERSON', '2019-09-06 06:12:00', NULL, NULL),
	(700, 1, 1, 2, 192, 'A', 'AXJEFFERSON', '2019-09-06 06:12:00', NULL, NULL),
	(701, 1, 2, 2, 39, 'A', 'AXJEFFERSON', '2019-09-06 06:12:00', NULL, NULL),
	(702, 1, 6, 159, 106, 'A', 'AXJEFFERSON', '2019-09-06 06:12:00', NULL, NULL),
	(703, 1, 2, 359, 1, 'A', 'AXJEFFERSON', '2019-09-06 06:12:00', NULL, NULL),
	(704, 1, 30, 360, 15, 'A', 'AXJEFFERSON', '2019-09-06 06:12:00', NULL, NULL),
	(705, 1, 15, 361, 270, 'A', 'AXJEFFERSON', '2019-09-06 06:12:00', NULL, NULL),
	(706, 1, 1, 362, 97, 'A', 'AXJEFFERSON', '2019-09-06 06:12:00', NULL, NULL),
	(706, 1, 1, 362, 271, 'A', 'AXJEFFERSON', '2019-09-06 06:12:00', NULL, NULL),
	(707, 1, 56, 363, 272, 'A', 'AXJEFFERSON', '2019-09-06 06:12:00', NULL, NULL),
	(708, 1, 2, 364, 10, 'A', 'AXJEFFERSON', '2019-09-06 06:12:00', NULL, NULL),
	(708, 1, 2, 365, 76, 'A', 'AXJEFFERSON', '2019-09-06 06:12:00', NULL, NULL),
	(709, 1, 1, 133, 10, 'A', 'AXJEFFERSON', '2019-09-06 06:12:00', NULL, NULL),
	(709, 1, 1, 366, 76, 'A', 'AXJEFFERSON', '2019-09-06 06:12:00', NULL, NULL),
	(710, 1, 14, 367, 3, 'A', 'AXJEFFERSON', '2019-09-06 06:12:00', NULL, NULL),
	(711, 1, 2, 368, 257, 'A', 'AXJEFFERSON', '2019-09-06 06:12:00', NULL, NULL),
	(712, 1, 3, 369, 78, 'A', 'AXJEFFERSON', '2019-09-06 06:12:00', NULL, NULL),
	(713, 1, 8, 370, 52, 'A', 'AXJEFFERSON', '2019-09-06 06:12:00', NULL, NULL),
	(713, 1, 8, 371, 6, 'A', 'AXJEFFERSON', '2019-09-06 06:12:00', NULL, NULL),
	(714, 1, 8, 73, 30, 'A', 'AXJEFFERSON', '2019-09-06 06:12:00', NULL, NULL),
	(714, 1, 8, 372, 14, 'A', 'AXJEFFERSON', '2019-09-06 06:12:00', NULL, NULL),
	(714, 1, 8, 373, 13, 'A', 'AXJEFFERSON', '2019-09-06 06:12:00', NULL, NULL),
	(715, 1, 21, 374, 53, 'A', 'AXJEFFERSON', '2019-09-06 06:12:00', NULL, NULL),
	(716, 1, 8, 73, 11, 'A', 'AXJEFFERSON', '2019-09-06 06:12:00', NULL, NULL),
	(717, 1, 56, 158, 273, 'A', 'AXJEFFERSON', '2019-09-06 06:12:00', NULL, NULL),
	(718, 1, 6, 375, 274, 'A', 'AXJEFFERSON', '2019-09-06 06:12:00', NULL, NULL),
	(719, 1, 2, 376, 38, 'A', 'AXJEFFERSON', '2019-09-06 06:12:00', NULL, NULL),
	(720, 1, 3, 377, 78, 'A', 'AXJEFFERSON', '2019-09-06 06:12:00', NULL, NULL),
	(721, 1, 38, 378, 25, 'A', 'AXJEFFERSON', '2019-09-06 06:12:00', NULL, NULL),
	(722, 1, 38, 379, 25, 'A', 'AXJEFFERSON', '2019-09-06 06:12:00', NULL, NULL),
	(723, 1, 2, 133, 48, 'A', 'AXJEFFERSON', '2019-09-06 06:12:00', NULL, NULL),
	(724, 1, 1, 133, 48, 'A', 'AXJEFFERSON', '2019-09-06 06:12:00', NULL, NULL),
	(725, 1, 3, 380, 78, 'A', 'AXJEFFERSON', '2019-09-06 06:12:00', NULL, NULL),
	(726, 1, 57, 381, 73, 'A', 'AXJEFFERSON', '2019-09-06 06:12:00', NULL, NULL),
	(727, 1, 58, 382, 148, 'A', 'AXJEFFERSON', '2019-09-06 06:12:00', NULL, NULL),
	(727, 1, 58, 382, 275, 'A', 'AXJEFFERSON', '2019-09-06 06:12:00', NULL, NULL),
	(728, 1, 6, 383, 208, 'A', 'AXJEFFERSON', '2019-09-06 06:12:00', NULL, NULL),
	(728, 1, 6, 383, 276, 'A', 'AXJEFFERSON', '2019-09-06 06:12:00', NULL, NULL),
	(729, 1, 6, 220, 10, 'A', 'AXJEFFERSON', '2019-09-06 06:12:00', NULL, NULL),
	(730, 1, 8, 384, 30, 'A', 'AXJEFFERSON', '2019-09-06 06:12:00', NULL, NULL),
	(731, 1, 1, 339, 52, 'A', 'AXJEFFERSON', '2019-09-06 06:12:00', NULL, NULL),
	(732, 1, 2, 385, 277, 'A', 'AXJEFFERSON', '2019-09-06 06:12:00', NULL, NULL),
	(733, 1, 1, 386, 277, 'A', 'AXJEFFERSON', '2019-09-06 06:12:00', NULL, NULL),
	(734, 1, 43, 387, 106, 'A', 'AXJEFFERSON', '2019-09-06 06:12:00', NULL, NULL),
	(734, 1, 43, 387, 278, 'A', 'AXJEFFERSON', '2019-09-06 06:12:00', NULL, NULL),
	(734, 1, 43, 388, 279, 'A', 'AXJEFFERSON', '2019-09-06 06:12:00', NULL, NULL),
	(735, 1, 6, 11, 48, 'A', 'AXJEFFERSON', '2019-09-06 06:12:00', NULL, NULL),
	(736, 1, 3, 389, 280, 'A', 'AXJEFFERSON', '2019-09-06 06:12:00', NULL, NULL),
	(737, 1, 56, 220, 39, 'A', 'AXJEFFERSON', '2019-09-06 06:12:00', NULL, NULL),
	(738, 1, 8, 392, 38, 'A', 'AXJEFFERSON', '2019-09-06 06:12:00', NULL, NULL),
	(739, 1, 59, 393, 53, 'A', 'AXJEFFERSON', '2019-09-06 06:12:00', NULL, NULL),
	(740, 1, 41, 394, 281, 'A', 'AXJEFFERSON', '2019-09-06 06:12:00', NULL, NULL),
	(741, 1, 6, 160, 10, 'A', 'AXJEFFERSON', '2019-09-06 06:12:00', NULL, NULL),
	(742, 1, 3, 395, 138, 'A', 'AXJEFFERSON', '2019-09-06 06:12:00', NULL, NULL),
	(743, 1, 6, 160, 39, 'A', 'AXJEFFERSON', '2019-09-06 06:12:00', NULL, NULL),
	(744, 1, 35, 396, 11, 'A', 'AXJEFFERSON', '2019-09-06 06:12:00', NULL, NULL),
	(745, 1, 60, 260, 282, 'A', 'AXJEFFERSON', '2019-09-06 06:12:00', NULL, NULL),
	(746, 1, 1, 397, 11, 'A', 'AXJEFFERSON', '2019-09-06 06:12:00', NULL, NULL),
	(747, 1, 61, 398, 3, 'A', 'AXJEFFERSON', '2019-09-06 06:12:00', NULL, NULL),
	(748, 1, 62, 11, 284, 'A', 'AXJEFFERSON', '2019-09-06 06:12:00', NULL, NULL),
	(749, 1, 3, 158, 3, 'A', 'AXJEFFERSON', '2019-09-06 06:12:00', NULL, NULL),
	(750, 1, 43, 11, 285, 'A', 'AXJEFFERSON', '2019-09-06 06:12:00', NULL, NULL),
	(750, 1, 43, 11, 286, 'A', 'AXJEFFERSON', '2019-09-06 06:12:00', NULL, NULL),
	(751, 1, 63, 54, 287, 'A', 'AXJEFFERSON', '2019-09-06 06:12:00', NULL, NULL),
	(752, 1, 21, 151, 288, 'A', 'AXJEFFERSON', '2019-09-06 06:12:00', NULL, NULL),
	(753, 1, 21, 151, 288, 'A', 'AXJEFFERSON', '2019-09-06 06:12:00', NULL, NULL),
	(754, 1, 44, 11, 288, 'A', 'AXJEFFERSON', '2019-09-06 06:12:00', NULL, NULL),
	(755, 1, 64, 11, 288, 'A', 'AXJEFFERSON', '2019-09-06 06:12:00', NULL, NULL),
	(756, 1, 65, 11, 288, 'A', 'AXJEFFERSON', '2019-09-06 06:12:00', NULL, NULL),
	(757, 1, 65, 11, 288, 'A', 'AXJEFFERSON', '2019-09-06 06:12:00', NULL, NULL),
	(758, 1, 65, 11, 288, 'A', 'AXJEFFERSON', '2019-09-06 06:12:00', NULL, NULL),
	(759, 1, 66, 400, 289, 'A', 'AXJEFFERSON', '2019-09-06 06:12:00', NULL, NULL);
/*!40000 ALTER TABLE `pr_medidas` ENABLE KEYS */;

-- Volcando estructura para tabla bd_farmacia_desa.pr_prestaciones
CREATE TABLE IF NOT EXISTS `pr_prestaciones` (
  `id_prestacion` bigint(20) NOT NULL AUTO_INCREMENT,
  `id_tipo_prestacion` bigint(20) DEFAULT NULL,
  `id_empresa` bigint(20) DEFAULT NULL,
  `id_poducto` bigint(20) DEFAULT NULL,
  `nombre_prestacion` varchar(256) DEFAULT NULL,
  `estado` char(2) DEFAULT NULL,
  `aplica_iva` char(2) DEFAULT NULL,
  `usuario_creacion` varchar(20) DEFAULT NULL,
  `fecha_creacion` datetime DEFAULT NULL,
  `usuario_actualizacion` varchar(20) DEFAULT NULL,
  `fecha_actualizacion` datetime DEFAULT NULL,
  PRIMARY KEY (`id_prestacion`),
  KEY `id_empresa` (`id_empresa`),
  KEY `id_tipo_prestacion` (`id_tipo_prestacion`),
  CONSTRAINT `pr_prestaciones_ibfk_1` FOREIGN KEY (`id_empresa`) REFERENCES `se_empresa` (`id_empresa`),
  CONSTRAINT `pr_prestaciones_ibfk_3` FOREIGN KEY (`id_tipo_prestacion`) REFERENCES `pr_tipo_prestacion` (`id_tipo_prestacion`)
) ENGINE=InnoDB AUTO_INCREMENT=93 DEFAULT CHARSET=utf8;

-- Volcando datos para la tabla bd_farmacia_desa.pr_prestaciones: ~8 rows (aproximadamente)
/*!40000 ALTER TABLE `pr_prestaciones` DISABLE KEYS */;
INSERT INTO `pr_prestaciones` (`id_prestacion`, `id_tipo_prestacion`, `id_empresa`, `id_poducto`, `nombre_prestacion`, `estado`, `aplica_iva`, `usuario_creacion`, `fecha_creacion`, `usuario_actualizacion`, `fecha_actualizacion`) VALUES
	(1, 2, 1, 2, 'Propranolol Tableta', 'A', 'SI', 'ANTHONY ', '2019-09-09 17:47:44', NULL, NULL),
	(84, 2, 1, 1, 'Abacavir Tableta recubierta', 'A', 'SI', 'ANTHONY ', '2019-09-09 16:53:08', NULL, NULL),
	(85, 2, 1, 3, 'MEDICINA \nTABLETA \nPROPRANOLOL \nCAJA X 1 FRASCO, CAJA X BLÍSTERES \n40 MG', 'A', 'SI', 'ANTHONY ', '2019-09-30 09:46:23', NULL, NULL),
	(86, 2, 1, 4, 'MEDICINA \nTABLETA \nPROPRANOLOL \nCAJA X 1 FRASCO, CAJA X BLÍSTERES \n80 MG', 'A', 'SI', 'ANTHONY ', '2019-09-30 09:46:34', NULL, NULL),
	(87, 2, 1, 5, 'MEDICINA \nCÁPSULA \nSUNITINIB \nCAJA X 1 FRASCO, CAJA X BLÍSTERES \n25 MG', 'A', 'SI', 'ANTHONY ', '2019-09-30 09:46:51', NULL, NULL),
	(88, 2, 1, 6, 'MEDICINA \nCÁPSULA \nSUNITINIB \nCAJA X 1 FRASCO, CAJA X BLÍSTERES \n50 MG', 'A', 'SI', 'ANTHONY ', '2019-09-30 09:47:03', NULL, NULL),
	(89, 2, 1, 7, 'MEDICINA \nCÁPSULA \nSUNITINIB \nCAJA X 1 FRASCO, CAJA X BLÍSTERES \n12,5 MG', 'A', 'SI', 'ANTHONY ', '2019-09-30 09:47:20', NULL, NULL),
	(90, 2, 1, 8, 'MEDICINA \nTABLETA \nACETAZOLAMIDA \nCAJA X BLÍSTERES \n250 MG', 'A', 'SI', 'ANTHONY ', '2019-09-30 09:47:32', NULL, NULL),
	(91, 2, 1, 9, 'MEDICINA \nTABLETA \nACICLOVIR \nCAJA X BLÍSTERES \n200 MG', 'A', 'SI', 'ANTHONY ', '2019-09-30 09:47:44', NULL, NULL),
	(92, 2, 1, 10, 'MEDICINA \nTABLETA \nACICLOVIR \nCAJA X BLÍSTERES \n800 MG', 'A', 'SI', 'ANTHONY ', '2019-09-30 09:47:54', NULL, NULL);
/*!40000 ALTER TABLE `pr_prestaciones` ENABLE KEYS */;

-- Volcando estructura para tabla bd_farmacia_desa.pr_productos
CREATE TABLE IF NOT EXISTS `pr_productos` (
  `id_producto` bigint(20) NOT NULL AUTO_INCREMENT,
  `codigo_barra` text DEFAULT NULL,
  `id_empresa` bigint(20) NOT NULL,
  `id_articulo` bigint(20) NOT NULL,
  `id_grupo` bigint(20) NOT NULL,
  `id_subgrupo` bigint(20) NOT NULL,
  `id_tipo_presentacion` bigint(20) NOT NULL,
  `id_tipo_medidas` bigint(20) NOT NULL,
  `cod_fabricante` bigint(20) DEFAULT NULL,
  `descontinuado` char(2) DEFAULT NULL,
  `nombre_producto` varchar(190) DEFAULT NULL,
  `registro_sanitario_local` text DEFAULT NULL,
  `registro_sanitario_extranjero` text DEFAULT NULL,
  `receta` char(3) DEFAULT NULL,
  `estado` char(2) DEFAULT NULL,
  `usuario_creacion` varchar(20) DEFAULT NULL,
  `fecha_creacion` datetime DEFAULT NULL,
  `usuario_actualizacion` varchar(20) DEFAULT NULL,
  `fecha_actualizacion` datetime DEFAULT NULL,
  PRIMARY KEY (`id_producto`,`id_empresa`,`id_articulo`,`id_grupo`,`id_subgrupo`,`id_tipo_presentacion`,`id_tipo_medidas`),
  KEY `fk_tipo_presentacion$2` (`id_tipo_presentacion`),
  KEY `fk_empresa$6` (`id_empresa`),
  KEY `fk_medida_product$1` (`id_articulo`,`id_grupo`,`id_subgrupo`,`id_tipo_presentacion`,`id_tipo_medidas`),
  KEY `fk_fabricant$3_idx` (`cod_fabricante`),
  CONSTRAINT `fk_articulo_producto` FOREIGN KEY (`id_articulo`, `id_grupo`, `id_subgrupo`) REFERENCES `pr_articulo` (`id_articulo`, `id_grupo`, `id_subgrupo`) ON DELETE NO ACTION ON UPDATE NO ACTION,
  CONSTRAINT `fk_empresa$6` FOREIGN KEY (`id_empresa`) REFERENCES `se_empresa` (`id_empresa`),
  CONSTRAINT `fk_fabricant$3` FOREIGN KEY (`cod_fabricante`) REFERENCES `pr_fabricante` (`id_fabricante`) ON DELETE NO ACTION ON UPDATE NO ACTION,
  CONSTRAINT `fk_medida_product$1` FOREIGN KEY (`id_articulo`, `id_grupo`, `id_subgrupo`, `id_tipo_presentacion`, `id_tipo_medidas`) REFERENCES `pr_medidas` (`id_articulo`, `id_grupo`, `id_subgrupo`, `id_tipo_presentacion`, `id_tipo_medidas`)
) ENGINE=InnoDB AUTO_INCREMENT=1028 DEFAULT CHARSET=utf8;

-- Volcando datos para la tabla bd_farmacia_desa.pr_productos: ~1.027 rows (aproximadamente)
/*!40000 ALTER TABLE `pr_productos` DISABLE KEYS */;
INSERT INTO `pr_productos` (`id_producto`, `codigo_barra`, `id_empresa`, `id_articulo`, `id_grupo`, `id_subgrupo`, `id_tipo_presentacion`, `id_tipo_medidas`, `cod_fabricante`, `descontinuado`, `nombre_producto`, `registro_sanitario_local`, `registro_sanitario_extranjero`, `receta`, `estado`, `usuario_creacion`, `fecha_creacion`, `usuario_actualizacion`, `fecha_actualizacion`) VALUES
	(1, NULL, 1, 1, 1, 1, 1, 1, NULL, 'NO', 'Abacavir Tableta recubierta', NULL, NULL, NULL, 'A', 'AXJEFFERSON', '2019-09-06 07:14:26', NULL, NULL),
	(2, NULL, 1, 485, 1, 2, 1, 38, NULL, 'NO', 'Propranolol Tableta', NULL, NULL, NULL, 'A', 'AXJEFFERSON', '2019-09-06 07:14:26', NULL, NULL),
	(3, NULL, 1, 485, 1, 2, 1, 138, NULL, 'NO', 'Propranolol Tableta', NULL, NULL, NULL, 'A', 'AXJEFFERSON', '2019-09-06 07:14:26', NULL, NULL),
	(4, NULL, 1, 485, 1, 2, 1, 223, NULL, 'NO', 'Propranolol Tableta', NULL, NULL, NULL, 'A', 'AXJEFFERSON', '2019-09-06 07:14:26', NULL, NULL),
	(5, NULL, 1, 530, 1, 8, 1, 39, NULL, 'NO', 'Sunitinib Cápsula', NULL, NULL, NULL, 'A', 'AXJEFFERSON', '2019-09-06 07:14:26', NULL, NULL),
	(6, NULL, 1, 530, 1, 8, 1, 48, NULL, 'NO', 'Sunitinib Cápsula', NULL, NULL, NULL, 'A', 'AXJEFFERSON', '2019-09-06 07:14:26', NULL, NULL),
	(7, NULL, 1, 530, 1, 8, 1, 79, NULL, 'NO', 'Sunitinib Cápsula', NULL, NULL, NULL, 'A', 'AXJEFFERSON', '2019-09-06 07:14:26', NULL, NULL),
	(8, NULL, 1, 2, 1, 2, 2, 2, NULL, 'NO', 'Acetazolamida Tableta', NULL, NULL, NULL, 'A', 'AXJEFFERSON', '2019-09-06 07:14:26', NULL, NULL),
	(9, NULL, 1, 6, 1, 2, 2, 6, NULL, 'NO', 'Aciclovir Tableta', NULL, NULL, NULL, 'A', 'AXJEFFERSON', '2019-09-06 07:14:26', NULL, NULL),
	(10, NULL, 1, 6, 1, 2, 2, 7, NULL, 'NO', 'Aciclovir Tableta', NULL, NULL, NULL, 'A', 'AXJEFFERSON', '2019-09-06 07:14:26', NULL, NULL),
	(11, NULL, 1, 6, 1, 2, 2, 8, NULL, 'NO', 'Aciclovir Tableta', NULL, NULL, NULL, 'A', 'AXJEFFERSON', '2019-09-06 07:14:26', NULL, NULL),
	(12, NULL, 1, 8, 1, 7, 2, 8, NULL, 'NO', 'Aciclovir Tableta dispersable', NULL, NULL, NULL, 'A', 'AXJEFFERSON', '2019-09-06 07:14:26', NULL, NULL),
	(13, NULL, 1, 9, 1, 8, 2, 6, NULL, 'NO', 'Aciclovir Cápsula', NULL, NULL, NULL, 'A', 'AXJEFFERSON', '2019-09-06 07:14:26', NULL, NULL),
	(14, NULL, 1, 11, 1, 1, 2, 6, NULL, 'NO', 'Aciclovir Tableta recubierta', NULL, NULL, NULL, 'A', 'AXJEFFERSON', '2019-09-06 07:14:26', NULL, NULL),
	(15, NULL, 1, 13, 1, 2, 2, 10, NULL, 'NO', 'Ácido acetil salicílico Tableta', NULL, NULL, NULL, 'A', 'AXJEFFERSON', '2019-09-06 07:14:26', NULL, NULL),
	(16, NULL, 1, 13, 1, 2, 2, 11, NULL, 'NO', 'Ácido acetil salicílico Tableta', NULL, NULL, NULL, 'A', 'AXJEFFERSON', '2019-09-06 07:14:26', NULL, NULL),
	(17, NULL, 1, 14, 1, 1, 2, 11, NULL, 'NO', 'Ácido acetil salicílico Tableta recubierta', NULL, NULL, NULL, 'A', 'AXJEFFERSON', '2019-09-06 07:14:26', NULL, NULL),
	(18, NULL, 1, 15, 1, 11, 2, 10, NULL, 'NO', 'Ácido acetil salicílico Tableta masticable', NULL, NULL, NULL, 'A', 'AXJEFFERSON', '2019-09-06 07:14:26', NULL, NULL),
	(19, NULL, 1, 16, 1, 1, 2, 12, NULL, 'NO', 'Ácido alendrónico Tableta recubierta', NULL, NULL, NULL, 'A', 'AXJEFFERSON', '2019-09-06 07:14:26', NULL, NULL),
	(20, NULL, 1, 17, 1, 2, 2, 12, NULL, 'NO', 'Ácido alendrónico Tableta', NULL, NULL, NULL, 'A', 'AXJEFFERSON', '2019-09-06 07:14:26', NULL, NULL),
	(21, NULL, 1, 22, 1, 1, 2, 2, NULL, 'NO', 'Ácido tranexámico Tableta recubierta', NULL, NULL, NULL, 'A', 'AXJEFFERSON', '2019-09-06 07:14:26', NULL, NULL),
	(22, NULL, 1, 22, 1, 1, 2, 10, NULL, 'NO', 'Ácido tranexámico Tableta recubierta', NULL, NULL, NULL, 'A', 'AXJEFFERSON', '2019-09-06 07:14:26', NULL, NULL),
	(23, NULL, 1, 36, 1, 2, 2, 8, NULL, 'NO', 'Albendazol Tableta', NULL, NULL, NULL, 'A', 'AXJEFFERSON', '2019-09-06 07:14:26', NULL, NULL),
	(24, NULL, 1, 38, 1, 2, 2, 1, NULL, 'NO', 'Alopurinol Tableta', NULL, NULL, NULL, 'A', 'AXJEFFERSON', '2019-09-06 07:14:26', NULL, NULL),
	(25, NULL, 1, 38, 1, 2, 2, 11, NULL, 'NO', 'Alopurinol Tableta', NULL, NULL, NULL, 'A', 'AXJEFFERSON', '2019-09-06 07:14:26', NULL, NULL),
	(26, NULL, 1, 39, 1, 2, 2, 28, NULL, 'NO', 'Alprazolam Tableta', NULL, NULL, NULL, 'A', 'AXJEFFERSON', '2019-09-06 07:14:26', NULL, NULL),
	(27, NULL, 1, 39, 1, 2, 2, 29, NULL, 'NO', 'Alprazolam Tableta', NULL, NULL, NULL, 'A', 'AXJEFFERSON', '2019-09-06 07:14:26', NULL, NULL),
	(28, NULL, 1, 40, 1, 1, 2, 28, NULL, 'NO', 'Alprazolam Tableta recubierta', NULL, NULL, NULL, 'A', 'AXJEFFERSON', '2019-09-06 07:14:26', NULL, NULL),
	(29, NULL, 1, 40, 1, 1, 2, 29, NULL, 'NO', 'Alprazolam Tableta recubierta', NULL, NULL, NULL, 'A', 'AXJEFFERSON', '2019-09-06 07:14:26', NULL, NULL),
	(30, NULL, 1, 41, 1, 18, 2, 30, NULL, 'NO', 'Alprazolam Tableta de liberación prolongada', NULL, NULL, NULL, 'A', 'AXJEFFERSON', '2019-09-06 07:14:26', NULL, NULL),
	(31, NULL, 1, 47, 1, 1, 2, 6, NULL, 'NO', 'Amiodarona Tableta recubierta', NULL, NULL, NULL, 'A', 'AXJEFFERSON', '2019-09-06 07:14:26', NULL, NULL),
	(32, NULL, 1, 49, 1, 2, 2, 6, NULL, 'NO', 'Amiodarona Tableta', NULL, NULL, NULL, 'A', 'AXJEFFERSON', '2019-09-06 07:14:26', NULL, NULL),
	(33, NULL, 1, 50, 1, 2, 2, 38, NULL, 'NO', 'Amitriptilina Tableta', NULL, NULL, NULL, 'A', 'AXJEFFERSON', '2019-09-06 07:14:26', NULL, NULL),
	(34, NULL, 1, 50, 1, 2, 2, 39, NULL, 'NO', 'Amitriptilina Tableta', NULL, NULL, NULL, 'A', 'AXJEFFERSON', '2019-09-06 07:14:26', NULL, NULL),
	(35, NULL, 1, 51, 1, 1, 2, 39, NULL, 'NO', 'Amitriptilina Tableta recubierta', NULL, NULL, NULL, 'A', 'AXJEFFERSON', '2019-09-06 07:14:26', NULL, NULL),
	(36, NULL, 1, 52, 1, 2, 2, 13, NULL, 'NO', 'Amlodipina Tableta', NULL, NULL, NULL, 'A', 'AXJEFFERSON', '2019-09-06 07:14:26', NULL, NULL),
	(37, NULL, 1, 52, 1, 2, 2, 38, NULL, 'NO', 'Amlodipina Tableta', NULL, NULL, NULL, 'A', 'AXJEFFERSON', '2019-09-06 07:14:26', NULL, NULL),
	(38, NULL, 1, 54, 1, 1, 2, 10, NULL, 'NO', 'Amoxicilina Tableta recubierta', NULL, NULL, NULL, 'A', 'AXJEFFERSON', '2019-09-06 07:14:26', NULL, NULL),
	(39, NULL, 1, 55, 1, 2, 2, 10, NULL, 'NO', 'Amoxicilina Tableta', NULL, NULL, NULL, 'A', 'AXJEFFERSON', '2019-09-06 07:14:26', NULL, NULL),
	(40, NULL, 1, 66, 1, 2, 2, 50, NULL, 'NO', 'Artemeter + Lumefantrina Tableta', NULL, NULL, NULL, 'A', 'AXJEFFERSON', '2019-09-06 07:14:26', NULL, NULL),
	(41, NULL, 1, 69, 1, 2, 2, 11, NULL, 'NO', 'Atenolol Tableta', NULL, NULL, NULL, 'A', 'AXJEFFERSON', '2019-09-06 07:14:26', NULL, NULL),
	(42, NULL, 1, 69, 1, 2, 2, 48, NULL, 'NO', 'Atenolol Tableta', NULL, NULL, NULL, 'A', 'AXJEFFERSON', '2019-09-06 07:14:26', NULL, NULL),
	(43, NULL, 1, 73, 1, 2, 2, 48, NULL, 'NO', 'Azatioprina Tableta', NULL, NULL, NULL, 'A', 'AXJEFFERSON', '2019-09-06 07:14:26', NULL, NULL),
	(44, NULL, 1, 74, 1, 8, 2, 2, NULL, 'NO', 'Azitromicina Cápsula', NULL, NULL, NULL, 'A', 'AXJEFFERSON', '2019-09-06 07:14:26', NULL, NULL),
	(45, NULL, 1, 74, 1, 8, 2, 10, NULL, 'NO', 'Azitromicina Cápsula', NULL, NULL, NULL, 'A', 'AXJEFFERSON', '2019-09-06 07:14:26', NULL, NULL),
	(46, NULL, 1, 75, 1, 1, 2, 10, NULL, 'NO', 'Azitromicina Tableta recubierta', NULL, NULL, NULL, 'A', 'AXJEFFERSON', '2019-09-06 07:14:26', NULL, NULL),
	(47, NULL, 1, 81, 1, 2, 2, 11, NULL, 'NO', 'Benznidazol Tableta', NULL, NULL, NULL, 'A', 'AXJEFFERSON', '2019-09-06 07:14:26', NULL, NULL),
	(48, NULL, 1, 88, 1, 2, 2, 19, NULL, 'NO', 'Biperideno Tableta', NULL, NULL, NULL, 'A', 'AXJEFFERSON', '2019-09-06 07:14:26', NULL, NULL),
	(49, NULL, 1, 88, 1, 2, 2, 67, NULL, 'NO', 'Biperideno Tableta', NULL, NULL, NULL, 'A', 'AXJEFFERSON', '2019-09-06 07:14:26', NULL, NULL),
	(50, NULL, 1, 93, 1, 28, 2, 71, NULL, 'NO', 'Buprenorfina Tableta sublingual', NULL, NULL, NULL, 'A', 'AXJEFFERSON', '2019-09-06 07:14:26', NULL, NULL),
	(51, NULL, 1, 98, 1, 11, 2, 10, NULL, 'NO', 'Calcio (Carbonato de Calcio) Tableta masticable', NULL, NULL, NULL, 'A', 'AXJEFFERSON', '2019-09-06 07:14:26', NULL, NULL),
	(52, NULL, 1, 101, 1, 8, 2, 75, NULL, 'NO', 'Calcitriol Cápsula', NULL, NULL, NULL, 'A', 'AXJEFFERSON', '2019-09-06 07:14:26', NULL, NULL),
	(53, NULL, 1, 107, 1, 1, 2, 8, NULL, 'NO', 'Carbamazepina Tableta recubierta', NULL, NULL, NULL, 'A', 'AXJEFFERSON', '2019-09-06 07:14:26', NULL, NULL),
	(54, NULL, 1, 110, 1, 2, 2, 39, NULL, 'NO', 'Carvedilol Tableta', NULL, NULL, NULL, 'A', 'AXJEFFERSON', '2019-09-06 07:14:26', NULL, NULL),
	(55, NULL, 1, 110, 1, 2, 2, 79, NULL, 'NO', 'Carvedilol Tableta', NULL, NULL, NULL, 'A', 'AXJEFFERSON', '2019-09-06 07:14:26', NULL, NULL),
	(56, NULL, 1, 110, 1, 2, 2, 80, NULL, 'NO', 'Carvedilol Tableta', NULL, NULL, NULL, 'A', 'AXJEFFERSON', '2019-09-06 07:14:26', NULL, NULL),
	(57, NULL, 1, 113, 1, 8, 2, 10, NULL, 'NO', 'Cefalexina Cápsula', NULL, NULL, NULL, 'A', 'AXJEFFERSON', '2019-09-06 07:14:26', NULL, NULL),
	(58, NULL, 1, 121, 1, 8, 2, 11, NULL, 'NO', 'Ciclosporina Cápsula', NULL, NULL, NULL, 'A', 'AXJEFFERSON', '2019-09-06 07:14:26', NULL, NULL),
	(59, NULL, 1, 121, 1, 8, 2, 39, NULL, 'NO', 'Ciclosporina Cápsula', NULL, NULL, NULL, 'A', 'AXJEFFERSON', '2019-09-06 07:14:26', NULL, NULL),
	(60, NULL, 1, 121, 1, 8, 2, 48, NULL, 'NO', 'Ciclosporina Cápsula', NULL, NULL, NULL, 'A', 'AXJEFFERSON', '2019-09-06 07:14:26', NULL, NULL),
	(61, NULL, 1, 126, 1, 8, 2, 10, NULL, 'NO', 'Ciprofloxacina Cápsula', NULL, NULL, NULL, 'A', 'AXJEFFERSON', '2019-09-06 07:14:26', NULL, NULL),
	(62, NULL, 1, 131, 1, 2, 2, 10, NULL, 'NO', 'Claritromicina Tableta', NULL, NULL, NULL, 'A', 'AXJEFFERSON', '2019-09-06 07:14:26', NULL, NULL),
	(63, NULL, 1, 134, 1, 1, 2, 10, NULL, 'NO', 'Claritromicina Tableta recubierta', NULL, NULL, NULL, 'A', 'AXJEFFERSON', '2019-09-06 07:14:26', NULL, NULL),
	(64, NULL, 1, 135, 1, 8, 2, 1, NULL, 'NO', 'Clindamicina Cápsula', NULL, NULL, NULL, 'A', 'AXJEFFERSON', '2019-09-06 07:14:26', NULL, NULL),
	(65, NULL, 1, 138, 1, 2, 2, 48, NULL, 'NO', 'Clomifeno Tableta', NULL, NULL, NULL, 'A', 'AXJEFFERSON', '2019-09-06 07:14:26', NULL, NULL),
	(66, NULL, 1, 139, 1, 2, 2, 30, NULL, 'NO', 'Clonazepam Tableta', NULL, NULL, NULL, 'A', 'AXJEFFERSON', '2019-09-06 07:14:26', NULL, NULL),
	(67, NULL, 1, 139, 1, 2, 2, 67, NULL, 'NO', 'Clonazepam Tableta', NULL, NULL, NULL, 'A', 'AXJEFFERSON', '2019-09-06 07:14:26', NULL, NULL),
	(68, NULL, 1, 140, 1, 7, 2, 14, NULL, 'NO', 'Clonazepam Tableta dispersable', NULL, NULL, NULL, 'A', 'AXJEFFERSON', '2019-09-06 07:14:26', NULL, NULL),
	(69, NULL, 1, 140, 1, 7, 2, 30, NULL, 'NO', 'Clonazepam Tableta dispersable', NULL, NULL, NULL, 'A', 'AXJEFFERSON', '2019-09-06 07:14:26', NULL, NULL),
	(70, NULL, 1, 140, 1, 7, 2, 67, NULL, 'NO', 'Clonazepam Tableta dispersable', NULL, NULL, NULL, 'A', 'AXJEFFERSON', '2019-09-06 07:14:26', NULL, NULL),
	(71, NULL, 1, 142, 1, 1, 2, 1, NULL, 'NO', 'Clopidogrel Tableta recubierta', NULL, NULL, NULL, 'A', 'AXJEFFERSON', '2019-09-06 07:14:26', NULL, NULL),
	(72, NULL, 1, 146, 1, 2, 2, 2, NULL, 'NO', 'Cloroquina Tableta', NULL, NULL, NULL, 'A', 'AXJEFFERSON', '2019-09-06 07:14:26', NULL, NULL),
	(73, NULL, 1, 147, 1, 2, 2, 39, NULL, 'NO', 'Clorpromazina Tableta', NULL, NULL, NULL, 'A', 'AXJEFFERSON', '2019-09-06 07:14:26', NULL, NULL),
	(74, NULL, 1, 150, 1, 2, 2, 39, NULL, 'NO', 'Clortalidona Tableta', NULL, NULL, NULL, 'A', 'AXJEFFERSON', '2019-09-06 07:14:26', NULL, NULL),
	(75, NULL, 1, 150, 1, 2, 2, 48, NULL, 'NO', 'Clortalidona Tableta', NULL, NULL, NULL, 'A', 'AXJEFFERSON', '2019-09-06 07:14:26', NULL, NULL),
	(76, NULL, 1, 160, 1, 33, 2, 25, NULL, 'NO', 'Complejo B (Vitaminas B1, B6, B12) Gragea', NULL, NULL, NULL, 'A', 'AXJEFFERSON', '2019-09-06 07:14:26', NULL, NULL),
	(77, NULL, 1, 161, 1, 1, 2, 25, NULL, 'NO', 'Complejo B (Vitaminas B1, B6, B12) Tableta recubierta', NULL, NULL, NULL, 'A', 'AXJEFFERSON', '2019-09-06 07:14:26', NULL, NULL),
	(78, NULL, 1, 163, 1, 8, 2, 25, NULL, 'NO', 'Complejo B (Vitaminas B1, B6, B12) Cápsula', NULL, NULL, NULL, 'A', 'AXJEFFERSON', '2019-09-06 07:14:26', NULL, NULL),
	(79, NULL, 1, 184, 1, 18, 2, 48, NULL, 'NO', 'Diclofenaco Tableta de liberación prolongada', NULL, NULL, NULL, 'A', 'AXJEFFERSON', '2019-09-06 07:14:26', NULL, NULL),
	(80, NULL, 1, 185, 1, 33, 2, 48, NULL, 'NO', 'Diclofenaco Gragea', NULL, NULL, NULL, 'A', 'AXJEFFERSON', '2019-09-06 07:14:26', NULL, NULL),
	(81, NULL, 1, 186, 1, 1, 2, 48, NULL, 'NO', 'Diclofenaco Tableta recubierta', NULL, NULL, NULL, 'A', 'AXJEFFERSON', '2019-09-06 07:14:26', NULL, NULL),
	(82, NULL, 1, 194, 1, 18, 2, 107, NULL, 'NO', 'Diltiazem Tableta de liberación prolongada', NULL, NULL, NULL, 'A', 'AXJEFFERSON', '2019-09-06 07:14:26', NULL, NULL),
	(83, NULL, 1, 194, 1, 18, 2, 108, NULL, 'NO', 'Diltiazem Tableta de liberación prolongada', NULL, NULL, NULL, 'A', 'AXJEFFERSON', '2019-09-06 07:14:26', NULL, NULL),
	(84, NULL, 1, 197, 1, 2, 2, 109, NULL, 'NO', 'Diltiazem Tableta', NULL, NULL, NULL, 'A', 'AXJEFFERSON', '2019-09-06 07:14:26', NULL, NULL),
	(85, NULL, 1, 204, 1, 2, 2, 19, NULL, 'NO', 'Doxazocina Tableta', NULL, NULL, NULL, 'A', 'AXJEFFERSON', '2019-09-06 07:14:26', NULL, NULL),
	(86, NULL, 1, 204, 1, 2, 2, 67, NULL, 'NO', 'Doxazocina Tableta', NULL, NULL, NULL, 'A', 'AXJEFFERSON', '2019-09-06 07:14:26', NULL, NULL),
	(87, NULL, 1, 210, 1, 8, 2, 6, NULL, 'NO', 'Emtricitabina Cápsula', NULL, NULL, NULL, 'A', 'AXJEFFERSON', '2019-09-06 07:14:26', NULL, NULL),
	(88, NULL, 1, 220, 1, 2, 2, 2, NULL, 'NO', 'Eritromicina Tableta', NULL, NULL, NULL, 'A', 'AXJEFFERSON', '2019-09-06 07:14:26', NULL, NULL),
	(89, NULL, 1, 225, 1, 2, 2, 124, NULL, 'NO', 'Espiramicina Tableta', NULL, NULL, NULL, 'A', 'AXJEFFERSON', '2019-09-06 07:14:26', NULL, NULL),
	(90, NULL, 1, 226, 1, 2, 2, 11, NULL, 'NO', 'Espironolactona Tableta', NULL, NULL, NULL, 'A', 'AXJEFFERSON', '2019-09-06 07:14:26', NULL, NULL),
	(91, NULL, 1, 226, 1, 2, 2, 39, NULL, 'NO', 'Espironolactona Tableta', NULL, NULL, NULL, 'A', 'AXJEFFERSON', '2019-09-06 07:14:26', NULL, NULL),
	(92, NULL, 1, 239, 1, 2, 2, 39, NULL, 'NO', 'Exemestano Tableta', NULL, NULL, NULL, 'A', 'AXJEFFERSON', '2019-09-06 07:14:26', NULL, NULL),
	(93, NULL, 1, 255, 1, 2, 2, 134, NULL, 'NO', 'Fludrocortisona Tableta', NULL, NULL, NULL, 'A', 'AXJEFFERSON', '2019-09-06 07:14:26', NULL, NULL),
	(94, NULL, 1, 301, 1, 8, 2, 11, NULL, 'NO', 'Imatinib Cápsula', NULL, NULL, NULL, 'A', 'AXJEFFERSON', '2019-09-06 07:14:26', NULL, NULL),
	(95, NULL, 1, 322, 1, 2, 2, 56, NULL, 'NO', 'Isosorbida mononitrato Tableta', NULL, NULL, NULL, 'A', 'AXJEFFERSON', '2019-09-06 07:14:26', NULL, NULL),
	(96, NULL, 1, 324, 1, 8, 2, 11, NULL, 'NO', 'Itraconazol Cápsula', NULL, NULL, NULL, 'A', 'AXJEFFERSON', '2019-09-06 07:14:26', NULL, NULL),
	(97, NULL, 1, 344, 1, 2, 2, 11, NULL, 'NO', 'Lamotrigina Tableta', NULL, NULL, NULL, 'A', 'AXJEFFERSON', '2019-09-06 07:14:26', NULL, NULL),
	(98, NULL, 1, 344, 1, 2, 2, 39, NULL, 'NO', 'Lamotrigina Tableta', NULL, NULL, NULL, 'A', 'AXJEFFERSON', '2019-09-06 07:14:26', NULL, NULL),
	(99, NULL, 1, 344, 1, 2, 2, 48, NULL, 'NO', 'Lamotrigina Tableta', NULL, NULL, NULL, 'A', 'AXJEFFERSON', '2019-09-06 07:14:26', NULL, NULL),
	(100, NULL, 1, 346, 1, 1, 2, 144, NULL, 'NO', 'Letrozol Tableta recubierta', NULL, NULL, NULL, 'A', 'AXJEFFERSON', '2019-09-06 07:14:26', NULL, NULL),
	(101, NULL, 1, 352, 1, 1, 2, 2, NULL, 'NO', 'Levofloxacino Tableta recubierta', NULL, NULL, NULL, 'A', 'AXJEFFERSON', '2019-09-06 07:14:26', NULL, NULL),
	(102, NULL, 1, 355, 1, 1, 2, 39, NULL, 'NO', 'Levomepromazina Tableta recubierta', NULL, NULL, NULL, 'A', 'AXJEFFERSON', '2019-09-06 07:14:26', NULL, NULL),
	(103, NULL, 1, 357, 1, 33, 2, 180, NULL, 'NO', 'Levonorgestrel Gragea', NULL, NULL, NULL, 'A', 'AXJEFFERSON', '2019-09-06 07:14:26', NULL, NULL),
	(104, NULL, 1, 358, 1, 2, 2, 128, NULL, 'NO', 'Levonorgestrel Tableta', NULL, NULL, NULL, 'A', 'AXJEFFERSON', '2019-09-06 07:14:26', NULL, NULL),
	(105, NULL, 1, 358, 1, 2, 2, 180, NULL, 'NO', 'Levonorgestrel Tableta', NULL, NULL, NULL, 'A', 'AXJEFFERSON', '2019-09-06 07:14:26', NULL, NULL),
	(106, NULL, 1, 358, 1, 2, 2, 266, NULL, 'NO', 'Levonorgestrel Tableta', NULL, NULL, NULL, 'A', 'AXJEFFERSON', '2019-09-06 07:14:26', NULL, NULL),
	(107, NULL, 1, 360, 1, 1, 2, 181, NULL, 'NO', 'Levonorgestrel + etinilestradiol Tableta recubierta', NULL, NULL, NULL, 'A', 'AXJEFFERSON', '2019-09-06 07:14:26', NULL, NULL),
	(108, NULL, 1, 361, 1, 33, 2, 181, NULL, 'NO', 'Levonorgestrel + etinilestradiol Gragea', NULL, NULL, NULL, 'A', 'AXJEFFERSON', '2019-09-06 07:14:26', NULL, NULL),
	(109, NULL, 1, 378, 1, 1, 2, 11, NULL, 'NO', 'Losartán Tableta recubierta', NULL, NULL, NULL, 'A', 'AXJEFFERSON', '2019-09-06 07:14:26', NULL, NULL),
	(110, NULL, 1, 379, 1, 2, 2, 11, NULL, 'NO', 'Losartán Tableta', NULL, NULL, NULL, 'A', 'AXJEFFERSON', '2019-09-06 07:14:26', NULL, NULL),
	(111, NULL, 1, 379, 1, 2, 2, 48, NULL, 'NO', 'Losartán Tableta', NULL, NULL, NULL, 'A', 'AXJEFFERSON', '2019-09-06 07:14:26', NULL, NULL),
	(112, NULL, 1, 383, 1, 2, 2, 192, NULL, 'NO', 'Medroxiprogesterona + estrógenos equinos conjugados Tableta', NULL, NULL, NULL, 'A', 'AXJEFFERSON', '2019-09-06 07:14:26', NULL, NULL),
	(113, NULL, 1, 390, 1, 1, 2, 76, NULL, 'NO', 'Metformina Tableta recubierta', NULL, NULL, NULL, 'A', 'AXJEFFERSON', '2019-09-06 07:14:26', NULL, NULL),
	(114, NULL, 1, 391, 1, 2, 2, 10, NULL, 'NO', 'Metformina Tableta', NULL, NULL, NULL, 'A', 'AXJEFFERSON', '2019-09-06 07:14:26', NULL, NULL),
	(115, NULL, 1, 391, 1, 2, 2, 76, NULL, 'NO', 'Metformina Tableta', NULL, NULL, NULL, 'A', 'AXJEFFERSON', '2019-09-06 07:14:26', NULL, NULL),
	(116, NULL, 1, 391, 1, 2, 2, 194, NULL, 'NO', 'Metformina Tableta', NULL, NULL, NULL, 'A', 'AXJEFFERSON', '2019-09-06 07:14:26', NULL, NULL),
	(117, NULL, 1, 392, 1, 18, 2, 10, NULL, 'NO', 'Metformina Tableta de liberación prolongada', NULL, NULL, NULL, 'A', 'AXJEFFERSON', '2019-09-06 07:14:26', NULL, NULL),
	(118, NULL, 1, 392, 1, 18, 2, 46, NULL, 'NO', 'Metformina Tableta de liberación prolongada', NULL, NULL, NULL, 'A', 'AXJEFFERSON', '2019-09-06 07:14:26', NULL, NULL),
	(119, NULL, 1, 392, 1, 18, 2, 76, NULL, 'NO', 'Metformina Tableta de liberación prolongada', NULL, NULL, NULL, 'A', 'AXJEFFERSON', '2019-09-06 07:14:26', NULL, NULL),
	(120, NULL, 1, 392, 1, 18, 2, 194, NULL, 'NO', 'Metformina Tableta de liberación prolongada', NULL, NULL, NULL, 'A', 'AXJEFFERSON', '2019-09-06 07:14:26', NULL, NULL),
	(121, NULL, 1, 393, 1, 1, 2, 195, NULL, 'NO', 'Metformina + Glibenclamida Tableta recubierta', NULL, NULL, NULL, 'A', 'AXJEFFERSON', '2019-09-06 07:14:26', NULL, NULL),
	(122, NULL, 1, 393, 1, 1, 2, 196, NULL, 'NO', 'Metformina + Glibenclamida Tableta recubierta', NULL, NULL, NULL, 'A', 'AXJEFFERSON', '2019-09-06 07:14:26', NULL, NULL),
	(123, NULL, 1, 393, 1, 1, 2, 197, NULL, 'NO', 'Metformina + Glibenclamida Tableta recubierta', NULL, NULL, NULL, 'A', 'AXJEFFERSON', '2019-09-06 07:14:26', NULL, NULL),
	(124, NULL, 1, 394, 1, 2, 2, 195, NULL, 'NO', 'Metformina + Glibenclamida Tableta', NULL, NULL, NULL, 'A', 'AXJEFFERSON', '2019-09-06 07:14:26', NULL, NULL),
	(125, NULL, 1, 394, 1, 2, 2, 196, NULL, 'NO', 'Metformina + Glibenclamida Tableta', NULL, NULL, NULL, 'A', 'AXJEFFERSON', '2019-09-06 07:14:26', NULL, NULL),
	(126, NULL, 1, 394, 1, 2, 2, 197, NULL, 'NO', 'Metformina + Glibenclamida Tableta', NULL, NULL, NULL, 'A', 'AXJEFFERSON', '2019-09-06 07:14:26', NULL, NULL),
	(127, NULL, 1, 396, 1, 33, 2, 184, NULL, 'NO', 'Metilergometrina Gragea', NULL, NULL, NULL, 'A', 'AXJEFFERSON', '2019-09-06 07:14:26', NULL, NULL),
	(128, NULL, 1, 401, 1, 2, 2, 38, NULL, 'NO', 'Metoclopramida Tableta', NULL, NULL, NULL, 'A', 'AXJEFFERSON', '2019-09-06 07:14:26', NULL, NULL),
	(129, NULL, 1, 408, 1, 29, 2, 76, NULL, 'NO', 'Metronidazol Óvulo', NULL, NULL, NULL, 'A', 'AXJEFFERSON', '2019-09-06 07:14:26', NULL, NULL),
	(130, NULL, 1, 410, 1, 32, 2, 10, NULL, 'NO', 'Metronidazol Tableta vaginal', NULL, NULL, NULL, 'A', 'AXJEFFERSON', '2019-09-06 07:14:26', NULL, NULL),
	(131, NULL, 1, 410, 1, 32, 2, 76, NULL, 'NO', 'Metronidazol Tableta vaginal', NULL, NULL, NULL, 'A', 'AXJEFFERSON', '2019-09-06 07:14:26', NULL, NULL),
	(132, NULL, 1, 430, 1, 2, 2, 38, NULL, 'NO', 'Nifedipina Tableta', NULL, NULL, NULL, 'A', 'AXJEFFERSON', '2019-09-06 07:14:26', NULL, NULL),
	(133, NULL, 1, 431, 1, 1, 2, 38, NULL, 'NO', 'Nifedipina Tableta recubierta', NULL, NULL, NULL, 'A', 'AXJEFFERSON', '2019-09-06 07:14:26', NULL, NULL),
	(134, NULL, 1, 432, 1, 18, 2, 38, NULL, 'NO', 'Nifedipina Tableta de liberación prolongada', NULL, NULL, NULL, 'A', 'AXJEFFERSON', '2019-09-06 07:14:26', NULL, NULL),
	(135, NULL, 1, 445, 1, 1, 2, 19, NULL, 'NO', 'Ondansetrón Tableta recubierta', NULL, NULL, NULL, 'A', 'AXJEFFERSON', '2019-09-06 07:14:26', NULL, NULL),
	(136, NULL, 1, 445, 1, 1, 2, 208, NULL, 'NO', 'Ondansetrón Tableta recubierta', NULL, NULL, NULL, 'A', 'AXJEFFERSON', '2019-09-06 07:14:26', NULL, NULL),
	(137, NULL, 1, 446, 1, 8, 2, 88, NULL, 'NO', 'Oseltamivir Cápsula', NULL, NULL, NULL, 'A', 'AXJEFFERSON', '2019-09-06 07:14:26', NULL, NULL),
	(138, NULL, 1, 474, 1, 2, 2, 13, NULL, 'NO', 'Prednisolona Tableta', NULL, NULL, NULL, 'A', 'AXJEFFERSON', '2019-09-06 07:14:26', NULL, NULL),
	(139, NULL, 1, 475, 1, 1, 2, 13, NULL, 'NO', 'Prednisona Tableta recubierta', NULL, NULL, NULL, 'A', 'AXJEFFERSON', '2019-09-06 07:14:26', NULL, NULL),
	(140, NULL, 1, 475, 1, 1, 2, 56, NULL, 'NO', 'Prednisona Tableta recubierta', NULL, NULL, NULL, 'A', 'AXJEFFERSON', '2019-09-06 07:14:26', NULL, NULL),
	(141, NULL, 1, 476, 1, 2, 2, 13, NULL, 'NO', 'Prednisona Tableta', NULL, NULL, NULL, 'A', 'AXJEFFERSON', '2019-09-06 07:14:26', NULL, NULL),
	(142, NULL, 1, 476, 1, 2, 2, 56, NULL, 'NO', 'Prednisona Tableta', NULL, NULL, NULL, 'A', 'AXJEFFERSON', '2019-09-06 07:14:26', NULL, NULL),
	(143, NULL, 1, 477, 1, 2, 2, 136, NULL, 'NO', 'Primaquina Tableta', NULL, NULL, NULL, 'A', 'AXJEFFERSON', '2019-09-06 07:14:26', NULL, NULL),
	(144, NULL, 1, 477, 1, 2, 2, 174, NULL, 'NO', 'Primaquina Tableta', NULL, NULL, NULL, 'A', 'AXJEFFERSON', '2019-09-06 07:14:26', NULL, NULL),
	(145, NULL, 1, 483, 1, 8, 2, 11, NULL, 'NO', 'Progesterona Cápsula', NULL, NULL, NULL, 'A', 'AXJEFFERSON', '2019-09-06 07:14:26', NULL, NULL),
	(146, NULL, 1, 487, 1, 1, 2, 1, NULL, 'NO', 'Quetiapina Tableta recubierta', NULL, NULL, NULL, 'A', 'AXJEFFERSON', '2019-09-06 07:14:26', NULL, NULL),
	(147, NULL, 1, 487, 1, 1, 2, 6, NULL, 'NO', 'Quetiapina Tableta recubierta', NULL, NULL, NULL, 'A', 'AXJEFFERSON', '2019-09-06 07:14:26', NULL, NULL),
	(148, NULL, 1, 487, 1, 1, 2, 11, NULL, 'NO', 'Quetiapina Tableta recubierta', NULL, NULL, NULL, 'A', 'AXJEFFERSON', '2019-09-06 07:14:26', NULL, NULL),
	(149, NULL, 1, 487, 1, 1, 2, 39, NULL, 'NO', 'Quetiapina Tableta recubierta', NULL, NULL, NULL, 'A', 'AXJEFFERSON', '2019-09-06 07:14:26', NULL, NULL),
	(150, NULL, 1, 493, 1, 8, 2, 225, NULL, 'NO', 'Retinol (Vitamina A) Cápsula', NULL, NULL, NULL, 'A', 'AXJEFFERSON', '2019-09-06 07:14:26', NULL, NULL),
	(151, NULL, 1, 495, 1, 8, 2, 1, NULL, 'NO', 'Rifampicina Cápsula', NULL, NULL, NULL, 'A', 'AXJEFFERSON', '2019-09-06 07:14:26', NULL, NULL),
	(152, NULL, 1, 496, 1, 1, 2, 253, NULL, 'NO', 'Rifampicina + Isoniazida Tableta recubierta', NULL, NULL, NULL, 'A', 'AXJEFFERSON', '2019-09-06 07:14:26', NULL, NULL),
	(153, NULL, 1, 497, 1, 8, 2, 226, NULL, 'NO', 'Rifampicina + Isoniazida Cápsula', NULL, NULL, NULL, 'A', 'AXJEFFERSON', '2019-09-06 07:14:26', NULL, NULL),
	(154, NULL, 1, 498, 1, 1, 2, 227, NULL, 'NO', 'Rifampicina+Pirazinamida+Etambutol+Isoniazida Tableta recubierta', NULL, NULL, NULL, 'A', 'AXJEFFERSON', '2019-09-06 07:14:26', NULL, NULL),
	(155, NULL, 1, 502, 1, 2, 2, 14, NULL, 'NO', 'Risperidona Tableta', NULL, NULL, NULL, 'A', 'AXJEFFERSON', '2019-09-06 07:14:26', NULL, NULL),
	(156, NULL, 1, 502, 1, 2, 2, 67, NULL, 'NO', 'Risperidona Tableta', NULL, NULL, NULL, 'A', 'AXJEFFERSON', '2019-09-06 07:14:26', NULL, NULL),
	(157, NULL, 1, 514, 1, 2, 2, 13, NULL, 'NO', 'Selegilina Tableta', NULL, NULL, NULL, 'A', 'AXJEFFERSON', '2019-09-06 07:14:26', NULL, NULL),
	(158, NULL, 1, 515, 1, 2, 2, 11, NULL, 'NO', 'Sertralina Tableta', NULL, NULL, NULL, 'A', 'AXJEFFERSON', '2019-09-06 07:14:26', NULL, NULL),
	(159, NULL, 1, 515, 1, 2, 2, 48, NULL, 'NO', 'Sertralina Tableta', NULL, NULL, NULL, 'A', 'AXJEFFERSON', '2019-09-06 07:14:26', NULL, NULL),
	(160, NULL, 1, 518, 1, 2, 2, 56, NULL, 'NO', 'Simvastatina Tableta', NULL, NULL, NULL, 'A', 'AXJEFFERSON', '2019-09-06 07:14:26', NULL, NULL),
	(161, NULL, 1, 519, 1, 1, 2, 138, NULL, 'NO', 'Simvastatina Tableta recubierta', NULL, NULL, NULL, 'A', 'AXJEFFERSON', '2019-09-06 07:14:26', NULL, NULL),
	(162, NULL, 1, 520, 1, 33, 2, 14, NULL, 'NO', 'Sirolimus Gragea', NULL, NULL, NULL, 'A', 'AXJEFFERSON', '2019-09-06 07:14:26', NULL, NULL),
	(163, NULL, 1, 533, 1, 2, 2, 38, NULL, 'NO', 'Tamoxifeno Tableta', NULL, NULL, NULL, 'A', 'AXJEFFERSON', '2019-09-06 07:14:26', NULL, NULL),
	(164, NULL, 1, 534, 1, 8, 2, 238, NULL, 'NO', 'Tamsulosina Cápsula', NULL, NULL, NULL, 'A', 'AXJEFFERSON', '2019-09-06 07:14:26', NULL, NULL),
	(165, NULL, 1, 535, 1, 35, 2, 238, NULL, 'NO', 'Tamsulosina Cápsula de liberación prolongada', NULL, NULL, NULL, 'A', 'AXJEFFERSON', '2019-09-06 07:14:26', NULL, NULL),
	(166, NULL, 1, 536, 1, 18, 2, 238, NULL, 'NO', 'Tamsulosina Tableta de liberación prolongada', NULL, NULL, NULL, 'A', 'AXJEFFERSON', '2019-09-06 07:14:26', NULL, NULL),
	(167, NULL, 1, 544, 1, 2, 2, 13, NULL, 'NO', 'Tiamazol (Metimazol) Tableta', NULL, NULL, NULL, 'A', 'AXJEFFERSON', '2019-09-06 07:14:26', NULL, NULL),
	(168, NULL, 1, 549, 1, 51, 2, 52, NULL, 'NO', 'Tinidazol Cápsula vaginal', NULL, NULL, NULL, 'A', 'AXJEFFERSON', '2019-09-06 07:14:26', NULL, NULL),
	(169, NULL, 1, 565, 1, 1, 2, 48, NULL, 'NO', 'Tramadol Tableta recubierta', NULL, NULL, NULL, 'A', 'AXJEFFERSON', '2019-09-06 07:14:26', NULL, NULL),
	(170, NULL, 1, 566, 1, 18, 2, 48, NULL, 'NO', 'Tramadol Tableta de liberación prolongada', NULL, NULL, NULL, 'A', 'AXJEFFERSON', '2019-09-06 07:14:26', NULL, NULL),
	(171, NULL, 1, 567, 1, 8, 2, 48, NULL, 'NO', 'Tramadol Cápsula', NULL, NULL, NULL, 'A', 'AXJEFFERSON', '2019-09-06 07:14:26', NULL, NULL),
	(172, NULL, 1, 592, 1, 1, 2, 6, NULL, 'NO', 'Voriconazol Tableta recubierta', NULL, NULL, NULL, 'A', 'AXJEFFERSON', '2019-09-06 07:14:26', NULL, NULL),
	(173, NULL, 1, 593, 1, 2, 2, 13, NULL, 'NO', 'Warfarina Tableta', NULL, NULL, NULL, 'A', 'AXJEFFERSON', '2019-09-06 07:14:26', NULL, NULL),
	(174, NULL, 1, 595, 1, 8, 2, 1, NULL, 'NO', 'Zidovudina Cápsula', NULL, NULL, NULL, 'A', 'AXJEFFERSON', '2019-09-06 07:14:26', NULL, NULL),
	(175, NULL, 1, 608, 1, 1, 2, 39, NULL, 'NO', 'Carvedilol Tableta recubierta', NULL, NULL, NULL, 'A', 'AXJEFFERSON', '2019-09-06 07:14:26', NULL, NULL),
	(176, NULL, 1, 615, 1, 2, 2, 96, NULL, 'NO', 'Praziquantel Tableta', NULL, NULL, NULL, 'A', 'AXJEFFERSON', '2019-09-06 07:14:26', NULL, NULL),
	(177, NULL, 1, 619, 1, 2, 2, 226, NULL, 'NO', 'Rifampicina + Isoniazida Tableta', NULL, NULL, NULL, 'A', 'AXJEFFERSON', '2019-09-06 07:14:26', NULL, NULL),
	(178, NULL, 1, 619, 1, 2, 2, 253, NULL, 'NO', 'Rifampicina + Isoniazida Tableta', NULL, NULL, NULL, 'A', 'AXJEFFERSON', '2019-09-06 07:14:26', NULL, NULL),
	(179, NULL, 1, 621, 1, 2, 2, 257, NULL, 'NO', 'Sales de Hierro + Ácido Fólico Tableta', NULL, NULL, NULL, 'A', 'AXJEFFERSON', '2019-09-06 07:14:26', NULL, NULL),
	(180, NULL, 1, 625, 1, 2, 2, 11, NULL, 'NO', 'Dapsona Tableta', NULL, NULL, NULL, 'A', 'AXJEFFERSON', '2019-09-06 07:14:26', NULL, NULL),
	(181, NULL, 1, 630, 1, 1, 2, 11, NULL, 'NO', 'Talidomida Tableta recubierta', NULL, NULL, NULL, 'A', 'AXJEFFERSON', '2019-09-06 07:14:26', NULL, NULL),
	(182, NULL, 1, 631, 1, 1, 2, 2, NULL, 'NO', 'Terbinafina Tableta recubierta', NULL, NULL, NULL, 'A', 'AXJEFFERSON', '2019-09-06 07:14:26', NULL, NULL),
	(183, NULL, 1, 633, 1, 1, 2, 180, NULL, 'NO', 'Levonorgestrel Tableta recubierta', NULL, NULL, NULL, 'A', 'AXJEFFERSON', '2019-09-06 07:14:26', NULL, NULL),
	(184, NULL, 1, 634, 1, 1, 2, 19, NULL, 'NO', 'Doxazocina Tableta recubierta', NULL, NULL, NULL, 'A', 'AXJEFFERSON', '2019-09-06 07:14:26', NULL, NULL),
	(185, NULL, 1, 637, 1, 1, 2, 124, NULL, 'NO', 'Espiramicina Tableta recubierta', NULL, NULL, NULL, 'A', 'AXJEFFERSON', '2019-09-06 07:14:26', NULL, NULL),
	(186, NULL, 1, 639, 1, 1, 2, 11, NULL, 'NO', 'Espironolactona Tableta recubierta', NULL, NULL, NULL, 'A', 'AXJEFFERSON', '2019-09-06 07:14:26', NULL, NULL),
	(187, NULL, 1, 644, 1, 1, 2, 39, NULL, 'NO', 'Exemestano Tableta recubierta', NULL, NULL, NULL, 'A', 'AXJEFFERSON', '2019-09-06 07:14:26', NULL, NULL),
	(188, NULL, 1, 647, 1, 1, 2, 13, NULL, 'NO', 'Warfarina Tableta recubierta', NULL, NULL, NULL, 'A', 'AXJEFFERSON', '2019-09-06 07:14:26', NULL, NULL),
	(189, NULL, 1, 650, 1, 2, 2, 226, NULL, 'NO', 'Zidovudina + Lamivudina Tableta', NULL, NULL, NULL, 'A', 'AXJEFFERSON', '2019-09-06 07:14:26', NULL, NULL),
	(190, NULL, 1, 655, 1, 2, 2, 10, NULL, 'NO', 'Ácido tranexámico Tableta', NULL, NULL, NULL, 'A', 'AXJEFFERSON', '2019-09-06 07:14:26', NULL, NULL),
	(191, NULL, 1, 657, 1, 1, 2, 48, NULL, 'NO', 'Azatioprina Tableta recubierta', NULL, NULL, NULL, 'A', 'AXJEFFERSON', '2019-09-06 07:14:26', NULL, NULL),
	(192, NULL, 1, 658, 1, 1, 2, 13, NULL, 'NO', 'Amlodipina Tableta recubierta', NULL, NULL, NULL, 'A', 'AXJEFFERSON', '2019-09-06 07:14:26', NULL, NULL),
	(193, NULL, 1, 658, 1, 1, 2, 38, NULL, 'NO', 'Amlodipina Tableta recubierta', NULL, NULL, NULL, 'A', 'AXJEFFERSON', '2019-09-06 07:14:26', NULL, NULL),
	(194, NULL, 1, 659, 1, 1, 2, 11, NULL, 'NO', 'Atenolol Tableta recubierta', NULL, NULL, NULL, 'A', 'AXJEFFERSON', '2019-09-06 07:14:26', NULL, NULL),
	(195, NULL, 1, 659, 1, 1, 2, 48, NULL, 'NO', 'Atenolol Tableta recubierta', NULL, NULL, NULL, 'A', 'AXJEFFERSON', '2019-09-06 07:14:26', NULL, NULL),
	(196, NULL, 1, 661, 1, 2, 2, 10, NULL, 'NO', 'Azitromicina Tableta', NULL, NULL, NULL, 'A', 'AXJEFFERSON', '2019-09-06 07:14:26', NULL, NULL),
	(197, NULL, 1, 664, 1, 1, 2, 19, NULL, 'NO', 'Biperideno Tableta recubierta', NULL, NULL, NULL, 'A', 'AXJEFFERSON', '2019-09-06 07:14:26', NULL, NULL),
	(198, NULL, 1, 665, 1, 1, 2, 10, NULL, 'NO', 'Calcio (Carbonato de Calcio) Tableta recubierta', NULL, NULL, NULL, 'A', 'AXJEFFERSON', '2019-09-06 07:14:26', NULL, NULL),
	(199, NULL, 1, 668, 1, 2, 2, 10, NULL, 'NO', 'Capecitabina Tableta', NULL, NULL, NULL, 'A', 'AXJEFFERSON', '2019-09-06 07:14:26', NULL, NULL),
	(200, NULL, 1, 672, 1, 2, 2, 2, NULL, 'NO', 'Levofloxacino Tableta', NULL, NULL, NULL, 'A', 'AXJEFFERSON', '2019-09-06 07:14:26', NULL, NULL),
	(201, NULL, 1, 679, 1, 8, 2, 48, NULL, 'NO', 'Difenhidramina Cápsula', NULL, NULL, NULL, 'A', 'AXJEFFERSON', '2019-09-06 07:14:26', NULL, NULL),
	(202, NULL, 1, 680, 1, 33, 2, 225, NULL, 'NO', 'Retinol (Vitamina A) Gragea', NULL, NULL, NULL, 'A', 'AXJEFFERSON', '2019-09-06 07:14:26', NULL, NULL),
	(203, NULL, 1, 682, 1, 11, 2, 257, NULL, 'NO', 'Sales de Hierro + Ácido Fólico Tableta masticable', NULL, NULL, NULL, 'A', 'AXJEFFERSON', '2019-09-06 07:14:26', NULL, NULL),
	(204, NULL, 1, 683, 1, 8, 2, 6, NULL, 'NO', 'Saquinavir Cápsula', NULL, NULL, NULL, 'A', 'AXJEFFERSON', '2019-09-06 07:14:26', NULL, NULL),
	(205, NULL, 1, 684, 1, 32, 2, 52, NULL, 'NO', 'Tinidazol Tableta vaginal', NULL, NULL, NULL, 'A', 'AXJEFFERSON', '2019-09-06 07:14:26', NULL, NULL),
	(206, NULL, 1, 690, 1, 2, 2, 48, NULL, 'NO', 'Tiamina (Vitamina B1) Tableta', NULL, NULL, NULL, 'A', 'AXJEFFERSON', '2019-09-06 07:14:26', NULL, NULL),
	(207, NULL, 1, 691, 1, 2, 2, 11, NULL, 'NO', 'Nitrofurantoína Tableta', NULL, NULL, NULL, 'A', 'AXJEFFERSON', '2019-09-06 07:14:26', NULL, NULL),
	(208, NULL, 1, 692, 1, 35, 2, 13, NULL, 'NO', 'Oxicodona Cápsula de liberación prolongada', NULL, NULL, NULL, 'A', 'AXJEFFERSON', '2019-09-06 07:14:26', NULL, NULL),
	(209, NULL, 1, 700, 1, 1, 2, 192, NULL, 'NO', 'Medroxiprogesterona + estrógenos equinos conjugados Tableta recubierta', NULL, NULL, NULL, 'A', 'AXJEFFERSON', '2019-09-06 07:14:26', NULL, NULL),
	(210, NULL, 1, 701, 1, 2, 2, 39, NULL, 'NO', 'Levomepromazina Tableta', NULL, NULL, NULL, 'A', 'AXJEFFERSON', '2019-09-06 07:14:26', NULL, NULL),
	(211, NULL, 1, 3, 1, 3, 3, 3, NULL, 'NO', 'Acetilcisteína Solución inyectable', NULL, NULL, NULL, 'A', 'AXJEFFERSON', '2019-09-06 07:14:26', NULL, NULL),
	(212, NULL, 1, 4, 1, 4, 3, 4, NULL, 'NO', 'Acetilcisteína Solución inhalatoria', NULL, NULL, NULL, 'A', 'AXJEFFERSON', '2019-09-06 07:14:26', NULL, NULL),
	(213, NULL, 1, 48, 1, 3, 3, 32, NULL, 'NO', 'Amiodarona Solución inyectable', NULL, NULL, NULL, 'A', 'AXJEFFERSON', '2019-09-06 07:14:26', NULL, NULL),
	(214, NULL, 1, 183, 1, 3, 3, 37, NULL, 'NO', 'Diclofenaco Solución inyectable', NULL, NULL, NULL, 'A', 'AXJEFFERSON', '2019-09-06 07:14:26', NULL, NULL),
	(215, NULL, 1, 199, 1, 3, 3, 3, NULL, 'NO', 'Dimercaprol Solución inyectable', NULL, NULL, NULL, 'A', 'AXJEFFERSON', '2019-09-06 07:14:26', NULL, NULL),
	(216, NULL, 1, 5, 1, 5, 4, 5, NULL, 'NO', 'Aciclovir Suspensión', NULL, NULL, NULL, 'A', 'AXJEFFERSON', '2019-09-06 07:14:26', NULL, NULL),
	(217, NULL, 1, 57, 1, 21, 4, 40, NULL, 'NO', 'Amoxicilina + ácido clavulánico Polvo para suspensión', NULL, NULL, NULL, 'A', 'AXJEFFERSON', '2019-09-06 07:14:26', NULL, NULL),
	(218, NULL, 1, 164, 1, 5, 4, 93, NULL, 'NO', 'Cotrimoxazol (Sulfametoxazol + Trimetoprima) Suspensión', NULL, NULL, NULL, 'A', 'AXJEFFERSON', '2019-09-06 07:14:26', NULL, NULL),
	(219, NULL, 1, 7, 1, 6, 5, 2, NULL, 'NO', 'Aciclovir Polvo para inyección', NULL, NULL, NULL, 'A', 'AXJEFFERSON', '2019-09-06 07:14:26', NULL, NULL),
	(220, NULL, 1, 58, 1, 6, 5, 42, NULL, 'NO', 'Amoxicilina + ácido clavulánico Polvo para inyección', NULL, NULL, NULL, 'A', 'AXJEFFERSON', '2019-09-06 07:14:26', NULL, NULL),
	(221, NULL, 1, 80, 1, 6, 5, 63, NULL, 'NO', 'Bencilpenicilina benzatínica (penicilina G benzatínica) Polvo para inyección', NULL, NULL, NULL, 'A', 'AXJEFFERSON', '2019-09-06 07:14:26', NULL, NULL),
	(222, NULL, 1, 114, 1, 6, 5, 76, NULL, 'NO', 'Cefazolina Polvo para inyección', NULL, NULL, NULL, 'A', 'AXJEFFERSON', '2019-09-06 07:14:26', NULL, NULL),
	(223, NULL, 1, 115, 1, 6, 5, 76, NULL, 'NO', 'Cefepima Polvo para inyección', NULL, NULL, NULL, 'A', 'AXJEFFERSON', '2019-09-06 07:14:26', NULL, NULL),
	(224, NULL, 1, 117, 1, 6, 5, 81, NULL, 'NO', 'Ceftriaxona Polvo para inyección', NULL, NULL, NULL, 'A', 'AXJEFFERSON', '2019-09-06 07:14:26', NULL, NULL),
	(225, NULL, 1, 129, 1, 6, 5, 38, NULL, 'NO', 'Cisplatino Polvo para inyección', NULL, NULL, NULL, 'A', 'AXJEFFERSON', '2019-09-06 07:14:26', NULL, NULL),
	(226, NULL, 1, 129, 1, 6, 5, 48, NULL, 'NO', 'Cisplatino Polvo para inyección', NULL, NULL, NULL, 'A', 'AXJEFFERSON', '2019-09-06 07:14:26', NULL, NULL),
	(227, NULL, 1, 130, 1, 6, 5, 10, NULL, 'NO', 'Citarabina Polvo para inyección', NULL, NULL, NULL, 'A', 'AXJEFFERSON', '2019-09-06 07:14:26', NULL, NULL),
	(228, NULL, 1, 130, 1, 6, 5, 11, NULL, 'NO', 'Citarabina Polvo para inyección', NULL, NULL, NULL, 'A', 'AXJEFFERSON', '2019-09-06 07:14:26', NULL, NULL),
	(229, NULL, 1, 130, 1, 6, 5, 76, NULL, 'NO', 'Citarabina Polvo para inyección', NULL, NULL, NULL, 'A', 'AXJEFFERSON', '2019-09-06 07:14:26', NULL, NULL),
	(230, NULL, 1, 133, 1, 6, 5, 10, NULL, 'NO', 'Claritromicina Polvo para inyección', NULL, NULL, NULL, 'A', 'AXJEFFERSON', '2019-09-06 07:14:26', NULL, NULL),
	(231, NULL, 1, 233, 1, 6, 5, 39, NULL, 'NO', 'Etanercept Polvo para inyección', NULL, NULL, NULL, 'A', 'AXJEFFERSON', '2019-09-06 07:14:26', NULL, NULL),
	(232, NULL, 1, 678, 1, 56, 5, 138, NULL, 'NO', 'Omeprazol Polvo para infusión', NULL, NULL, NULL, 'A', 'AXJEFFERSON', '2019-09-06 07:14:26', NULL, NULL),
	(233, NULL, 1, 10, 1, 9, 6, 9, NULL, 'NO', 'Aciclovir Ungüento oftálmico', NULL, NULL, NULL, 'A', 'AXJEFFERSON', '2019-09-06 07:14:26', NULL, NULL),
	(234, NULL, 1, 30, 1, 16, 6, 21, NULL, 'NO', 'Adapaleno Gel', NULL, NULL, NULL, 'A', 'AXJEFFERSON', '2019-09-06 07:14:26', NULL, NULL),
	(235, NULL, 1, 145, 1, 9, 6, 54, NULL, 'NO', 'Cloranfenicol Ungüento oftálmico', NULL, NULL, NULL, 'A', 'AXJEFFERSON', '2019-09-06 07:14:26', NULL, NULL),
	(236, NULL, 1, 289, 1, 12, 6, 55, NULL, 'NO', 'Hidrocortisona Crema', NULL, NULL, NULL, 'A', 'AXJEFFERSON', '2019-09-06 07:14:26', NULL, NULL),
	(237, NULL, 1, 363, 1, 12, 6, 15, NULL, 'NO', 'Lidocaína Crema', NULL, NULL, NULL, 'A', 'AXJEFFERSON', '2019-09-06 07:14:26', NULL, NULL),
	(238, NULL, 1, 363, 1, 12, 6, 31, NULL, 'NO', 'Lidocaína Crema', NULL, NULL, NULL, 'A', 'AXJEFFERSON', '2019-09-06 07:14:26', NULL, NULL),
	(239, NULL, 1, 366, 1, 16, 6, 15, NULL, 'NO', 'Lidocaína Gel', NULL, NULL, NULL, 'A', 'AXJEFFERSON', '2019-09-06 07:14:26', NULL, NULL),
	(240, NULL, 1, 366, 1, 16, 6, 31, NULL, 'NO', 'Lidocaína Gel', NULL, NULL, NULL, 'A', 'AXJEFFERSON', '2019-09-06 07:14:26', NULL, NULL),
	(241, NULL, 1, 12, 1, 10, 7, 10, NULL, 'NO', 'Ácido acetil salicílico Tableta efervescente', NULL, NULL, NULL, 'A', 'AXJEFFERSON', '2019-09-06 07:14:26', NULL, NULL),
	(242, NULL, 1, 18, 1, 3, 8, 3, NULL, 'NO', 'Ácido ascórbico (vitamina C) Solución inyectable', NULL, NULL, NULL, 'A', 'AXJEFFERSON', '2019-09-06 07:14:26', NULL, NULL),
	(243, NULL, 1, 19, 1, 2, 9, 13, NULL, 'NO', 'Ácido fólico Tableta', NULL, NULL, NULL, 'A', 'AXJEFFERSON', '2019-09-06 07:14:26', NULL, NULL),
	(244, NULL, 1, 19, 1, 2, 9, 14, NULL, 'NO', 'Ácido fólico Tableta', NULL, NULL, NULL, 'A', 'AXJEFFERSON', '2019-09-06 07:14:26', NULL, NULL),
	(245, NULL, 1, 24, 1, 1, 9, 10, NULL, 'NO', 'Ácido valpróico Tableta recubierta', NULL, NULL, NULL, 'A', 'AXJEFFERSON', '2019-09-06 07:14:26', NULL, NULL),
	(246, NULL, 1, 96, 1, 2, 9, 30, NULL, 'NO', 'Cabergolina Tableta', NULL, NULL, NULL, 'A', 'AXJEFFERSON', '2019-09-06 07:14:26', NULL, NULL),
	(247, NULL, 1, 97, 1, 2, 9, 10, NULL, 'NO', 'Calcio (Carbonato de Calcio) Tableta', NULL, NULL, NULL, 'A', 'AXJEFFERSON', '2019-09-06 07:14:26', NULL, NULL),
	(248, NULL, 1, 102, 1, 1, 9, 10, NULL, 'NO', 'Capecitabina Tableta recubierta', NULL, NULL, NULL, 'A', 'AXJEFFERSON', '2019-09-06 07:14:26', NULL, NULL),
	(249, NULL, 1, 533, 1, 2, 9, 56, NULL, 'NO', 'Tamoxifeno Tableta', NULL, NULL, NULL, 'A', 'AXJEFFERSON', '2019-09-06 07:14:26', NULL, NULL),
	(250, NULL, 1, 20, 1, 12, 10, 15, NULL, 'NO', 'Acido fusídico Crema', NULL, NULL, NULL, 'A', 'AXJEFFERSON', '2019-09-06 07:14:26', NULL, NULL),
	(251, NULL, 1, 231, 1, 31, 10, 127, NULL, 'NO', 'Estriol Crema vaginal', NULL, NULL, NULL, 'A', 'AXJEFFERSON', '2019-09-06 07:14:26', NULL, NULL),
	(252, NULL, 1, 21, 1, 13, 11, 7, NULL, 'NO', 'Ácido aminosalicílico Granulado', NULL, NULL, NULL, 'A', 'AXJEFFERSON', '2019-09-06 07:14:26', NULL, NULL),
	(253, NULL, 1, 25, 1, 14, 11, 16, NULL, 'NO', 'Ácido valpróico Solución oral', NULL, NULL, NULL, 'A', 'AXJEFFERSON', '2019-09-06 07:14:26', NULL, NULL),
	(254, NULL, 1, 26, 1, 14, 11, 17, NULL, 'NO', 'Ácido valpróico (Sal sódica) Solución oral', NULL, NULL, NULL, 'A', 'AXJEFFERSON', '2019-09-06 07:14:26', NULL, NULL),
	(255, NULL, 1, 68, 1, 8, 11, 6, NULL, 'NO', 'Atazanavir Cápsula', NULL, NULL, NULL, 'A', 'AXJEFFERSON', '2019-09-06 07:14:26', NULL, NULL),
	(256, NULL, 1, 68, 1, 8, 11, 52, NULL, 'NO', 'Atazanavir Cápsula', NULL, NULL, NULL, 'A', 'AXJEFFERSON', '2019-09-06 07:14:26', NULL, NULL),
	(257, NULL, 1, 81, 1, 2, 11, 48, NULL, 'NO', 'Benznidazol Tableta', NULL, NULL, NULL, 'A', 'AXJEFFERSON', '2019-09-06 07:14:26', NULL, NULL),
	(258, NULL, 1, 169, 1, 1, 11, 8, NULL, 'NO', 'Darunavir Tableta recubierta', NULL, NULL, NULL, 'A', 'AXJEFFERSON', '2019-09-06 07:14:26', NULL, NULL),
	(259, NULL, 1, 169, 1, 1, 11, 96, NULL, 'NO', 'Darunavir Tableta recubierta', NULL, NULL, NULL, 'A', 'AXJEFFERSON', '2019-09-06 07:14:26', NULL, NULL),
	(260, NULL, 1, 189, 1, 11, 11, 11, NULL, 'NO', 'Didanosina Tableta masticable', NULL, NULL, NULL, 'A', 'AXJEFFERSON', '2019-09-06 07:14:26', NULL, NULL),
	(261, NULL, 1, 207, 1, 8, 11, 6, NULL, 'NO', 'Efavirenz Cápsula', NULL, NULL, NULL, 'A', 'AXJEFFERSON', '2019-09-06 07:14:26', NULL, NULL),
	(262, NULL, 1, 207, 1, 8, 11, 48, NULL, 'NO', 'Efavirenz Cápsula', NULL, NULL, NULL, 'A', 'AXJEFFERSON', '2019-09-06 07:14:26', NULL, NULL),
	(263, NULL, 1, 209, 1, 14, 11, 78, NULL, 'NO', 'Emtricitabina Solución oral', NULL, NULL, NULL, 'A', 'AXJEFFERSON', '2019-09-06 07:14:26', NULL, NULL),
	(264, NULL, 1, 237, 1, 2, 11, 6, NULL, 'NO', 'Etravirina Tableta', NULL, NULL, NULL, 'A', 'AXJEFFERSON', '2019-09-06 07:14:26', NULL, NULL),
	(265, NULL, 1, 237, 1, 2, 11, 11, NULL, 'NO', 'Etravirina Tableta', NULL, NULL, NULL, 'A', 'AXJEFFERSON', '2019-09-06 07:14:26', NULL, NULL),
	(266, NULL, 1, 244, 1, 8, 11, 11, NULL, 'NO', 'Fenitoína Cápsula', NULL, NULL, NULL, 'A', 'AXJEFFERSON', '2019-09-06 07:14:26', NULL, NULL),
	(267, NULL, 1, 286, 1, 15, 11, 3, NULL, 'NO', 'Hidrato de cloral Jarabe', NULL, NULL, NULL, 'A', 'AXJEFFERSON', '2019-09-06 07:14:26', NULL, NULL),
	(268, NULL, 1, 288, 1, 25, 11, 54, NULL, 'NO', 'Hidrocortisona Loción', NULL, NULL, NULL, 'A', 'AXJEFFERSON', '2019-09-06 07:14:26', NULL, NULL),
	(269, NULL, 1, 418, 1, 14, 11, 73, NULL, 'NO', 'Morfina Solución oral', NULL, NULL, NULL, 'A', 'AXJEFFERSON', '2019-09-06 07:14:26', NULL, NULL),
	(270, NULL, 1, 418, 1, 14, 11, 83, NULL, 'NO', 'Morfina Solución oral', NULL, NULL, NULL, 'A', 'AXJEFFERSON', '2019-09-06 07:14:26', NULL, NULL),
	(271, NULL, 1, 421, 1, 8, 11, 202, NULL, 'NO', 'Multienzimas (pancreatina: amilasa, lipasa, proteasa) Cápsula', NULL, NULL, NULL, 'A', 'AXJEFFERSON', '2019-09-06 07:14:26', NULL, NULL),
	(272, NULL, 1, 449, 1, 18, 11, 38, NULL, 'NO', 'Oxicodona Tableta de liberación prolongada', NULL, NULL, NULL, 'A', 'AXJEFFERSON', '2019-09-06 07:14:26', NULL, NULL),
	(273, NULL, 1, 449, 1, 18, 11, 56, NULL, 'NO', 'Oxicodona Tableta de liberación prolongada', NULL, NULL, NULL, 'A', 'AXJEFFERSON', '2019-09-06 07:14:26', NULL, NULL),
	(274, NULL, 1, 449, 1, 18, 11, 138, NULL, 'NO', 'Oxicodona Tableta de liberación prolongada', NULL, NULL, NULL, 'A', 'AXJEFFERSON', '2019-09-06 07:14:26', NULL, NULL),
	(275, NULL, 1, 465, 1, 25, 11, 31, NULL, 'NO', 'Peróxido de benzoilo Loción', NULL, NULL, NULL, 'A', 'AXJEFFERSON', '2019-09-06 07:14:26', NULL, NULL),
	(276, NULL, 1, 465, 1, 25, 11, 34, NULL, 'NO', 'Peróxido de benzoilo Loción', NULL, NULL, NULL, 'A', 'AXJEFFERSON', '2019-09-06 07:14:26', NULL, NULL),
	(277, NULL, 1, 468, 1, 2, 11, 109, NULL, 'NO', 'Piridostigmina Tableta', NULL, NULL, NULL, 'A', 'AXJEFFERSON', '2019-09-06 07:14:26', NULL, NULL),
	(278, NULL, 1, 513, 1, 1, 11, 6, NULL, 'NO', 'Saquinavir Tableta recubierta', NULL, NULL, NULL, 'A', 'AXJEFFERSON', '2019-09-06 07:14:26', NULL, NULL),
	(279, NULL, 1, 529, 1, 14, 11, 78, NULL, 'NO', 'Sulfato de Zinc Solución oral', NULL, NULL, NULL, 'A', 'AXJEFFERSON', '2019-09-06 07:14:26', NULL, NULL),
	(280, NULL, 1, 529, 1, 14, 11, 83, NULL, 'NO', 'Sulfato de Zinc Solución oral', NULL, NULL, NULL, 'A', 'AXJEFFERSON', '2019-09-06 07:14:26', NULL, NULL),
	(281, NULL, 1, 598, 1, 1, 11, 226, NULL, 'NO', 'Zidovudina + Lamivudina Tableta recubierta', NULL, NULL, NULL, 'A', 'AXJEFFERSON', '2019-09-06 07:14:26', NULL, NULL),
	(282, NULL, 1, 628, 1, 15, 11, 258, NULL, 'NO', 'Diazepam Jarabe', NULL, NULL, NULL, 'A', 'AXJEFFERSON', '2019-09-06 07:14:26', NULL, NULL),
	(283, NULL, 1, 635, 1, 14, 11, 167, NULL, 'NO', 'Efavirenz Solución oral', NULL, NULL, NULL, 'A', 'AXJEFFERSON', '2019-09-06 07:14:26', NULL, NULL),
	(284, NULL, 1, 654, 1, 14, 11, 78, NULL, 'NO', 'Abacavir Solución oral', NULL, NULL, NULL, 'A', 'AXJEFFERSON', '2019-09-06 07:14:26', NULL, NULL),
	(285, NULL, 1, 667, 1, 54, 11, 177, NULL, 'NO', 'Levodopa + Carbidopa Tableta de disolución bucal', NULL, NULL, NULL, 'A', 'AXJEFFERSON', '2019-09-06 07:14:26', NULL, NULL),
	(286, NULL, 1, 735, 1, 6, 11, 48, NULL, 'NO', 'Alteplasa Polvo para inyección', NULL, NULL, NULL, 'A', 'AXJEFFERSON', '2019-09-06 07:14:26', NULL, NULL),
	(287, NULL, 1, 748, 1, 62, 11, 284, NULL, 'NO', 'Fosfolípidos naturales (Surfactante pulmonar) Suspensión estéril intratraqueal', NULL, NULL, NULL, 'A', 'AXJEFFERSON', '2019-09-06 07:14:26', NULL, NULL),
	(288, NULL, 1, 750, 1, 43, 11, 285, NULL, 'NO', 'Salmeterol + Fluticasona Suspensión para inhalación', NULL, NULL, NULL, 'A', 'AXJEFFERSON', '2019-09-06 07:14:26', NULL, NULL),
	(289, NULL, 1, 750, 1, 43, 11, 286, NULL, 'NO', 'Salmeterol + Fluticasona Suspensión para inhalación', NULL, NULL, NULL, 'A', 'AXJEFFERSON', '2019-09-06 07:14:26', NULL, NULL),
	(290, NULL, 1, 754, 1, 44, 11, 288, NULL, 'NO', 'Sulfato de Bario, Medios de contraste para rayos x, sin agentes de suspensión Suspensión oral', NULL, NULL, NULL, 'A', 'AXJEFFERSON', '2019-09-06 07:14:26', NULL, NULL),
	(291, NULL, 1, 755, 1, 64, 11, 288, NULL, 'NO', 'Sulfato de Bario, Medios de contraste para rayos x, sin agentes de suspensión Suspensión Rectal', NULL, NULL, NULL, 'A', 'AXJEFFERSON', '2019-09-06 07:14:26', NULL, NULL),
	(292, NULL, 1, 756, 1, 65, 11, 288, NULL, 'NO', 'Alcohol antiséptico Solución', NULL, NULL, NULL, 'A', 'AXJEFFERSON', '2019-09-06 07:14:26', NULL, NULL),
	(293, NULL, 1, 757, 1, 65, 11, 288, NULL, 'NO', 'Agua Oxigenada Solución', NULL, NULL, NULL, 'A', 'AXJEFFERSON', '2019-09-06 07:14:26', NULL, NULL),
	(294, NULL, 1, 758, 1, 65, 11, 288, NULL, 'NO', 'Gluconato de Clorhexidina Solución', NULL, NULL, NULL, 'A', 'AXJEFFERSON', '2019-09-06 07:14:26', NULL, NULL),
	(295, NULL, 1, 23, 1, 3, 12, 3, NULL, 'NO', 'Ácido tranexámico Solución inyectable', NULL, NULL, NULL, 'A', 'AXJEFFERSON', '2019-09-06 07:14:26', NULL, NULL),
	(296, NULL, 1, 201, 1, 3, 12, 32, NULL, 'NO', 'Dobutamina Solución inyectable', NULL, NULL, NULL, 'A', 'AXJEFFERSON', '2019-09-06 07:14:26', NULL, NULL),
	(297, NULL, 1, 203, 1, 3, 12, 111, NULL, 'NO', 'Dopamina Solución inyectable', NULL, NULL, NULL, 'A', 'AXJEFFERSON', '2019-09-06 07:14:26', NULL, NULL),
	(298, NULL, 1, 236, 1, 3, 12, 73, NULL, 'NO', 'Etopósido Solución inyectable', NULL, NULL, NULL, 'A', 'AXJEFFERSON', '2019-09-06 07:14:26', NULL, NULL),
	(299, NULL, 1, 509, 1, 3, 12, 26, NULL, 'NO', 'Sales de Hierro (Sacarato de óxido férrico) Solución inyectable', NULL, NULL, NULL, 'A', 'AXJEFFERSON', '2019-09-06 07:14:26', NULL, NULL),
	(300, NULL, 1, 613, 1, 3, 12, 252, NULL, 'NO', 'Ciclosporina Solución inyectable', NULL, NULL, NULL, 'A', 'AXJEFFERSON', '2019-09-06 07:14:26', NULL, NULL),
	(301, NULL, 1, 27, 1, 15, 13, 18, NULL, 'NO', 'Ácido valpróico (sal sódica) Jarabe', NULL, NULL, NULL, 'A', 'AXJEFFERSON', '2019-09-06 07:14:26', NULL, NULL),
	(302, NULL, 1, 105, 1, 5, 13, 26, NULL, 'NO', 'Carbamazepina Suspensión', NULL, NULL, NULL, 'A', 'AXJEFFERSON', '2019-09-06 07:14:26', NULL, NULL),
	(303, NULL, 1, 157, 1, 15, 13, 90, NULL, 'NO', 'Codeína Jarabe', NULL, NULL, NULL, 'A', 'AXJEFFERSON', '2019-09-06 07:14:26', NULL, NULL),
	(304, NULL, 1, 28, 1, 6, 14, 19, NULL, 'NO', 'Ácido zolendrónico Polvo para inyección', NULL, NULL, NULL, 'A', 'AXJEFFERSON', '2019-09-06 07:14:26', NULL, NULL),
	(305, NULL, 1, 29, 1, 6, 15, 20, NULL, 'NO', 'Actividad de desvío del Inhibidor del factor VIII Polvo para inyección', NULL, NULL, NULL, 'A', 'AXJEFFERSON', '2019-09-06 07:14:26', NULL, NULL),
	(306, NULL, 1, 31, 1, 3, 16, 22, NULL, 'NO', 'Adenosina Solución inyectable', NULL, NULL, NULL, 'A', 'AXJEFFERSON', '2019-09-06 07:14:26', NULL, NULL),
	(307, NULL, 1, 44, 1, 20, 16, 32, NULL, 'NO', 'Amikacina Solución para inyección', NULL, NULL, NULL, 'A', 'AXJEFFERSON', '2019-09-06 07:14:26', NULL, NULL),
	(308, NULL, 1, 149, 1, 3, 16, 89, NULL, 'NO', 'Clorpromazina Solución inyectable', NULL, NULL, NULL, 'A', 'AXJEFFERSON', '2019-09-06 07:14:26', NULL, NULL),
	(309, NULL, 1, 246, 1, 3, 16, 112, NULL, 'NO', 'Fenobarbital Solución inyectable', NULL, NULL, NULL, 'A', 'AXJEFFERSON', '2019-09-06 07:14:26', NULL, NULL),
	(310, NULL, 1, 268, 1, 3, 16, 78, NULL, 'NO', 'Furosemida Solución inyectable', NULL, NULL, NULL, 'A', 'AXJEFFERSON', '2019-09-06 07:14:26', NULL, NULL),
	(311, NULL, 1, 32, 1, 3, 17, 23, NULL, 'NO', 'Agente gelatina Solución inyectable', NULL, NULL, NULL, 'A', 'AXJEFFERSON', '2019-09-06 07:14:26', NULL, NULL),
	(312, NULL, 1, 32, 1, 3, 17, 24, NULL, 'NO', 'Agente gelatina Solución inyectable', NULL, NULL, NULL, 'A', 'AXJEFFERSON', '2019-09-06 07:14:26', NULL, NULL),
	(313, NULL, 1, 33, 1, 3, 18, 25, NULL, 'NO', 'Agua para inyección Solución inyectable', NULL, NULL, NULL, 'A', 'AXJEFFERSON', '2019-09-06 07:14:26', NULL, NULL),
	(314, NULL, 1, 34, 1, 5, 19, 26, NULL, 'NO', 'Albendazol Suspensión', NULL, NULL, NULL, 'A', 'AXJEFFERSON', '2019-09-06 07:14:26', NULL, NULL),
	(315, NULL, 1, 35, 1, 11, 20, 8, NULL, 'NO', 'Albendazol Tableta masticable', NULL, NULL, NULL, 'A', 'AXJEFFERSON', '2019-09-06 07:14:26', NULL, NULL),
	(316, NULL, 1, 37, 1, 17, 21, 27, NULL, 'NO', 'Alfa dornasa Solución para inhalación', NULL, NULL, NULL, 'A', 'AXJEFFERSON', '2019-09-06 07:14:26', NULL, NULL),
	(317, NULL, 1, 42, 1, 19, 22, 31, NULL, 'NO', 'Alquitrán de hulla Emulsión', NULL, NULL, NULL, 'A', 'AXJEFFERSON', '2019-09-06 07:14:26', NULL, NULL),
	(318, NULL, 1, 504, 1, 8, 22, 11, NULL, 'NO', 'Ritonavir Cápsula', NULL, NULL, NULL, 'A', 'AXJEFFERSON', '2019-09-06 07:14:26', NULL, NULL),
	(319, NULL, 1, 585, 1, 2, 22, 77, NULL, 'NO', 'Valganciclovir Tableta', NULL, NULL, NULL, 'A', 'AXJEFFERSON', '2019-09-06 07:14:26', NULL, NULL),
	(320, NULL, 1, 586, 1, 1, 22, 77, NULL, 'NO', 'Valganciclovir Tableta recubierta', NULL, NULL, NULL, 'A', 'AXJEFFERSON', '2019-09-06 07:14:26', NULL, NULL),
	(321, NULL, 1, 594, 1, 1, 22, 11, NULL, 'NO', 'Zidovudina Tableta recubierta', NULL, NULL, NULL, 'A', 'AXJEFFERSON', '2019-09-06 07:14:26', NULL, NULL),
	(322, NULL, 1, 595, 1, 8, 22, 11, NULL, 'NO', 'Zidovudina Cápsula', NULL, NULL, NULL, 'A', 'AXJEFFERSON', '2019-09-06 07:14:26', NULL, NULL),
	(323, NULL, 1, 695, 1, 2, 22, 11, NULL, 'NO', 'Zidovudina Tableta', NULL, NULL, NULL, 'A', 'AXJEFFERSON', '2019-09-06 07:14:26', NULL, NULL),
	(324, NULL, 1, 43, 1, 6, 23, 10, NULL, 'NO', 'Amifostina Polvo para inyección', NULL, NULL, NULL, 'A', 'AXJEFFERSON', '2019-09-06 07:14:26', NULL, NULL),
	(325, NULL, 1, 64, 1, 6, 23, 48, NULL, 'NO', 'Amfotericina B Polvo para inyección', NULL, NULL, NULL, 'A', 'AXJEFFERSON', '2019-09-06 07:14:26', NULL, NULL),
	(326, NULL, 1, 72, 1, 6, 23, 11, NULL, 'NO', 'Azatioprina Polvo para inyección', NULL, NULL, NULL, 'A', 'AXJEFFERSON', '2019-09-06 07:14:26', NULL, NULL),
	(327, NULL, 1, 103, 1, 6, 23, 76, NULL, 'NO', 'Capreomicina Polvo para inyección', NULL, NULL, NULL, 'A', 'AXJEFFERSON', '2019-09-06 07:14:26', NULL, NULL),
	(328, NULL, 1, 108, 1, 6, 23, 52, NULL, 'NO', 'Carboplatino Polvo para inyección', NULL, NULL, NULL, 'A', 'AXJEFFERSON', '2019-09-06 07:14:26', NULL, NULL),
	(329, NULL, 1, 108, 1, 6, 23, 77, NULL, 'NO', 'Carboplatino Polvo para inyección', NULL, NULL, NULL, 'A', 'AXJEFFERSON', '2019-09-06 07:14:26', NULL, NULL),
	(330, NULL, 1, 111, 1, 6, 23, 12, NULL, 'NO', 'Caspofungina Polvo para inyección', NULL, NULL, NULL, 'A', 'AXJEFFERSON', '2019-09-06 07:14:26', NULL, NULL),
	(331, NULL, 1, 111, 1, 6, 23, 48, NULL, 'NO', 'Caspofungina Polvo para inyección', NULL, NULL, NULL, 'A', 'AXJEFFERSON', '2019-09-06 07:14:26', NULL, NULL),
	(332, NULL, 1, 117, 1, 6, 23, 10, NULL, 'NO', 'Ceftriaxona Polvo para inyección', NULL, NULL, NULL, 'A', 'AXJEFFERSON', '2019-09-06 07:14:26', NULL, NULL),
	(333, NULL, 1, 118, 1, 6, 23, 10, NULL, 'NO', 'Ciclofosfamida Polvo para inyección', NULL, NULL, NULL, 'A', 'AXJEFFERSON', '2019-09-06 07:14:26', NULL, NULL),
	(334, NULL, 1, 118, 1, 6, 23, 76, NULL, 'NO', 'Ciclofosfamida Polvo para inyección', NULL, NULL, NULL, 'A', 'AXJEFFERSON', '2019-09-06 07:14:26', NULL, NULL),
	(335, NULL, 1, 167, 1, 6, 23, 30, NULL, 'NO', 'Dactinomicina Polvo para inyección', NULL, NULL, NULL, 'A', 'AXJEFFERSON', '2019-09-06 07:14:26', NULL, NULL),
	(336, NULL, 1, 206, 1, 6, 23, 38, NULL, 'NO', 'Doxorubicina Polvo para inyección', NULL, NULL, NULL, 'A', 'AXJEFFERSON', '2019-09-06 07:14:26', NULL, NULL),
	(337, NULL, 1, 206, 1, 6, 23, 48, NULL, 'NO', 'Doxorubicina Polvo para inyección', NULL, NULL, NULL, 'A', 'AXJEFFERSON', '2019-09-06 07:14:26', NULL, NULL),
	(338, NULL, 1, 218, 1, 6, 23, 38, NULL, 'NO', 'Epirubicina Polvo para inyección', NULL, NULL, NULL, 'A', 'AXJEFFERSON', '2019-09-06 07:14:26', NULL, NULL),
	(339, NULL, 1, 218, 1, 6, 23, 48, NULL, 'NO', 'Epirubicina Polvo para inyección', NULL, NULL, NULL, 'A', 'AXJEFFERSON', '2019-09-06 07:14:26', NULL, NULL),
	(340, NULL, 1, 230, 1, 6, 23, 126, NULL, 'NO', 'Estreptoquinasa Polvo para inyección', NULL, NULL, NULL, 'A', 'AXJEFFERSON', '2019-09-06 07:14:26', NULL, NULL),
	(341, NULL, 1, 241, 1, 6, 23, 262, NULL, 'NO', 'Factor VIII de la coagulación Polvo para inyección', NULL, NULL, NULL, 'A', 'AXJEFFERSON', '2019-09-06 07:14:26', NULL, NULL),
	(342, NULL, 1, 626, 1, 37, 23, 56, NULL, 'NO', 'Daunorubicina Polvo inyectable', NULL, NULL, NULL, 'A', 'AXJEFFERSON', '2019-09-06 07:14:26', NULL, NULL),
	(343, NULL, 1, 44, 1, 20, 24, 33, NULL, 'NO', 'Amikacina Solución para inyección', NULL, NULL, NULL, 'A', 'AXJEFFERSON', '2019-09-06 07:14:26', NULL, NULL),
	(344, NULL, 1, 45, 1, 3, 25, 34, NULL, 'NO', 'Aminoácidos Solución inyectable', NULL, NULL, NULL, 'A', 'AXJEFFERSON', '2019-09-06 07:14:26', NULL, NULL),
	(345, NULL, 1, 45, 1, 3, 26, 35, NULL, 'NO', 'Aminoácidos Solución inyectable', NULL, NULL, NULL, 'A', 'AXJEFFERSON', '2019-09-06 07:14:26', NULL, NULL),
	(346, NULL, 1, 45, 1, 3, 26, 36, NULL, 'NO', 'Aminoácidos Solución inyectable', NULL, NULL, NULL, 'A', 'AXJEFFERSON', '2019-09-06 07:14:26', NULL, NULL),
	(347, NULL, 1, 211, 1, 36, 26, 34, NULL, 'NO', 'Emulsiones grasas (lípidos) Emulsión para infusión', NULL, NULL, NULL, 'A', 'AXJEFFERSON', '2019-09-06 07:14:26', NULL, NULL),
	(348, NULL, 1, 46, 1, 3, 27, 37, NULL, 'NO', 'Aminofilina Solución inyectable', NULL, NULL, NULL, 'A', 'AXJEFFERSON', '2019-09-06 07:14:26', NULL, NULL),
	(349, NULL, 1, 99, 1, 3, 27, 34, NULL, 'NO', 'Calcio gluconato Solución inyectable', NULL, NULL, NULL, 'A', 'AXJEFFERSON', '2019-09-06 07:14:26', NULL, NULL),
	(350, NULL, 1, 248, 1, 3, 27, 132, NULL, 'NO', 'Fentanilo Solución inyectable', NULL, NULL, NULL, 'A', 'AXJEFFERSON', '2019-09-06 07:14:26', NULL, NULL),
	(351, NULL, 1, 381, 1, 3, 27, 113, NULL, 'NO', 'Magnesio sulfato Solución inyectable', NULL, NULL, NULL, 'A', 'AXJEFFERSON', '2019-09-06 07:14:26', NULL, NULL),
	(352, NULL, 1, 472, 1, 3, 27, 217, NULL, 'NO', 'Potasio cloruro Solución inyectable', NULL, NULL, NULL, 'A', 'AXJEFFERSON', '2019-09-06 07:14:26', NULL, NULL),
	(353, NULL, 1, 521, 1, 3, 27, 230, NULL, 'NO', 'Sodio bicarbonato Solución inyectable', NULL, NULL, NULL, 'A', 'AXJEFFERSON', '2019-09-06 07:14:26', NULL, NULL),
	(354, NULL, 1, 522, 1, 3, 27, 231, NULL, 'NO', 'Sodio Cloruro Solución inyectable', NULL, NULL, NULL, 'A', 'AXJEFFERSON', '2019-09-06 07:14:26', NULL, NULL),
	(355, NULL, 1, 53, 1, 21, 28, 3, NULL, 'NO', 'Amoxicilina Polvo para suspensión', NULL, NULL, NULL, 'A', 'AXJEFFERSON', '2019-09-06 07:14:26', NULL, NULL),
	(356, NULL, 1, 53, 1, 21, 29, 18, NULL, 'NO', 'Amoxicilina Polvo para suspensión', NULL, NULL, NULL, 'A', 'AXJEFFERSON', '2019-09-06 07:14:26', NULL, NULL),
	(357, NULL, 1, 56, 1, 8, 30, 10, NULL, 'NO', 'Amoxicilina Cápsula', NULL, NULL, NULL, 'A', 'AXJEFFERSON', '2019-09-06 07:14:26', NULL, NULL),
	(358, NULL, 1, 104, 1, 18, 30, 8, NULL, 'NO', 'Carbamazepina Tableta de liberación prolongada', NULL, NULL, NULL, 'A', 'AXJEFFERSON', '2019-09-06 07:14:26', NULL, NULL),
	(359, NULL, 1, 106, 1, 2, 30, 6, NULL, 'NO', 'Carbamazepina Tableta', NULL, NULL, NULL, 'A', 'AXJEFFERSON', '2019-09-06 07:14:26', NULL, NULL),
	(360, NULL, 1, 119, 1, 2, 30, 48, NULL, 'NO', 'Ciclofosfamida Tableta', NULL, NULL, NULL, 'A', 'AXJEFFERSON', '2019-09-06 07:14:26', NULL, NULL),
	(361, NULL, 1, 127, 1, 1, 30, 10, NULL, 'NO', 'Ciprofloxacina Tableta recubierta', NULL, NULL, NULL, 'A', 'AXJEFFERSON', '2019-09-06 07:14:26', NULL, NULL),
	(362, NULL, 1, 137, 1, 8, 30, 11, NULL, 'NO', 'Clofazimina Cápsula', NULL, NULL, NULL, 'A', 'AXJEFFERSON', '2019-09-06 07:14:26', NULL, NULL),
	(363, NULL, 1, 142, 1, 1, 30, 88, NULL, 'NO', 'Clopidogrel Tableta recubierta', NULL, NULL, NULL, 'A', 'AXJEFFERSON', '2019-09-06 07:14:26', NULL, NULL),
	(364, NULL, 1, 143, 1, 2, 30, 67, NULL, 'NO', 'Clorambucilo Tableta', NULL, NULL, NULL, 'A', 'AXJEFFERSON', '2019-09-06 07:14:26', NULL, NULL),
	(365, NULL, 1, 148, 1, 1, 30, 11, NULL, 'NO', 'Clorpromazina Tableta recubierta', NULL, NULL, NULL, 'A', 'AXJEFFERSON', '2019-09-06 07:14:26', NULL, NULL),
	(366, NULL, 1, 156, 1, 2, 30, 38, NULL, 'NO', 'Codeína Tableta', NULL, NULL, NULL, 'A', 'AXJEFFERSON', '2019-09-06 07:14:26', NULL, NULL),
	(367, NULL, 1, 156, 1, 2, 30, 201, NULL, 'NO', 'Codeína Tableta', NULL, NULL, NULL, 'A', 'AXJEFFERSON', '2019-09-06 07:14:26', NULL, NULL),
	(368, NULL, 1, 198, 1, 2, 30, 48, NULL, 'NO', 'Dimenhidrinato Tableta', NULL, NULL, NULL, 'A', 'AXJEFFERSON', '2019-09-06 07:14:26', NULL, NULL),
	(369, NULL, 1, 222, 1, 1, 30, 10, NULL, 'NO', 'Eritromicina Tableta recubierta', NULL, NULL, NULL, 'A', 'AXJEFFERSON', '2019-09-06 07:14:26', NULL, NULL),
	(370, NULL, 1, 350, 1, 1, 30, 177, NULL, 'NO', 'Levodopa + Carbidopa Tableta recubierta', NULL, NULL, NULL, 'A', 'AXJEFFERSON', '2019-09-06 07:14:26', NULL, NULL),
	(371, NULL, 1, 351, 1, 2, 30, 177, NULL, 'NO', 'Levodopa + Carbidopa Tableta', NULL, NULL, NULL, 'A', 'AXJEFFERSON', '2019-09-06 07:14:26', NULL, NULL),
	(372, NULL, 1, 378, 1, 1, 30, 48, NULL, 'NO', 'Losartán Tableta recubierta', NULL, NULL, NULL, 'A', 'AXJEFFERSON', '2019-09-06 07:14:26', NULL, NULL),
	(373, NULL, 1, 390, 1, 1, 30, 10, NULL, 'NO', 'Metformina Tableta recubierta', NULL, NULL, NULL, 'A', 'AXJEFFERSON', '2019-09-06 07:14:26', NULL, NULL),
	(374, NULL, 1, 390, 1, 1, 30, 194, NULL, 'NO', 'Metformina Tableta recubierta', NULL, NULL, NULL, 'A', 'AXJEFFERSON', '2019-09-06 07:14:26', NULL, NULL),
	(375, NULL, 1, 420, 1, 35, 30, 201, NULL, 'NO', 'Morfina Cápsula de liberación prolongada', NULL, NULL, NULL, 'A', 'AXJEFFERSON', '2019-09-06 07:14:26', NULL, NULL),
	(376, NULL, 1, 455, 1, 39, 30, 11, NULL, 'NO', 'Paracetamol Supositorio', NULL, NULL, NULL, 'A', 'AXJEFFERSON', '2019-09-06 07:14:26', NULL, NULL),
	(377, NULL, 1, 467, 1, 2, 30, 10, NULL, 'NO', 'Pirazinamida Tableta', NULL, NULL, NULL, 'A', 'AXJEFFERSON', '2019-09-06 07:14:26', NULL, NULL),
	(378, NULL, 1, 548, 1, 2, 30, 76, NULL, 'NO', 'Tinidazol Tableta', NULL, NULL, NULL, 'A', 'AXJEFFERSON', '2019-09-06 07:14:26', NULL, NULL),
	(379, NULL, 1, 602, 1, 2, 30, 38, NULL, 'NO', 'Morfina Tableta', NULL, NULL, NULL, 'A', 'AXJEFFERSON', '2019-09-06 07:14:26', NULL, NULL),
	(380, NULL, 1, 622, 1, 1, 30, 11, NULL, 'NO', 'Sertralina Tableta recubierta', NULL, NULL, NULL, 'A', 'AXJEFFERSON', '2019-09-06 07:14:26', NULL, NULL),
	(381, NULL, 1, 662, 1, 2, 30, 10, NULL, 'NO', 'Ciprofloxacina Tableta', NULL, NULL, NULL, 'A', 'AXJEFFERSON', '2019-09-06 07:14:26', NULL, NULL),
	(382, NULL, 1, 57, 1, 21, 31, 41, NULL, 'NO', 'Amoxicilina + ácido clavulánico Polvo para suspensión', NULL, NULL, NULL, 'A', 'AXJEFFERSON', '2019-09-06 07:14:26', NULL, NULL),
	(383, NULL, 1, 59, 1, 1, 32, 43, NULL, 'NO', 'Amoxicilina + ácido clavulánico Tableta recubierta', NULL, NULL, NULL, 'A', 'AXJEFFERSON', '2019-09-06 07:14:26', NULL, NULL),
	(384, NULL, 1, 442, 1, 8, 32, 56, NULL, 'NO', 'Omeprazol Cápsula', NULL, NULL, NULL, 'A', 'AXJEFFERSON', '2019-09-06 07:14:26', NULL, NULL),
	(385, NULL, 1, 60, 1, 6, 33, 10, NULL, 'NO', 'Ampicilina Polvo para inyección', NULL, NULL, NULL, 'A', 'AXJEFFERSON', '2019-09-06 07:14:26', NULL, NULL),
	(386, NULL, 1, 60, 1, 6, 33, 44, NULL, 'NO', 'Ampicilina Polvo para inyección', NULL, NULL, NULL, 'A', 'AXJEFFERSON', '2019-09-06 07:14:26', NULL, NULL),
	(387, NULL, 1, 80, 1, 6, 33, 61, NULL, 'NO', 'Bencilpenicilina benzatínica (penicilina G benzatínica) Polvo para inyección', NULL, NULL, NULL, 'A', 'AXJEFFERSON', '2019-09-06 07:14:26', NULL, NULL),
	(388, NULL, 1, 61, 1, 1, 34, 45, NULL, 'NO', 'Ampicilina + sulbactam (sultamicilina) Tableta recubierta', NULL, NULL, NULL, 'A', 'AXJEFFERSON', '2019-09-06 07:14:26', NULL, NULL),
	(389, NULL, 1, 62, 1, 2, 34, 45, NULL, 'NO', 'Ampicilina + sulbactam (sultamicilina) Tableta', NULL, NULL, NULL, 'A', 'AXJEFFERSON', '2019-09-06 07:14:26', NULL, NULL),
	(390, NULL, 1, 62, 1, 2, 34, 46, NULL, 'NO', 'Ampicilina + sulbactam (sultamicilina) Tableta', NULL, NULL, NULL, 'A', 'AXJEFFERSON', '2019-09-06 07:14:26', NULL, NULL),
	(391, NULL, 1, 63, 1, 6, 35, 47, NULL, 'NO', 'Ampicilina + sulbactam (sultamicilina) Polvo para inyección', NULL, NULL, NULL, 'A', 'AXJEFFERSON', '2019-09-06 07:14:26', NULL, NULL),
	(392, NULL, 1, 65, 1, 22, 36, 49, NULL, 'NO', 'Antitoxina tetánica humana Suspensión inyectable', NULL, NULL, NULL, 'A', 'AXJEFFERSON', '2019-09-06 07:14:26', NULL, NULL),
	(393, NULL, 1, 67, 1, 6, 37, 51, NULL, 'NO', 'Asparaginasa Polvo para inyección', NULL, NULL, NULL, 'A', 'AXJEFFERSON', '2019-09-06 07:14:26', NULL, NULL),
	(394, NULL, 1, 70, 1, 3, 38, 53, NULL, 'NO', 'Atropina Solución inyectable', NULL, NULL, NULL, 'A', 'AXJEFFERSON', '2019-09-06 07:14:26', NULL, NULL),
	(395, NULL, 1, 71, 1, 23, 39, 54, NULL, 'NO', 'Atropina Solución oftálmica', NULL, NULL, NULL, 'A', 'AXJEFFERSON', '2019-09-06 07:14:26', NULL, NULL),
	(396, NULL, 1, 71, 1, 23, 39, 55, NULL, 'NO', 'Atropina Solución oftálmica', NULL, NULL, NULL, 'A', 'AXJEFFERSON', '2019-09-06 07:14:26', NULL, NULL),
	(397, NULL, 1, 76, 1, 21, 40, 5, NULL, 'NO', 'Azitromicina Polvo para suspensión', NULL, NULL, NULL, 'A', 'AXJEFFERSON', '2019-09-06 07:14:26', NULL, NULL),
	(398, NULL, 1, 77, 1, 6, 41, 56, NULL, 'NO', 'Basiliximab Polvo para inyección', NULL, NULL, NULL, 'A', 'AXJEFFERSON', '2019-09-06 07:14:26', NULL, NULL),
	(399, NULL, 1, 78, 1, 24, 42, 57, NULL, 'NO', 'Beclometasona Aerosol', NULL, NULL, NULL, 'A', 'AXJEFFERSON', '2019-09-06 07:14:26', NULL, NULL),
	(400, NULL, 1, 78, 1, 24, 42, 58, NULL, 'NO', 'Beclometasona Aerosol', NULL, NULL, NULL, 'A', 'AXJEFFERSON', '2019-09-06 07:14:26', NULL, NULL),
	(401, NULL, 1, 79, 1, 6, 43, 59, NULL, 'NO', 'Bencilpenicilina (Penicilina G cristalina) Polvo para inyección', NULL, NULL, NULL, 'A', 'AXJEFFERSON', '2019-09-06 07:14:26', NULL, NULL),
	(402, NULL, 1, 79, 1, 6, 43, 60, NULL, 'NO', 'Bencilpenicilina (Penicilina G cristalina) Polvo para inyección', NULL, NULL, NULL, 'A', 'AXJEFFERSON', '2019-09-06 07:14:26', NULL, NULL),
	(403, NULL, 1, 80, 1, 6, 43, 62, NULL, 'NO', 'Bencilpenicilina benzatínica (penicilina G benzatínica) Polvo para inyección', NULL, NULL, NULL, 'A', 'AXJEFFERSON', '2019-09-06 07:14:26', NULL, NULL),
	(404, NULL, 1, 82, 1, 3, 44, 64, NULL, 'NO', 'Betametasona Solución inyectable', NULL, NULL, NULL, 'A', 'AXJEFFERSON', '2019-09-06 07:14:26', NULL, NULL),
	(405, NULL, 1, 87, 1, 3, 44, 66, NULL, 'NO', 'Biperideno Solución inyectable', NULL, NULL, NULL, 'A', 'AXJEFFERSON', '2019-09-06 07:14:26', NULL, NULL),
	(406, NULL, 1, 94, 1, 3, 44, 72, NULL, 'NO', 'Buprenorfina Solución inyectable', NULL, NULL, NULL, 'A', 'AXJEFFERSON', '2019-09-06 07:14:26', NULL, NULL),
	(407, NULL, 1, 95, 1, 3, 44, 73, NULL, 'NO', 'Butilescopolamina Solución inyectable', NULL, NULL, NULL, 'A', 'AXJEFFERSON', '2019-09-06 07:14:26', NULL, NULL),
	(408, NULL, 1, 173, 1, 3, 44, 99, NULL, 'NO', 'Desmopresina Solución inyectable', NULL, NULL, NULL, 'A', 'AXJEFFERSON', '2019-09-06 07:14:26', NULL, NULL),
	(409, NULL, 1, 208, 1, 3, 44, 112, NULL, 'NO', 'Efedrina Solución inyectable', NULL, NULL, NULL, 'A', 'AXJEFFERSON', '2019-09-06 07:14:26', NULL, NULL),
	(410, NULL, 1, 250, 1, 3, 44, 78, NULL, 'NO', 'Fitomenadiona (Vitamina K) Solución inyectable', NULL, NULL, NULL, 'A', 'AXJEFFERSON', '2019-09-06 07:14:26', NULL, NULL),
	(411, NULL, 1, 265, 1, 3, 44, 137, NULL, 'NO', 'Fomepizol Solución inyectable', NULL, NULL, NULL, 'A', 'AXJEFFERSON', '2019-09-06 07:14:26', NULL, NULL),
	(412, NULL, 1, 451, 1, 3, 44, 210, NULL, 'NO', 'Oxitocina Solución inyectable', NULL, NULL, NULL, 'A', 'AXJEFFERSON', '2019-09-06 07:14:26', NULL, NULL),
	(413, NULL, 1, 83, 1, 25, 45, 65, NULL, 'NO', 'Betametasona Loción', NULL, NULL, NULL, 'A', 'AXJEFFERSON', '2019-09-06 07:14:26', NULL, NULL),
	(414, NULL, 1, 188, 1, 21, 45, 85, NULL, 'NO', 'Dicloxacilina Polvo para suspensión', NULL, NULL, NULL, 'A', 'AXJEFFERSON', '2019-09-06 07:14:26', NULL, NULL),
	(415, NULL, 1, 221, 1, 21, 45, 120, NULL, 'NO', 'Eritromicina Polvo para suspensión', NULL, NULL, NULL, 'A', 'AXJEFFERSON', '2019-09-06 07:14:26', NULL, NULL),
	(416, NULL, 1, 84, 1, 26, 46, 65, NULL, 'NO', 'Betametasona Ungüento', NULL, NULL, NULL, 'A', 'AXJEFFERSON', '2019-09-06 07:14:26', NULL, NULL),
	(417, NULL, 1, 259, 1, 16, 46, 31, NULL, 'NO', 'Fluoruracilo Gel', NULL, NULL, NULL, 'A', 'AXJEFFERSON', '2019-09-06 07:14:26', NULL, NULL),
	(418, NULL, 1, 85, 1, 12, 47, 21, NULL, 'NO', 'Betametasona Crema', NULL, NULL, NULL, 'A', 'AXJEFFERSON', '2019-09-06 07:14:26', NULL, NULL),
	(419, NULL, 1, 85, 1, 12, 47, 65, NULL, 'NO', 'Betametasona Crema', NULL, NULL, NULL, 'A', 'AXJEFFERSON', '2019-09-06 07:14:26', NULL, NULL),
	(420, NULL, 1, 86, 1, 3, 48, 37, NULL, 'NO', 'Bevacizumab Solución inyectable', NULL, NULL, NULL, 'A', 'AXJEFFERSON', '2019-09-06 07:14:26', NULL, NULL),
	(421, NULL, 1, 89, 1, 6, 49, 68, NULL, 'NO', 'Bleomicina Polvo para inyección', NULL, NULL, NULL, 'A', 'AXJEFFERSON', '2019-09-06 07:14:26', NULL, NULL),
	(422, NULL, 1, 90, 1, 3, 50, 69, NULL, 'NO', 'Bupivacaína hiperbárica Solución inyectable', NULL, NULL, NULL, 'A', 'AXJEFFERSON', '2019-09-06 07:14:26', NULL, NULL),
	(423, NULL, 1, 90, 1, 3, 51, 55, NULL, 'NO', 'Bupivacaína hiperbárica Solución inyectable', NULL, NULL, NULL, 'A', 'AXJEFFERSON', '2019-09-06 07:14:26', NULL, NULL),
	(424, NULL, 1, 91, 1, 3, 52, 69, NULL, 'NO', 'Bupivacaína sin epinefrina Solución inyectable', NULL, NULL, NULL, 'A', 'AXJEFFERSON', '2019-09-06 07:14:26', NULL, NULL),
	(425, NULL, 1, 91, 1, 3, 53, 55, NULL, 'NO', 'Bupivacaína sin epinefrina Solución inyectable', NULL, NULL, NULL, 'A', 'AXJEFFERSON', '2019-09-06 07:14:26', NULL, NULL),
	(426, NULL, 1, 92, 1, 27, 54, 70, NULL, 'NO', 'Buprenorfina Parche transdérmico', NULL, NULL, NULL, 'A', 'AXJEFFERSON', '2019-09-06 07:14:26', NULL, NULL),
	(427, NULL, 1, 247, 1, 27, 54, 131, NULL, 'NO', 'Fentanilo Parche transdérmico', NULL, NULL, NULL, 'A', 'AXJEFFERSON', '2019-09-06 07:14:26', NULL, NULL),
	(428, NULL, 1, 751, 1, 63, 54, 287, NULL, 'NO', 'Estradiol Parches Transdérmicos', NULL, NULL, NULL, 'A', 'AXJEFFERSON', '2019-09-06 07:14:26', NULL, NULL),
	(429, NULL, 1, 100, 1, 26, 55, 74, NULL, 'NO', 'Calcipotriol + betametasona dipropionato Ungüento', NULL, NULL, NULL, 'A', 'AXJEFFERSON', '2019-09-06 07:14:26', NULL, NULL),
	(430, NULL, 1, 109, 1, 3, 56, 78, NULL, 'NO', 'Carboplatino Solución inyectable', NULL, NULL, NULL, 'A', 'AXJEFFERSON', '2019-09-06 07:14:26', NULL, NULL),
	(431, NULL, 1, 112, 1, 21, 57, 18, NULL, 'NO', 'Cefalexina Polvo para suspensión', NULL, NULL, NULL, 'A', 'AXJEFFERSON', '2019-09-06 07:14:26', NULL, NULL),
	(432, NULL, 1, 116, 1, 6, 58, 10, NULL, 'NO', 'Ceftazidima Polvo para inyección', NULL, NULL, NULL, 'A', 'AXJEFFERSON', '2019-09-06 07:14:26', NULL, NULL),
	(433, NULL, 1, 116, 1, 6, 58, 81, NULL, 'NO', 'Ceftazidima Polvo para inyección', NULL, NULL, NULL, 'A', 'AXJEFFERSON', '2019-09-06 07:14:26', NULL, NULL),
	(434, NULL, 1, 120, 1, 8, 59, 2, NULL, 'NO', 'Cicloserina Cápsula', NULL, NULL, NULL, 'A', 'AXJEFFERSON', '2019-09-06 07:14:26', NULL, NULL),
	(435, NULL, 1, 124, 1, 18, 59, 10, NULL, 'NO', 'Ciprofloxacina Tableta de liberación prolongada', NULL, NULL, NULL, 'A', 'AXJEFFERSON', '2019-09-06 07:14:26', NULL, NULL),
	(436, NULL, 1, 214, 1, 1, 59, 13, NULL, 'NO', 'Enalapril Tableta recubierta', NULL, NULL, NULL, 'A', 'AXJEFFERSON', '2019-09-06 07:14:26', NULL, NULL),
	(437, NULL, 1, 214, 1, 1, 59, 56, NULL, 'NO', 'Enalapril Tableta recubierta', NULL, NULL, NULL, 'A', 'AXJEFFERSON', '2019-09-06 07:14:26', NULL, NULL),
	(438, NULL, 1, 395, 1, 2, 59, 2, NULL, 'NO', 'Metildopa Tableta', NULL, NULL, NULL, 'A', 'AXJEFFERSON', '2019-09-06 07:14:26', NULL, NULL),
	(439, NULL, 1, 550, 1, 29, 59, 52, NULL, 'NO', 'Tinidazol Óvulo', NULL, NULL, NULL, 'A', 'AXJEFFERSON', '2019-09-06 07:14:26', NULL, NULL),
	(440, NULL, 1, 551, 1, 2, 59, 138, NULL, 'NO', 'Tioguanina Tableta', NULL, NULL, NULL, 'A', 'AXJEFFERSON', '2019-09-06 07:14:26', NULL, NULL),
	(441, NULL, 1, 677, 1, 35, 59, 56, NULL, 'NO', 'Omeprazol Cápsula de liberación prolongada', NULL, NULL, NULL, 'A', 'AXJEFFERSON', '2019-09-06 07:14:26', NULL, NULL),
	(442, NULL, 1, 693, 1, 33, 59, 52, NULL, 'NO', 'Ranitidina Gragea', NULL, NULL, NULL, 'A', 'AXJEFFERSON', '2019-09-06 07:14:26', NULL, NULL),
	(443, NULL, 1, 122, 1, 14, 60, 3, NULL, 'NO', 'Ciclosporina Solución oral', NULL, NULL, NULL, 'A', 'AXJEFFERSON', '2019-09-06 07:14:26', NULL, NULL),
	(444, NULL, 1, 123, 1, 23, 61, 82, NULL, 'NO', 'Ciprofloxacina Solución oftálmica', NULL, NULL, NULL, 'A', 'AXJEFFERSON', '2019-09-06 07:14:26', NULL, NULL),
	(445, NULL, 1, 144, 1, 23, 61, 55, NULL, 'NO', 'Cloranfenicol Solución oftálmica', NULL, NULL, NULL, 'A', 'AXJEFFERSON', '2019-09-06 07:14:26', NULL, NULL),
	(446, NULL, 1, 144, 1, 23, 61, 241, NULL, 'NO', 'Cloranfenicol Solución oftálmica', NULL, NULL, NULL, 'A', 'AXJEFFERSON', '2019-09-06 07:14:26', NULL, NULL),
	(447, NULL, 1, 174, 1, 34, 61, 53, NULL, 'NO', 'Dexametasona Suspensión oftálmica', NULL, NULL, NULL, 'A', 'AXJEFFERSON', '2019-09-06 07:14:26', NULL, NULL),
	(448, NULL, 1, 176, 1, 34, 61, 100, NULL, 'NO', 'Dexametasona + Tobramicina Suspensión oftálmica', NULL, NULL, NULL, 'A', 'AXJEFFERSON', '2019-09-06 07:14:26', NULL, NULL),
	(449, NULL, 1, 182, 1, 23, 61, 21, NULL, 'NO', 'Diclofenaco Solución oftálmica', NULL, NULL, NULL, 'A', 'AXJEFFERSON', '2019-09-06 07:14:26', NULL, NULL),
	(450, NULL, 1, 257, 1, 34, 61, 21, NULL, 'NO', 'Fluorometalona Suspensión oftálmica', NULL, NULL, NULL, 'A', 'AXJEFFERSON', '2019-09-06 07:14:26', NULL, NULL),
	(451, NULL, 1, 125, 1, 20, 62, 83, NULL, 'NO', 'Ciprofloxacina Solución para inyección', NULL, NULL, NULL, 'A', 'AXJEFFERSON', '2019-09-06 07:14:26', NULL, NULL),
	(452, NULL, 1, 128, 1, 3, 63, 84, NULL, 'NO', 'Cisplatino Solución inyectable', NULL, NULL, NULL, 'A', 'AXJEFFERSON', '2019-09-06 07:14:26', NULL, NULL),
	(453, NULL, 1, 128, 1, 3, 64, 53, NULL, 'NO', 'Cisplatino Solución inyectable', NULL, NULL, NULL, 'A', 'AXJEFFERSON', '2019-09-06 07:14:26', NULL, NULL),
	(454, NULL, 1, 132, 1, 21, 65, 85, NULL, 'NO', 'Claritromicina Polvo para suspensión', NULL, NULL, NULL, 'A', 'AXJEFFERSON', '2019-09-06 07:14:26', NULL, NULL),
	(455, NULL, 1, 132, 1, 21, 66, 18, NULL, 'NO', 'Claritromicina Polvo para suspensión', NULL, NULL, NULL, 'A', 'AXJEFFERSON', '2019-09-06 07:14:26', NULL, NULL),
	(456, NULL, 1, 136, 1, 20, 67, 86, NULL, 'NO', 'Clindamicina Solución para inyección', NULL, NULL, NULL, 'A', 'AXJEFFERSON', '2019-09-06 07:14:26', NULL, NULL),
	(457, NULL, 1, 386, 1, 3, 67, 3, NULL, 'NO', 'Mercapto Etiletano Sulfonato de Sodio (Mesna) Solución inyectable', NULL, NULL, NULL, 'A', 'AXJEFFERSON', '2019-09-06 07:14:26', NULL, NULL),
	(458, NULL, 1, 141, 1, 14, 68, 87, NULL, 'NO', 'Clonazepam Solución oral', NULL, NULL, NULL, 'A', 'AXJEFFERSON', '2019-09-06 07:14:26', NULL, NULL),
	(459, NULL, 1, 151, 1, 29, 69, 10, NULL, 'NO', 'Clotrimazol Óvulo', NULL, NULL, NULL, 'A', 'AXJEFFERSON', '2019-09-06 07:14:26', NULL, NULL),
	(460, NULL, 1, 152, 1, 30, 70, 54, NULL, 'NO', 'Clotrimazol Solución tópica', NULL, NULL, NULL, 'A', 'AXJEFFERSON', '2019-09-06 07:14:26', NULL, NULL),
	(461, NULL, 1, 153, 1, 31, 71, 54, NULL, 'NO', 'Clotrimazol Crema vaginal', NULL, NULL, NULL, 'A', 'AXJEFFERSON', '2019-09-06 07:14:26', NULL, NULL),
	(462, NULL, 1, 153, 1, 31, 72, 15, NULL, 'NO', 'Clotrimazol Crema vaginal', NULL, NULL, NULL, 'A', 'AXJEFFERSON', '2019-09-06 07:14:26', NULL, NULL),
	(463, NULL, 1, 154, 1, 32, 73, 10, NULL, 'NO', 'Clotrimazol Tableta vaginal', NULL, NULL, NULL, 'A', 'AXJEFFERSON', '2019-09-06 07:14:26', NULL, NULL),
	(464, NULL, 1, 171, 1, 7, 73, 2, NULL, 'NO', 'Deferasirox Tableta dispersable', NULL, NULL, NULL, 'A', 'AXJEFFERSON', '2019-09-06 07:14:26', NULL, NULL),
	(465, NULL, 1, 171, 1, 7, 73, 10, NULL, 'NO', 'Deferasirox Tableta dispersable', NULL, NULL, NULL, 'A', 'AXJEFFERSON', '2019-09-06 07:14:26', NULL, NULL),
	(466, NULL, 1, 171, 1, 7, 73, 97, NULL, 'NO', 'Deferasirox Tableta dispersable', NULL, NULL, NULL, 'A', 'AXJEFFERSON', '2019-09-06 07:14:26', NULL, NULL),
	(467, NULL, 1, 180, 1, 2, 73, 13, NULL, 'NO', 'Diazepam Tableta', NULL, NULL, NULL, 'A', 'AXJEFFERSON', '2019-09-06 07:14:26', NULL, NULL),
	(468, NULL, 1, 180, 1, 2, 73, 38, NULL, 'NO', 'Diazepam Tableta', NULL, NULL, NULL, 'A', 'AXJEFFERSON', '2019-09-06 07:14:26', NULL, NULL),
	(469, NULL, 1, 191, 1, 2, 73, 103, NULL, 'NO', 'Digoxina Tableta', NULL, NULL, NULL, 'A', 'AXJEFFERSON', '2019-09-06 07:14:26', NULL, NULL),
	(470, NULL, 1, 191, 1, 2, 73, 106, NULL, 'NO', 'Digoxina Tableta', NULL, NULL, NULL, 'A', 'AXJEFFERSON', '2019-09-06 07:14:26', NULL, NULL),
	(471, NULL, 1, 196, 1, 35, 73, 108, NULL, 'NO', 'Diltiazem Cápsula de liberación prolongada', NULL, NULL, NULL, 'A', 'AXJEFFERSON', '2019-09-06 07:14:26', NULL, NULL),
	(472, NULL, 1, 205, 1, 2, 73, 11, NULL, 'NO', 'Doxiciclina Tableta', NULL, NULL, NULL, 'A', 'AXJEFFERSON', '2019-09-06 07:14:26', NULL, NULL),
	(473, NULL, 1, 238, 1, 2, 73, 28, NULL, 'NO', 'Everolimus Tableta', NULL, NULL, NULL, 'A', 'AXJEFFERSON', '2019-09-06 07:14:26', NULL, NULL),
	(474, NULL, 1, 238, 1, 2, 73, 128, NULL, 'NO', 'Everolimus Tableta', NULL, NULL, NULL, 'A', 'AXJEFFERSON', '2019-09-06 07:14:26', NULL, NULL),
	(475, NULL, 1, 245, 1, 2, 73, 11, NULL, 'NO', 'Fenobarbital Tableta', NULL, NULL, NULL, 'A', 'AXJEFFERSON', '2019-09-06 07:14:26', NULL, NULL),
	(476, NULL, 1, 275, 1, 39, 73, 142, NULL, 'NO', 'Glicerol Supositorio', NULL, NULL, NULL, 'A', 'AXJEFFERSON', '2019-09-06 07:14:26', NULL, NULL),
	(477, NULL, 1, 277, 1, 2, 73, 2, NULL, 'NO', 'Griseofulvina Tableta', NULL, NULL, NULL, 'A', 'AXJEFFERSON', '2019-09-06 07:14:26', NULL, NULL),
	(478, NULL, 1, 277, 1, 2, 73, 10, NULL, 'NO', 'Griseofulvina Tableta', NULL, NULL, NULL, 'A', 'AXJEFFERSON', '2019-09-06 07:14:26', NULL, NULL),
	(479, NULL, 1, 277, 1, 2, 73, 97, NULL, 'NO', 'Griseofulvina Tableta', NULL, NULL, NULL, 'A', 'AXJEFFERSON', '2019-09-06 07:14:26', NULL, NULL),
	(480, NULL, 1, 281, 1, 2, 73, 38, NULL, 'NO', 'Haloperidol Tableta', NULL, NULL, NULL, 'A', 'AXJEFFERSON', '2019-09-06 07:14:26', NULL, NULL),
	(481, NULL, 1, 624, 1, 1, 73, 1, NULL, 'NO', 'Gabapentina Tableta recubierta', NULL, NULL, NULL, 'A', 'AXJEFFERSON', '2019-09-06 07:14:26', NULL, NULL),
	(482, NULL, 1, 627, 1, 2, 73, 19, NULL, 'NO', 'Dexametasona Tableta', NULL, NULL, NULL, 'A', 'AXJEFFERSON', '2019-09-06 07:14:26', NULL, NULL),
	(483, NULL, 1, 627, 1, 2, 73, 208, NULL, 'NO', 'Dexametasona Tableta', NULL, NULL, NULL, 'A', 'AXJEFFERSON', '2019-09-06 07:14:26', NULL, NULL),
	(484, NULL, 1, 632, 1, 28, 73, 13, NULL, 'NO', 'Dinitrato de isosorbida Tableta sublingual', NULL, NULL, NULL, 'A', 'AXJEFFERSON', '2019-09-06 07:14:26', NULL, NULL),
	(485, NULL, 1, 652, 1, 1, 73, 13, NULL, 'NO', 'Haloperidol Tableta recubierta', NULL, NULL, NULL, 'A', 'AXJEFFERSON', '2019-09-06 07:14:26', NULL, NULL),
	(486, NULL, 1, 714, 1, 8, 73, 30, NULL, 'NO', 'Tacrolimo Cápsula', NULL, NULL, NULL, 'A', 'AXJEFFERSON', '2019-09-06 07:14:26', NULL, NULL),
	(487, NULL, 1, 716, 1, 8, 73, 11, NULL, 'NO', 'Miglustad Cápsula', NULL, NULL, NULL, 'A', 'AXJEFFERSON', '2019-09-06 07:14:26', NULL, NULL),
	(488, NULL, 1, 155, 1, 12, 74, 54, NULL, 'NO', 'Clotrimazol Crema', NULL, NULL, NULL, 'A', 'AXJEFFERSON', '2019-09-06 07:14:26', NULL, NULL),
	(489, NULL, 1, 151, 1, 29, 75, 11, NULL, 'NO', 'Clotrimazol Óvulo', NULL, NULL, NULL, 'A', 'AXJEFFERSON', '2019-09-06 07:14:26', NULL, NULL),
	(490, NULL, 1, 689, 1, 8, 75, 1, NULL, 'NO', 'Gabapentina Cápsula', NULL, NULL, NULL, 'A', 'AXJEFFERSON', '2019-09-06 07:14:26', NULL, NULL),
	(491, NULL, 1, 151, 1, 29, 76, 6, NULL, 'NO', 'Clotrimazol Óvulo', NULL, NULL, NULL, 'A', 'AXJEFFERSON', '2019-09-06 07:14:26', NULL, NULL),
	(492, NULL, 1, 642, 1, 2, 76, 2, NULL, 'NO', 'Etionamida Tableta', NULL, NULL, NULL, 'A', 'AXJEFFERSON', '2019-09-06 07:14:26', NULL, NULL),
	(493, NULL, 1, 154, 1, 32, 77, 6, NULL, 'NO', 'Clotrimazol Tableta vaginal', NULL, NULL, NULL, 'A', 'AXJEFFERSON', '2019-09-06 07:14:26', NULL, NULL),
	(494, NULL, 1, 154, 1, 32, 77, 11, NULL, 'NO', 'Clotrimazol Tableta vaginal', NULL, NULL, NULL, 'A', 'AXJEFFERSON', '2019-09-06 07:14:26', NULL, NULL),
	(495, NULL, 1, 260, 1, 8, 77, 56, NULL, 'NO', 'Fluoxetina Cápsula', NULL, NULL, NULL, 'A', 'AXJEFFERSON', '2019-09-06 07:14:26', NULL, NULL),
	(496, NULL, 1, 261, 1, 1, 77, 56, NULL, 'NO', 'Fluoxetina Tableta recubierta', NULL, NULL, NULL, 'A', 'AXJEFFERSON', '2019-09-06 07:14:26', NULL, NULL),
	(497, NULL, 1, 262, 1, 2, 77, 56, NULL, 'NO', 'Fluoxetina Tableta', NULL, NULL, NULL, 'A', 'AXJEFFERSON', '2019-09-06 07:14:26', NULL, NULL),
	(498, NULL, 1, 269, 1, 2, 77, 138, NULL, 'NO', 'Furosemida Tableta', NULL, NULL, NULL, 'A', 'AXJEFFERSON', '2019-09-06 07:14:26', NULL, NULL),
	(499, NULL, 1, 271, 1, 2, 77, 96, NULL, 'NO', 'Genfibrozilo Tableta', NULL, NULL, NULL, 'A', 'AXJEFFERSON', '2019-09-06 07:14:26', NULL, NULL),
	(500, NULL, 1, 272, 1, 1, 77, 96, NULL, 'NO', 'Gemfibrozilo Tableta recubierta', NULL, NULL, NULL, 'A', 'AXJEFFERSON', '2019-09-06 07:14:26', NULL, NULL),
	(501, NULL, 1, 274, 1, 2, 77, 13, NULL, 'NO', 'Glibenclamida Tableta', NULL, NULL, NULL, 'A', 'AXJEFFERSON', '2019-09-06 07:14:26', NULL, NULL),
	(502, NULL, 1, 275, 1, 39, 77, 141, NULL, 'NO', 'Glicerol Supositorio', NULL, NULL, NULL, 'A', 'AXJEFFERSON', '2019-09-06 07:14:26', NULL, NULL),
	(503, NULL, 1, 281, 1, 2, 77, 13, NULL, 'NO', 'Haloperidol Tableta', NULL, NULL, NULL, 'A', 'AXJEFFERSON', '2019-09-06 07:14:26', NULL, NULL),
	(504, NULL, 1, 651, 1, 1, 77, 13, NULL, 'NO', 'Glibenclamida Tableta recubierta', NULL, NULL, NULL, 'A', 'AXJEFFERSON', '2019-09-06 07:14:26', NULL, NULL),
	(505, NULL, 1, 158, 1, 2, 78, 30, NULL, 'NO', 'Colchicina Tableta', NULL, NULL, NULL, 'A', 'AXJEFFERSON', '2019-09-06 07:14:26', NULL, NULL),
	(506, NULL, 1, 200, 1, 2, 78, 10, NULL, 'NO', 'Disulfiram Tableta', NULL, NULL, NULL, 'A', 'AXJEFFERSON', '2019-09-06 07:14:26', NULL, NULL),
	(507, NULL, 1, 235, 1, 1, 78, 2, NULL, 'NO', 'Etionamida Tableta recubierta', NULL, NULL, NULL, 'A', 'AXJEFFERSON', '2019-09-06 07:14:26', NULL, NULL),
	(508, NULL, 1, 510, 1, 33, 78, 48, NULL, 'NO', 'Sales de hierro (Sulfato ferroso) Gragea', NULL, NULL, NULL, 'A', 'AXJEFFERSON', '2019-09-06 07:14:26', NULL, NULL),
	(509, NULL, 1, 611, 1, 2, 78, 11, NULL, 'NO', 'Piridoxina (Vitamina B6) Tableta', NULL, NULL, NULL, 'A', 'AXJEFFERSON', '2019-09-06 07:14:26', NULL, NULL),
	(510, NULL, 1, 623, 1, 1, 78, 10, NULL, 'NO', 'Sulfasalazina Tableta recubierta', NULL, NULL, NULL, 'A', 'AXJEFFERSON', '2019-09-06 07:14:26', NULL, NULL),
	(511, NULL, 1, 695, 1, 2, 78, 1, NULL, 'NO', 'Zidovudina Tableta', NULL, NULL, NULL, 'A', 'AXJEFFERSON', '2019-09-06 07:14:26', NULL, NULL),
	(512, NULL, 1, 159, 1, 6, 79, 11, NULL, 'NO', 'Colistina Polvo para inyección', NULL, NULL, NULL, 'A', 'AXJEFFERSON', '2019-09-06 07:14:26', NULL, NULL),
	(513, NULL, 1, 162, 1, 3, 81, 92, NULL, 'NO', 'Complejo B (Vitaminas B1, B6, B12) Solución inyectable', NULL, NULL, NULL, 'A', 'AXJEFFERSON', '2019-09-06 07:14:26', NULL, NULL),
	(514, NULL, 1, 165, 1, 2, 82, 94, NULL, 'NO', 'Cotrimoxazol (Sulfametoxazol + Trimetoprima) Tableta', NULL, NULL, NULL, 'A', 'AXJEFFERSON', '2019-09-06 07:14:26', NULL, NULL),
	(515, NULL, 1, 165, 1, 2, 82, 95, NULL, 'NO', 'Cotrimoxazol (Sulfametoxazol + Trimetoprima) Tableta', NULL, NULL, NULL, 'A', 'AXJEFFERSON', '2019-09-06 07:14:26', NULL, NULL),
	(516, NULL, 1, 213, 1, 2, 82, 13, NULL, 'NO', 'Enalapril Tableta', NULL, NULL, NULL, 'A', 'AXJEFFERSON', '2019-09-06 07:14:26', NULL, NULL),
	(517, NULL, 1, 214, 1, 1, 82, 38, NULL, 'NO', 'Enalapril Tableta recubierta', NULL, NULL, NULL, 'A', 'AXJEFFERSON', '2019-09-06 07:14:26', NULL, NULL),
	(518, NULL, 1, 457, 1, 2, 82, 10, NULL, 'NO', 'Paracetamol Tableta', NULL, NULL, NULL, 'A', 'AXJEFFERSON', '2019-09-06 07:14:26', NULL, NULL),
	(519, NULL, 1, 166, 1, 6, 83, 6, NULL, 'NO', 'Dacarbazina Polvo para inyección', NULL, NULL, NULL, 'A', 'AXJEFFERSON', '2019-09-06 07:14:26', NULL, NULL),
	(520, NULL, 1, 166, 1, 6, 83, 11, NULL, 'NO', 'Dacarbazina Polvo para inyección', NULL, NULL, NULL, 'A', 'AXJEFFERSON', '2019-09-06 07:14:26', NULL, NULL),
	(521, NULL, 1, 229, 1, 6, 83, 76, NULL, 'NO', 'Estreptomicina Polvo para inyección', NULL, NULL, NULL, 'A', 'AXJEFFERSON', '2019-09-06 07:14:26', NULL, NULL),
	(522, NULL, 1, 233, 1, 6, 83, 48, NULL, 'NO', 'Etanercept Polvo para inyección', NULL, NULL, NULL, 'A', 'AXJEFFERSON', '2019-09-06 07:14:26', NULL, NULL),
	(523, NULL, 1, 629, 1, 22, 83, 51, NULL, 'NO', 'Antitoxina difterica Suspensión inyectable', NULL, NULL, NULL, 'A', 'AXJEFFERSON', '2019-09-06 07:14:26', NULL, NULL),
	(524, NULL, 1, 676, 1, 6, 83, 25, NULL, 'NO', 'Combinaciones de vitaminas Polvo para inyección', NULL, NULL, NULL, 'A', 'AXJEFFERSON', '2019-09-06 07:14:26', NULL, NULL),
	(525, NULL, 1, 168, 1, 6, 84, 56, NULL, 'NO', 'Dantroleno Polvo para inyección', NULL, NULL, NULL, 'A', 'AXJEFFERSON', '2019-09-06 07:14:26', NULL, NULL),
	(526, NULL, 1, 170, 1, 3, 85, 83, NULL, 'NO', 'Daunorubicina Solución inyectable', NULL, NULL, NULL, 'A', 'AXJEFFERSON', '2019-09-06 07:14:26', NULL, NULL),
	(527, NULL, 1, 172, 1, 17, 86, 98, NULL, 'NO', 'Desmopresina Solución para inhalación', NULL, NULL, NULL, 'A', 'AXJEFFERSON', '2019-09-06 07:14:26', NULL, NULL),
	(528, NULL, 1, 175, 1, 3, 87, 64, NULL, 'NO', 'Dexametasona Solución inyectable', NULL, NULL, NULL, 'A', 'AXJEFFERSON', '2019-09-06 07:14:26', NULL, NULL),
	(529, NULL, 1, 177, 1, 9, 88, 100, NULL, 'NO', 'Dexametasona + Tobramicina Ungüento oftálmico', NULL, NULL, NULL, 'A', 'AXJEFFERSON', '2019-09-06 07:14:26', NULL, NULL),
	(530, NULL, 1, 178, 1, 3, 89, 34, NULL, 'NO', 'Dextrosa en agua Solución inyectable', NULL, NULL, NULL, 'A', 'AXJEFFERSON', '2019-09-06 07:14:26', NULL, NULL),
	(531, NULL, 1, 178, 1, 3, 90, 31, NULL, 'NO', 'Dextrosa en agua Solución inyectable', NULL, NULL, NULL, 'A', 'AXJEFFERSON', '2019-09-06 07:14:26', NULL, NULL),
	(532, NULL, 1, 178, 1, 3, 91, 101, NULL, 'NO', 'Dextrosa en agua Solución inyectable', NULL, NULL, NULL, 'A', 'AXJEFFERSON', '2019-09-06 07:14:26', NULL, NULL),
	(533, NULL, 1, 179, 1, 3, 91, 102, NULL, 'NO', 'Dextrosa en solución salina Solución inyectable', NULL, NULL, NULL, 'A', 'AXJEFFERSON', '2019-09-06 07:14:26', NULL, NULL),
	(534, NULL, 1, 181, 1, 3, 92, 66, NULL, 'NO', 'Diazepam Solución inyectable', NULL, NULL, NULL, 'A', 'AXJEFFERSON', '2019-09-06 07:14:26', NULL, NULL),
	(535, NULL, 1, 187, 1, 8, 93, 10, NULL, 'NO', 'Dicloxacilina Cápsula', NULL, NULL, NULL, 'A', 'AXJEFFERSON', '2019-09-06 07:14:26', NULL, NULL),
	(536, NULL, 1, 188, 1, 21, 94, 18, NULL, 'NO', 'Dicloxacilina Polvo para suspensión', NULL, NULL, NULL, 'A', 'AXJEFFERSON', '2019-09-06 07:14:26', NULL, NULL),
	(537, NULL, 1, 190, 1, 3, 95, 32, NULL, 'NO', 'Difenhidramina Solución inyectable', NULL, NULL, NULL, 'A', 'AXJEFFERSON', '2019-09-06 07:14:26', NULL, NULL),
	(538, NULL, 1, 192, 1, 14, 96, 104, NULL, 'NO', 'Digoxina Solución oral', NULL, NULL, NULL, 'A', 'AXJEFFERSON', '2019-09-06 07:14:26', NULL, NULL),
	(539, NULL, 1, 193, 1, 3, 97, 105, NULL, 'NO', 'Digoxina Solución inyectable', NULL, NULL, NULL, 'A', 'AXJEFFERSON', '2019-09-06 07:14:26', NULL, NULL),
	(540, NULL, 1, 195, 1, 6, 98, 39, NULL, 'NO', 'Diltiazem Polvo para inyección', NULL, NULL, NULL, 'A', 'AXJEFFERSON', '2019-09-06 07:14:26', NULL, NULL),
	(541, NULL, 1, 196, 1, 35, 99, 107, NULL, 'NO', 'Diltiazem Cápsula de liberación prolongada', NULL, NULL, NULL, 'A', 'AXJEFFERSON', '2019-09-06 07:14:26', NULL, NULL),
	(542, NULL, 1, 227, 1, 2, 99, 14, NULL, 'NO', 'Estradiol Tableta', NULL, NULL, NULL, 'A', 'AXJEFFERSON', '2019-09-06 07:14:26', NULL, NULL),
	(543, NULL, 1, 253, 1, 8, 99, 52, NULL, 'NO', 'Fluconazol Cápsula', NULL, NULL, NULL, 'A', 'AXJEFFERSON', '2019-09-06 07:14:26', NULL, NULL),
	(544, NULL, 1, 633, 1, 1, 99, 128, NULL, 'NO', 'Levonorgestrel Tableta recubierta', NULL, NULL, NULL, 'A', 'AXJEFFERSON', '2019-09-06 07:14:26', NULL, NULL),
	(545, NULL, 1, 686, 1, 1, 99, 14, NULL, 'NO', 'Estradiol Tableta recubierta', NULL, NULL, NULL, 'A', 'AXJEFFERSON', '2019-09-06 07:14:26', NULL, NULL),
	(546, NULL, 1, 202, 1, 3, 100, 110, NULL, 'NO', 'Docetaxel Solución inyectable', NULL, NULL, NULL, 'A', 'AXJEFFERSON', '2019-09-06 07:14:26', NULL, NULL),
	(547, NULL, 1, 202, 1, 3, 101, 111, NULL, 'NO', 'Docetaxel Solución inyectable', NULL, NULL, NULL, 'A', 'AXJEFFERSON', '2019-09-06 07:14:26', NULL, NULL),
	(548, NULL, 1, 211, 1, 36, 102, 113, NULL, 'NO', 'Emulsiones grasas (lípidos) Emulsión para infusión', NULL, NULL, NULL, 'A', 'AXJEFFERSON', '2019-09-06 07:14:26', NULL, NULL),
	(549, NULL, 1, 212, 1, 3, 103, 114, NULL, 'NO', 'Enalapril Solución inyectable', NULL, NULL, NULL, 'A', 'AXJEFFERSON', '2019-09-06 07:14:26', NULL, NULL),
	(550, NULL, 1, 213, 1, 2, 104, 38, NULL, 'NO', 'Enalapril Tableta', NULL, NULL, NULL, 'A', 'AXJEFFERSON', '2019-09-06 07:14:26', NULL, NULL),
	(551, NULL, 1, 213, 1, 2, 104, 56, NULL, 'NO', 'Enalapril Tableta', NULL, NULL, NULL, 'A', 'AXJEFFERSON', '2019-09-06 07:14:26', NULL, NULL),
	(552, NULL, 1, 215, 1, 3, 105, 115, NULL, 'NO', 'Enoxaparina Solución inyectable', NULL, NULL, NULL, 'A', 'AXJEFFERSON', '2019-09-06 07:14:26', NULL, NULL),
	(553, NULL, 1, 215, 1, 3, 106, 116, NULL, 'NO', 'Enoxaparina Solución inyectable', NULL, NULL, NULL, 'A', 'AXJEFFERSON', '2019-09-06 07:14:26', NULL, NULL),
	(554, NULL, 1, 215, 1, 3, 107, 117, NULL, 'NO', 'Enoxaparina Solución inyectable', NULL, NULL, NULL, 'A', 'AXJEFFERSON', '2019-09-06 07:14:26', NULL, NULL),
	(555, NULL, 1, 215, 1, 3, 108, 118, NULL, 'NO', 'Enoxaparina Solución inyectable', NULL, NULL, NULL, 'A', 'AXJEFFERSON', '2019-09-06 07:14:26', NULL, NULL),
	(556, NULL, 1, 215, 1, 3, 108, 119, NULL, 'NO', 'Enoxaparina Solución inyectable', NULL, NULL, NULL, 'A', 'AXJEFFERSON', '2019-09-06 07:14:26', NULL, NULL),
	(557, NULL, 1, 216, 1, 3, 109, 53, NULL, 'NO', 'Epinefrina Solución inyectable', NULL, NULL, NULL, 'A', 'AXJEFFERSON', '2019-09-06 07:14:26', NULL, NULL),
	(558, NULL, 1, 217, 1, 3, 110, 83, NULL, 'NO', 'Epirubicina Solución inyectable', NULL, NULL, NULL, 'A', 'AXJEFFERSON', '2019-09-06 07:14:26', NULL, NULL),
	(559, NULL, 1, 219, 1, 9, 111, 55, NULL, 'NO', 'Eritromicina Ungüento oftálmico', NULL, NULL, NULL, 'A', 'AXJEFFERSON', '2019-09-06 07:14:26', NULL, NULL),
	(560, NULL, 1, 221, 1, 21, 112, 5, NULL, 'NO', 'Eritromicina Polvo para suspensión', NULL, NULL, NULL, 'A', 'AXJEFFERSON', '2019-09-06 07:14:26', NULL, NULL),
	(561, NULL, 1, 223, 1, 3, 113, 121, NULL, 'NO', 'Eritropoyetina Solución inyectable', NULL, NULL, NULL, 'A', 'AXJEFFERSON', '2019-09-06 07:14:26', NULL, NULL),
	(562, NULL, 1, 223, 1, 3, 114, 122, NULL, 'NO', 'Eritropoyetina Solución inyectable', NULL, NULL, NULL, 'A', 'AXJEFFERSON', '2019-09-06 07:14:26', NULL, NULL),
	(563, NULL, 1, 223, 1, 3, 115, 123, NULL, 'NO', 'Eritropoyetina Solución inyectable', NULL, NULL, NULL, 'A', 'AXJEFFERSON', '2019-09-06 07:14:26', NULL, NULL),
	(564, NULL, 1, 224, 1, 37, 116, 122, NULL, 'NO', 'Eritropoyetina Polvo inyectable', NULL, NULL, NULL, 'A', 'AXJEFFERSON', '2019-09-06 07:14:26', NULL, NULL),
	(565, NULL, 1, 306, 1, 3, 116, 265, NULL, 'NO', 'Inmunoglobulina antitetánica Solución inyectable', NULL, NULL, NULL, 'A', 'AXJEFFERSON', '2019-09-06 07:14:26', NULL, NULL),
	(566, NULL, 1, 228, 1, 3, 117, 125, NULL, 'NO', 'Estradiol + noretisterona Solución inyectable', NULL, NULL, NULL, 'A', 'AXJEFFERSON', '2019-09-06 07:14:26', NULL, NULL),
	(567, NULL, 1, 232, 1, 2, 118, 8, NULL, 'NO', 'Etambutol Tableta', NULL, NULL, NULL, 'A', 'AXJEFFERSON', '2019-09-06 07:14:26', NULL, NULL),
	(568, NULL, 1, 395, 1, 2, 118, 10, NULL, 'NO', 'Metildopa Tableta', NULL, NULL, NULL, 'A', 'AXJEFFERSON', '2019-09-06 07:14:26', NULL, NULL),
	(569, NULL, 1, 642, 1, 2, 118, 10, NULL, 'NO', 'Etionamida Tableta', NULL, NULL, NULL, 'A', 'AXJEFFERSON', '2019-09-06 07:14:26', NULL, NULL),
	(570, NULL, 1, 643, 1, 8, 118, 48, NULL, 'NO', 'Etopósido Cápsula', NULL, NULL, NULL, 'A', 'AXJEFFERSON', '2019-09-06 07:14:26', NULL, NULL),
	(571, NULL, 1, 234, 1, 3, 119, 39, NULL, 'NO', 'Etanercept Solución inyectable', NULL, NULL, NULL, 'A', 'AXJEFFERSON', '2019-09-06 07:14:26', NULL, NULL),
	(572, NULL, 1, 234, 1, 3, 119, 48, NULL, 'NO', 'Etanercept Solución inyectable', NULL, NULL, NULL, 'A', 'AXJEFFERSON', '2019-09-06 07:14:26', NULL, NULL),
	(573, NULL, 1, 240, 1, 6, 120, 49, NULL, 'NO', 'Factor IX de la Coagulación Polvo para inyección', NULL, NULL, NULL, 'A', 'AXJEFFERSON', '2019-09-06 07:14:26', NULL, NULL),
	(574, NULL, 1, 241, 1, 6, 120, 20, NULL, 'NO', 'Factor VIII de la coagulación Polvo para inyección', NULL, NULL, NULL, 'A', 'AXJEFFERSON', '2019-09-06 07:14:26', NULL, NULL),
	(575, NULL, 1, 241, 1, 6, 120, 49, NULL, 'NO', 'Factor VIII de la coagulación Polvo para inyección', NULL, NULL, NULL, 'A', 'AXJEFFERSON', '2019-09-06 07:14:26', NULL, NULL),
	(576, NULL, 1, 77, 1, 6, 121, 38, NULL, 'NO', 'Basiliximab Polvo para inyección', NULL, NULL, NULL, 'A', 'AXJEFFERSON', '2019-09-06 07:14:26', NULL, NULL),
	(577, NULL, 1, 240, 1, 6, 121, 129, NULL, 'NO', 'Factor IX de la Coagulación Polvo para inyección', NULL, NULL, NULL, 'A', 'AXJEFFERSON', '2019-09-06 07:14:26', NULL, NULL),
	(578, NULL, 1, 240, 1, 6, 121, 261, NULL, 'NO', 'Factor IX de la Coagulación Polvo para inyección', NULL, NULL, NULL, 'A', 'AXJEFFERSON', '2019-09-06 07:14:26', NULL, NULL),
	(579, NULL, 1, 241, 1, 6, 122, 130, NULL, 'NO', 'Factor VIII de la coagulación Polvo para inyección', NULL, NULL, NULL, 'A', 'AXJEFFERSON', '2019-09-06 07:14:26', NULL, NULL),
	(580, NULL, 1, 242, 1, 3, 123, 32, NULL, 'NO', 'Fenitoína Solución inyectable', NULL, NULL, NULL, 'A', 'AXJEFFERSON', '2019-09-06 07:14:26', NULL, NULL),
	(581, NULL, 1, 243, 1, 5, 124, 85, NULL, 'NO', 'Fenitoína Suspensión', NULL, NULL, NULL, 'A', 'AXJEFFERSON', '2019-09-06 07:14:26', NULL, NULL),
	(582, NULL, 1, 249, 1, 3, 125, 133, NULL, 'NO', 'Filgrastim Solución inyectable', NULL, NULL, NULL, 'A', 'AXJEFFERSON', '2019-09-06 07:14:26', NULL, NULL),
	(583, NULL, 1, 251, 1, 3, 126, 83, NULL, 'NO', 'Fluconazol Solución inyectable', NULL, NULL, NULL, 'A', 'AXJEFFERSON', '2019-09-06 07:14:26', NULL, NULL),
	(584, NULL, 1, 252, 1, 2, 127, 52, NULL, 'NO', 'Fluconazol Tableta', NULL, NULL, NULL, 'A', 'AXJEFFERSON', '2019-09-06 07:14:26', NULL, NULL),
	(585, NULL, 1, 254, 1, 6, 128, 48, NULL, 'NO', 'Fludarabina Polvo para inyección', NULL, NULL, NULL, 'A', 'AXJEFFERSON', '2019-09-06 07:14:26', NULL, NULL),
	(586, NULL, 1, 256, 1, 3, 129, 135, NULL, 'NO', 'Flumazenil Solución inyectable', NULL, NULL, NULL, 'A', 'AXJEFFERSON', '2019-09-06 07:14:26', NULL, NULL),
	(587, NULL, 1, 258, 1, 3, 130, 32, NULL, 'NO', 'Fluoruracilo Solución inyectable', NULL, NULL, NULL, 'A', 'AXJEFFERSON', '2019-09-06 07:14:26', NULL, NULL),
	(588, NULL, 1, 258, 1, 3, 131, 37, NULL, 'NO', 'Fluoruracilo Solución inyectable', NULL, NULL, NULL, 'A', 'AXJEFFERSON', '2019-09-06 07:14:26', NULL, NULL),
	(589, NULL, 1, 263, 1, 3, 132, 78, NULL, 'NO', 'Folinato Cálcico Solución inyectable', NULL, NULL, NULL, 'A', 'AXJEFFERSON', '2019-09-06 07:14:26', NULL, NULL),
	(590, NULL, 1, 264, 1, 2, 133, 136, NULL, 'NO', 'Folinato Cálcico Tableta', NULL, NULL, NULL, 'A', 'AXJEFFERSON', '2019-09-06 07:14:26', NULL, NULL),
	(591, NULL, 1, 526, 1, 2, 133, 10, NULL, 'NO', 'Sulfadiazina Tableta', NULL, NULL, NULL, 'A', 'AXJEFFERSON', '2019-09-06 07:14:26', NULL, NULL),
	(592, NULL, 1, 619, 1, 2, 133, 254, NULL, 'NO', 'Rifampicina + Isoniazida Tableta', NULL, NULL, NULL, 'A', 'AXJEFFERSON', '2019-09-06 07:14:26', NULL, NULL),
	(593, NULL, 1, 649, 1, 2, 133, 2, NULL, 'NO', 'Flutamida Tableta', NULL, NULL, NULL, 'A', 'AXJEFFERSON', '2019-09-06 07:14:26', NULL, NULL),
	(594, NULL, 1, 649, 1, 2, 133, 97, NULL, 'NO', 'Flutamida Tableta', NULL, NULL, NULL, 'A', 'AXJEFFERSON', '2019-09-06 07:14:26', NULL, NULL),
	(595, NULL, 1, 681, 1, 2, 133, 255, NULL, 'NO', 'Rifampicina+ Pirazinamida+Isoniazida Tableta', NULL, NULL, NULL, 'A', 'AXJEFFERSON', '2019-09-06 07:14:26', NULL, NULL),
	(596, NULL, 1, 709, 1, 1, 133, 10, NULL, 'NO', 'Levetiracetam Tableta recubierta', NULL, NULL, NULL, 'A', 'AXJEFFERSON', '2019-09-06 07:14:26', NULL, NULL),
	(597, NULL, 1, 723, 1, 2, 133, 48, NULL, 'NO', 'Sildenafil Tableta', NULL, NULL, NULL, 'A', 'AXJEFFERSON', '2019-09-06 07:14:26', NULL, NULL),
	(598, NULL, 1, 724, 1, 1, 133, 48, NULL, 'NO', 'Sildenafil Tableta recubierta', NULL, NULL, NULL, 'A', 'AXJEFFERSON', '2019-09-06 07:14:26', NULL, NULL),
	(599, NULL, 1, 266, 1, 5, 134, 25, NULL, 'NO', 'Fórmula para nutrición enteral Suspensión', NULL, NULL, NULL, 'A', 'AXJEFFERSON', '2019-09-06 07:14:26', NULL, NULL),
	(600, NULL, 1, 267, 1, 38, 135, 25, NULL, 'NO', 'Fórmula para nutrición enteral Polvo', NULL, NULL, NULL, 'A', 'AXJEFFERSON', '2019-09-06 07:14:26', NULL, NULL),
	(601, NULL, 1, 270, 1, 6, 136, 6, NULL, 'NO', 'Gemcitabina Polvo para inyección', NULL, NULL, NULL, 'A', 'AXJEFFERSON', '2019-09-06 07:14:26', NULL, NULL),
	(602, NULL, 1, 270, 1, 6, 136, 76, NULL, 'NO', 'Gemcitabina Polvo para inyección', NULL, NULL, NULL, 'A', 'AXJEFFERSON', '2019-09-06 07:14:26', NULL, NULL),
	(603, NULL, 1, 273, 1, 3, 137, 78, NULL, 'NO', 'Gentamicina Solución inyectable', NULL, NULL, NULL, 'A', 'AXJEFFERSON', '2019-09-06 07:14:26', NULL, NULL),
	(604, NULL, 1, 273, 1, 3, 137, 139, NULL, 'NO', 'Gentamicina Solución inyectable', NULL, NULL, NULL, 'A', 'AXJEFFERSON', '2019-09-06 07:14:26', NULL, NULL),
	(605, NULL, 1, 273, 1, 3, 137, 140, NULL, 'NO', 'Gentamicina Solución inyectable', NULL, NULL, NULL, 'A', 'AXJEFFERSON', '2019-09-06 07:14:26', NULL, NULL),
	(606, NULL, 1, 273, 1, 3, 138, 111, NULL, 'NO', 'Gentamicina Solución inyectable', NULL, NULL, NULL, 'A', 'AXJEFFERSON', '2019-09-06 07:14:26', NULL, NULL),
	(607, NULL, 1, 278, 1, 3, 138, 32, NULL, 'NO', 'Haloperidol decanoato Solución inyectable', NULL, NULL, NULL, 'A', 'AXJEFFERSON', '2019-09-06 07:14:26', NULL, NULL),
	(608, NULL, 1, 279, 1, 3, 138, 66, NULL, 'NO', 'Haloperidol Solución inyectable', NULL, NULL, NULL, 'A', 'AXJEFFERSON', '2019-09-06 07:14:26', NULL, NULL),
	(609, NULL, 1, 276, 1, 6, 139, 14, NULL, 'NO', 'Glucagón Polvo para inyección', NULL, NULL, NULL, 'A', 'AXJEFFERSON', '2019-09-06 07:14:26', NULL, NULL),
	(610, NULL, 1, 280, 1, 14, 140, 83, NULL, 'NO', 'Haloperidol Solución oral', NULL, NULL, NULL, 'A', 'AXJEFFERSON', '2019-09-06 07:14:26', NULL, NULL),
	(611, NULL, 1, 282, 1, 3, 141, 143, NULL, 'NO', 'Heparina no fraccionada Solución inyectable', NULL, NULL, NULL, 'A', 'AXJEFFERSON', '2019-09-06 07:14:26', NULL, NULL),
	(612, NULL, 1, 283, 1, 2, 142, 48, NULL, 'NO', 'Hidralazina Tableta', NULL, NULL, NULL, 'A', 'AXJEFFERSON', '2019-09-06 07:14:26', NULL, NULL),
	(613, NULL, 1, 284, 1, 1, 142, 48, NULL, 'NO', 'Hidralazina Tableta recubierta', NULL, NULL, NULL, 'A', 'AXJEFFERSON', '2019-09-06 07:14:26', NULL, NULL),
	(614, NULL, 1, 285, 1, 3, 143, 73, NULL, 'NO', 'Hidralazina Solución inyectable', NULL, NULL, NULL, 'A', 'AXJEFFERSON', '2019-09-06 07:14:26', NULL, NULL),
	(615, NULL, 1, 292, 1, 3, 143, 83, NULL, 'NO', 'Hidromorfona Solución inyectable', NULL, NULL, NULL, 'A', 'AXJEFFERSON', '2019-09-06 07:14:26', NULL, NULL),
	(616, NULL, 1, 663, 1, 3, 143, 32, NULL, 'NO', 'Inmunoglobulina antitimocítica o lonfocítica Solución inyectable', NULL, NULL, NULL, 'A', 'AXJEFFERSON', '2019-09-06 07:14:26', NULL, NULL),
	(617, NULL, 1, 287, 1, 2, 144, 13, NULL, 'NO', 'Hidrocortisona Tableta', NULL, NULL, NULL, 'A', 'AXJEFFERSON', '2019-09-06 07:14:26', NULL, NULL),
	(618, NULL, 1, 287, 1, 2, 144, 38, NULL, 'NO', 'Hidrocortisona Tableta', NULL, NULL, NULL, 'A', 'AXJEFFERSON', '2019-09-06 07:14:26', NULL, NULL),
	(619, NULL, 1, 288, 1, 25, 145, 55, NULL, 'NO', 'Hidrocortisona Loción', NULL, NULL, NULL, 'A', 'AXJEFFERSON', '2019-09-06 07:14:26', NULL, NULL),
	(620, NULL, 1, 289, 1, 12, 146, 54, NULL, 'NO', 'Hidrocortisona Crema', NULL, NULL, NULL, 'A', 'AXJEFFERSON', '2019-09-06 07:14:26', NULL, NULL),
	(621, NULL, 1, 290, 1, 6, 147, 10, NULL, 'NO', 'Hidrocortisona, succinato sódico Polvo para inyección', NULL, NULL, NULL, 'A', 'AXJEFFERSON', '2019-09-06 07:14:26', NULL, NULL),
	(622, NULL, 1, 290, 1, 6, 148, 11, NULL, 'NO', 'Hidrocortisona, succinato sódico Polvo para inyección', NULL, NULL, NULL, 'A', 'AXJEFFERSON', '2019-09-06 07:14:26', NULL, NULL),
	(623, NULL, 1, 291, 1, 2, 149, 13, NULL, 'NO', 'Hidromorfona Tableta', NULL, NULL, NULL, 'A', 'AXJEFFERSON', '2019-09-06 07:14:26', NULL, NULL),
	(624, NULL, 1, 291, 1, 2, 149, 144, NULL, 'NO', 'Hidromorfona Tableta', NULL, NULL, NULL, 'A', 'AXJEFFERSON', '2019-09-06 07:14:26', NULL, NULL),
	(625, NULL, 1, 293, 1, 8, 150, 10, NULL, 'NO', 'Hidroxicarbamida (Hidroxiurea) Cápsula', NULL, NULL, NULL, 'A', 'AXJEFFERSON', '2019-09-06 07:14:26', NULL, NULL),
	(626, NULL, 1, 294, 1, 38, 151, 145, NULL, 'NO', 'Hierro, multivitaminas y minerales Polvo', NULL, NULL, NULL, 'A', 'AXJEFFERSON', '2019-09-06 07:14:26', NULL, NULL),
	(627, NULL, 1, 512, 1, 38, 151, 25, NULL, 'NO', 'Sales de Rehidratación Oral Polvo', NULL, NULL, NULL, 'A', 'AXJEFFERSON', '2019-09-06 07:14:26', NULL, NULL),
	(628, NULL, 1, 604, 1, 21, 151, 90, NULL, 'NO', 'Omeprazol Polvo para suspensión', NULL, NULL, NULL, 'A', 'AXJEFFERSON', '2019-09-06 07:14:26', NULL, NULL),
	(629, NULL, 1, 752, 1, 21, 151, 288, NULL, 'NO', 'Sulfato de Bario, Medios de contraste para rayos x, con agentes de suspensión Polvo para suspensión', NULL, NULL, NULL, 'A', 'AXJEFFERSON', '2019-09-06 07:14:26', NULL, NULL),
	(630, NULL, 1, 753, 1, 21, 151, 288, NULL, 'NO', 'Sulfato de Bario, Medios de contraste para rayos x, sin agentes de suspensión Polvo para suspensión', NULL, NULL, NULL, 'A', 'AXJEFFERSON', '2019-09-06 07:14:26', NULL, NULL),
	(631, NULL, 1, 295, 1, 1, 152, 8, NULL, 'NO', 'Ibuprofeno Tableta recubierta', NULL, NULL, NULL, 'A', 'AXJEFFERSON', '2019-09-06 07:14:26', NULL, NULL),
	(632, NULL, 1, 297, 1, 2, 152, 8, NULL, 'NO', 'Ibuprofeno Tableta', NULL, NULL, NULL, 'A', 'AXJEFFERSON', '2019-09-06 07:14:26', NULL, NULL),
	(633, NULL, 1, 321, 1, 2, 152, 1, NULL, 'NO', 'Isoniazida Tableta', NULL, NULL, NULL, 'A', 'AXJEFFERSON', '2019-09-06 07:14:26', NULL, NULL),
	(634, NULL, 1, 321, 1, 2, 152, 11, NULL, 'NO', 'Isoniazida Tableta', NULL, NULL, NULL, 'A', 'AXJEFFERSON', '2019-09-06 07:14:26', NULL, NULL),
	(635, NULL, 1, 326, 1, 2, 152, 165, NULL, 'NO', 'Ivermectina Tableta', NULL, NULL, NULL, 'A', 'AXJEFFERSON', '2019-09-06 07:14:26', NULL, NULL),
	(636, NULL, 1, 341, 1, 1, 152, 173, NULL, 'NO', 'Lamivudina + Abacavir Tableta recubierta', NULL, NULL, NULL, 'A', 'AXJEFFERSON', '2019-09-06 07:14:26', NULL, NULL),
	(637, NULL, 1, 342, 1, 2, 152, 173, NULL, 'NO', 'Lamivudina + Abacavir Tableta', NULL, NULL, NULL, 'A', 'AXJEFFERSON', '2019-09-06 07:14:26', NULL, NULL),
	(638, NULL, 1, 343, 1, 7, 152, 11, NULL, 'NO', 'Lamotrigina Tableta dispersable', NULL, NULL, NULL, 'A', 'AXJEFFERSON', '2019-09-06 07:14:26', NULL, NULL),
	(639, NULL, 1, 343, 1, 7, 152, 39, NULL, 'NO', 'Lamotrigina Tableta dispersable', NULL, NULL, NULL, 'A', 'AXJEFFERSON', '2019-09-06 07:14:26', NULL, NULL),
	(640, NULL, 1, 343, 1, 7, 152, 48, NULL, 'NO', 'Lamotrigina Tableta dispersable', NULL, NULL, NULL, 'A', 'AXJEFFERSON', '2019-09-06 07:14:26', NULL, NULL),
	(641, NULL, 1, 352, 1, 1, 152, 10, NULL, 'NO', 'Levofloxacino Tableta recubierta', NULL, NULL, NULL, 'A', 'AXJEFFERSON', '2019-09-06 07:14:26', NULL, NULL),
	(642, NULL, 1, 355, 1, 1, 152, 11, NULL, 'NO', 'Levomepromazina Tableta recubierta', NULL, NULL, NULL, 'A', 'AXJEFFERSON', '2019-09-06 07:14:26', NULL, NULL),
	(643, NULL, 1, 362, 1, 2, 152, 71, NULL, 'NO', 'Levotiroxina sódica Tableta', NULL, NULL, NULL, 'A', 'AXJEFFERSON', '2019-09-06 07:14:26', NULL, NULL),
	(644, NULL, 1, 362, 1, 2, 152, 183, NULL, 'NO', 'Levotiroxina sódica Tableta', NULL, NULL, NULL, 'A', 'AXJEFFERSON', '2019-09-06 07:14:26', NULL, NULL),
	(645, NULL, 1, 362, 1, 2, 152, 184, NULL, 'NO', 'Levotiroxina sódica Tableta', NULL, NULL, NULL, 'A', 'AXJEFFERSON', '2019-09-06 07:14:26', NULL, NULL),
	(646, NULL, 1, 362, 1, 2, 152, 185, NULL, 'NO', 'Levotiroxina sódica Tableta', NULL, NULL, NULL, 'A', 'AXJEFFERSON', '2019-09-06 07:14:26', NULL, NULL),
	(647, NULL, 1, 370, 1, 1, 152, 96, NULL, 'NO', 'Linezolid Tableta recubierta', NULL, NULL, NULL, 'A', 'AXJEFFERSON', '2019-09-06 07:14:26', NULL, NULL),
	(648, NULL, 1, 377, 1, 2, 152, 38, NULL, 'NO', 'Loratadina Tableta', NULL, NULL, NULL, 'A', 'AXJEFFERSON', '2019-09-06 07:14:26', NULL, NULL),
	(649, NULL, 1, 405, 1, 8, 152, 2, NULL, 'NO', 'Metronidazol Cápsula', NULL, NULL, NULL, 'A', 'AXJEFFERSON', '2019-09-06 07:14:26', NULL, NULL),
	(650, NULL, 1, 405, 1, 8, 152, 10, NULL, 'NO', 'Metronidazol Cápsula', NULL, NULL, NULL, 'A', 'AXJEFFERSON', '2019-09-06 07:14:26', NULL, NULL),
	(651, NULL, 1, 407, 1, 2, 152, 2, NULL, 'NO', 'Metronidazol Tableta', NULL, NULL, NULL, 'A', 'AXJEFFERSON', '2019-09-06 07:14:26', NULL, NULL),
	(652, NULL, 1, 407, 1, 2, 152, 10, NULL, 'NO', 'Metronidazol Tableta', NULL, NULL, NULL, 'A', 'AXJEFFERSON', '2019-09-06 07:14:26', NULL, NULL),
	(653, NULL, 1, 411, 1, 1, 152, 2, NULL, 'NO', 'Micofenolato Tableta recubierta', NULL, NULL, NULL, 'A', 'AXJEFFERSON', '2019-09-06 07:14:26', NULL, NULL),
	(654, NULL, 1, 411, 1, 1, 152, 10, NULL, 'NO', 'Micofenolato Tableta recubierta', NULL, NULL, NULL, 'A', 'AXJEFFERSON', '2019-09-06 07:14:26', NULL, NULL),
	(655, NULL, 1, 411, 1, 1, 152, 199, NULL, 'NO', 'Micofenolato Tableta recubierta', NULL, NULL, NULL, 'A', 'AXJEFFERSON', '2019-09-06 07:14:26', NULL, NULL),
	(656, NULL, 1, 411, 1, 1, 152, 200, NULL, 'NO', 'Micofenolato Tableta recubierta', NULL, NULL, NULL, 'A', 'AXJEFFERSON', '2019-09-06 07:14:26', NULL, NULL),
	(657, NULL, 1, 412, 1, 8, 152, 2, NULL, 'NO', 'Micofenolato Cápsula', NULL, NULL, NULL, 'A', 'AXJEFFERSON', '2019-09-06 07:14:26', NULL, NULL),
	(658, NULL, 1, 435, 1, 8, 152, 11, NULL, 'NO', 'Nitrofurantoína Cápsula', NULL, NULL, NULL, 'A', 'AXJEFFERSON', '2019-09-06 07:14:26', NULL, NULL),
	(659, NULL, 1, 496, 1, 1, 152, 226, NULL, 'NO', 'Rifampicina + Isoniazida Tableta recubierta', NULL, NULL, NULL, 'A', 'AXJEFFERSON', '2019-09-06 07:14:26', NULL, NULL),
	(660, NULL, 1, 516, 1, 8, 152, 11, NULL, 'NO', 'Sertralina Cápsula', NULL, NULL, NULL, 'A', 'AXJEFFERSON', '2019-09-06 07:14:26', NULL, NULL),
	(661, NULL, 1, 516, 1, 8, 152, 48, NULL, 'NO', 'Sertralina Cápsula', NULL, NULL, NULL, 'A', 'AXJEFFERSON', '2019-09-06 07:14:26', NULL, NULL),
	(662, NULL, 1, 601, 1, 8, 152, 38, NULL, 'NO', 'Miltefosina Cápsula', NULL, NULL, NULL, 'A', 'AXJEFFERSON', '2019-09-06 07:14:26', NULL, NULL),
	(663, NULL, 1, 601, 1, 8, 152, 48, NULL, 'NO', 'Miltefosina Cápsula', NULL, NULL, NULL, 'A', 'AXJEFFERSON', '2019-09-06 07:14:26', NULL, NULL),
	(664, NULL, 1, 603, 1, 35, 152, 11, NULL, 'NO', 'Nitrofurantoína Cápsula de liberación prolongada', NULL, NULL, NULL, 'A', 'AXJEFFERSON', '2019-09-06 07:14:26', NULL, NULL),
	(665, NULL, 1, 620, 1, 33, 152, 255, NULL, 'NO', 'Rifampicina+ Pirazinamida+Isoniazida Gragea', NULL, NULL, NULL, 'A', 'AXJEFFERSON', '2019-09-06 07:14:26', NULL, NULL),
	(666, NULL, 1, 620, 1, 33, 152, 256, NULL, 'NO', 'Rifampicina+ Pirazinamida+Isoniazida Gragea', NULL, NULL, NULL, 'A', 'AXJEFFERSON', '2019-09-06 07:14:26', NULL, NULL),
	(667, NULL, 1, 681, 1, 2, 152, 256, NULL, 'NO', 'Rifampicina+ Pirazinamida+Isoniazida Tableta', NULL, NULL, NULL, 'A', 'AXJEFFERSON', '2019-09-06 07:14:26', NULL, NULL),
	(668, NULL, 1, 296, 1, 5, 153, 5, NULL, 'NO', 'Ibuprofeno Suspensión', NULL, NULL, NULL, 'A', 'AXJEFFERSON', '2019-09-06 07:14:26', NULL, NULL),
	(669, NULL, 1, 298, 1, 3, 154, 53, NULL, 'NO', 'Idarrubicina Solución inyectable', NULL, NULL, NULL, 'A', 'AXJEFFERSON', '2019-09-06 07:14:26', NULL, NULL),
	(670, NULL, 1, 299, 1, 6, 154, 146, NULL, 'NO', 'Ifosfamida Polvo para inyección', NULL, NULL, NULL, 'A', 'AXJEFFERSON', '2019-09-06 07:14:26', NULL, NULL),
	(671, NULL, 1, 320, 1, 3, 154, 73, NULL, 'NO', 'Irinotecán Solución inyectable', NULL, NULL, NULL, 'A', 'AXJEFFERSON', '2019-09-06 07:14:26', NULL, NULL),
	(672, NULL, 1, 398, 1, 22, 154, 140, NULL, 'NO', 'Metilprednisolona, acetato Suspensión inyectable', NULL, NULL, NULL, 'A', 'AXJEFFERSON', '2019-09-06 07:14:26', NULL, NULL),
	(673, NULL, 1, 402, 1, 6, 154, 10, NULL, 'NO', 'Metotrexato Polvo para inyección', NULL, NULL, NULL, 'A', 'AXJEFFERSON', '2019-09-06 07:14:26', NULL, NULL),
	(674, NULL, 1, 415, 1, 6, 154, 56, NULL, 'NO', 'Mitomicina Polvo para inyección', NULL, NULL, NULL, 'A', 'AXJEFFERSON', '2019-09-06 07:14:26', NULL, NULL),
	(675, NULL, 1, 300, 1, 1, 155, 8, NULL, 'NO', 'Imatinib Tableta recubierta', NULL, NULL, NULL, 'A', 'AXJEFFERSON', '2019-09-06 07:14:26', NULL, NULL),
	(676, NULL, 1, 302, 1, 2, 156, 8, NULL, 'NO', 'Imatinib Tableta', NULL, NULL, NULL, 'A', 'AXJEFFERSON', '2019-09-06 07:14:26', NULL, NULL),
	(677, NULL, 1, 303, 1, 6, 157, 147, NULL, 'NO', 'Imipenem + cilastatina Polvo para inyección', NULL, NULL, NULL, 'A', 'AXJEFFERSON', '2019-09-06 07:14:26', NULL, NULL),
	(678, NULL, 1, 492, 1, 6, 157, 13, NULL, 'NO', 'Remifentanilo Polvo para inyección', NULL, NULL, NULL, 'A', 'AXJEFFERSON', '2019-09-06 07:14:26', NULL, NULL),
	(679, NULL, 1, 492, 1, 6, 157, 67, NULL, 'NO', 'Remifentanilo Polvo para inyección', NULL, NULL, NULL, 'A', 'AXJEFFERSON', '2019-09-06 07:14:26', NULL, NULL),
	(680, NULL, 1, 304, 1, 6, 158, 11, NULL, 'NO', 'Infliximab Polvo para inyección', NULL, NULL, NULL, 'A', 'AXJEFFERSON', '2019-09-06 07:14:26', NULL, NULL),
	(681, NULL, 1, 717, 1, 56, 158, 273, NULL, 'NO', 'Agalsidasa beta Polvo para infusión', NULL, NULL, NULL, 'A', 'AXJEFFERSON', '2019-09-06 07:14:26', NULL, NULL),
	(682, NULL, 1, 749, 1, 3, 158, 3, NULL, 'NO', 'Sugammadex Solución inyectable', NULL, NULL, NULL, 'A', 'AXJEFFERSON', '2019-09-06 07:14:26', NULL, NULL),
	(683, NULL, 1, 305, 1, 3, 159, 148, NULL, 'NO', 'Inmunoglobulina anti D Solución inyectable', NULL, NULL, NULL, 'A', 'AXJEFFERSON', '2019-09-06 07:14:26', NULL, NULL),
	(684, NULL, 1, 702, 1, 6, 159, 106, NULL, 'NO', 'Inmunoglobulina anti D Polvo para inyección', NULL, NULL, NULL, 'A', 'AXJEFFERSON', '2019-09-06 07:14:26', NULL, NULL),
	(685, NULL, 1, 305, 1, 3, 160, 106, NULL, 'NO', 'Inmunoglobulina anti D Solución inyectable', NULL, NULL, NULL, 'A', 'AXJEFFERSON', '2019-09-06 07:14:26', NULL, NULL),
	(686, NULL, 1, 305, 1, 3, 160, 149, NULL, 'NO', 'Inmunoglobulina anti D Solución inyectable', NULL, NULL, NULL, 'A', 'AXJEFFERSON', '2019-09-06 07:14:26', NULL, NULL),
	(687, NULL, 1, 570, 1, 6, 160, 274, NULL, 'NO', 'Triptorelina Polvo para inyección', NULL, NULL, NULL, 'A', 'AXJEFFERSON', '2019-09-06 07:14:26', NULL, NULL),
	(688, NULL, 1, 660, 1, 3, 160, 264, NULL, 'NO', 'Inmunoglobulina antirrábica Solución inyectable', NULL, NULL, NULL, 'A', 'AXJEFFERSON', '2019-09-06 07:14:26', NULL, NULL),
	(689, NULL, 1, 741, 1, 6, 160, 10, NULL, 'NO', 'Ganciclovir Polvo para inyección', NULL, NULL, NULL, 'A', 'AXJEFFERSON', '2019-09-06 07:14:26', NULL, NULL),
	(690, NULL, 1, 743, 1, 6, 160, 39, NULL, 'NO', 'Inmunoglobulina antitimocítica (conejo) Polvo para inyección', NULL, NULL, NULL, 'A', 'AXJEFFERSON', '2019-09-06 07:14:26', NULL, NULL),
	(691, NULL, 1, 306, 1, 3, 161, 20, NULL, 'NO', 'Inmunoglobulina antitetánica Solución inyectable', NULL, NULL, NULL, 'A', 'AXJEFFERSON', '2019-09-06 07:14:26', NULL, NULL),
	(692, NULL, 1, 306, 1, 3, 161, 49, NULL, 'NO', 'Inmunoglobulina antitetánica Solución inyectable', NULL, NULL, NULL, 'A', 'AXJEFFERSON', '2019-09-06 07:14:26', NULL, NULL),
	(693, NULL, 1, 315, 1, 3, 161, 160, NULL, 'NO', 'Interferón Beta 1a Solución inyectable', NULL, NULL, NULL, 'A', 'AXJEFFERSON', '2019-09-06 07:14:26', NULL, NULL),
	(694, NULL, 1, 317, 1, 3, 161, 161, NULL, 'NO', 'Interferón Beta 1b Solución inyectable', NULL, NULL, NULL, 'A', 'AXJEFFERSON', '2019-09-06 07:14:26', NULL, NULL),
	(695, NULL, 1, 349, 1, 22, 161, 174, NULL, 'NO', 'Leuprolide Suspensión inyectable', NULL, NULL, NULL, 'A', 'AXJEFFERSON', '2019-09-06 07:14:26', NULL, NULL),
	(696, NULL, 1, 307, 1, 3, 162, 150, NULL, 'NO', 'Inmunoglobulina humana normal Solución inyectable', NULL, NULL, NULL, 'A', 'AXJEFFERSON', '2019-09-06 07:14:26', NULL, NULL),
	(697, NULL, 1, 307, 1, 3, 163, 151, NULL, 'NO', 'Inmunoglobulina humana normal Solución inyectable', NULL, NULL, NULL, 'A', 'AXJEFFERSON', '2019-09-06 07:14:26', NULL, NULL),
	(698, NULL, 1, 560, 1, 6, 163, 245, NULL, 'NO', 'Toxina botulínica Polvo para inyección', NULL, NULL, NULL, 'A', 'AXJEFFERSON', '2019-09-06 07:14:26', NULL, NULL),
	(699, NULL, 1, 308, 1, 6, 164, 152, NULL, 'NO', 'Inmunoglobulina humana normal Polvo para inyección', NULL, NULL, NULL, 'A', 'AXJEFFERSON', '2019-09-06 07:14:26', NULL, NULL),
	(700, NULL, 1, 309, 1, 3, 165, 153, NULL, 'NO', 'Insulina de acción intermedia (NPH) Solución inyectable', NULL, NULL, NULL, 'A', 'AXJEFFERSON', '2019-09-06 07:14:26', NULL, NULL),
	(701, NULL, 1, 310, 1, 22, 165, 153, NULL, 'NO', 'Insulina de acción intermedia (NPH) Suspensión inyectable', NULL, NULL, NULL, 'A', 'AXJEFFERSON', '2019-09-06 07:14:26', NULL, NULL),
	(702, NULL, 1, 311, 1, 3, 165, 153, NULL, 'NO', 'Insulina de Acción Rápida Solución inyectable', NULL, NULL, NULL, 'A', 'AXJEFFERSON', '2019-09-06 07:14:26', NULL, NULL),
	(703, NULL, 1, 312, 1, 22, 165, 153, NULL, 'NO', 'Insulina de Acción Rápida Suspensión inyectable', NULL, NULL, NULL, 'A', 'AXJEFFERSON', '2019-09-06 07:14:26', NULL, NULL),
	(704, NULL, 1, 313, 1, 3, 166, 124, NULL, 'NO', 'Interferón alfa 2b Solución inyectable', NULL, NULL, NULL, 'A', 'AXJEFFERSON', '2019-09-06 07:14:26', NULL, NULL),
	(705, NULL, 1, 313, 1, 3, 167, 154, NULL, 'NO', 'Interferón alfa 2b Solución inyectable', NULL, NULL, NULL, 'A', 'AXJEFFERSON', '2019-09-06 07:14:26', NULL, NULL),
	(706, NULL, 1, 314, 1, 6, 167, 154, NULL, 'NO', 'Interferón alfa 2b Polvo para inyección', NULL, NULL, NULL, 'A', 'AXJEFFERSON', '2019-09-06 07:14:26', NULL, NULL),
	(707, NULL, 1, 314, 1, 6, 168, 59, NULL, 'NO', 'Interferón alfa 2b Polvo para inyección', NULL, NULL, NULL, 'A', 'AXJEFFERSON', '2019-09-06 07:14:26', NULL, NULL),
	(708, NULL, 1, 314, 1, 6, 168, 124, NULL, 'NO', 'Interferón alfa 2b Polvo para inyección', NULL, NULL, NULL, 'A', 'AXJEFFERSON', '2019-09-06 07:14:26', NULL, NULL),
	(709, NULL, 1, 314, 1, 6, 168, 155, NULL, 'NO', 'Interferón alfa 2b Polvo para inyección', NULL, NULL, NULL, 'A', 'AXJEFFERSON', '2019-09-06 07:14:26', NULL, NULL),
	(710, NULL, 1, 316, 1, 6, 168, 159, NULL, 'NO', 'Interferón Beta 1a Polvo para inyección', NULL, NULL, NULL, 'A', 'AXJEFFERSON', '2019-09-06 07:14:26', NULL, NULL),
	(711, NULL, 1, 313, 1, 3, 169, 156, NULL, 'NO', 'Interferón alfa 2b Solución inyectable', NULL, NULL, NULL, 'A', 'AXJEFFERSON', '2019-09-06 07:14:26', NULL, NULL),
	(712, NULL, 1, 313, 1, 3, 169, 157, NULL, 'NO', 'Interferón alfa 2b Solución inyectable', NULL, NULL, NULL, 'A', 'AXJEFFERSON', '2019-09-06 07:14:26', NULL, NULL),
	(713, NULL, 1, 315, 1, 3, 170, 158, NULL, 'NO', 'Interferón Beta 1a Solución inyectable', NULL, NULL, NULL, 'A', 'AXJEFFERSON', '2019-09-06 07:14:26', NULL, NULL),
	(714, NULL, 1, 315, 1, 3, 171, 159, NULL, 'NO', 'Interferón Beta 1a Solución inyectable', NULL, NULL, NULL, 'A', 'AXJEFFERSON', '2019-09-06 07:14:26', NULL, NULL),
	(715, NULL, 1, 318, 1, 24, 172, 162, NULL, 'NO', 'Ipratropio bromuro Aerosol', NULL, NULL, NULL, 'A', 'AXJEFFERSON', '2019-09-06 07:14:26', NULL, NULL),
	(716, NULL, 1, 319, 1, 17, 173, 163, NULL, 'NO', 'Ipratropio bromuro Solución para inhalación', NULL, NULL, NULL, 'A', 'AXJEFFERSON', '2019-09-06 07:14:26', NULL, NULL),
	(717, NULL, 1, 323, 1, 14, 174, 78, NULL, 'NO', 'Itraconazol Solución oral', NULL, NULL, NULL, 'A', 'AXJEFFERSON', '2019-09-06 07:14:26', NULL, NULL),
	(718, NULL, 1, 325, 1, 14, 175, 164, NULL, 'NO', 'Ivermectina Solución oral', NULL, NULL, NULL, 'A', 'AXJEFFERSON', '2019-09-06 07:14:26', NULL, NULL),
	(719, NULL, 1, 327, 1, 3, 176, 166, NULL, 'NO', 'Kanamicina Solución inyectable', NULL, NULL, NULL, 'A', 'AXJEFFERSON', '2019-09-06 07:14:26', NULL, NULL),
	(720, NULL, 1, 328, 1, 3, 177, 167, NULL, 'NO', 'Ketorolaco Solución inyectable', NULL, NULL, NULL, 'A', 'AXJEFFERSON', '2019-09-06 07:14:26', NULL, NULL),
	(721, NULL, 1, 329, 1, 14, 178, 168, NULL, 'NO', 'Lactulosa Solución oral', NULL, NULL, NULL, 'A', 'AXJEFFERSON', '2019-09-06 07:14:26', NULL, NULL),
	(722, NULL, 1, 330, 1, 40, 179, 15, NULL, 'NO', 'Lágrimas artificiales y otros preparados inertes (Ácido poliacrílico) Gel oftálmico', NULL, NULL, NULL, 'A', 'AXJEFFERSON', '2019-09-06 07:14:26', NULL, NULL),
	(723, NULL, 1, 331, 1, 23, 180, 169, NULL, 'NO', 'Lágrimas artificiales y otros preparados inertes (Alcohol polivinílico) Solución oftálmica', NULL, NULL, NULL, 'A', 'AXJEFFERSON', '2019-09-06 07:14:26', NULL, NULL),
	(724, NULL, 1, 337, 1, 23, 180, 64, NULL, 'NO', 'Lágrimas artificiales y otros preparados inertes (Polietilenglicol) Solución oftálmica', NULL, NULL, NULL, 'A', 'AXJEFFERSON', '2019-09-06 07:14:26', NULL, NULL),
	(725, NULL, 1, 694, 1, 23, 180, 55, NULL, 'NO', 'Anestésico local oftálmico Solución oftálmica', NULL, NULL, NULL, 'A', 'AXJEFFERSON', '2019-09-06 07:14:26', NULL, NULL),
	(726, NULL, 1, 332, 1, 40, 181, 22, NULL, 'NO', 'Lágrimas artificiales y otros preparados inertes (Carbomer) Gel oftálmico', NULL, NULL, NULL, 'A', 'AXJEFFERSON', '2019-09-06 07:14:26', NULL, NULL),
	(727, NULL, 1, 333, 1, 23, 182, 170, NULL, 'NO', 'Lágrimas artificiales y otros preparados inertes (Dextrano 70 + Hipromelosa) Solución oftálmica', NULL, NULL, NULL, 'A', 'AXJEFFERSON', '2019-09-06 07:14:26', NULL, NULL),
	(728, NULL, 1, 334, 1, 23, 183, 171, NULL, 'NO', 'Lágrimas artificiales y otros preparados inertes (Hialuronato sódico) Solución oftálmica', NULL, NULL, NULL, 'A', 'AXJEFFERSON', '2019-09-06 07:14:26', NULL, NULL),
	(729, NULL, 1, 335, 1, 23, 184, 55, NULL, 'NO', 'Lágrimas artificiales y otros preparados inertes (Hipromelosa) Solución oftálmica', NULL, NULL, NULL, 'A', 'AXJEFFERSON', '2019-09-06 07:14:26', NULL, NULL),
	(730, NULL, 1, 338, 1, 23, 184, 32, NULL, 'NO', 'Lágrimas artificiales y otros preparados inertes (Polividona) Solución oftálmica', NULL, NULL, NULL, 'A', 'AXJEFFERSON', '2019-09-06 07:14:26', NULL, NULL),
	(731, NULL, 1, 422, 1, 14, 184, 203, NULL, 'NO', 'Multivitaminas con minerales Solución oral', NULL, NULL, NULL, 'A', 'AXJEFFERSON', '2019-09-06 07:14:26', NULL, NULL),
	(732, NULL, 1, 694, 1, 23, 184, 55, NULL, 'NO', 'Anestésico local oftálmico Solución oftálmica', NULL, NULL, NULL, 'A', 'AXJEFFERSON', '2019-09-06 07:14:26', NULL, NULL),
	(733, NULL, 1, 336, 1, 40, 185, 82, NULL, 'NO', 'Lágrimas artificiales y otros preparados inertes (Hipromelosa) Gel oftálmico', NULL, NULL, NULL, 'A', 'AXJEFFERSON', '2019-09-06 07:14:26', NULL, NULL),
	(734, NULL, 1, 338, 1, 23, 186, 22, NULL, 'NO', 'Lágrimas artificiales y otros preparados inertes (Polividona) Solución oftálmica', NULL, NULL, NULL, 'A', 'AXJEFFERSON', '2019-09-06 07:14:26', NULL, NULL),
	(735, NULL, 1, 339, 1, 1, 187, 52, NULL, 'NO', 'Lamivudina Tableta recubierta', NULL, NULL, NULL, 'A', 'AXJEFFERSON', '2019-09-06 07:14:26', NULL, NULL),
	(736, NULL, 1, 340, 1, 14, 188, 172, NULL, 'NO', 'Lamivudina Solución oral', NULL, NULL, NULL, 'A', 'AXJEFFERSON', '2019-09-06 07:14:26', NULL, NULL),
	(737, NULL, 1, 345, 1, 23, 189, 31, NULL, 'NO', 'Latanoprost Solución oftálmica', NULL, NULL, NULL, 'A', 'AXJEFFERSON', '2019-09-06 07:14:26', NULL, NULL),
	(738, NULL, 1, 347, 1, 6, 190, 174, NULL, 'NO', 'Leuprolide Polvo para inyección', NULL, NULL, NULL, 'A', 'AXJEFFERSON', '2019-09-06 07:14:26', NULL, NULL),
	(739, NULL, 1, 347, 1, 6, 190, 175, NULL, 'NO', 'Leuprolide Polvo para inyección', NULL, NULL, NULL, 'A', 'AXJEFFERSON', '2019-09-06 07:14:26', NULL, NULL),
	(740, NULL, 1, 347, 1, 6, 190, 176, NULL, 'NO', 'Leuprolide Polvo para inyección', NULL, NULL, NULL, 'A', 'AXJEFFERSON', '2019-09-06 07:14:26', NULL, NULL),
	(741, NULL, 1, 348, 1, 3, 191, 66, NULL, 'NO', 'Leuprolide Solución inyectable', NULL, NULL, NULL, 'A', 'AXJEFFERSON', '2019-09-06 07:14:26', NULL, NULL),
	(742, NULL, 1, 351, 1, 2, 192, 178, NULL, 'NO', 'Levodopa + Carbidopa Tableta', NULL, NULL, NULL, 'A', 'AXJEFFERSON', '2019-09-06 07:14:26', NULL, NULL),
	(743, NULL, 1, 362, 1, 2, 192, 186, NULL, 'NO', 'Levotiroxina sódica Tableta', NULL, NULL, NULL, 'A', 'AXJEFFERSON', '2019-09-06 07:14:26', NULL, NULL),
	(744, NULL, 1, 403, 1, 2, 192, 144, NULL, 'NO', 'Metotrexato Tableta', NULL, NULL, NULL, 'A', 'AXJEFFERSON', '2019-09-06 07:14:26', NULL, NULL),
	(745, NULL, 1, 420, 1, 35, 192, 38, NULL, 'NO', 'Morfina Cápsula de liberación prolongada', NULL, NULL, NULL, 'A', 'AXJEFFERSON', '2019-09-06 07:14:26', NULL, NULL),
	(746, NULL, 1, 420, 1, 35, 192, 109, NULL, 'NO', 'Morfina Cápsula de liberación prolongada', NULL, NULL, NULL, 'A', 'AXJEFFERSON', '2019-09-06 07:14:26', NULL, NULL),
	(747, NULL, 1, 353, 1, 3, 193, 179, NULL, 'NO', 'Levofloxacino Solución inyectable', NULL, NULL, NULL, 'A', 'AXJEFFERSON', '2019-09-06 07:14:26', NULL, NULL),
	(748, NULL, 1, 354, 1, 3, 194, 37, NULL, 'NO', 'Levomepromazina Solución inyectable', NULL, NULL, NULL, 'A', 'AXJEFFERSON', '2019-09-06 07:14:26', NULL, NULL),
	(749, NULL, 1, 616, 1, 3, 194, 53, NULL, 'NO', 'Propranolol Solución inyectable', NULL, NULL, NULL, 'A', 'AXJEFFERSON', '2019-09-06 07:14:26', NULL, NULL),
	(750, NULL, 1, 356, 1, 14, 195, 111, NULL, 'NO', 'Levomepromazina Solución oral', NULL, NULL, NULL, 'A', 'AXJEFFERSON', '2019-09-06 07:14:26', NULL, NULL),
	(751, NULL, 1, 359, 1, 41, 196, 52, NULL, 'NO', 'Levonorgestrel Implante subdérmico', NULL, NULL, NULL, 'A', 'AXJEFFERSON', '2019-09-06 07:14:26', NULL, NULL),
	(752, NULL, 1, 362, 1, 2, 197, 134, NULL, 'NO', 'Levotiroxina sódica Tableta', NULL, NULL, NULL, 'A', 'AXJEFFERSON', '2019-09-06 07:14:26', NULL, NULL),
	(753, NULL, 1, 362, 1, 2, 197, 182, NULL, 'NO', 'Levotiroxina sódica Tableta', NULL, NULL, NULL, 'A', 'AXJEFFERSON', '2019-09-06 07:14:26', NULL, NULL),
	(754, NULL, 1, 364, 1, 42, 198, 15, NULL, 'NO', 'Lidocaína Jalea', NULL, NULL, NULL, 'A', 'AXJEFFERSON', '2019-09-06 07:14:26', NULL, NULL),
	(755, NULL, 1, 365, 1, 30, 199, 34, NULL, 'NO', 'Lidocaína Solución tópica', NULL, NULL, NULL, 'A', 'AXJEFFERSON', '2019-09-06 07:14:26', NULL, NULL),
	(756, NULL, 1, 366, 1, 16, 200, 15, NULL, 'NO', 'Lidocaína Gel', NULL, NULL, NULL, 'A', 'AXJEFFERSON', '2019-09-06 07:14:26', NULL, NULL),
	(757, NULL, 1, 367, 1, 3, 201, 187, NULL, 'NO', 'Lidocaína con epinefrina Solución inyectable', NULL, NULL, NULL, 'A', 'AXJEFFERSON', '2019-09-06 07:14:26', NULL, NULL),
	(758, NULL, 1, 368, 1, 3, 202, 15, NULL, 'NO', 'Lidocaína sin epinefrina Solución inyectable', NULL, NULL, NULL, 'A', 'AXJEFFERSON', '2019-09-06 07:14:26', NULL, NULL),
	(759, NULL, 1, 369, 1, 3, 203, 83, NULL, 'NO', 'Linezolid Solución inyectable', NULL, NULL, NULL, 'A', 'AXJEFFERSON', '2019-09-06 07:14:26', NULL, NULL),
	(760, NULL, 1, 371, 1, 2, 204, 1, NULL, 'NO', 'Litio, carbonato Tableta', NULL, NULL, NULL, 'A', 'AXJEFFERSON', '2019-09-06 07:14:26', NULL, NULL),
	(761, NULL, 1, 461, 1, 2, 204, 2, NULL, 'NO', 'Penicilamina Tableta', NULL, NULL, NULL, 'A', 'AXJEFFERSON', '2019-09-06 07:14:26', NULL, NULL),
	(762, NULL, 1, 461, 1, 2, 204, 97, NULL, 'NO', 'Penicilamina Tableta', NULL, NULL, NULL, 'A', 'AXJEFFERSON', '2019-09-06 07:14:26', NULL, NULL),
	(763, NULL, 1, 372, 1, 8, 205, 67, NULL, 'NO', 'Loperamida Cápsula', NULL, NULL, NULL, 'A', 'AXJEFFERSON', '2019-09-06 07:14:26', NULL, NULL),
	(764, NULL, 1, 408, 1, 29, 205, 10, NULL, 'NO', 'Metronidazol Óvulo', NULL, NULL, NULL, 'A', 'AXJEFFERSON', '2019-09-06 07:14:26', NULL, NULL),
	(765, NULL, 1, 373, 1, 1, 206, 188, NULL, 'NO', 'Lopinavir + Ritonavir Tableta recubierta', NULL, NULL, NULL, 'A', 'AXJEFFERSON', '2019-09-06 07:14:26', NULL, NULL),
	(766, NULL, 1, 385, 1, 2, 206, 67, NULL, 'NO', 'Melfalán Tableta', NULL, NULL, NULL, 'A', 'AXJEFFERSON', '2019-09-06 07:14:26', NULL, NULL),
	(767, NULL, 1, 374, 1, 14, 207, 189, NULL, 'NO', 'Lopinavir + Ritonavir Solución oral', NULL, NULL, NULL, 'A', 'AXJEFFERSON', '2019-09-06 07:14:26', NULL, NULL),
	(768, NULL, 1, 373, 1, 1, 208, 190, NULL, 'NO', 'Lopinavir + Ritonavir Tableta recubierta', NULL, NULL, NULL, 'A', 'AXJEFFERSON', '2019-09-06 07:14:26', NULL, NULL),
	(769, NULL, 1, 375, 1, 15, 209, 191, NULL, 'NO', 'Loratadina Jarabe', NULL, NULL, NULL, 'A', 'AXJEFFERSON', '2019-09-06 07:14:26', NULL, NULL),
	(770, NULL, 1, 376, 1, 1, 210, 38, NULL, 'NO', 'Loratadina Tableta recubierta', NULL, NULL, NULL, 'A', 'AXJEFFERSON', '2019-09-06 07:14:26', NULL, NULL),
	(771, NULL, 1, 380, 1, 5, 211, 25, NULL, 'NO', 'Magaldrato con simeticona (Hidróxido de Al y Mg) Suspensión', NULL, NULL, NULL, 'A', 'AXJEFFERSON', '2019-09-06 07:14:26', NULL, NULL),
	(772, NULL, 1, 382, 1, 3, 212, 113, NULL, 'NO', 'Manitol Solución inyectable', NULL, NULL, NULL, 'A', 'AXJEFFERSON', '2019-09-06 07:14:26', NULL, NULL),
	(773, NULL, 1, 384, 1, 3, 213, 193, NULL, 'NO', 'Meglumina antimoniato Solución inyectable', NULL, NULL, NULL, 'A', 'AXJEFFERSON', '2019-09-06 07:14:26', NULL, NULL),
	(774, NULL, 1, 387, 1, 2, 214, 48, NULL, 'NO', 'Mercaptopurina Tableta', NULL, NULL, NULL, 'A', 'AXJEFFERSON', '2019-09-06 07:14:26', NULL, NULL),
	(775, NULL, 1, 388, 1, 6, 215, 10, NULL, 'NO', 'Meropenem Polvo para inyección', NULL, NULL, NULL, 'A', 'AXJEFFERSON', '2019-09-06 07:14:26', NULL, NULL),
	(776, NULL, 1, 388, 1, 6, 215, 76, NULL, 'NO', 'Meropenem Polvo para inyección', NULL, NULL, NULL, 'A', 'AXJEFFERSON', '2019-09-06 07:14:26', NULL, NULL),
	(777, NULL, 1, 436, 1, 3, 215, 66, NULL, 'NO', 'Nitroglicerina (trinitrato de glicerilo) Solución inyectable', NULL, NULL, NULL, 'A', 'AXJEFFERSON', '2019-09-06 07:14:26', NULL, NULL),
	(778, NULL, 1, 484, 1, 47, 215, 73, NULL, 'NO', 'Propofol Emulsión inyectable', NULL, NULL, NULL, 'A', 'AXJEFFERSON', '2019-09-06 07:14:26', NULL, NULL),
	(779, NULL, 1, 589, 1, 3, 215, 53, NULL, 'NO', 'Vincristina Solución inyectable', NULL, NULL, NULL, 'A', 'AXJEFFERSON', '2019-09-06 07:14:26', NULL, NULL),
	(780, NULL, 1, 389, 1, 3, 216, 66, NULL, 'NO', 'Metadona Solución inyectable', NULL, NULL, NULL, 'A', 'AXJEFFERSON', '2019-09-06 07:14:26', NULL, NULL),
	(781, NULL, 1, 397, 1, 3, 216, 198, NULL, 'NO', 'Metilergometrina Solución inyectable', NULL, NULL, NULL, 'A', 'AXJEFFERSON', '2019-09-06 07:14:26', NULL, NULL),
	(782, NULL, 1, 531, 1, 3, 216, 73, NULL, 'NO', 'Suxametonio Solución inyectable', NULL, NULL, NULL, 'A', 'AXJEFFERSON', '2019-09-06 07:14:26', NULL, NULL),
	(783, NULL, 1, 614, 1, 3, 216, 32, NULL, 'NO', 'Pralidoxima Solución inyectable', NULL, NULL, NULL, 'A', 'AXJEFFERSON', '2019-09-06 07:14:26', NULL, NULL),
	(784, NULL, 1, 617, 1, 3, 216, 193, NULL, 'NO', 'Quinina Solución inyectable', NULL, NULL, NULL, 'A', 'AXJEFFERSON', '2019-09-06 07:14:26', NULL, NULL),
	(785, NULL, 1, 618, 1, 3, 216, 111, NULL, 'NO', 'Cloroquina Solución inyectable', NULL, NULL, NULL, 'A', 'AXJEFFERSON', '2019-09-06 07:14:26', NULL, NULL),
	(786, NULL, 1, 398, 1, 22, 217, 111, NULL, 'NO', 'Metilprednisolona, acetato Suspensión inyectable', NULL, NULL, NULL, 'A', 'AXJEFFERSON', '2019-09-06 07:14:26', NULL, NULL),
	(787, NULL, 1, 399, 1, 6, 218, 10, NULL, 'NO', 'Metilprednisolona, succinato Polvo para inyección', NULL, NULL, NULL, 'A', 'AXJEFFERSON', '2019-09-06 07:14:26', NULL, NULL),
	(788, NULL, 1, 399, 1, 6, 218, 97, NULL, 'NO', 'Metilprednisolona, succinato Polvo para inyección', NULL, NULL, NULL, 'A', 'AXJEFFERSON', '2019-09-06 07:14:26', NULL, NULL),
	(789, NULL, 1, 400, 1, 3, 219, 66, NULL, 'NO', 'Metoclopramida Solución inyectable', NULL, NULL, NULL, 'A', 'AXJEFFERSON', '2019-09-06 07:14:26', NULL, NULL),
	(790, NULL, 1, 233, 1, 6, 220, 39, NULL, 'NO', 'Etanercept Polvo para inyección', NULL, NULL, NULL, 'A', 'AXJEFFERSON', '2019-09-06 07:14:26', NULL, NULL),
	(791, NULL, 1, 402, 1, 6, 220, 48, NULL, 'NO', 'Metotrexato Polvo para inyección', NULL, NULL, NULL, 'A', 'AXJEFFERSON', '2019-09-06 07:14:26', NULL, NULL),
	(792, NULL, 1, 470, 1, 3, 220, 9, NULL, 'NO', 'Polidocanol Solución inyectable', NULL, NULL, NULL, 'A', 'AXJEFFERSON', '2019-09-06 07:14:26', NULL, NULL),
	(793, NULL, 1, 525, 1, 3, 220, 25, NULL, 'NO', 'Suero antiofídico polivalente Solución inyectable', NULL, NULL, NULL, 'A', 'AXJEFFERSON', '2019-09-06 07:14:26', NULL, NULL),
	(794, NULL, 1, 612, 1, 3, 220, 86, NULL, 'NO', 'Piridoxina (Vitamina B6) Solución inyectable', NULL, NULL, NULL, 'A', 'AXJEFFERSON', '2019-09-06 07:14:26', NULL, NULL),
	(795, NULL, 1, 660, 1, 3, 220, 269, NULL, 'NO', 'Inmunoglobulina antirrábica Solución inyectable', NULL, NULL, NULL, 'A', 'AXJEFFERSON', '2019-09-06 07:14:26', NULL, NULL),
	(796, NULL, 1, 729, 1, 6, 220, 10, NULL, 'NO', 'Dexrazoxano Polvo para inyección', NULL, NULL, NULL, 'A', 'AXJEFFERSON', '2019-09-06 07:14:26', NULL, NULL),
	(797, NULL, 1, 737, 1, 56, 220, 39, NULL, 'NO', 'Inmunoglobulina humana normal Polvo para infusión', NULL, NULL, NULL, 'A', 'AXJEFFERSON', '2019-09-06 07:14:26', NULL, NULL),
	(798, NULL, 1, 404, 1, 3, 221, 37, NULL, 'NO', 'Metotrexato Solución inyectable', NULL, NULL, NULL, 'A', 'AXJEFFERSON', '2019-09-06 07:14:26', NULL, NULL),
	(799, NULL, 1, 406, 1, 5, 222, 18, NULL, 'NO', 'Metronidazol Suspensión', NULL, NULL, NULL, 'A', 'AXJEFFERSON', '2019-09-06 07:14:26', NULL, NULL),
	(800, NULL, 1, 406, 1, 5, 223, 85, NULL, 'NO', 'Metronidazol Suspensión', NULL, NULL, NULL, 'A', 'AXJEFFERSON', '2019-09-06 07:14:26', NULL, NULL),
	(801, NULL, 1, 409, 1, 3, 224, 66, NULL, 'NO', 'Metronidazol Solución inyectable', NULL, NULL, NULL, 'A', 'AXJEFFERSON', '2019-09-06 07:14:26', NULL, NULL),
	(802, NULL, 1, 413, 1, 3, 225, 66, NULL, 'NO', 'Midazolam Solución inyectable', NULL, NULL, NULL, 'A', 'AXJEFFERSON', '2019-09-06 07:14:26', NULL, NULL),
	(803, NULL, 1, 413, 1, 3, 226, 53, NULL, 'NO', 'Midazolam Solución inyectable', NULL, NULL, NULL, 'A', 'AXJEFFERSON', '2019-09-06 07:14:26', NULL, NULL),
	(804, NULL, 1, 414, 1, 2, 227, 149, NULL, 'NO', 'Misoprostol Tableta', NULL, NULL, NULL, 'A', 'AXJEFFERSON', '2019-09-06 07:14:26', NULL, NULL),
	(805, NULL, 1, 416, 1, 3, 228, 83, NULL, 'NO', 'Mitoxantrona Solución inyectable', NULL, NULL, NULL, 'A', 'AXJEFFERSON', '2019-09-06 07:14:26', NULL, NULL),
	(806, NULL, 1, 417, 1, 43, 229, 57, NULL, 'NO', 'Mometasona Suspensión para inhalación', NULL, NULL, NULL, 'A', 'AXJEFFERSON', '2019-09-06 07:14:26', NULL, NULL),
	(807, NULL, 1, 419, 1, 3, 230, 78, NULL, 'NO', 'Morfina Solución inyectable', NULL, NULL, NULL, 'A', 'AXJEFFERSON', '2019-09-06 07:14:26', NULL, NULL),
	(808, NULL, 1, 423, 1, 15, 231, 203, NULL, 'NO', 'Multivitaminas con minerales Jarabe', NULL, NULL, NULL, 'A', 'AXJEFFERSON', '2019-09-06 07:14:26', NULL, NULL),
	(809, NULL, 1, 424, 1, 3, 232, 204, NULL, 'NO', 'Naloxona Solución inyectable', NULL, NULL, NULL, 'A', 'AXJEFFERSON', '2019-09-06 07:14:26', NULL, NULL),
	(810, NULL, 1, 425, 1, 3, 233, 84, NULL, 'NO', 'Neostigmina Solución inyectable', NULL, NULL, NULL, 'A', 'AXJEFFERSON', '2019-09-06 07:14:26', NULL, NULL),
	(811, NULL, 1, 440, 1, 3, 233, 135, NULL, 'NO', 'Octreotida Solución inyectable', NULL, NULL, NULL, 'A', 'AXJEFFERSON', '2019-09-06 07:14:26', NULL, NULL),
	(812, NULL, 1, 426, 1, 44, 234, 172, NULL, 'NO', 'Nevirapina Suspensión oral', NULL, NULL, NULL, 'A', 'AXJEFFERSON', '2019-09-06 07:14:26', NULL, NULL),
	(813, NULL, 1, 427, 1, 2, 235, 6, NULL, 'NO', 'Nevirapina Tableta', NULL, NULL, NULL, 'A', 'AXJEFFERSON', '2019-09-06 07:14:26', NULL, NULL),
	(814, NULL, 1, 428, 1, 1, 235, 6, NULL, 'NO', 'Nevirapina Tableta recubierta', NULL, NULL, NULL, 'A', 'AXJEFFERSON', '2019-09-06 07:14:26', NULL, NULL),
	(815, NULL, 1, 429, 1, 8, 236, 38, NULL, 'NO', 'Nifedipina Cápsula', NULL, NULL, NULL, 'A', 'AXJEFFERSON', '2019-09-06 07:14:26', NULL, NULL),
	(816, NULL, 1, 433, 1, 44, 237, 205, NULL, 'NO', 'Nistatina Suspensión oral', NULL, NULL, NULL, 'A', 'AXJEFFERSON', '2019-09-06 07:14:26', NULL, NULL),
	(817, NULL, 1, 434, 1, 44, 238, 206, NULL, 'NO', 'Nitrofurantoína Suspensión oral', NULL, NULL, NULL, 'A', 'AXJEFFERSON', '2019-09-06 07:14:26', NULL, NULL),
	(818, NULL, 1, 437, 1, 6, 239, 48, NULL, 'NO', 'Nitroprusiato sódico Polvo para inyección', NULL, NULL, NULL, 'A', 'AXJEFFERSON', '2019-09-06 07:14:26', NULL, NULL),
	(819, NULL, 1, 447, 1, 6, 239, 76, NULL, 'NO', 'Oxacilina Polvo para inyección', NULL, NULL, NULL, 'A', 'AXJEFFERSON', '2019-09-06 07:14:26', NULL, NULL),
	(820, NULL, 1, 552, 1, 6, 239, 146, NULL, 'NO', 'Tiopental sódico Polvo para inyección', NULL, NULL, NULL, 'A', 'AXJEFFERSON', '2019-09-06 07:14:26', NULL, NULL),
	(821, NULL, 1, 560, 1, 6, 239, 244, NULL, 'NO', 'Toxina botulínica Polvo para inyección', NULL, NULL, NULL, 'A', 'AXJEFFERSON', '2019-09-06 07:14:26', NULL, NULL),
	(822, NULL, 1, 590, 1, 6, 239, 14, NULL, 'NO', 'Vincristina Polvo para inyección', NULL, NULL, NULL, 'A', 'AXJEFFERSON', '2019-09-06 07:14:26', NULL, NULL),
	(823, NULL, 1, 670, 1, 56, 239, 147, NULL, 'NO', 'Imipenem + cilastatina Polvo para infusión', NULL, NULL, NULL, 'A', 'AXJEFFERSON', '2019-09-06 07:14:26', NULL, NULL),
	(824, NULL, 1, 699, 1, 6, 239, 25, NULL, 'NO', 'Vacuna antimeningococo (B + C) Polvo para inyección', NULL, NULL, NULL, 'A', 'AXJEFFERSON', '2019-09-06 07:14:26', NULL, NULL),
	(825, NULL, 1, 438, 1, 3, 240, 53, NULL, 'NO', 'Norepinefrina Solución inyectable', NULL, NULL, NULL, 'A', 'AXJEFFERSON', '2019-09-06 07:14:26', NULL, NULL),
	(826, NULL, 1, 439, 1, 6, 241, 56, NULL, 'NO', 'Octreotida Polvo para inyección', NULL, NULL, NULL, 'A', 'AXJEFFERSON', '2019-09-06 07:14:26', NULL, NULL),
	(827, NULL, 1, 441, 1, 3, 242, 207, NULL, 'NO', 'Oligoelementos Solución inyectable', NULL, NULL, NULL, 'A', 'AXJEFFERSON', '2019-09-06 07:14:26', NULL, NULL),
	(828, NULL, 1, 443, 1, 6, 243, 138, NULL, 'NO', 'Omeprazol Polvo para inyección', NULL, NULL, NULL, 'A', 'AXJEFFERSON', '2019-09-06 07:14:26', NULL, NULL),
	(829, NULL, 1, 444, 1, 3, 244, 83, NULL, 'NO', 'Ondansetrón Solución inyectable', NULL, NULL, NULL, 'A', 'AXJEFFERSON', '2019-09-06 07:14:26', NULL, NULL),
	(830, NULL, 1, 448, 1, 6, 245, 11, NULL, 'NO', 'Oxaliplatino Polvo para inyección', NULL, NULL, NULL, 'A', 'AXJEFFERSON', '2019-09-06 07:14:26', NULL, NULL),
	(831, NULL, 1, 448, 1, 6, 245, 48, NULL, 'NO', 'Oxaliplatino Polvo para inyección', NULL, NULL, NULL, 'A', 'AXJEFFERSON', '2019-09-06 07:14:26', NULL, NULL),
	(832, NULL, 1, 460, 1, 6, 245, 10, NULL, 'NO', 'Pemetrexed Polvo para inyección', NULL, NULL, NULL, 'A', 'AXJEFFERSON', '2019-09-06 07:14:26', NULL, NULL),
	(833, NULL, 1, 466, 1, 6, 245, 215, NULL, 'NO', 'Piperacilina + Tazobactam Polvo para inyección', NULL, NULL, NULL, 'A', 'AXJEFFERSON', '2019-09-06 07:14:26', NULL, NULL),
	(834, NULL, 1, 587, 1, 6, 245, 10, NULL, 'NO', 'Vancomicina Polvo para inyección', NULL, NULL, NULL, 'A', 'AXJEFFERSON', '2019-09-06 07:14:26', NULL, NULL),
	(835, NULL, 1, 587, 1, 6, 245, 76, NULL, 'NO', 'Vancomicina Polvo para inyección', NULL, NULL, NULL, 'A', 'AXJEFFERSON', '2019-09-06 07:14:26', NULL, NULL),
	(836, NULL, 1, 450, 1, 45, 246, 209, NULL, 'NO', 'Oxígeno Gas para inhalación', NULL, NULL, NULL, 'A', 'AXJEFFERSON', '2019-09-06 07:14:26', NULL, NULL),
	(837, NULL, 1, 452, 1, 3, 247, 164, NULL, 'NO', 'Paclitaxel Solución inyectable', NULL, NULL, NULL, 'A', 'AXJEFFERSON', '2019-09-06 07:14:26', NULL, NULL),
	(838, NULL, 1, 453, 1, 3, 248, 83, NULL, 'NO', 'Pancuronio Solución inyectable', NULL, NULL, NULL, 'A', 'AXJEFFERSON', '2019-09-06 07:14:26', NULL, NULL),
	(839, NULL, 1, 489, 1, 3, 248, 37, NULL, 'NO', 'Ranitidina Solución inyectable', NULL, NULL, NULL, 'A', 'AXJEFFERSON', '2019-09-06 07:14:26', NULL, NULL),
	(840, NULL, 1, 454, 1, 15, 249, 211, NULL, 'NO', 'Paracetamol Jarabe', NULL, NULL, NULL, 'A', 'AXJEFFERSON', '2019-09-06 07:14:26', NULL, NULL),
	(841, NULL, 1, 456, 1, 14, 250, 3, NULL, 'NO', 'Paracetamol Solución oral', NULL, NULL, NULL, 'A', 'AXJEFFERSON', '2019-09-06 07:14:26', NULL, NULL),
	(842, NULL, 1, 454, 1, 15, 251, 212, NULL, 'NO', 'Paracetamol Jarabe', NULL, NULL, NULL, 'A', 'AXJEFFERSON', '2019-09-06 07:14:26', NULL, NULL),
	(843, NULL, 1, 454, 1, 15, 251, 251, NULL, 'NO', 'Paracetamol Jarabe', NULL, NULL, NULL, 'A', 'AXJEFFERSON', '2019-09-06 07:14:26', NULL, NULL),
	(844, NULL, 1, 458, 1, 3, 252, 213, NULL, 'NO', 'Paricalcitol Solución inyectable', NULL, NULL, NULL, 'A', 'AXJEFFERSON', '2019-09-06 07:14:26', NULL, NULL),
	(845, NULL, 1, 459, 1, 3, 253, 214, NULL, 'NO', 'Pegfilgrastim Solución inyectable', NULL, NULL, NULL, 'A', 'AXJEFFERSON', '2019-09-06 07:14:26', NULL, NULL),
	(846, NULL, 1, 462, 1, 12, 254, 54, NULL, 'NO', 'Permetrina Crema', NULL, NULL, NULL, 'A', 'AXJEFFERSON', '2019-09-06 07:14:26', NULL, NULL),
	(847, NULL, 1, 463, 1, 30, 255, 54, NULL, 'NO', 'Permetrina Solución tópica', NULL, NULL, NULL, 'A', 'AXJEFFERSON', '2019-09-06 07:14:26', NULL, NULL),
	(848, NULL, 1, 464, 1, 12, 256, 31, NULL, 'NO', 'Peróxido de benzoilo Crema', NULL, NULL, NULL, 'A', 'AXJEFFERSON', '2019-09-06 07:14:26', NULL, NULL),
	(849, NULL, 1, 464, 1, 12, 257, 34, NULL, 'NO', 'Peróxido de benzoilo Crema', NULL, NULL, NULL, 'A', 'AXJEFFERSON', '2019-09-06 07:14:26', NULL, NULL),
	(850, NULL, 1, 469, 1, 2, 258, 39, NULL, 'NO', 'Pirimetamina Tableta', NULL, NULL, NULL, 'A', 'AXJEFFERSON', '2019-09-06 07:14:26', NULL, NULL),
	(851, NULL, 1, 491, 1, 1, 258, 52, NULL, 'NO', 'Ranitidina Tableta recubierta', NULL, NULL, NULL, 'A', 'AXJEFFERSON', '2019-09-06 07:14:26', NULL, NULL),
	(852, NULL, 1, 501, 1, 1, 258, 14, NULL, 'NO', 'Risperidona Tableta recubierta', NULL, NULL, NULL, 'A', 'AXJEFFERSON', '2019-09-06 07:14:26', NULL, NULL),
	(853, NULL, 1, 501, 1, 1, 258, 67, NULL, 'NO', 'Risperidona Tableta recubierta', NULL, NULL, NULL, 'A', 'AXJEFFERSON', '2019-09-06 07:14:26', NULL, NULL),
	(854, NULL, 1, 547, 1, 1, 258, 76, NULL, 'NO', 'Tinidazol Tableta recubierta', NULL, NULL, NULL, 'A', 'AXJEFFERSON', '2019-09-06 07:14:26', NULL, NULL),
	(855, NULL, 1, 471, 1, 13, 259, 216, NULL, 'NO', 'Polietilenglicol en combinaciones Granulado', NULL, NULL, NULL, 'A', 'AXJEFFERSON', '2019-09-06 07:14:26', NULL, NULL),
	(856, NULL, 1, 473, 1, 34, 260, 54, NULL, 'NO', 'Prednisolona Suspensión oftálmica', NULL, NULL, NULL, 'A', 'AXJEFFERSON', '2019-09-06 07:14:26', NULL, NULL),
	(857, NULL, 1, 473, 1, 34, 260, 218, NULL, 'NO', 'Prednisolona Suspensión oftálmica', NULL, NULL, NULL, 'A', 'AXJEFFERSON', '2019-09-06 07:14:26', NULL, NULL),
	(858, NULL, 1, 556, 1, 23, 260, 82, NULL, 'NO', 'Tobramicina Solución oftálmica', NULL, NULL, NULL, 'A', 'AXJEFFERSON', '2019-09-06 07:14:26', NULL, NULL),
	(859, NULL, 1, 559, 1, 34, 260, 82, NULL, 'NO', 'Tobramicina Suspensión oftálmica', NULL, NULL, NULL, 'A', 'AXJEFFERSON', '2019-09-06 07:14:26', NULL, NULL),
	(860, NULL, 1, 745, 1, 60, 260, 282, NULL, 'NO', 'Suero antiofídico polivalente (faboterápico) Liofilizado para solución inyectable.', NULL, NULL, NULL, 'A', 'AXJEFFERSON', '2019-09-06 07:14:26', NULL, NULL),
	(861, NULL, 1, 478, 1, 8, 261, 48, NULL, 'NO', 'Procarbazina Cápsula', NULL, NULL, NULL, 'A', 'AXJEFFERSON', '2019-09-06 07:14:26', NULL, NULL),
	(862, NULL, 1, 479, 1, 12, 262, 219, NULL, 'NO', 'Productos con zinc (Nistatina + Vitamina A + Vitamina D2 + Óxido de zinc Crema', NULL, NULL, NULL, 'A', 'AXJEFFERSON', '2019-09-06 07:14:26', NULL, NULL),
	(863, NULL, 1, 480, 1, 26, 263, 220, NULL, 'NO', 'Productos con zinc (oxido de zinc) Ungüento', NULL, NULL, NULL, 'A', 'AXJEFFERSON', '2019-09-06 07:14:26', NULL, NULL),
	(864, NULL, 1, 481, 1, 12, 263, 221, NULL, 'NO', 'Productos con zinc (Undecilenato de Zinc + Ácido Undecilénico) Crema', NULL, NULL, NULL, 'A', 'AXJEFFERSON', '2019-09-06 07:14:26', NULL, NULL),
	(865, NULL, 1, 482, 1, 46, 264, 222, NULL, 'NO', 'Productos con zinc (Vitamina A + vitamina D2 + oxido de zinc) Pomada', NULL, NULL, NULL, 'A', 'AXJEFFERSON', '2019-09-06 07:14:26', NULL, NULL),
	(866, NULL, 1, 484, 1, 47, 265, 78, NULL, 'NO', 'Propofol Emulsión inyectable', NULL, NULL, NULL, 'A', 'AXJEFFERSON', '2019-09-06 07:14:26', NULL, NULL),
	(867, NULL, 1, 486, 1, 3, 266, 224, NULL, 'NO', 'Protamina Solución inyectable', NULL, NULL, NULL, 'A', 'AXJEFFERSON', '2019-09-06 07:14:26', NULL, NULL),
	(868, NULL, 1, 488, 1, 1, 267, 8, NULL, 'NO', 'Raltegravir Tableta recubierta', NULL, NULL, NULL, 'A', 'AXJEFFERSON', '2019-09-06 07:14:26', NULL, NULL),
	(869, NULL, 1, 490, 1, 2, 268, 52, NULL, 'NO', 'Ranitidina Tableta', NULL, NULL, NULL, 'A', 'AXJEFFERSON', '2019-09-06 07:14:26', NULL, NULL),
	(870, NULL, 1, 541, 1, 2, 268, 2, NULL, 'NO', 'Terbinafina Tableta', NULL, NULL, NULL, 'A', 'AXJEFFERSON', '2019-09-06 07:14:26', NULL, NULL),
	(871, NULL, 1, 622, 1, 1, 268, 48, NULL, 'NO', 'Sertralina Tableta recubierta', NULL, NULL, NULL, 'A', 'AXJEFFERSON', '2019-09-06 07:14:26', NULL, NULL),
	(872, NULL, 1, 494, 1, 5, 269, 26, NULL, 'NO', 'Rifampicina Suspensión', NULL, NULL, NULL, 'A', 'AXJEFFERSON', '2019-09-06 07:14:26', NULL, NULL),
	(873, NULL, 1, 499, 1, 3, 270, 25, NULL, 'NO', 'Ringer lactato (combinaciones) Solución inyectable', NULL, NULL, NULL, 'A', 'AXJEFFERSON', '2019-09-06 07:14:26', NULL, NULL),
	(874, NULL, 1, 500, 1, 6, 271, 39, NULL, 'NO', 'Risperidona Polvo para inyección', NULL, NULL, NULL, 'A', 'AXJEFFERSON', '2019-09-06 07:14:26', NULL, NULL),
	(875, NULL, 1, 500, 1, 6, 272, 228, NULL, 'NO', 'Risperidona Polvo para inyección', NULL, NULL, NULL, 'A', 'AXJEFFERSON', '2019-09-06 07:14:26', NULL, NULL),
	(876, NULL, 1, 503, 1, 14, 273, 53, NULL, 'NO', 'Risperidona Solución oral', NULL, NULL, NULL, 'A', 'AXJEFFERSON', '2019-09-06 07:14:26', NULL, NULL),
	(877, NULL, 1, 505, 1, 48, 274, 78, NULL, 'NO', 'Rituximab Solución concentrada para infusión', NULL, NULL, NULL, 'A', 'AXJEFFERSON', '2019-09-06 07:14:26', NULL, NULL),
	(878, NULL, 1, 506, 1, 3, 275, 78, NULL, 'NO', 'Rocuronio, Bromuro Solución inyectable', NULL, NULL, NULL, 'A', 'AXJEFFERSON', '2019-09-06 07:14:26', NULL, NULL),
	(879, NULL, 1, 507, 1, 24, 276, 229, NULL, 'NO', 'Salbutamol Aerosol', NULL, NULL, NULL, 'A', 'AXJEFFERSON', '2019-09-06 07:14:26', NULL, NULL),
	(880, NULL, 1, 508, 1, 49, 277, 66, NULL, 'NO', 'Salbutamol Solución inhalatoria (para nebulización)', NULL, NULL, NULL, 'A', 'AXJEFFERSON', '2019-09-06 07:14:26', NULL, NULL),
	(881, NULL, 1, 511, 1, 14, 278, 37, NULL, 'NO', 'Sales de hierro (Sulfato ferroso) Solución oral', NULL, NULL, NULL, 'A', 'AXJEFFERSON', '2019-09-06 07:14:26', NULL, NULL),
	(882, NULL, 1, 513, 1, 1, 279, 10, NULL, 'NO', 'Saquinavir Tableta recubierta', NULL, NULL, NULL, 'A', 'AXJEFFERSON', '2019-09-06 07:14:26', NULL, NULL),
	(883, NULL, 1, 538, 1, 1, 279, 239, NULL, 'NO', 'Tenofovir + Emtricitabina Tableta recubierta', NULL, NULL, NULL, 'A', 'AXJEFFERSON', '2019-09-06 07:14:26', NULL, NULL),
	(884, NULL, 1, 539, 1, 1, 279, 240, NULL, 'NO', 'Tenofovir + Emtricitabina + Efavirenz Tableta recubierta', NULL, NULL, NULL, 'A', 'AXJEFFERSON', '2019-09-06 07:14:26', NULL, NULL),
	(885, NULL, 1, 540, 1, 1, 279, 1, NULL, 'NO', 'Tenofovir disoproxilo Tableta recubierta', NULL, NULL, NULL, 'A', 'AXJEFFERSON', '2019-09-06 07:14:26', NULL, NULL),
	(886, NULL, 1, 564, 1, 14, 279, 3, NULL, 'NO', 'Tramadol Solución oral', NULL, NULL, NULL, 'A', 'AXJEFFERSON', '2019-09-06 07:14:26', NULL, NULL),
	(887, NULL, 1, 696, 1, 2, 279, 239, NULL, 'NO', 'Tenofovir + Emtricitabina Tableta', NULL, NULL, NULL, 'A', 'AXJEFFERSON', '2019-09-06 07:14:26', NULL, NULL),
	(888, NULL, 1, 697, 1, 2, 279, 1, NULL, 'NO', 'Tenofovir disoproxilo Tableta', NULL, NULL, NULL, 'A', 'AXJEFFERSON', '2019-09-06 07:14:26', NULL, NULL),
	(889, NULL, 1, 517, 1, 17, 280, 53, NULL, 'NO', 'Sevoflurano Solución para inhalación', NULL, NULL, NULL, 'A', 'AXJEFFERSON', '2019-09-06 07:14:26', NULL, NULL),
	(890, NULL, 1, 518, 1, 2, 281, 138, NULL, 'NO', 'Simvastatina Tableta', NULL, NULL, NULL, 'A', 'AXJEFFERSON', '2019-09-06 07:14:26', NULL, NULL),
	(891, NULL, 1, 519, 1, 1, 282, 56, NULL, 'NO', 'Simvastatina Tableta recubierta', NULL, NULL, NULL, 'A', 'AXJEFFERSON', '2019-09-06 07:14:26', NULL, NULL),
	(892, NULL, 1, 522, 1, 3, 283, 232, NULL, 'NO', 'Sodio Cloruro Solución inyectable', NULL, NULL, NULL, 'A', 'AXJEFFERSON', '2019-09-06 07:14:26', NULL, NULL),
	(893, NULL, 1, 523, 1, 50, 284, 233, NULL, 'NO', 'Solución diálisis peritoneal Solución para diálisis peritoneal', NULL, NULL, NULL, 'A', 'AXJEFFERSON', '2019-09-06 07:14:26', NULL, NULL),
	(894, NULL, 1, 523, 1, 50, 284, 234, NULL, 'NO', 'Solución diálisis peritoneal Solución para diálisis peritoneal', NULL, NULL, NULL, 'A', 'AXJEFFERSON', '2019-09-06 07:14:26', NULL, NULL),
	(895, NULL, 1, 523, 1, 50, 284, 235, NULL, 'NO', 'Solución diálisis peritoneal Solución para diálisis peritoneal', NULL, NULL, NULL, 'A', 'AXJEFFERSON', '2019-09-06 07:14:26', NULL, NULL),
	(896, NULL, 1, 524, 1, 6, 285, 25, NULL, 'NO', 'Suero antiofídico polivalente Polvo para inyección', NULL, NULL, NULL, 'A', 'AXJEFFERSON', '2019-09-06 07:14:26', NULL, NULL),
	(897, NULL, 1, 524, 1, 6, 286, 236, NULL, 'NO', 'Suero antiofídico polivalente Polvo para inyección', NULL, NULL, NULL, 'A', 'AXJEFFERSON', '2019-09-06 07:14:26', NULL, NULL),
	(898, NULL, 1, 524, 1, 6, 287, 237, NULL, 'NO', 'Suero antiofídico polivalente Polvo para inyección', NULL, NULL, NULL, 'A', 'AXJEFFERSON', '2019-09-06 07:14:26', NULL, NULL),
	(899, NULL, 1, 527, 1, 12, 288, 54, NULL, 'NO', 'Sulfadiazina de Plata Crema', NULL, NULL, NULL, 'A', 'AXJEFFERSON', '2019-09-06 07:14:26', NULL, NULL),
	(900, NULL, 1, 528, 1, 2, 289, 10, NULL, 'NO', 'Sulfasalazina Tableta', NULL, NULL, NULL, 'A', 'AXJEFFERSON', '2019-09-06 07:14:26', NULL, NULL),
	(901, NULL, 1, 529, 1, 14, 290, 66, NULL, 'NO', 'Sulfato de Zinc Solución oral', NULL, NULL, NULL, 'A', 'AXJEFFERSON', '2019-09-06 07:14:26', NULL, NULL),
	(902, NULL, 1, 532, 1, 2, 291, 11, NULL, 'NO', 'Talidomida Tableta', NULL, NULL, NULL, 'A', 'AXJEFFERSON', '2019-09-06 07:14:26', NULL, NULL),
	(903, NULL, 1, 537, 1, 8, 292, 2, NULL, 'NO', 'Temozolomida Cápsula', NULL, NULL, NULL, 'A', 'AXJEFFERSON', '2019-09-06 07:14:26', NULL, NULL),
	(904, NULL, 1, 537, 1, 8, 292, 11, NULL, 'NO', 'Temozolomida Cápsula', NULL, NULL, NULL, 'A', 'AXJEFFERSON', '2019-09-06 07:14:26', NULL, NULL),
	(905, NULL, 1, 537, 1, 8, 292, 56, NULL, 'NO', 'Temozolomida Cápsula', NULL, NULL, NULL, 'A', 'AXJEFFERSON', '2019-09-06 07:14:26', NULL, NULL),
	(906, NULL, 1, 542, 1, 12, 293, 54, NULL, 'NO', 'Terbinafina Crema', NULL, NULL, NULL, 'A', 'AXJEFFERSON', '2019-09-06 07:14:26', NULL, NULL),
	(907, NULL, 1, 543, 1, 3, 294, 33, NULL, 'NO', 'Testosterona Solución inyectable', NULL, NULL, NULL, 'A', 'AXJEFFERSON', '2019-09-06 07:14:26', NULL, NULL),
	(908, NULL, 1, 545, 1, 3, 295, 32, NULL, 'NO', 'Tiamina (vitamina B1) Solución inyectable', NULL, NULL, NULL, 'A', 'AXJEFFERSON', '2019-09-06 07:14:27', NULL, NULL),
	(909, NULL, 1, 546, 1, 23, 296, 55, NULL, 'NO', 'Timolol Solución oftálmica', NULL, NULL, NULL, 'A', 'AXJEFFERSON', '2019-09-06 07:14:27', NULL, NULL),
	(910, NULL, 1, 546, 1, 23, 297, 241, NULL, 'NO', 'Timolol Solución oftálmica', NULL, NULL, NULL, 'A', 'AXJEFFERSON', '2019-09-06 07:14:27', NULL, NULL),
	(911, NULL, 1, 553, 1, 52, 298, 242, NULL, 'NO', 'Tiotropio bromuro Polvo para inhalación en cápsula dura', NULL, NULL, NULL, 'A', 'AXJEFFERSON', '2019-09-06 07:14:27', NULL, NULL),
	(912, NULL, 1, 554, 1, 3, 299, 105, NULL, 'NO', 'Tirofibán Solución inyectable', NULL, NULL, NULL, 'A', 'AXJEFFERSON', '2019-09-06 07:14:27', NULL, NULL),
	(913, NULL, 1, 555, 1, 9, 300, 82, NULL, 'NO', 'Tobramicina Ungüento oftálmico', NULL, NULL, NULL, 'A', 'AXJEFFERSON', '2019-09-06 07:14:27', NULL, NULL),
	(914, NULL, 1, 571, 1, 19, 300, 248, NULL, 'NO', 'Trolamina Emulsión', NULL, NULL, NULL, 'A', 'AXJEFFERSON', '2019-09-06 07:14:27', NULL, NULL),
	(915, NULL, 1, 557, 1, 17, 301, 243, NULL, 'NO', 'Tobramicina Solución para inhalación', NULL, NULL, NULL, 'A', 'AXJEFFERSON', '2019-09-06 07:14:27', NULL, NULL),
	(916, NULL, 1, 558, 1, 40, 302, 82, NULL, 'NO', 'Tobramicina Gel oftálmico', NULL, NULL, NULL, 'A', 'AXJEFFERSON', '2019-09-06 07:14:27', NULL, NULL),
	(917, NULL, 1, 561, 1, 22, 303, 10, NULL, 'NO', 'Toxoide diftérico tetánico Suspensión inyectable', NULL, NULL, NULL, 'A', 'AXJEFFERSON', '2019-09-06 07:14:27', NULL, NULL),
	(918, NULL, 1, 562, 1, 22, 303, 25, NULL, 'NO', 'Toxoide diftérico tetánico + Vacuna pertusis Suspensión inyectable', NULL, NULL, NULL, 'A', 'AXJEFFERSON', '2019-09-06 07:14:27', NULL, NULL),
	(919, NULL, 1, 645, 1, 22, 303, 25, NULL, 'NO', 'Vacuna pentavalente viral (Difteria -haemophilus influenzae B -pertussis -tétanos -hepatitis B) Suspensión inyectable', NULL, NULL, NULL, 'A', 'AXJEFFERSON', '2019-09-06 07:14:27', NULL, NULL),
	(920, NULL, 1, 563, 1, 22, 304, 246, NULL, 'NO', 'Toxoide tetánico Suspensión inyectable', NULL, NULL, NULL, 'A', 'AXJEFFERSON', '2019-09-06 07:14:27', NULL, NULL),
	(921, NULL, 1, 568, 1, 3, 305, 32, NULL, 'NO', 'Tramadol Solución inyectable', NULL, NULL, NULL, 'A', 'AXJEFFERSON', '2019-09-06 07:14:27', NULL, NULL),
	(922, NULL, 1, 569, 1, 6, 306, 247, NULL, 'NO', 'Trastuzumab Polvo para inyección', NULL, NULL, NULL, 'A', 'AXJEFFERSON', '2019-09-06 07:14:27', NULL, NULL),
	(923, NULL, 1, 570, 1, 6, 307, 175, NULL, 'NO', 'Triptorelina Polvo para inyección', NULL, NULL, NULL, 'A', 'AXJEFFERSON', '2019-09-06 07:14:27', NULL, NULL),
	(924, NULL, 1, 572, 1, 23, 308, 54, NULL, 'NO', 'Tropicamida Solución oftálmica', NULL, NULL, NULL, 'A', 'AXJEFFERSON', '2019-09-06 07:14:27', NULL, NULL),
	(925, NULL, 1, 573, 1, 12, 309, 31, NULL, 'NO', 'Urea Crema', NULL, NULL, NULL, 'A', 'AXJEFFERSON', '2019-09-06 07:14:27', NULL, NULL),
	(926, NULL, 1, 573, 1, 12, 310, 34, NULL, 'NO', 'Urea Crema', NULL, NULL, NULL, 'A', 'AXJEFFERSON', '2019-09-06 07:14:27', NULL, NULL),
	(927, NULL, 1, 574, 1, 25, 311, 31, NULL, 'NO', 'Urea Loción', NULL, NULL, NULL, 'A', 'AXJEFFERSON', '2019-09-06 07:14:27', NULL, NULL),
	(928, NULL, 1, 574, 1, 25, 311, 34, NULL, 'NO', 'Urea Loción', NULL, NULL, NULL, 'A', 'AXJEFFERSON', '2019-09-06 07:14:27', NULL, NULL),
	(929, NULL, 1, 575, 1, 6, 312, 25, NULL, 'NO', 'Vacuna antiamarílica Polvo para inyección', NULL, NULL, NULL, 'A', 'AXJEFFERSON', '2019-09-06 07:14:27', NULL, NULL),
	(930, NULL, 1, 576, 1, 22, 313, 25, NULL, 'NO', 'Vacuna antihepatitis B Suspensión inyectable', NULL, NULL, NULL, 'A', 'AXJEFFERSON', '2019-09-06 07:14:27', NULL, NULL),
	(931, NULL, 1, 577, 1, 22, 314, 25, NULL, 'NO', 'Vacuna antineumococo (Polisacárido conjugado) Suspensión inyectable', NULL, NULL, NULL, 'A', 'AXJEFFERSON', '2019-09-06 07:14:27', NULL, NULL),
	(932, NULL, 1, 578, 1, 3, 315, 25, NULL, 'NO', 'Vacuna antineumococo (Polisacárido conjugado) Solución inyectable', NULL, NULL, NULL, 'A', 'AXJEFFERSON', '2019-09-06 07:14:27', NULL, NULL),
	(933, NULL, 1, 579, 1, 5, 316, 25, NULL, 'NO', 'Vacuna antipoliomielítica Suspensión', NULL, NULL, NULL, 'A', 'AXJEFFERSON', '2019-09-06 07:14:27', NULL, NULL),
	(934, NULL, 1, 580, 1, 5, 317, 25, NULL, 'NO', 'Vacuna Antirotavirus Suspensión', NULL, NULL, NULL, 'A', 'AXJEFFERSON', '2019-09-06 07:14:27', NULL, NULL),
	(935, NULL, 1, 581, 1, 6, 318, 25, NULL, 'NO', 'Vacuna antirrábica Polvo para inyección', NULL, NULL, NULL, 'A', 'AXJEFFERSON', '2019-09-06 07:14:27', NULL, NULL),
	(936, NULL, 1, 582, 1, 6, 319, 25, NULL, 'NO', 'Vacuna Antivaricela zóster (virus atenuado) Polvo para inyección', NULL, NULL, NULL, 'A', 'AXJEFFERSON', '2019-09-06 07:14:27', NULL, NULL),
	(937, NULL, 1, 583, 1, 6, 320, 25, NULL, 'NO', 'Vacuna BCG Polvo para inyección', NULL, NULL, NULL, 'A', 'AXJEFFERSON', '2019-09-06 07:14:27', NULL, NULL),
	(938, NULL, 1, 584, 1, 6, 321, 25, NULL, 'NO', 'Vacuna triple viral (Parotiditis-Sarampión-Rubéola) Polvo para inyección', NULL, NULL, NULL, 'A', 'AXJEFFERSON', '2019-09-06 07:14:27', NULL, NULL),
	(939, NULL, 1, 588, 1, 3, 322, 53, NULL, 'NO', 'Vinblastina Solución inyectable', NULL, NULL, NULL, 'A', 'AXJEFFERSON', '2019-09-06 07:14:27', NULL, NULL),
	(940, NULL, 1, 591, 1, 6, 323, 6, NULL, 'NO', 'Voriconazol Polvo para inyección', NULL, NULL, NULL, 'A', 'AXJEFFERSON', '2019-09-06 07:14:27', NULL, NULL),
	(941, NULL, 1, 594, 1, 1, 324, 1, NULL, 'NO', 'Zidovudina Tableta recubierta', NULL, NULL, NULL, 'A', 'AXJEFFERSON', '2019-09-06 07:14:27', NULL, NULL),
	(942, NULL, 1, 596, 1, 14, 325, 172, NULL, 'NO', 'Zidovudina Solución oral', NULL, NULL, NULL, 'A', 'AXJEFFERSON', '2019-09-06 07:14:27', NULL, NULL),
	(943, NULL, 1, 597, 1, 53, 326, 78, NULL, 'NO', 'Zidovudina Solución para infusión', NULL, NULL, NULL, 'A', 'AXJEFFERSON', '2019-09-06 07:14:27', NULL, NULL),
	(944, NULL, 1, 599, 1, 1, 327, 249, NULL, 'NO', 'Zidovudina + Lamivudina + Nevirapina Tableta recubierta', NULL, NULL, NULL, 'A', 'AXJEFFERSON', '2019-09-06 07:14:27', NULL, NULL),
	(945, NULL, 1, 600, 1, 1, 328, 10, NULL, 'NO', 'Metronidazol Tableta recubierta', NULL, NULL, NULL, 'A', 'AXJEFFERSON', '2019-09-06 07:14:27', NULL, NULL),
	(946, NULL, 1, 419, 1, 3, 329, 73, NULL, 'NO', 'Morfina Solución inyectable', NULL, NULL, NULL, 'A', 'AXJEFFERSON', '2019-09-06 07:14:27', NULL, NULL),
	(947, NULL, 1, 83, 1, 25, 330, 21, NULL, 'NO', 'Betametasona Loción', NULL, NULL, NULL, 'A', 'AXJEFFERSON', '2019-09-06 07:14:27', NULL, NULL),
	(948, NULL, 1, 439, 1, 6, 331, 201, NULL, 'NO', 'Octreotida Polvo para inyección', NULL, NULL, NULL, 'A', 'AXJEFFERSON', '2019-09-06 07:14:27', NULL, NULL),
	(949, NULL, 1, 605, 1, 53, 332, 66, NULL, 'NO', 'Oxaliplatino Solución para infusión', NULL, NULL, NULL, 'A', 'AXJEFFERSON', '2019-09-06 07:14:27', NULL, NULL),
	(950, NULL, 1, 606, 1, 2, 333, 13, NULL, 'NO', 'Oxicodona Tableta', NULL, NULL, NULL, 'A', 'AXJEFFERSON', '2019-09-06 07:14:27', NULL, NULL),
	(951, NULL, 1, 607, 1, 38, 334, 25, NULL, 'NO', 'Carbón activado Polvo', NULL, NULL, NULL, 'A', 'AXJEFFERSON', '2019-09-06 07:14:27', NULL, NULL),
	(952, NULL, 1, 456, 1, 14, 335, 250, NULL, 'NO', 'Paracetamol Solución oral', NULL, NULL, NULL, 'A', 'AXJEFFERSON', '2019-09-06 07:14:27', NULL, NULL),
	(953, NULL, 1, 455, 1, 39, 336, 1, NULL, 'NO', 'Paracetamol Supositorio', NULL, NULL, NULL, 'A', 'AXJEFFERSON', '2019-09-06 07:14:27', NULL, NULL),
	(954, NULL, 1, 609, 1, 53, 337, 78, NULL, 'NO', 'Paracetamol Solución para infusión', NULL, NULL, NULL, 'A', 'AXJEFFERSON', '2019-09-06 07:14:27', NULL, NULL),
	(955, NULL, 1, 610, 1, 16, 338, 31, NULL, 'NO', 'Peróxido de benzoilo Gel', NULL, NULL, NULL, 'A', 'AXJEFFERSON', '2019-09-06 07:14:27', NULL, NULL),
	(956, NULL, 1, 610, 1, 16, 338, 34, NULL, 'NO', 'Peróxido de benzoilo Gel', NULL, NULL, NULL, 'A', 'AXJEFFERSON', '2019-09-06 07:14:27', NULL, NULL),
	(957, NULL, 1, 474, 1, 2, 339, 56, NULL, 'NO', 'Prednisolona Tableta', NULL, NULL, NULL, 'A', 'AXJEFFERSON', '2019-09-06 07:14:27', NULL, NULL),
	(958, NULL, 1, 731, 1, 1, 339, 52, NULL, 'NO', 'Erlotinib Tableta recubierta', NULL, NULL, NULL, 'A', 'AXJEFFERSON', '2019-09-06 07:14:27', NULL, NULL),
	(959, NULL, 1, 636, 1, 4, 340, 259, NULL, 'NO', 'Epinefrina (adrenalina) racémica Solución inhalatoria', NULL, NULL, NULL, 'A', 'AXJEFFERSON', '2019-09-06 07:14:27', NULL, NULL),
	(960, NULL, 1, 223, 1, 3, 341, 51, NULL, 'NO', 'Eritropoyetina Solución inyectable', NULL, NULL, NULL, 'A', 'AXJEFFERSON', '2019-09-06 07:14:27', NULL, NULL),
	(961, NULL, 1, 638, 1, 22, 342, 25, NULL, 'NO', 'Vacuna antihepatitis A Suspensión inyectable', NULL, NULL, NULL, 'A', 'AXJEFFERSON', '2019-09-06 07:14:27', NULL, NULL),
	(962, NULL, 1, 640, 1, 2, 343, 260, NULL, 'NO', 'Etambutol + Isoniazida Tableta', NULL, NULL, NULL, 'A', 'AXJEFFERSON', '2019-09-06 07:14:27', NULL, NULL),
	(963, NULL, 1, 641, 1, 22, 344, 25, NULL, 'NO', 'Vacuna antimeningococo (B + C) Suspensión inyectable', NULL, NULL, NULL, 'A', 'AXJEFFERSON', '2019-09-06 07:14:27', NULL, NULL),
	(964, NULL, 1, 646, 1, 14, 345, 263, NULL, 'NO', 'Fenobarbital Solución oral', NULL, NULL, NULL, 'A', 'AXJEFFERSON', '2019-09-06 07:14:27', NULL, NULL),
	(965, NULL, 1, 648, 1, 1, 346, 52, NULL, 'NO', 'Fluconazol Tableta recubierta', NULL, NULL, NULL, 'A', 'AXJEFFERSON', '2019-09-06 07:14:27', NULL, NULL),
	(966, NULL, 1, 653, 1, 2, 347, 1, NULL, 'NO', 'Abacavir Tableta', NULL, NULL, NULL, 'A', 'AXJEFFERSON', '2019-09-06 07:14:27', NULL, NULL),
	(967, NULL, 1, 656, 1, 3, 348, 53, NULL, 'NO', 'Hidroxocobalamina (Vitamina B 12) Solución inyectable', NULL, NULL, NULL, 'A', 'AXJEFFERSON', '2019-09-06 07:14:27', NULL, NULL),
	(968, NULL, 1, 666, 1, 2, 349, 52, NULL, 'NO', 'Lamivudina Tableta', NULL, NULL, NULL, 'A', 'AXJEFFERSON', '2019-09-06 07:14:27', NULL, NULL),
	(969, NULL, 1, 669, 1, 55, 350, 31, NULL, 'NO', 'Lidocaína Pasta', NULL, NULL, NULL, 'A', 'AXJEFFERSON', '2019-09-06 07:14:27', NULL, NULL),
	(970, NULL, 1, 671, 1, 40, 351, 267, NULL, 'NO', 'Lágrimas artificiales y otros preparados inertes Gel oftálmico', NULL, NULL, NULL, 'A', 'AXJEFFERSON', '2019-09-06 07:14:27', NULL, NULL),
	(971, NULL, 1, 673, 1, 46, 352, 31, NULL, 'NO', 'Lidocaína Pomada', NULL, NULL, NULL, 'A', 'AXJEFFERSON', '2019-09-06 07:14:27', NULL, NULL),
	(972, NULL, 1, 674, 1, 1, 353, 96, NULL, 'NO', 'Efavirenz Tableta recubierta', NULL, NULL, NULL, 'A', 'AXJEFFERSON', '2019-09-06 07:14:27', NULL, NULL),
	(973, NULL, 1, 675, 1, 2, 353, 96, NULL, 'NO', 'Efavirenz Tableta', NULL, NULL, NULL, 'A', 'AXJEFFERSON', '2019-09-06 07:14:27', NULL, NULL),
	(974, NULL, 1, 685, 1, 2, 354, 268, NULL, 'NO', 'Zidovudina + Lamivudina + Nevirapina Tableta', NULL, NULL, NULL, 'A', 'AXJEFFERSON', '2019-09-06 07:14:27', NULL, NULL),
	(975, NULL, 1, 687, 1, 2, 355, 48, NULL, 'NO', 'Sales de hierro (Sulfato ferroso) Tableta', NULL, NULL, NULL, 'A', 'AXJEFFERSON', '2019-09-06 07:14:27', NULL, NULL),
	(976, NULL, 1, 688, 1, 15, 356, 172, NULL, 'NO', 'Sales de hierro (Sulfato ferroso) Jarabe', NULL, NULL, NULL, 'A', 'AXJEFFERSON', '2019-09-06 07:14:27', NULL, NULL),
	(977, NULL, 1, 675, 1, 2, 357, 6, NULL, 'NO', 'Efavirenz Tableta', NULL, NULL, NULL, 'A', 'AXJEFFERSON', '2019-09-06 07:14:27', NULL, NULL),
	(978, NULL, 1, 698, 1, 22, 358, 25, NULL, 'NO', 'Vacuna antirrábica Suspensión inyectable', NULL, NULL, NULL, 'A', 'AXJEFFERSON', '2019-09-06 07:14:27', NULL, NULL),
	(979, NULL, 1, 61, 1, 1, 359, 46, NULL, 'NO', 'Ampicilina + sulbactam (sultamicilina) Tableta recubierta', NULL, NULL, NULL, 'A', 'AXJEFFERSON', '2019-09-06 07:14:27', NULL, NULL),
	(980, NULL, 1, 287, 1, 2, 359, 56, NULL, 'NO', 'Hidrocortisona Tableta', NULL, NULL, NULL, 'A', 'AXJEFFERSON', '2019-09-06 07:14:27', NULL, NULL),
	(981, NULL, 1, 703, 1, 2, 359, 1, NULL, 'NO', 'Gabapentina Tableta', NULL, NULL, NULL, 'A', 'AXJEFFERSON', '2019-09-06 07:14:27', NULL, NULL),
	(982, NULL, 1, 704, 1, 30, 360, 15, NULL, 'NO', 'Clorhexidina Solución tópica', NULL, NULL, NULL, 'A', 'AXJEFFERSON', '2019-09-06 07:14:27', NULL, NULL),
	(983, NULL, 1, 705, 1, 15, 361, 270, NULL, 'NO', 'Difenhidramina Jarabe', NULL, NULL, NULL, 'A', 'AXJEFFERSON', '2019-09-06 07:14:27', NULL, NULL),
	(984, NULL, 1, 706, 1, 1, 362, 97, NULL, 'NO', 'Bosentano Tableta recubierta', NULL, NULL, NULL, 'A', 'AXJEFFERSON', '2019-09-06 07:14:27', NULL, NULL),
	(985, NULL, 1, 706, 1, 1, 362, 271, NULL, 'NO', 'Bosentano Tableta recubierta', NULL, NULL, NULL, 'A', 'AXJEFFERSON', '2019-09-06 07:14:27', NULL, NULL),
	(986, NULL, 1, 707, 1, 56, 363, 272, NULL, 'NO', 'Imiglucerasa Polvo para infusión', NULL, NULL, NULL, 'A', 'AXJEFFERSON', '2019-09-06 07:14:27', NULL, NULL),
	(987, NULL, 1, 708, 1, 2, 364, 10, NULL, 'NO', 'Levetiracetam Tableta', NULL, NULL, NULL, 'A', 'AXJEFFERSON', '2019-09-06 07:14:27', NULL, NULL),
	(988, NULL, 1, 708, 1, 2, 365, 76, NULL, 'NO', 'Levetiracetam Tableta', NULL, NULL, NULL, 'A', 'AXJEFFERSON', '2019-09-06 07:14:27', NULL, NULL),
	(989, NULL, 1, 709, 1, 1, 366, 76, NULL, 'NO', 'Levetiracetam Tableta recubierta', NULL, NULL, NULL, 'A', 'AXJEFFERSON', '2019-09-06 07:14:27', NULL, NULL),
	(990, NULL, 1, 710, 1, 14, 367, 3, NULL, 'NO', 'Levetiracetam Solución oral', NULL, NULL, NULL, 'A', 'AXJEFFERSON', '2019-09-06 07:14:27', NULL, NULL),
	(991, NULL, 1, 711, 1, 2, 368, 257, NULL, 'NO', 'Hierro (óxido de hierro polimaltosado) + ácido fólico Tableta', NULL, NULL, NULL, 'A', 'AXJEFFERSON', '2019-09-06 07:14:27', NULL, NULL),
	(992, NULL, 1, 712, 1, 3, 369, 78, NULL, 'NO', 'Ranibizumab Solución inyectable', NULL, NULL, NULL, 'A', 'AXJEFFERSON', '2019-09-06 07:14:27', NULL, NULL),
	(993, NULL, 1, 713, 1, 8, 370, 52, NULL, 'NO', 'Nilotinib Cápsula', NULL, NULL, NULL, 'A', 'AXJEFFERSON', '2019-09-06 07:14:27', NULL, NULL),
	(994, NULL, 1, 713, 1, 8, 371, 6, NULL, 'NO', 'Nilotinib Cápsula', NULL, NULL, NULL, 'A', 'AXJEFFERSON', '2019-09-06 07:14:27', NULL, NULL),
	(995, NULL, 1, 714, 1, 8, 372, 14, NULL, 'NO', 'Tacrolimo Cápsula', NULL, NULL, NULL, 'A', 'AXJEFFERSON', '2019-09-06 07:14:27', NULL, NULL),
	(996, NULL, 1, 714, 1, 8, 373, 13, NULL, 'NO', 'Tacrolimo Cápsula', NULL, NULL, NULL, 'A', 'AXJEFFERSON', '2019-09-06 07:14:27', NULL, NULL),
	(997, NULL, 1, 715, 1, 21, 374, 53, NULL, 'NO', 'Tacrolimo Polvo para suspensión', NULL, NULL, NULL, 'A', 'AXJEFFERSON', '2019-09-06 07:14:27', NULL, NULL),
	(998, NULL, 1, 718, 1, 6, 375, 274, NULL, 'NO', 'Bortezomib Polvo para inyección', NULL, NULL, NULL, 'A', 'AXJEFFERSON', '2019-09-06 07:14:27', NULL, NULL),
	(999, NULL, 1, 719, 1, 2, 376, 38, NULL, 'NO', 'Clobazam Tableta', NULL, NULL, NULL, 'A', 'AXJEFFERSON', '2019-09-06 07:14:27', NULL, NULL),
	(1000, NULL, 1, 720, 1, 3, 377, 78, NULL, 'NO', 'Vinorelbina Solución inyectable', NULL, NULL, NULL, 'A', 'AXJEFFERSON', '2019-09-06 07:14:27', NULL, NULL),
	(1001, NULL, 1, 721, 1, 38, 378, 25, NULL, 'NO', 'Fórmula excenta de lisina y baja en triptófano Polvo', NULL, NULL, NULL, 'A', 'AXJEFFERSON', '2019-09-06 07:14:27', NULL, NULL),
	(1002, NULL, 1, 722, 1, 38, 379, 25, NULL, 'NO', 'Fórmula hidrolizada libre de áminoácidos y proteínas Polvo', NULL, NULL, NULL, 'A', 'AXJEFFERSON', '2019-09-06 07:14:27', NULL, NULL),
	(1003, NULL, 1, 725, 1, 3, 380, 78, NULL, 'NO', 'Triamcinolona Solución inyectable', NULL, NULL, NULL, 'A', 'AXJEFFERSON', '2019-09-06 07:14:27', NULL, NULL),
	(1004, NULL, 1, 726, 1, 57, 381, 73, NULL, 'NO', 'Tocilizumab Concentrado para  infusión', NULL, NULL, NULL, 'A', 'AXJEFFERSON', '2019-09-06 07:14:27', NULL, NULL),
	(1005, NULL, 1, 727, 1, 58, 382, 148, NULL, 'NO', 'Indacaterol Polvo para inhalación en cápsula', NULL, NULL, NULL, 'A', 'AXJEFFERSON', '2019-09-06 07:14:27', NULL, NULL),
	(1006, NULL, 1, 727, 1, 58, 382, 275, NULL, 'NO', 'Indacaterol Polvo para inhalación en cápsula', NULL, NULL, NULL, 'A', 'AXJEFFERSON', '2019-09-06 07:14:27', NULL, NULL),
	(1007, NULL, 1, 728, 1, 6, 383, 208, NULL, 'NO', 'Somatotropina Polvo para inyección', NULL, NULL, NULL, 'A', 'AXJEFFERSON', '2019-09-06 07:14:27', NULL, NULL),
	(1008, NULL, 1, 728, 1, 6, 383, 276, NULL, 'NO', 'Somatotropina Polvo para inyección', NULL, NULL, NULL, 'A', 'AXJEFFERSON', '2019-09-06 07:14:27', NULL, NULL),
	(1009, NULL, 1, 730, 1, 8, 384, 30, NULL, 'NO', 'Fingolimod Cápsula', NULL, NULL, NULL, 'A', 'AXJEFFERSON', '2019-09-06 07:14:27', NULL, NULL),
	(1010, NULL, 1, 732, 1, 2, 385, 277, NULL, 'NO', 'Glicósidos del senna Tableta', NULL, NULL, NULL, 'A', 'AXJEFFERSON', '2019-09-06 07:14:27', NULL, NULL),
	(1011, NULL, 1, 733, 1, 1, 386, 277, NULL, 'NO', 'Glicósidos del senna Tableta recubierta', NULL, NULL, NULL, 'A', 'AXJEFFERSON', '2019-09-06 07:14:27', NULL, NULL),
	(1012, NULL, 1, 734, 1, 43, 387, 106, NULL, 'NO', 'Fluticasona Suspensión para inhalación', NULL, NULL, NULL, 'A', 'AXJEFFERSON', '2019-09-06 07:14:27', NULL, NULL),
	(1013, NULL, 1, 734, 1, 43, 387, 278, NULL, 'NO', 'Fluticasona Suspensión para inhalación', NULL, NULL, NULL, 'A', 'AXJEFFERSON', '2019-09-06 07:14:27', NULL, NULL),
	(1014, NULL, 1, 734, 1, 43, 388, 279, NULL, 'NO', 'Fluticasona Suspensión para inhalación', NULL, NULL, NULL, 'A', 'AXJEFFERSON', '2019-09-06 07:14:27', NULL, NULL),
	(1015, NULL, 1, 736, 1, 3, 389, 280, NULL, 'NO', 'Fosfato de Potasio Solución inyectable', NULL, NULL, NULL, 'A', 'AXJEFFERSON', '2019-09-06 07:14:27', NULL, NULL),
	(1016, NULL, 1, 307, 1, 3, 390, 3, NULL, 'NO', 'Inmunoglobulina humana normal Solución inyectable', NULL, NULL, NULL, 'A', 'AXJEFFERSON', '2019-09-06 07:14:27', NULL, NULL),
	(1017, NULL, 1, 307, 1, 3, 391, 17, NULL, 'NO', 'Inmunoglobulina humana normal Solución inyectable', NULL, NULL, NULL, 'A', 'AXJEFFERSON', '2019-09-06 07:14:27', NULL, NULL),
	(1018, NULL, 1, 738, 1, 8, 392, 38, NULL, 'NO', 'Ácido trans-retinoico (ATRA) Cápsula', NULL, NULL, NULL, 'A', 'AXJEFFERSON', '2019-09-06 07:14:27', NULL, NULL),
	(1019, NULL, 1, 739, 1, 59, 393, 53, NULL, 'NO', 'Trióxido de arsénico Solución concentrada para perfusión', NULL, NULL, NULL, 'A', 'AXJEFFERSON', '2019-09-06 07:14:27', NULL, NULL),
	(1020, NULL, 1, 740, 1, 41, 394, 281, NULL, 'NO', 'Etonogestrel Implante subdérmico', NULL, NULL, NULL, 'A', 'AXJEFFERSON', '2019-09-06 07:14:27', NULL, NULL),
	(1021, NULL, 1, 742, 1, 3, 395, 138, NULL, 'NO', 'Adalimumab Solución inyectable', NULL, NULL, NULL, 'A', 'AXJEFFERSON', '2019-09-06 07:14:27', NULL, NULL),
	(1022, NULL, 1, 744, 1, 35, 396, 11, NULL, 'NO', 'Fenitoína Cápsula de liberación prolongada', NULL, NULL, NULL, 'A', 'AXJEFFERSON', '2019-09-06 07:14:27', NULL, NULL),
	(1023, NULL, 1, 746, 1, 1, 397, 11, NULL, 'NO', 'Ritonavir Tableta recubierta', NULL, NULL, NULL, 'A', 'AXJEFFERSON', '2019-09-06 07:14:27', NULL, NULL),
	(1024, NULL, 1, 747, 1, 61, 398, 3, NULL, 'NO', 'Inmunoglobulina Humana Normal para administración Extravascular Polvo liofilizado para reconstituir en solución para infusión.', NULL, NULL, NULL, 'A', 'AXJEFFERSON', '2019-09-06 07:14:27', NULL, NULL),
	(1025, NULL, 1, 308, 1, 6, 399, 283, NULL, 'NO', 'Inmunoglobulina humana normal Polvo para inyección', NULL, NULL, NULL, 'A', 'AXJEFFERSON', '2019-09-06 07:14:27', NULL, NULL),
	(1026, NULL, 1, 759, 1, 66, 400, 289, NULL, 'NO', 'Fosfolípidos naturales (Surfactante pulmonar) Suspensión intratraqueal', NULL, NULL, NULL, 'A', 'AXJEFFERSON', '2019-09-06 07:14:27', NULL, NULL),
	(1027, '0012145456559', 1, 19, 1, 2, 1, 1, 3, 'No', 'acido folico', '', '', 'No', 'A', 'apiguave', '2019-10-16 18:29:11', NULL, NULL);
/*!40000 ALTER TABLE `pr_productos` ENABLE KEYS */;

-- Volcando estructura para tabla bd_farmacia_desa.pr_producto_bodega
CREATE TABLE IF NOT EXISTS `pr_producto_bodega` (
  `id_producto_bodega` bigint(11) NOT NULL AUTO_INCREMENT,
  `id_bodega` bigint(11) NOT NULL,
  `id_producto` bigint(11) NOT NULL,
  `id_empresa` bigint(11) NOT NULL,
  `id_sucursal` bigint(11) NOT NULL,
  `id_tipo_bodega` bigint(11) NOT NULL,
  `estado` varchar(2) DEFAULT NULL,
  `stock_minimo` bigint(11) DEFAULT NULL,
  `stock_maximo` bigint(11) DEFAULT NULL,
  PRIMARY KEY (`id_producto_bodega`,`id_bodega`,`id_producto`,`id_empresa`,`id_sucursal`,`id_tipo_bodega`),
  KEY `fk_empresa_sucursal$7` (`id_empresa`,`id_sucursal`),
  CONSTRAINT `fk_empresa_sucursal$7` FOREIGN KEY (`id_empresa`, `id_sucursal`) REFERENCES `se_sucursal` (`id_empresa`, `id_sucursal`)
) ENGINE=InnoDB DEFAULT CHARSET=latin1;

-- Volcando datos para la tabla bd_farmacia_desa.pr_producto_bodega: ~0 rows (aproximadamente)
/*!40000 ALTER TABLE `pr_producto_bodega` DISABLE KEYS */;
/*!40000 ALTER TABLE `pr_producto_bodega` ENABLE KEYS */;

-- Volcando estructura para procedimiento bd_farmacia_desa.PR_REPLICA
DELIMITER //
CREATE DEFINER=`farmacia`@`%` PROCEDURE `PR_REPLICA`()
BEGIN
    DECLARE camp1 VARCHAR(120);
    DECLARE camp2 VARCHAR(120);
    DECLARE camp3 VARCHAR(120);
    DECLARE camp4 VARCHAR(120);
    declare id1 int;
    DECLARE done INT DEFAULT FALSE;
    DECLARE cursor_i CURSOR FOR SELECT m.`name`,m.`forma_farmaceutica`,m.`concentracion`,m.`presentacion comercial` FROM `tmpmedicina1` m LIMIT 0,1050;
    DECLARE CONTINUE HANDLER FOR NOT FOUND SET done = TRUE;
	set id1 = 1;
	OPEN cursor_i;
	read_loop: LOOP
	FETCH cursor_i INTO camp1,camp2,camp3,camp4;
	IF done = TRUE THEN
		LEAVE read_loop;
        END IF;
        INSERT INTO `tmpmedicina2`(id,`name`,`forma_farmaceutica`,`concentracion`,`presentacion comercial`) 
        VALUES(id1,camp1, camp2,camp3,camp4); commit;
	set id1= id1+1;
        END LOOP read_loop;
	
	CLOSE cursor_i;
    END//
DELIMITER ;

-- Volcando estructura para tabla bd_farmacia_desa.pr_subgrupos
CREATE TABLE IF NOT EXISTS `pr_subgrupos` (
  `id_subgrupo` bigint(20) NOT NULL AUTO_INCREMENT,
  `id_grupo` bigint(20) NOT NULL,
  `id_empresa` bigint(20) DEFAULT NULL,
  `nombre` varchar(120) DEFAULT NULL,
  `estado` char(2) DEFAULT NULL,
  `usuario_creacion` varchar(20) DEFAULT NULL,
  `fecha_creacion` datetime DEFAULT NULL,
  `usuario_actualizacion` varchar(20) DEFAULT NULL,
  `fecha_actualizacion` datetime DEFAULT NULL,
  PRIMARY KEY (`id_subgrupo`,`id_grupo`),
  KEY `fk_grupo_sub$1` (`id_grupo`),
  KEY `fk_empres$4` (`id_empresa`),
  CONSTRAINT `fk_empres$4` FOREIGN KEY (`id_empresa`) REFERENCES `se_empresa` (`id_empresa`),
  CONSTRAINT `fk_grupo_sub$1` FOREIGN KEY (`id_grupo`) REFERENCES `pr_grupos` (`id_grupo`)
) ENGINE=InnoDB AUTO_INCREMENT=68 DEFAULT CHARSET=utf8;

-- Volcando datos para la tabla bd_farmacia_desa.pr_subgrupos: ~67 rows (aproximadamente)
/*!40000 ALTER TABLE `pr_subgrupos` DISABLE KEYS */;
INSERT INTO `pr_subgrupos` (`id_subgrupo`, `id_grupo`, `id_empresa`, `nombre`, `estado`, `usuario_creacion`, `fecha_creacion`, `usuario_actualizacion`, `fecha_actualizacion`) VALUES
	(1, 1, 1, 'Tableta recubierta', 'A', 'AXJEFFERSON', '2019-09-06 01:27:06', NULL, NULL),
	(2, 1, 1, 'Tableta', 'A', 'AXJEFFERSON', '2019-09-06 01:27:06', NULL, NULL),
	(3, 1, 1, 'Solución inyectable', 'A', 'AXJEFFERSON', '2019-09-06 01:27:06', NULL, NULL),
	(4, 1, 1, 'Solución inhalatoria', 'A', 'AXJEFFERSON', '2019-09-06 01:27:06', NULL, NULL),
	(5, 1, 1, 'Suspensión', 'A', 'AXJEFFERSON', '2019-09-06 01:27:06', NULL, NULL),
	(6, 1, 1, 'Polvo para inyección', 'A', 'AXJEFFERSON', '2019-09-06 01:27:06', NULL, NULL),
	(7, 1, 1, 'Tableta dispersable', 'A', 'AXJEFFERSON', '2019-09-06 01:27:06', NULL, NULL),
	(8, 1, 1, 'Cápsula', 'A', 'AXJEFFERSON', '2019-09-06 01:27:06', NULL, NULL),
	(9, 1, 1, 'Ungüento oftálmico', 'A', 'AXJEFFERSON', '2019-09-06 01:27:06', NULL, NULL),
	(10, 1, 1, 'Tableta efervescente', 'A', 'AXJEFFERSON', '2019-09-06 01:27:06', NULL, NULL),
	(11, 1, 1, 'Tableta masticable', 'A', 'AXJEFFERSON', '2019-09-06 01:27:06', NULL, NULL),
	(12, 1, 1, 'Crema', 'A', 'AXJEFFERSON', '2019-09-06 01:27:06', NULL, NULL),
	(13, 1, 1, 'Granulado', 'A', 'AXJEFFERSON', '2019-09-06 01:27:06', NULL, NULL),
	(14, 1, 1, 'Solución oral', 'A', 'AXJEFFERSON', '2019-09-06 01:27:06', NULL, NULL),
	(15, 1, 1, 'Jarabe', 'A', 'AXJEFFERSON', '2019-09-06 01:27:06', NULL, NULL),
	(16, 1, 1, 'Gel', 'A', 'AXJEFFERSON', '2019-09-06 01:27:06', NULL, NULL),
	(17, 1, 1, 'Solución para inhalación', 'A', 'AXJEFFERSON', '2019-09-06 01:27:06', NULL, NULL),
	(18, 1, 1, 'Tableta de liberación prolongada', 'A', 'AXJEFFERSON', '2019-09-06 01:27:06', NULL, NULL),
	(19, 1, 1, 'Emulsión', 'A', 'AXJEFFERSON', '2019-09-06 01:27:06', NULL, NULL),
	(20, 1, 1, 'Solución para inyección', 'A', 'AXJEFFERSON', '2019-09-06 01:27:06', NULL, NULL),
	(21, 1, 1, 'Polvo para suspensión', 'A', 'AXJEFFERSON', '2019-09-06 01:27:06', NULL, NULL),
	(22, 1, 1, 'Suspensión inyectable', 'A', 'AXJEFFERSON', '2019-09-06 01:27:06', NULL, NULL),
	(23, 1, 1, 'Solución oftálmica', 'A', 'AXJEFFERSON', '2019-09-06 01:27:06', NULL, NULL),
	(24, 1, 1, 'Aerosol', 'A', 'AXJEFFERSON', '2019-09-06 01:27:06', NULL, NULL),
	(25, 1, 1, 'Loción', 'A', 'AXJEFFERSON', '2019-09-06 01:27:06', NULL, NULL),
	(26, 1, 1, 'Ungüento', 'A', 'AXJEFFERSON', '2019-09-06 01:27:06', NULL, NULL),
	(27, 1, 1, 'Parche transdérmico', 'A', 'AXJEFFERSON', '2019-09-06 01:27:06', NULL, NULL),
	(28, 1, 1, 'Tableta sublingual', 'A', 'AXJEFFERSON', '2019-09-06 01:27:06', NULL, NULL),
	(29, 1, 1, 'Óvulo', 'A', 'AXJEFFERSON', '2019-09-06 01:27:06', NULL, NULL),
	(30, 1, 1, 'Solución tópica', 'A', 'AXJEFFERSON', '2019-09-06 01:27:06', NULL, NULL),
	(31, 1, 1, 'Crema vaginal', 'A', 'AXJEFFERSON', '2019-09-06 01:27:06', NULL, NULL),
	(32, 1, 1, 'Tableta vaginal', 'A', 'AXJEFFERSON', '2019-09-06 01:27:06', NULL, NULL),
	(33, 1, 1, 'Gragea', 'A', 'AXJEFFERSON', '2019-09-06 01:27:06', NULL, NULL),
	(34, 1, 1, 'Suspensión oftálmica', 'A', 'AXJEFFERSON', '2019-09-06 01:27:06', NULL, NULL),
	(35, 1, 1, 'Cápsula de liberación prolongada', 'A', 'AXJEFFERSON', '2019-09-06 01:27:06', NULL, NULL),
	(36, 1, 1, 'Emulsión para infusión', 'A', 'AXJEFFERSON', '2019-09-06 01:27:06', NULL, NULL),
	(37, 1, 1, 'Polvo inyectable', 'A', 'AXJEFFERSON', '2019-09-06 01:27:06', NULL, NULL),
	(38, 1, 1, 'Polvo', 'A', 'AXJEFFERSON', '2019-09-06 01:27:06', NULL, NULL),
	(39, 1, 1, 'Supositorio', 'A', 'AXJEFFERSON', '2019-09-06 01:27:06', NULL, NULL),
	(40, 1, 1, 'Gel oftálmico', 'A', 'AXJEFFERSON', '2019-09-06 01:27:06', NULL, NULL),
	(41, 1, 1, 'Implante subdérmico', 'A', 'AXJEFFERSON', '2019-09-06 01:27:06', NULL, NULL),
	(42, 1, 1, 'Jalea', 'A', 'AXJEFFERSON', '2019-09-06 01:27:06', NULL, NULL),
	(43, 1, 1, 'Suspensión para inhalación', 'A', 'AXJEFFERSON', '2019-09-06 01:27:06', NULL, NULL),
	(44, 1, 1, 'Suspensión oral', 'A', 'AXJEFFERSON', '2019-09-06 01:27:06', NULL, NULL),
	(45, 1, 1, 'Gas para inhalación', 'A', 'AXJEFFERSON', '2019-09-06 01:27:06', NULL, NULL),
	(46, 1, 1, 'Pomada', 'A', 'AXJEFFERSON', '2019-09-06 01:27:06', NULL, NULL),
	(47, 1, 1, 'Emulsión inyectable', 'A', 'AXJEFFERSON', '2019-09-06 01:27:06', NULL, NULL),
	(48, 1, 1, 'Solución concentrada para infusión', 'A', 'AXJEFFERSON', '2019-09-06 01:27:06', NULL, NULL),
	(49, 1, 1, 'Solución inhalatoria (para nebulización)', 'A', 'AXJEFFERSON', '2019-09-06 01:27:06', NULL, NULL),
	(50, 1, 1, 'Solución para diálisis peritoneal', 'A', 'AXJEFFERSON', '2019-09-06 01:27:06', NULL, NULL),
	(51, 1, 1, 'Cápsula vaginal', 'A', 'AXJEFFERSON', '2019-09-06 01:27:06', NULL, NULL),
	(52, 1, 1, 'Polvo para inhalación en cápsula dura', 'A', 'AXJEFFERSON', '2019-09-06 01:27:06', NULL, NULL),
	(53, 1, 1, 'Solución para infusión', 'A', 'AXJEFFERSON', '2019-09-06 01:27:06', NULL, NULL),
	(54, 1, 1, 'Tableta de disolución bucal', 'A', 'AXJEFFERSON', '2019-09-06 01:27:06', NULL, NULL),
	(55, 1, 1, 'Pasta', 'A', 'AXJEFFERSON', '2019-09-06 01:27:06', NULL, NULL),
	(56, 1, 1, 'Polvo para infusión', 'A', 'AXJEFFERSON', '2019-09-06 01:27:06', NULL, NULL),
	(57, 1, 1, 'Concentrado para  infusión', 'A', 'AXJEFFERSON', '2019-09-06 01:27:06', NULL, NULL),
	(58, 1, 1, 'Polvo para inhalación en cápsula', 'A', 'AXJEFFERSON', '2019-09-06 01:27:06', NULL, NULL),
	(59, 1, 1, 'Solución concentrada para perfusión', 'A', 'AXJEFFERSON', '2019-09-06 01:27:06', NULL, NULL),
	(60, 1, 1, 'Liofilizado para solución inyectable.', 'A', 'AXJEFFERSON', '2019-09-06 01:27:06', NULL, NULL),
	(61, 1, 1, 'Polvo liofilizado para reconstituir en solución para infusión.', 'A', 'AXJEFFERSON', '2019-09-06 01:27:06', NULL, NULL),
	(62, 1, 1, 'Suspensión estéril intratraqueal', 'A', 'AXJEFFERSON', '2019-09-06 01:27:06', NULL, NULL),
	(63, 1, 1, 'Parches Transdérmicos', 'A', 'AXJEFFERSON', '2019-09-06 01:27:06', NULL, NULL),
	(64, 1, 1, 'Suspensión Rectal', 'A', 'AXJEFFERSON', '2019-09-06 01:27:06', NULL, NULL),
	(65, 1, 1, 'Solución', 'A', 'AXJEFFERSON', '2019-09-06 01:27:06', NULL, NULL),
	(66, 1, 1, 'Suspensión intratraqueal', 'A', 'AXJEFFERSON', '2019-09-06 01:27:06', NULL, NULL),
	(67, 1, 1, NULL, 'A', 'AXJEFFERSON', '2019-09-06 01:27:06', NULL, NULL);
/*!40000 ALTER TABLE `pr_subgrupos` ENABLE KEYS */;

-- Volcando estructura para tabla bd_farmacia_desa.pr_tarifario
CREATE TABLE IF NOT EXISTS `pr_tarifario` (
  `id_tarifario` bigint(20) NOT NULL AUTO_INCREMENT,
  `id_empresa` bigint(20) NOT NULL,
  `id_surcusal` bigint(20) NOT NULL,
  `descripcion` varchar(45) DEFAULT NULL,
  `fecha_inicio_vigente` datetime DEFAULT NULL,
  `fecha_fin_vigente` datetime DEFAULT NULL,
  `estado` varchar(45) DEFAULT NULL,
  `usuario_creacion` varchar(20) DEFAULT NULL,
  `fecha_creacion` datetime DEFAULT NULL,
  `usuario_actualizacion` varchar(20) DEFAULT NULL,
  `fecha_actualizacion` datetime DEFAULT NULL,
  PRIMARY KEY (`id_tarifario`,`id_empresa`,`id_surcusal`),
  KEY `id_empresa` (`id_empresa`,`id_surcusal`),
  CONSTRAINT `pr_tarifario_ibfk_1` FOREIGN KEY (`id_empresa`, `id_surcusal`) REFERENCES `se_sucursal` (`id_empresa`, `id_sucursal`)
) ENGINE=InnoDB AUTO_INCREMENT=4 DEFAULT CHARSET=utf8;

-- Volcando datos para la tabla bd_farmacia_desa.pr_tarifario: ~0 rows (aproximadamente)
/*!40000 ALTER TABLE `pr_tarifario` DISABLE KEYS */;
INSERT INTO `pr_tarifario` (`id_tarifario`, `id_empresa`, `id_surcusal`, `descripcion`, `fecha_inicio_vigente`, `fecha_fin_vigente`, `estado`, `usuario_creacion`, `fecha_creacion`, `usuario_actualizacion`, `fecha_actualizacion`) VALUES
	(1, 1, 1, 'cualquier cosa', '2019-04-18 15:42:36', '2019-04-18 15:42:36', 'A', 'anthonypiguave', NULL, NULL, NULL);
/*!40000 ALTER TABLE `pr_tarifario` ENABLE KEYS */;

-- Volcando estructura para tabla bd_farmacia_desa.pr_tipo_medidas
CREATE TABLE IF NOT EXISTS `pr_tipo_medidas` (
  `id_tipo_medidas` bigint(20) NOT NULL AUTO_INCREMENT,
  `id_empresa` bigint(20) DEFAULT NULL,
  `nombre_tipo_medida` varchar(120) DEFAULT NULL,
  `estado` char(2) DEFAULT NULL,
  `usuario_creacion` varchar(20) DEFAULT NULL,
  `fecha_creacion` datetime DEFAULT NULL,
  `usuario_actualizacion` varchar(20) DEFAULT NULL,
  `fecha_actualizacion` datetime DEFAULT NULL,
  PRIMARY KEY (`id_tipo_medidas`),
  KEY `fk_empre$4_idx` (`id_empresa`),
  CONSTRAINT `fk_empre$4` FOREIGN KEY (`id_empresa`) REFERENCES `se_empresa` (`id_empresa`) ON DELETE NO ACTION ON UPDATE NO ACTION
) ENGINE=InnoDB AUTO_INCREMENT=290 DEFAULT CHARSET=utf8;

-- Volcando datos para la tabla bd_farmacia_desa.pr_tipo_medidas: ~289 rows (aproximadamente)
/*!40000 ALTER TABLE `pr_tipo_medidas` DISABLE KEYS */;
INSERT INTO `pr_tipo_medidas` (`id_tipo_medidas`, `id_empresa`, `nombre_tipo_medida`, `estado`, `usuario_creacion`, `fecha_creacion`, `usuario_actualizacion`, `fecha_actualizacion`) VALUES
	(1, 1, '300 mg', 'A', 'AXJEFFERSON', '2019-09-06 00:13:30', NULL, NULL),
	(2, 1, '250 mg', 'A', 'AXJEFFERSON', '2019-09-06 00:13:30', NULL, NULL),
	(3, 1, '100 mg/mL', 'A', 'AXJEFFERSON', '2019-09-06 00:13:30', NULL, NULL),
	(4, 1, '300 mg/3 mL', 'A', 'AXJEFFERSON', '2019-09-06 00:13:30', NULL, NULL),
	(5, 1, '200 mg/5 mL', 'A', 'AXJEFFERSON', '2019-09-06 00:13:30', NULL, NULL),
	(6, 1, '200 mg', 'A', 'AXJEFFERSON', '2019-09-06 00:13:30', NULL, NULL),
	(7, 1, '800 mg', 'A', 'AXJEFFERSON', '2019-09-06 00:13:30', NULL, NULL),
	(8, 1, '400 mg', 'A', 'AXJEFFERSON', '2019-09-06 00:13:30', NULL, NULL),
	(9, 1, '3.00%', 'A', 'AXJEFFERSON', '2019-09-06 00:13:30', NULL, NULL),
	(10, 1, '500 mg', 'A', 'AXJEFFERSON', '2019-09-06 00:13:30', NULL, NULL),
	(11, 1, '100 mg', 'A', 'AXJEFFERSON', '2019-09-06 00:13:30', NULL, NULL),
	(12, 1, '70 mg', 'A', 'AXJEFFERSON', '2019-09-06 00:13:30', NULL, NULL),
	(13, 1, '5 mg', 'A', 'AXJEFFERSON', '2019-09-06 00:13:30', NULL, NULL),
	(14, 1, '1 mg', 'A', 'AXJEFFERSON', '2019-09-06 00:13:30', NULL, NULL),
	(15, 1, '2.00%', 'A', 'AXJEFFERSON', '2019-09-06 00:13:30', NULL, NULL),
	(16, 1, '375 mg/mL', 'A', 'AXJEFFERSON', '2019-09-06 00:13:30', NULL, NULL),
	(17, 1, '200 mg/mL', 'A', 'AXJEFFERSON', '2019-09-06 00:13:30', NULL, NULL),
	(18, 1, '250 mg/5 mL', 'A', 'AXJEFFERSON', '2019-09-06 00:13:30', NULL, NULL),
	(19, 1, '4 mg', 'A', 'AXJEFFERSON', '2019-09-06 00:13:30', NULL, NULL),
	(20, 1, '500 UI', 'A', 'AXJEFFERSON', '2019-09-06 00:13:30', NULL, NULL),
	(21, 1, '0,001', 'A', 'AXJEFFERSON', '2019-09-06 00:13:30', NULL, NULL),
	(22, 1, '3 mg/mL', 'A', 'AXJEFFERSON', '2019-09-06 00:13:30', NULL, NULL),
	(23, 1, '0,035', 'A', 'AXJEFFERSON', '2019-09-06 00:13:30', NULL, NULL),
	(24, 1, '4.00%', 'A', 'AXJEFFERSON', '2019-09-06 00:13:30', NULL, NULL),
	(25, 1, '___', 'A', 'AXJEFFERSON', '2019-09-06 00:13:30', NULL, NULL),
	(26, 1, '100 mg/5 mL', 'A', 'AXJEFFERSON', '2019-09-06 00:13:30', NULL, NULL),
	(27, 1, '2,5 mg/2,5 mL (2 500 UI)', 'A', 'AXJEFFERSON', '2019-09-06 00:13:30', NULL, NULL),
	(28, 1, '0,50 mg', 'A', 'AXJEFFERSON', '2019-09-06 00:13:30', NULL, NULL),
	(29, 1, '0,25 mg', 'A', 'AXJEFFERSON', '2019-09-06 00:13:30', NULL, NULL),
	(30, 1, '0,5 mg', 'A', 'AXJEFFERSON', '2019-09-06 00:13:30', NULL, NULL),
	(31, 1, '5.00%', 'A', 'AXJEFFERSON', '2019-09-06 00:13:30', NULL, NULL),
	(32, 1, '50 mg/mL', 'A', 'AXJEFFERSON', '2019-09-06 00:13:30', NULL, NULL),
	(33, 1, '250 mg/mL', 'A', 'AXJEFFERSON', '2019-09-06 00:13:30', NULL, NULL),
	(34, 1, '10.00%', 'A', 'AXJEFFERSON', '2019-09-06 00:13:30', NULL, NULL),
	(35, 1, '15.00%', 'A', 'AXJEFFERSON', '2019-09-06 00:13:30', NULL, NULL),
	(36, 1, '0,085', 'A', 'AXJEFFERSON', '2019-09-06 00:13:30', NULL, NULL),
	(37, 1, '25 mg/mL', 'A', 'AXJEFFERSON', '2019-09-06 00:13:30', NULL, NULL),
	(38, 1, '10 mg', 'A', 'AXJEFFERSON', '2019-09-06 00:13:30', NULL, NULL),
	(39, 1, '25 mg', 'A', 'AXJEFFERSON', '2019-09-06 00:13:30', NULL, NULL),
	(40, 1, '125 mg + 31,25 mg/5 mL', 'A', 'AXJEFFERSON', '2019-09-06 00:13:30', NULL, NULL),
	(41, 1, '250 mg + 62,5 mg/5 mL', 'A', 'AXJEFFERSON', '2019-09-06 00:13:30', NULL, NULL),
	(42, 1, '1 g + 200 mg', 'A', 'AXJEFFERSON', '2019-09-06 00:13:30', NULL, NULL),
	(43, 1, '500 mg + 125 mg', 'A', 'AXJEFFERSON', '2019-09-06 00:13:30', NULL, NULL),
	(44, 1, '1000 mg', 'A', 'AXJEFFERSON', '2019-09-06 00:13:30', NULL, NULL),
	(45, 1, '375 mg', 'A', 'AXJEFFERSON', '2019-09-06 00:13:30', NULL, NULL),
	(46, 1, '750 mg', 'A', 'AXJEFFERSON', '2019-09-06 00:13:30', NULL, NULL),
	(47, 1, '1000 mg + 500 mg', 'A', 'AXJEFFERSON', '2019-09-06 00:13:30', NULL, NULL),
	(48, 1, '50 mg', 'A', 'AXJEFFERSON', '2019-09-06 00:13:30', NULL, NULL),
	(49, 1, '250 UI', 'A', 'AXJEFFERSON', '2019-09-06 00:13:30', NULL, NULL),
	(50, 1, '20 mg + 120 mg', 'A', 'AXJEFFERSON', '2019-09-06 00:13:30', NULL, NULL),
	(51, 1, '10 000 UI', 'A', 'AXJEFFERSON', '2019-09-06 00:13:30', NULL, NULL),
	(52, 1, '150 mg', 'A', 'AXJEFFERSON', '2019-09-06 00:13:30', NULL, NULL),
	(53, 1, '1 mg/mL', 'A', 'AXJEFFERSON', '2019-09-06 00:13:30', NULL, NULL),
	(54, 1, '1.00%', 'A', 'AXJEFFERSON', '2019-09-06 00:13:30', NULL, NULL),
	(55, 1, '0,005', 'A', 'AXJEFFERSON', '2019-09-06 00:13:30', NULL, NULL),
	(56, 1, '20 mg', 'A', 'AXJEFFERSON', '2019-09-06 00:13:30', NULL, NULL),
	(57, 1, '50 mcg/dosis', 'A', 'AXJEFFERSON', '2019-09-06 00:13:30', NULL, NULL),
	(58, 1, '250 mcg/dosis', 'A', 'AXJEFFERSON', '2019-09-06 00:13:30', NULL, NULL),
	(59, 1, '5 000 000 UI', 'A', 'AXJEFFERSON', '2019-09-06 00:13:30', NULL, NULL),
	(60, 1, '1 000 000 UI', 'A', 'AXJEFFERSON', '2019-09-06 00:13:30', NULL, NULL),
	(61, 1, '2 400 000 UI', 'A', 'AXJEFFERSON', '2019-09-06 00:13:30', NULL, NULL),
	(62, 1, '600 000 UI', 'A', 'AXJEFFERSON', '2019-09-06 00:13:30', NULL, NULL),
	(63, 1, '1 200 000 UI', 'A', 'AXJEFFERSON', '2019-09-06 00:13:30', NULL, NULL),
	(64, 1, '4 mg/mL', 'A', 'AXJEFFERSON', '2019-09-06 00:13:30', NULL, NULL),
	(65, 1, '0,0005', 'A', 'AXJEFFERSON', '2019-09-06 00:13:30', NULL, NULL),
	(66, 1, '5 mg/mL', 'A', 'AXJEFFERSON', '2019-09-06 00:13:30', NULL, NULL),
	(67, 1, '2 mg', 'A', 'AXJEFFERSON', '2019-09-06 00:13:30', NULL, NULL),
	(68, 1, '15 UI', 'A', 'AXJEFFERSON', '2019-09-06 00:13:30', NULL, NULL),
	(69, 1, '0,0075', 'A', 'AXJEFFERSON', '2019-09-06 00:13:30', NULL, NULL),
	(70, 1, '20mg (35 mcg/h)', 'A', 'AXJEFFERSON', '2019-09-06 00:13:30', NULL, NULL),
	(71, 1, '0,2 mg', 'A', 'AXJEFFERSON', '2019-09-06 00:13:30', NULL, NULL),
	(72, 1, '0,3 mg/mL', 'A', 'AXJEFFERSON', '2019-09-06 00:13:30', NULL, NULL),
	(73, 1, '20 mg/mL', 'A', 'AXJEFFERSON', '2019-09-06 00:13:30', NULL, NULL),
	(74, 1, '(50 mcg + 0,5 mg)/g', 'A', 'AXJEFFERSON', '2019-09-06 00:13:30', NULL, NULL),
	(75, 1, '0,5 mcg', 'A', 'AXJEFFERSON', '2019-09-06 00:13:30', NULL, NULL),
	(76, 1, '1 000 mg', 'A', 'AXJEFFERSON', '2019-09-06 00:13:30', NULL, NULL),
	(77, 1, '450 mg', 'A', 'AXJEFFERSON', '2019-09-06 00:13:30', NULL, NULL),
	(78, 1, '10 mg/mL', 'A', 'AXJEFFERSON', '2019-09-06 00:13:30', NULL, NULL),
	(79, 1, '12,5 mg', 'A', 'AXJEFFERSON', '2019-09-06 00:13:30', NULL, NULL),
	(80, 1, '6,25 mg', 'A', 'AXJEFFERSON', '2019-09-06 00:13:30', NULL, NULL),
	(81, 1, '1 000 mg (1 g)', 'A', 'AXJEFFERSON', '2019-09-06 00:13:30', NULL, NULL),
	(82, 1, '0,003', 'A', 'AXJEFFERSON', '2019-09-06 00:13:30', NULL, NULL),
	(83, 1, '2 mg/mL', 'A', 'AXJEFFERSON', '2019-09-06 00:13:30', NULL, NULL),
	(84, 1, '0,5 mg/mL', 'A', 'AXJEFFERSON', '2019-09-06 00:13:30', NULL, NULL),
	(85, 1, '125 mg/5 mL', 'A', 'AXJEFFERSON', '2019-09-06 00:13:30', NULL, NULL),
	(86, 1, '150 mg/mL', 'A', 'AXJEFFERSON', '2019-09-06 00:13:30', NULL, NULL),
	(87, 1, '2,5 mg/mL', 'A', 'AXJEFFERSON', '2019-09-06 00:13:30', NULL, NULL),
	(88, 1, '75 mg', 'A', 'AXJEFFERSON', '2019-09-06 00:13:30', NULL, NULL),
	(89, 1, '25 mg/2 mL', 'A', 'AXJEFFERSON', '2019-09-06 00:13:30', NULL, NULL),
	(90, 1, '10 mg/5 mL', 'A', 'AXJEFFERSON', '2019-09-06 00:13:30', NULL, NULL),
	(91, 1, NULL, 'A', 'AXJEFFERSON', '2019-09-06 00:13:30', NULL, NULL),
	(92, 1, '100 mg, 100 mg, 1 mg', 'A', 'AXJEFFERSON', '2019-09-06 00:13:30', NULL, NULL),
	(93, 1, '200 mg + 40 mg/5 mL', 'A', 'AXJEFFERSON', '2019-09-06 00:13:30', NULL, NULL),
	(94, 1, '400 mg + 80 mg', 'A', 'AXJEFFERSON', '2019-09-06 00:13:30', NULL, NULL),
	(95, 1, '800 mg + 160 mg', 'A', 'AXJEFFERSON', '2019-09-06 00:13:30', NULL, NULL),
	(96, 1, '600 mg', 'A', 'AXJEFFERSON', '2019-09-06 00:13:30', NULL, NULL),
	(97, 1, '125 mg', 'A', 'AXJEFFERSON', '2019-09-06 00:13:30', NULL, NULL),
	(98, 1, '10 mcg/0,1 mL', 'A', 'AXJEFFERSON', '2019-09-06 00:13:30', NULL, NULL),
	(99, 1, '15 mcg/mL', 'A', 'AXJEFFERSON', '2019-09-06 00:13:30', NULL, NULL),
	(100, 1, '0,1 % + 0,3 %', 'A', 'AXJEFFERSON', '2019-09-06 00:13:30', NULL, NULL),
	(101, 1, '50.00%', 'A', 'AXJEFFERSON', '2019-09-06 00:13:30', NULL, NULL),
	(102, 1, '5 % + 0,9 %', 'A', 'AXJEFFERSON', '2019-09-06 00:13:30', NULL, NULL),
	(103, 1, '62,5 mcg', 'A', 'AXJEFFERSON', '2019-09-06 00:13:30', NULL, NULL),
	(104, 1, '50 mcg/mL', 'A', 'AXJEFFERSON', '2019-09-06 00:13:30', NULL, NULL),
	(105, 1, '0,25 mg/mL', 'A', 'AXJEFFERSON', '2019-09-06 00:13:30', NULL, NULL),
	(106, 1, '250 mcg', 'A', 'AXJEFFERSON', '2019-09-06 00:13:30', NULL, NULL),
	(107, 1, '90 mg', 'A', 'AXJEFFERSON', '2019-09-06 00:13:30', NULL, NULL),
	(108, 1, '120 mg', 'A', 'AXJEFFERSON', '2019-09-06 00:13:30', NULL, NULL),
	(109, 1, '60 mg', 'A', 'AXJEFFERSON', '2019-09-06 00:13:30', NULL, NULL),
	(110, 1, '20 mg/0,5 mL', 'A', 'AXJEFFERSON', '2019-09-06 00:13:30', NULL, NULL),
	(111, 1, '40 mg/mL', 'A', 'AXJEFFERSON', '2019-09-06 00:13:30', NULL, NULL),
	(112, 1, '60 mg/mL', 'A', 'AXJEFFERSON', '2019-09-06 00:13:30', NULL, NULL),
	(113, 1, '20.00%', 'A', 'AXJEFFERSON', '2019-09-06 00:13:30', NULL, NULL),
	(114, 1, '1,25 mg/mL', 'A', 'AXJEFFERSON', '2019-09-06 00:13:30', NULL, NULL),
	(115, 1, '2 000 UI (20 mg)', 'A', 'AXJEFFERSON', '2019-09-06 00:13:30', NULL, NULL),
	(116, 1, '4 000 UI (40 mg)', 'A', 'AXJEFFERSON', '2019-09-06 00:13:30', NULL, NULL),
	(117, 1, '6 000 UI (60 mg)', 'A', 'AXJEFFERSON', '2019-09-06 00:13:30', NULL, NULL),
	(118, 1, '8 000 UI (80 mg)', 'A', 'AXJEFFERSON', '2019-09-06 00:13:30', NULL, NULL),
	(119, 1, '10 000 UI (100 mg)', 'A', 'AXJEFFERSON', '2019-09-06 00:13:30', NULL, NULL),
	(120, 1, '400 mg/5 mL', 'A', 'AXJEFFERSON', '2019-09-06 00:13:30', NULL, NULL),
	(121, 1, '4 000 UI', 'A', 'AXJEFFERSON', '2019-09-06 00:13:30', NULL, NULL),
	(122, 1, '2 000 UI', 'A', 'AXJEFFERSON', '2019-09-06 00:13:30', NULL, NULL),
	(123, 1, '5 000 UI', 'A', 'AXJEFFERSON', '2019-09-06 00:13:30', NULL, NULL),
	(124, 1, '3 000 000 UI', 'A', 'AXJEFFERSON', '2019-09-06 00:13:30', NULL, NULL),
	(125, 1, '5 mg + 50 mg/mL', 'A', 'AXJEFFERSON', '2019-09-06 00:13:30', NULL, NULL),
	(126, 1, '1 500 000 UI', 'A', 'AXJEFFERSON', '2019-09-06 00:13:30', NULL, NULL),
	(127, 1, '1 mg/g (0,1%)', 'A', 'AXJEFFERSON', '2019-09-06 00:13:30', NULL, NULL),
	(128, 1, '0,75 mg', 'A', 'AXJEFFERSON', '2019-09-06 00:13:30', NULL, NULL),
	(129, 1, '600 UI', 'A', 'AXJEFFERSON', '2019-09-06 00:13:30', NULL, NULL),
	(130, 1, '1 000 UI', 'A', 'AXJEFFERSON', '2019-09-06 00:13:30', NULL, NULL),
	(131, 1, '25 mcg/h', 'A', 'AXJEFFERSON', '2019-09-06 00:13:30', NULL, NULL),
	(132, 1, '0,5 mg/10 mL', 'A', 'AXJEFFERSON', '2019-09-06 00:13:30', NULL, NULL),
	(133, 1, '300 mcg/mL', 'A', 'AXJEFFERSON', '2019-09-06 00:13:30', NULL, NULL),
	(134, 1, '0,1 mg', 'A', 'AXJEFFERSON', '2019-09-06 00:13:30', NULL, NULL),
	(135, 1, '0,1 mg/mL', 'A', 'AXJEFFERSON', '2019-09-06 00:13:30', NULL, NULL),
	(136, 1, '15 mg', 'A', 'AXJEFFERSON', '2019-09-06 00:13:30', NULL, NULL),
	(137, 1, '1 g/mL', 'A', 'AXJEFFERSON', '2019-09-06 00:13:30', NULL, NULL),
	(138, 1, '40 mg', 'A', 'AXJEFFERSON', '2019-09-06 00:13:30', NULL, NULL),
	(139, 1, '140 mg/mL', 'A', 'AXJEFFERSON', '2019-09-06 00:13:30', NULL, NULL),
	(140, 1, '80 mg/mL', 'A', 'AXJEFFERSON', '2019-09-06 00:13:30', NULL, NULL),
	(141, 1, '0,92 g', 'A', 'AXJEFFERSON', '2019-09-06 00:13:30', NULL, NULL),
	(142, 1, '3 g', 'A', 'AXJEFFERSON', '2019-09-06 00:13:30', NULL, NULL),
	(143, 1, '5 000 UI/mL', 'A', 'AXJEFFERSON', '2019-09-06 00:13:30', NULL, NULL),
	(144, 1, '2,5 mg', 'A', 'AXJEFFERSON', '2019-09-06 00:13:30', NULL, NULL),
	(145, 1, '12,5 mg de hierro + 300 mcg de vitamina A + 160 mcg de ácido fólico + 30 mg de ácido ascórbico + 5 m', 'A', 'AXJEFFERSON', '2019-09-06 00:13:30', NULL, NULL),
	(146, 1, '1 g', 'A', 'AXJEFFERSON', '2019-09-06 00:13:30', NULL, NULL),
	(147, 1, '500 mg + 500 mg', 'A', 'AXJEFFERSON', '2019-09-06 00:13:30', NULL, NULL),
	(148, 1, '300 mcg', 'A', 'AXJEFFERSON', '2019-09-06 00:13:30', NULL, NULL),
	(149, 1, '200 mcg', 'A', 'AXJEFFERSON', '2019-09-06 00:13:30', NULL, NULL),
	(150, 1, '0,10 g/mL', 'A', 'AXJEFFERSON', '2019-09-06 00:13:30', NULL, NULL),
	(151, 1, '0,45 g/mL', 'A', 'AXJEFFERSON', '2019-09-06 00:13:30', NULL, NULL),
	(152, 1, '45 g/100 g', 'A', 'AXJEFFERSON', '2019-09-06 00:13:30', NULL, NULL),
	(153, 1, '100 UI/mL', 'A', 'AXJEFFERSON', '2019-09-06 00:13:30', NULL, NULL),
	(154, 1, '30 000 000 UI', 'A', 'AXJEFFERSON', '2019-09-06 00:13:30', NULL, NULL),
	(155, 1, '10 000 000 UI', 'A', 'AXJEFFERSON', '2019-09-06 00:13:30', NULL, NULL),
	(156, 1, '15 000 000 UI', 'A', 'AXJEFFERSON', '2019-09-06 00:13:30', NULL, NULL),
	(157, 1, '25 000 000 UI', 'A', 'AXJEFFERSON', '2019-09-06 00:13:30', NULL, NULL),
	(158, 1, '12 000 000 UI (44mcg)', 'A', 'AXJEFFERSON', '2019-09-06 00:13:30', NULL, NULL),
	(159, 1, '6 000 000 UI  (30 mcg)', 'A', 'AXJEFFERSON', '2019-09-06 00:13:30', NULL, NULL),
	(160, 1, '36 000 000 UI  (88 mcg)', 'A', 'AXJEFFERSON', '2019-09-06 00:13:30', NULL, NULL),
	(161, 1, '8 000 000 UI  (250 mcg)', 'A', 'AXJEFFERSON', '2019-09-06 00:13:30', NULL, NULL),
	(162, 1, '0,02 mg/dosis', 'A', 'AXJEFFERSON', '2019-09-06 00:13:30', NULL, NULL),
	(163, 1, '0,25 mg/mL (0,025 % )', 'A', 'AXJEFFERSON', '2019-09-06 00:13:30', NULL, NULL),
	(164, 1, '6 mg/mL', 'A', 'AXJEFFERSON', '2019-09-06 00:13:30', NULL, NULL),
	(165, 1, '6 mg', 'A', 'AXJEFFERSON', '2019-09-06 00:13:30', NULL, NULL),
	(166, 1, '1 g/4 ml', 'A', 'AXJEFFERSON', '2019-09-06 00:13:30', NULL, NULL),
	(167, 1, '30 mg/mL', 'A', 'AXJEFFERSON', '2019-09-06 00:13:30', NULL, NULL),
	(168, 1, '65.00%', 'A', 'AXJEFFERSON', '2019-09-06 00:13:30', NULL, NULL),
	(169, 1, '14 mg/mL', 'A', 'AXJEFFERSON', '2019-09-06 00:13:30', NULL, NULL),
	(170, 1, '1 mg + 3 mg/mL', 'A', 'AXJEFFERSON', '2019-09-06 00:13:30', NULL, NULL),
	(171, 1, '2 mg/0,5 mL', 'A', 'AXJEFFERSON', '2019-09-06 00:13:30', NULL, NULL),
	(172, 1, '50 mg/5 mL', 'A', 'AXJEFFERSON', '2019-09-06 00:13:30', NULL, NULL),
	(173, 1, '300 mg + 600 mg', 'A', 'AXJEFFERSON', '2019-09-06 00:13:30', NULL, NULL),
	(174, 1, '7,5 mg', 'A', 'AXJEFFERSON', '2019-09-06 00:13:30', NULL, NULL),
	(175, 1, '3,75 mg', 'A', 'AXJEFFERSON', '2019-09-06 00:13:30', NULL, NULL),
	(176, 1, '11,25 mg', 'A', 'AXJEFFERSON', '2019-09-06 00:13:30', NULL, NULL),
	(177, 1, '100 mg + 10 mg', 'A', 'AXJEFFERSON', '2019-09-06 00:13:30', NULL, NULL),
	(178, 1, '250 mg + 25 mg', 'A', 'AXJEFFERSON', '2019-09-06 00:13:30', NULL, NULL),
	(179, 1, '500 mg/100 mL', 'A', 'AXJEFFERSON', '2019-09-06 00:13:30', NULL, NULL),
	(180, 1, '0,030 mg', 'A', 'AXJEFFERSON', '2019-09-06 00:13:30', NULL, NULL),
	(181, 1, '150 mcg + 30 mcg', 'A', 'AXJEFFERSON', '2019-09-06 00:13:30', NULL, NULL),
	(182, 1, '0,05 mg', 'A', 'AXJEFFERSON', '2019-09-06 00:13:30', NULL, NULL),
	(183, 1, '0,075 mg', 'A', 'AXJEFFERSON', '2019-09-06 00:13:30', NULL, NULL),
	(184, 1, '0,125 mg', 'A', 'AXJEFFERSON', '2019-09-06 00:13:30', NULL, NULL),
	(185, 1, '0,150 mg', 'A', 'AXJEFFERSON', '2019-09-06 00:13:30', NULL, NULL),
	(186, 1, '0,175 mg', 'A', 'AXJEFFERSON', '2019-09-06 00:13:30', NULL, NULL),
	(187, 1, '2 % + 1:200 000', 'A', 'AXJEFFERSON', '2019-09-06 00:13:30', NULL, NULL),
	(188, 1, '100 mg + 25 mg', 'A', 'AXJEFFERSON', '2019-09-06 00:13:30', NULL, NULL),
	(189, 1, '(80 mg + 20 mg)/mL', 'A', 'AXJEFFERSON', '2019-09-06 00:13:30', NULL, NULL),
	(190, 1, '200 mg + 50 mg', 'A', 'AXJEFFERSON', '2019-09-06 00:13:30', NULL, NULL),
	(191, 1, '5 mg/5 mL', 'A', 'AXJEFFERSON', '2019-09-06 00:13:30', NULL, NULL),
	(192, 1, '2,5 mg + 0,625 mg', 'A', 'AXJEFFERSON', '2019-09-06 00:13:30', NULL, NULL),
	(193, 1, '300 mg/mL', 'A', 'AXJEFFERSON', '2019-09-06 00:13:30', NULL, NULL),
	(194, 1, '850 mg', 'A', 'AXJEFFERSON', '2019-09-06 00:13:30', NULL, NULL),
	(195, 1, '500 mg + 5 mg', 'A', 'AXJEFFERSON', '2019-09-06 00:13:30', NULL, NULL),
	(196, 1, '500 mg + 2,5 mg', 'A', 'AXJEFFERSON', '2019-09-06 00:13:30', NULL, NULL),
	(197, 1, '250 mg + 1,25 mg', 'A', 'AXJEFFERSON', '2019-09-06 00:13:30', NULL, NULL),
	(198, 1, '0,2 mg/mL', 'A', 'AXJEFFERSON', '2019-09-06 00:13:30', NULL, NULL),
	(199, 1, '360 mg', 'A', 'AXJEFFERSON', '2019-09-06 00:13:30', NULL, NULL),
	(200, 1, '180 mg', 'A', 'AXJEFFERSON', '2019-09-06 00:13:30', NULL, NULL),
	(201, 1, '30 mg', 'A', 'AXJEFFERSON', '2019-09-06 00:13:30', NULL, NULL),
	(202, 1, '150 mg (8 000 UI, 10 000 UI, 600 UI)', 'A', 'AXJEFFERSON', '2019-09-06 00:13:30', NULL, NULL),
	(203, 1, 'Según declarado en Registro Sanitario', 'A', 'AXJEFFERSON', '2019-09-06 00:13:30', NULL, NULL),
	(204, 1, '0,4 mg/mL', 'A', 'AXJEFFERSON', '2019-09-06 00:13:30', NULL, NULL),
	(205, 1, '100 000 UI/mL', 'A', 'AXJEFFERSON', '2019-09-06 00:13:30', NULL, NULL),
	(206, 1, '25 mg /5 mL', 'A', 'AXJEFFERSON', '2019-09-06 00:13:30', NULL, NULL),
	(207, 1, 'Según lo declarado en el Registro Sanitario', 'A', 'AXJEFFERSON', '2019-09-06 00:13:30', NULL, NULL),
	(208, 1, '8 mg', 'A', 'AXJEFFERSON', '2019-09-06 00:13:30', NULL, NULL),
	(209, 1, 'Pureza no menor al 99.5 %', 'A', 'AXJEFFERSON', '2019-09-06 00:13:30', NULL, NULL),
	(210, 1, '10 UI/mL', 'A', 'AXJEFFERSON', '2019-09-06 00:13:30', NULL, NULL),
	(211, 1, '160 mg/5 mL', 'A', 'AXJEFFERSON', '2019-09-06 00:13:30', NULL, NULL),
	(212, 1, '120 mg/5 mL', 'A', 'AXJEFFERSON', '2019-09-06 00:13:30', NULL, NULL),
	(213, 1, '5 mcg/mL', 'A', 'AXJEFFERSON', '2019-09-06 00:13:30', NULL, NULL),
	(214, 1, '6 mg/0,6 mL (10 mg/mL)', 'A', 'AXJEFFERSON', '2019-09-06 00:13:30', NULL, NULL),
	(215, 1, '4 g + 0,5 g (4000 mg + 500 mg)', 'A', 'AXJEFFERSON', '2019-09-06 00:13:30', NULL, NULL),
	(216, 1, 'Según consta en Registro Sanitario.', 'A', 'AXJEFFERSON', '2019-09-06 00:13:30', NULL, NULL),
	(217, 1, '2 mEq/mL (14,9 %)', 'A', 'AXJEFFERSON', '2019-09-06 00:13:30', NULL, NULL),
	(218, 1, '0,0012', 'A', 'AXJEFFERSON', '2019-09-06 00:13:30', NULL, NULL),
	(219, 1, '10 000 000 UI + 500 000 UI + 62 500 UI + 15 g/100 g', 'A', 'AXJEFFERSON', '2019-09-06 00:13:30', NULL, NULL),
	(220, 1, '20 g/100 g (20 %)', 'A', 'AXJEFFERSON', '2019-09-06 00:13:30', NULL, NULL),
	(221, 1, '(20 g + 5 g)/100 g', 'A', 'AXJEFFERSON', '2019-09-06 00:13:30', NULL, NULL),
	(222, 1, '500 000 UI + 62 500 UI + 15 g/100 g', 'A', 'AXJEFFERSON', '2019-09-06 00:13:30', NULL, NULL),
	(223, 1, '80 mg', 'A', 'AXJEFFERSON', '2019-09-06 00:13:30', NULL, NULL),
	(224, 1, '10mg/mL (1000 UH/mL)', 'A', 'AXJEFFERSON', '2019-09-06 00:13:30', NULL, NULL),
	(225, 1, '50 000 UI', 'A', 'AXJEFFERSON', '2019-09-06 00:13:30', NULL, NULL),
	(226, 1, '300 mg + 150 mg', 'A', 'AXJEFFERSON', '2019-09-06 00:13:30', NULL, NULL),
	(227, 1, '150 mg + 400 mg + 275 mg + 75 mg', 'A', 'AXJEFFERSON', '2019-09-06 00:13:30', NULL, NULL),
	(228, 1, '37,5 mg', 'A', 'AXJEFFERSON', '2019-09-06 00:13:30', NULL, NULL),
	(229, 1, '0,1 mg/dosis', 'A', 'AXJEFFERSON', '2019-09-06 00:13:30', NULL, NULL),
	(230, 1, '1 mEq/mL (8,4 %)', 'A', 'AXJEFFERSON', '2019-09-06 00:13:30', NULL, NULL),
	(231, 1, '3,4 mEq/mL (20 %)', 'A', 'AXJEFFERSON', '2019-09-06 00:13:30', NULL, NULL),
	(232, 1, '0,009', 'A', 'AXJEFFERSON', '2019-09-06 00:13:30', NULL, NULL),
	(233, 1, '4,25 % - 4,50 %', 'A', 'AXJEFFERSON', '2019-09-06 00:13:30', NULL, NULL),
	(234, 1, '0,015', 'A', 'AXJEFFERSON', '2019-09-06 00:13:30', NULL, NULL),
	(235, 1, '2,25 % - 2,5 %', 'A', 'AXJEFFERSON', '2019-09-06 00:13:30', NULL, NULL),
	(236, 1, 'Cada mL neutraliza: 2,5 mg Bothrops asper, 2,5 mg Bothrops atrox, 1,0 mg Crotalus durissus, 1,0 mg L', 'A', 'AXJEFFERSON', '2019-09-06 00:13:30', NULL, NULL),
	(237, 1, 'Cada ml neutraliza: 3 mg Bothrops asper, 2 mg Crotalus durissus, 3 mg Lachesis muta, 3 mg Bothrops a', 'A', 'AXJEFFERSON', '2019-09-06 00:13:30', NULL, NULL),
	(238, 1, '0,4 mg', 'A', 'AXJEFFERSON', '2019-09-06 00:13:30', NULL, NULL),
	(239, 1, '300 mg + 200 mg', 'A', 'AXJEFFERSON', '2019-09-06 00:13:30', NULL, NULL),
	(240, 1, '300 mg + 200 mg + 600 mg', 'A', 'AXJEFFERSON', '2019-09-06 00:13:30', NULL, NULL),
	(241, 1, '0,0025', 'A', 'AXJEFFERSON', '2019-09-06 00:13:30', NULL, NULL),
	(242, 1, '18 mcg', 'A', 'AXJEFFERSON', '2019-09-06 00:13:30', NULL, NULL),
	(243, 1, '300 mg/5 mL', 'A', 'AXJEFFERSON', '2019-09-06 00:13:30', NULL, NULL),
	(244, 1, '100 U', 'A', 'AXJEFFERSON', '2019-09-06 00:13:30', NULL, NULL),
	(245, 1, '500 U', 'A', 'AXJEFFERSON', '2019-09-06 00:13:30', NULL, NULL),
	(246, 1, '> 40 UI/0,5 mL.', 'A', 'AXJEFFERSON', '2019-09-06 00:13:30', NULL, NULL),
	(247, 1, '440 mg', 'A', 'AXJEFFERSON', '2019-09-06 00:13:30', NULL, NULL),
	(248, 1, '0,67 g/100 g', 'A', 'AXJEFFERSON', '2019-09-06 00:13:30', NULL, NULL),
	(249, 1, 'Zidovudina + Lamivudina + Nevirapina', 'A', 'AXJEFFERSON', '2019-09-06 00:13:30', NULL, NULL),
	(250, 1, '120 mg/mL', 'A', 'AXJEFFERSON', '2019-09-06 00:13:30', NULL, NULL),
	(251, 1, '150 mg/5 mL', 'A', 'AXJEFFERSON', '2019-09-06 00:13:30', NULL, NULL),
	(252, 1, '50 mg/mL.', 'A', 'AXJEFFERSON', '2019-09-06 00:13:30', NULL, NULL),
	(253, 1, '150 mg + 75 mg', 'A', 'AXJEFFERSON', '2019-09-06 00:13:30', NULL, NULL),
	(254, 1, '150 mg + 150 mg', 'A', 'AXJEFFERSON', '2019-09-06 00:13:30', NULL, NULL),
	(255, 1, '150 mg + 400 mg + 75 mg', 'A', 'AXJEFFERSON', '2019-09-06 00:13:30', NULL, NULL),
	(256, 1, '120 mg + 300 mg + 60 mg', 'A', 'AXJEFFERSON', '2019-09-06 00:13:30', NULL, NULL),
	(257, 1, '60 mg + 400 mcg', 'A', 'AXJEFFERSON', '2019-09-06 00:13:30', NULL, NULL),
	(258, 1, '2 mg/5 mL', 'A', 'AXJEFFERSON', '2019-09-06 00:13:30', NULL, NULL),
	(259, 1, '22,5 mg/mL(2.25 %)', 'A', 'AXJEFFERSON', '2019-09-06 00:13:30', NULL, NULL),
	(260, 1, '400 mg + 150 mg', 'A', 'AXJEFFERSON', '2019-09-06 00:13:30', NULL, NULL),
	(261, 1, '1 200 UI', 'A', 'AXJEFFERSON', '2019-09-06 00:13:30', NULL, NULL),
	(262, 1, '1 500 UI', 'A', 'AXJEFFERSON', '2019-09-06 00:13:30', NULL, NULL),
	(263, 1, '20 mg/5 mL', 'A', 'AXJEFFERSON', '2019-09-06 00:13:30', NULL, NULL),
	(264, 1, '300 UI/mL', 'A', 'AXJEFFERSON', '2019-09-06 00:13:30', NULL, NULL),
	(265, 1, '200 UI', 'A', 'AXJEFFERSON', '2019-09-06 00:13:30', NULL, NULL),
	(266, 1, '1,5 mg', 'A', 'AXJEFFERSON', '2019-09-06 00:13:30', NULL, NULL),
	(267, 1, '1,5 mg/mL', 'A', 'AXJEFFERSON', '2019-09-06 00:13:30', NULL, NULL),
	(268, 1, '300 mg + 150 mg + 200 mg', 'A', 'AXJEFFERSON', '2019-09-06 00:13:30', NULL, NULL),
	(269, 1, '1 500 UI/mL', 'A', 'AXJEFFERSON', '2019-09-06 00:13:30', NULL, NULL),
	(270, 1, '12,5 mg/5 mL', 'A', 'AXJEFFERSON', '2019-09-06 00:13:30', NULL, NULL),
	(271, 1, '62,5 mg', 'A', 'AXJEFFERSON', '2019-09-06 00:13:30', NULL, NULL),
	(272, 1, '400 UI', 'A', 'AXJEFFERSON', '2019-09-06 00:13:30', NULL, NULL),
	(273, 1, '35 mg', 'A', 'AXJEFFERSON', '2019-09-06 00:13:30', NULL, NULL),
	(274, 1, '3,5 mg', 'A', 'AXJEFFERSON', '2019-09-06 00:13:30', NULL, NULL),
	(275, 1, '150 mcg', 'A', 'AXJEFFERSON', '2019-09-06 00:13:30', NULL, NULL),
	(276, 1, '5,3 mg', 'A', 'AXJEFFERSON', '2019-09-06 00:13:30', NULL, NULL),
	(277, 1, '8,6 mg', 'A', 'AXJEFFERSON', '2019-09-06 00:13:30', NULL, NULL),
	(278, 1, '50 mcg', 'A', 'AXJEFFERSON', '2019-09-06 00:13:30', NULL, NULL),
	(279, 1, '125 mcg', 'A', 'AXJEFFERSON', '2019-09-06 00:13:30', NULL, NULL),
	(280, 1, 'Fosfato: 2,6 mMol/mLPotasio:3,8mEq/mL', 'A', 'AXJEFFERSON', '2019-09-06 00:13:30', NULL, NULL),
	(281, 1, '68 mg', 'A', 'AXJEFFERSON', '2019-09-06 00:13:30', NULL, NULL),
	(282, 1, '30 mg de veneno deshidratado de Bothrops sp.,', 'A', 'AXJEFFERSON', '2019-09-06 00:13:30', NULL, NULL),
	(283, 1, '6 g', 'A', 'AXJEFFERSON', '2019-09-06 00:13:30', NULL, NULL),
	(284, 1, '27 mg/ mL', 'A', 'AXJEFFERSON', '2019-09-06 00:13:30', NULL, NULL),
	(285, 1, '25 mcg + 125 mcg', 'A', 'AXJEFFERSON', '2019-09-06 00:13:30', NULL, NULL),
	(286, 1, '25 mcg + 250 mcg', 'A', 'AXJEFFERSON', '2019-09-06 00:13:30', NULL, NULL),
	(287, 1, '3,9 mg', 'A', 'AXJEFFERSON', '2019-09-06 00:13:30', NULL, NULL),
	(288, 1, 'Según lo declarado en registro sanitario', 'A', 'AXJEFFERSON', '2019-09-06 00:13:30', NULL, NULL),
	(289, 1, '200 mg/8 mL', 'A', 'AXJEFFERSON', '2019-09-06 00:13:30', NULL, NULL);
/*!40000 ALTER TABLE `pr_tipo_medidas` ENABLE KEYS */;

-- Volcando estructura para tabla bd_farmacia_desa.pr_tipo_presentacion
CREATE TABLE IF NOT EXISTS `pr_tipo_presentacion` (
  `id_tipo_presentacion` bigint(20) NOT NULL AUTO_INCREMENT,
  `nombre` varchar(256) DEFAULT NULL,
  `estado` char(2) DEFAULT NULL,
  `usuario_creacion` varchar(20) DEFAULT NULL,
  `fecha_creacion` datetime DEFAULT NULL,
  `usuario_actualizacion` varchar(20) DEFAULT NULL,
  `fecha_actualizacion` datetime DEFAULT NULL,
  PRIMARY KEY (`id_tipo_presentacion`)
) ENGINE=InnoDB AUTO_INCREMENT=401 DEFAULT CHARSET=utf8;

-- Volcando datos para la tabla bd_farmacia_desa.pr_tipo_presentacion: ~400 rows (aproximadamente)
/*!40000 ALTER TABLE `pr_tipo_presentacion` DISABLE KEYS */;
INSERT INTO `pr_tipo_presentacion` (`id_tipo_presentacion`, `nombre`, `estado`, `usuario_creacion`, `fecha_creacion`, `usuario_actualizacion`, `fecha_actualizacion`) VALUES
	(1, 'Caja x 1 frasco, Caja x blísteres', 'A', 'AXJEFFERSON', '2019-09-06 01:41:18', NULL, NULL),
	(2, 'Caja x blísteres', 'A', 'AXJEFFERSON', '2019-09-06 01:41:18', NULL, NULL),
	(3, 'Caja x ampollas de 3 mL', 'A', 'AXJEFFERSON', '2019-09-06 01:41:18', NULL, NULL),
	(4, 'Caja x frasco de 100 ó 120 mL', 'A', 'AXJEFFERSON', '2019-09-06 01:41:18', NULL, NULL),
	(5, 'Caja x viales', 'A', 'AXJEFFERSON', '2019-09-06 01:41:18', NULL, NULL),
	(6, 'Caja x tubo', 'A', 'AXJEFFERSON', '2019-09-06 01:41:18', NULL, NULL),
	(7, 'Caja x sobres ó ristra', 'A', 'AXJEFFERSON', '2019-09-06 01:41:18', NULL, NULL),
	(8, 'Caja x ampollas de 5mL', 'A', 'AXJEFFERSON', '2019-09-06 01:41:18', NULL, NULL),
	(9, 'Caja x blísteres, Caja x frasco', 'A', 'AXJEFFERSON', '2019-09-06 01:41:18', NULL, NULL),
	(10, 'Caja x tubo de 15 g', 'A', 'AXJEFFERSON', '2019-09-06 01:41:18', NULL, NULL),
	(11, 'Caja x frasco', 'A', 'AXJEFFERSON', '2019-09-06 01:41:18', NULL, NULL),
	(12, 'Caja x ampollas de 5 mL', 'A', 'AXJEFFERSON', '2019-09-06 01:41:18', NULL, NULL),
	(13, 'Caja x frasco de 120 mL', 'A', 'AXJEFFERSON', '2019-09-06 01:41:18', NULL, NULL),
	(14, 'Caja x  vial con o sin disolvente', 'A', 'AXJEFFERSON', '2019-09-06 01:41:18', NULL, NULL),
	(15, 'Caja x 1 vial + disolvente vial de 20mL + kit para reconstitución', 'A', 'AXJEFFERSON', '2019-09-06 01:41:18', NULL, NULL),
	(16, 'Caja x ampollas de 2 mL', 'A', 'AXJEFFERSON', '2019-09-06 01:41:18', NULL, NULL),
	(17, 'Frasco x 500 mL', 'A', 'AXJEFFERSON', '2019-09-06 01:41:18', NULL, NULL),
	(18, 'Caja x ampollas de 2, 3, 5 ó 10 mL, Bolsa de 250 ó 3000 mL', 'A', 'AXJEFFERSON', '2019-09-06 01:41:18', NULL, NULL),
	(19, 'Caja x frascos de 20 mL', 'A', 'AXJEFFERSON', '2019-09-06 01:41:18', NULL, NULL),
	(20, 'Caja x blisteres/sobres', 'A', 'AXJEFFERSON', '2019-09-06 01:41:18', NULL, NULL),
	(21, 'Caja x ampollas de 2,5 mL', 'A', 'AXJEFFERSON', '2019-09-06 01:41:18', NULL, NULL),
	(22, 'Caja x frascos', 'A', 'AXJEFFERSON', '2019-09-06 01:41:18', NULL, NULL),
	(23, 'Caja x vial', 'A', 'AXJEFFERSON', '2019-09-06 01:41:18', NULL, NULL),
	(24, 'Caja x ampollas de 2, 4 mL', 'A', 'AXJEFFERSON', '2019-09-06 01:41:18', NULL, NULL),
	(25, 'Caja x Frasco/Funda de 100 mL, 250 mL, Frasco de 500 mL.', 'A', 'AXJEFFERSON', '2019-09-06 01:41:18', NULL, NULL),
	(26, 'Frasco/Funda de 500 mL', 'A', 'AXJEFFERSON', '2019-09-06 01:41:18', NULL, NULL),
	(27, 'Caja x ampollas de 10 mL', 'A', 'AXJEFFERSON', '2019-09-06 01:41:18', NULL, NULL),
	(28, 'Caja x frasco de 100 ó 120 mL + dosificador', 'A', 'AXJEFFERSON', '2019-09-06 01:41:18', NULL, NULL),
	(29, 'Caja x frasco para reconstituír de 100 ó 120 mL', 'A', 'AXJEFFERSON', '2019-09-06 01:41:18', NULL, NULL),
	(30, 'Caja x blísteres/ristras', 'A', 'AXJEFFERSON', '2019-09-06 01:41:18', NULL, NULL),
	(31, 'Caja x 1 frasco de 100 ó 120 mL', 'A', 'AXJEFFERSON', '2019-09-06 01:41:18', NULL, NULL),
	(32, 'Caja x blísteres/ristras, Caja x frasco', 'A', 'AXJEFFERSON', '2019-09-06 01:41:18', NULL, NULL),
	(33, 'Caja x viales + disolvente', 'A', 'AXJEFFERSON', '2019-09-06 01:41:18', NULL, NULL),
	(34, 'Caja x 1 blíster/blísteres', 'A', 'AXJEFFERSON', '2019-09-06 01:41:18', NULL, NULL),
	(35, 'Caja x viales + diluyente', 'A', 'AXJEFFERSON', '2019-09-06 01:41:18', NULL, NULL),
	(36, 'Caja x jeringas prellenadas de 0,5 mL o 1 mL', 'A', 'AXJEFFERSON', '2019-09-06 01:41:18', NULL, NULL),
	(37, 'Caja x frasco vial', 'A', 'AXJEFFERSON', '2019-09-06 01:41:18', NULL, NULL),
	(38, 'Cajas x ampollas de 1 mL', 'A', 'AXJEFFERSON', '2019-09-06 01:41:18', NULL, NULL),
	(39, 'Caja x frasco gotero de 5 ó 10 mL', 'A', 'AXJEFFERSON', '2019-09-06 01:41:18', NULL, NULL),
	(40, 'Caja x frasco de 15 ó 30 mL', 'A', 'AXJEFFERSON', '2019-09-06 01:41:18', NULL, NULL),
	(41, 'Caja x vial + disolvente ampolla de 5 mL', 'A', 'AXJEFFERSON', '2019-09-06 01:41:18', NULL, NULL),
	(42, 'Caja x frasco de 200 dosis con atomizador', 'A', 'AXJEFFERSON', '2019-09-06 01:41:18', NULL, NULL),
	(43, 'Caja x viales con o sin disolvente', 'A', 'AXJEFFERSON', '2019-09-06 01:41:18', NULL, NULL),
	(44, 'Caja x ampollas de 1 mL', 'A', 'AXJEFFERSON', '2019-09-06 01:41:18', NULL, NULL),
	(45, 'Caja x frasco de 60 mL', 'A', 'AXJEFFERSON', '2019-09-06 01:41:18', NULL, NULL),
	(46, 'Caja x tubo de 30 g', 'A', 'AXJEFFERSON', '2019-09-06 01:41:18', NULL, NULL),
	(47, 'Caja x tubo mínimo de 20 g', 'A', 'AXJEFFERSON', '2019-09-06 01:41:18', NULL, NULL),
	(48, 'Caja x vial de 4 mL ó 16 mL', 'A', 'AXJEFFERSON', '2019-09-06 01:41:18', NULL, NULL),
	(49, 'Caja x vial + diluyente', 'A', 'AXJEFFERSON', '2019-09-06 01:41:18', NULL, NULL),
	(50, 'Caja x viales/ampoulepack de 4 mL', 'A', 'AXJEFFERSON', '2019-09-06 01:41:18', NULL, NULL),
	(51, 'Caja x ampoulepack/ ampollas de 3 o 4 mL.', 'A', 'AXJEFFERSON', '2019-09-06 01:41:18', NULL, NULL),
	(52, 'Caja x ampoulepack de 10 mL', 'A', 'AXJEFFERSON', '2019-09-06 01:41:18', NULL, NULL),
	(53, 'Caja x viales/Ampoulepack de 10 ó 20 mL', 'A', 'AXJEFFERSON', '2019-09-06 01:41:18', NULL, NULL),
	(54, 'Caja x parches', 'A', 'AXJEFFERSON', '2019-09-06 01:41:18', NULL, NULL),
	(55, 'Caja x  tubo de 30 g', 'A', 'AXJEFFERSON', '2019-09-06 01:41:18', NULL, NULL),
	(56, 'Caja x vial de 5, 15 ó 45 mL', 'A', 'AXJEFFERSON', '2019-09-06 01:41:18', NULL, NULL),
	(57, 'Caja x frasco de 60 mL, 100 ó 120 mL', 'A', 'AXJEFFERSON', '2019-09-06 01:41:18', NULL, NULL),
	(58, 'Caja x vial con ó sin disolvente', 'A', 'AXJEFFERSON', '2019-09-06 01:41:18', NULL, NULL),
	(59, 'Caja x ristras', 'A', 'AXJEFFERSON', '2019-09-06 01:41:18', NULL, NULL),
	(60, 'Caja x frasco de 50 mL', 'A', 'AXJEFFERSON', '2019-09-06 01:41:18', NULL, NULL),
	(61, 'Caja x frasco gotero de 5 mL', 'A', 'AXJEFFERSON', '2019-09-06 01:41:18', NULL, NULL),
	(62, 'Caja x frasco/funda/vial de 100 mL', 'A', 'AXJEFFERSON', '2019-09-06 01:41:18', NULL, NULL),
	(63, 'Caja x viales de 10 ó 50 mL', 'A', 'AXJEFFERSON', '2019-09-06 01:41:18', NULL, NULL),
	(64, 'Caja x viales de 50 mL', 'A', 'AXJEFFERSON', '2019-09-06 01:41:18', NULL, NULL),
	(65, 'Caja x frasco de 50 ó 60 mL', 'A', 'AXJEFFERSON', '2019-09-06 01:41:18', NULL, NULL),
	(66, 'Caja x frasco de 50, 60 u 80 mL', 'A', 'AXJEFFERSON', '2019-09-06 01:41:18', NULL, NULL),
	(67, 'Caja x ampollas de 4 mL', 'A', 'AXJEFFERSON', '2019-09-06 01:41:18', NULL, NULL),
	(68, 'Caja x frasco de 10, 20 ó 30 mL', 'A', 'AXJEFFERSON', '2019-09-06 01:41:18', NULL, NULL),
	(69, 'Caja x bíster/bísteres', 'A', 'AXJEFFERSON', '2019-09-06 01:41:18', NULL, NULL),
	(70, 'Caja x frasco de 25 mL', 'A', 'AXJEFFERSON', '2019-09-06 01:41:18', NULL, NULL),
	(71, 'Caja x tubo de 40 g + aplicadores', 'A', 'AXJEFFERSON', '2019-09-06 01:41:18', NULL, NULL),
	(72, 'Caja x tubo 20 g  + aplicador', 'A', 'AXJEFFERSON', '2019-09-06 01:41:18', NULL, NULL),
	(73, 'Caja x blíster/blísteres', 'A', 'AXJEFFERSON', '2019-09-06 01:41:18', NULL, NULL),
	(74, 'Caja x tubo de 20 ó 40 g', 'A', 'AXJEFFERSON', '2019-09-06 01:41:18', NULL, NULL),
	(75, 'Caja x ristra/ ristras', 'A', 'AXJEFFERSON', '2019-09-06 01:41:18', NULL, NULL),
	(76, 'Caja x ristra/ristras', 'A', 'AXJEFFERSON', '2019-09-06 01:41:18', NULL, NULL),
	(77, 'Caja x blíster/ blísteres', 'A', 'AXJEFFERSON', '2019-09-06 01:41:18', NULL, NULL),
	(78, 'Frasco', 'A', 'AXJEFFERSON', '2019-09-06 01:41:18', NULL, NULL),
	(79, 'Caja x frasco ampolla + disolvente ampolla', 'A', 'AXJEFFERSON', '2019-09-06 01:41:18', NULL, NULL),
	(80, NULL, 'A', 'AXJEFFERSON', '2019-09-06 01:41:18', NULL, NULL),
	(81, 'Caja x ampollas, Caja x jeringa prellenada, de 2, 3, ó 10 mL', 'A', 'AXJEFFERSON', '2019-09-06 01:41:18', NULL, NULL),
	(82, 'Caja x ristras, Caja x blísteres', 'A', 'AXJEFFERSON', '2019-09-06 01:41:18', NULL, NULL),
	(83, 'Caja x vial/viales', 'A', 'AXJEFFERSON', '2019-09-06 01:41:18', NULL, NULL),
	(84, 'Caja x vial + diluyente ampolla', 'A', 'AXJEFFERSON', '2019-09-06 01:41:18', NULL, NULL),
	(85, 'Caja x ampolla de 10 mL', 'A', 'AXJEFFERSON', '2019-09-06 01:41:18', NULL, NULL),
	(86, 'Caja x frasco spray', 'A', 'AXJEFFERSON', '2019-09-06 01:41:18', NULL, NULL),
	(87, 'Caja x ampollas de 1 mL, Caja x  ampollas de  2 mL', 'A', 'AXJEFFERSON', '2019-09-06 01:41:18', NULL, NULL),
	(88, 'Caja x tubo de 3,5 g', 'A', 'AXJEFFERSON', '2019-09-06 01:41:18', NULL, NULL),
	(89, 'Funda de 500 y 1000 mL', 'A', 'AXJEFFERSON', '2019-09-06 01:41:18', NULL, NULL),
	(90, 'Funda de 100, 250, 500 y 1000 mL.', 'A', 'AXJEFFERSON', '2019-09-06 01:41:18', NULL, NULL),
	(91, 'Funda de 500 ó 1000 mL', 'A', 'AXJEFFERSON', '2019-09-06 01:41:18', NULL, NULL),
	(92, 'Caja x ampollas de 1 ó 2 mL', 'A', 'AXJEFFERSON', '2019-09-06 01:41:18', NULL, NULL),
	(93, 'Caja x blísteres , Caja x ristras', 'A', 'AXJEFFERSON', '2019-09-06 01:41:18', NULL, NULL),
	(94, 'Caja x frasco de 60, 80 mL', 'A', 'AXJEFFERSON', '2019-09-06 01:41:18', NULL, NULL),
	(95, 'Caja x ampollas de 1mL', 'A', 'AXJEFFERSON', '2019-09-06 01:41:18', NULL, NULL),
	(96, 'Caja x frasco de  60 mL', 'A', 'AXJEFFERSON', '2019-09-06 01:41:18', NULL, NULL),
	(97, 'Caja x ampolla/ampollas de 2 mL', 'A', 'AXJEFFERSON', '2019-09-06 01:41:18', NULL, NULL),
	(98, 'Caja x vial + ampolla con disolvente', 'A', 'AXJEFFERSON', '2019-09-06 01:41:18', NULL, NULL),
	(99, 'Caja x blíster', 'A', 'AXJEFFERSON', '2019-09-06 01:41:18', NULL, NULL),
	(100, 'Caja x frasco ampolla de 0,5 mL, Caja x frasco ampolla de 0,5 mL + disolvente de 1,5 mL, Caja x vial', 'A', 'AXJEFFERSON', '2019-09-06 01:41:18', NULL, NULL),
	(101, 'Caja x vial de 2 mL con ó sin disolvente ampolla', 'A', 'AXJEFFERSON', '2019-09-06 01:41:18', NULL, NULL),
	(102, 'Frasco/funda x 500 mL, botella x 250 mL', 'A', 'AXJEFFERSON', '2019-09-06 01:41:18', NULL, NULL),
	(103, 'Caja x ampolla de 2 mL', 'A', 'AXJEFFERSON', '2019-09-06 01:41:18', NULL, NULL),
	(104, 'Caja x blísteres, Caja x ristras', 'A', 'AXJEFFERSON', '2019-09-06 01:41:18', NULL, NULL),
	(105, 'Caja x blísterpack con jeringas prellenadas de 0.2 mL', 'A', 'AXJEFFERSON', '2019-09-06 01:41:18', NULL, NULL),
	(106, 'Caja x blísterpack con jeringas prellenadas de 0.4 mL', 'A', 'AXJEFFERSON', '2019-09-06 01:41:18', NULL, NULL),
	(107, 'Caja x jeringas prellenadas de 0.6 mL', 'A', 'AXJEFFERSON', '2019-09-06 01:41:18', NULL, NULL),
	(108, 'Caja x jeringas prellenadas', 'A', 'AXJEFFERSON', '2019-09-06 01:41:18', NULL, NULL),
	(109, 'Caja x ampollas de 1 mL, Caja x blísteres x ampollas de 1 mL', 'A', 'AXJEFFERSON', '2019-09-06 01:41:18', NULL, NULL),
	(110, 'Caja x vial de 5 mL', 'A', 'AXJEFFERSON', '2019-09-06 01:41:18', NULL, NULL),
	(111, 'Caja x tubo de 3 g', 'A', 'AXJEFFERSON', '2019-09-06 01:41:18', NULL, NULL),
	(112, 'Caja x frasco de 60, 80 y 100 mL', 'A', 'AXJEFFERSON', '2019-09-06 01:41:18', NULL, NULL),
	(113, 'Caja x jeringa precargada de 0.4 mL, Caja x jeringas precargadas de 1 mL', 'A', 'AXJEFFERSON', '2019-09-06 01:41:18', NULL, NULL),
	(114, 'Caja x jeringa precargada de 1mL, Caja x jeringas precargadas de 0.3 mL, 0.5 mL', 'A', 'AXJEFFERSON', '2019-09-06 01:41:18', NULL, NULL),
	(115, 'Caja x jeringas precargadas', 'A', 'AXJEFFERSON', '2019-09-06 01:41:18', NULL, NULL),
	(116, 'Caja X Jeringa prellenada', 'A', 'AXJEFFERSON', '2019-09-06 01:41:18', NULL, NULL),
	(117, 'Caja x ampolla de 1 mL', 'A', 'AXJEFFERSON', '2019-09-06 01:41:18', NULL, NULL),
	(118, 'Caja x blíster/ristra', 'A', 'AXJEFFERSON', '2019-09-06 01:41:18', NULL, NULL),
	(119, 'Caja x jeringas de 1 mL', 'A', 'AXJEFFERSON', '2019-09-06 01:41:18', NULL, NULL),
	(120, 'Caja x vial + disolvente ampolla', 'A', 'AXJEFFERSON', '2019-09-06 01:41:18', NULL, NULL),
	(121, 'Caja x vial + disolvente', 'A', 'AXJEFFERSON', '2019-09-06 01:41:18', NULL, NULL),
	(122, 'Kit x vial + disolvente ampolla', 'A', 'AXJEFFERSON', '2019-09-06 01:41:18', NULL, NULL),
	(123, 'Caja x ampollas de 2 mL, 5 mL, 10 mL', 'A', 'AXJEFFERSON', '2019-09-06 01:41:18', NULL, NULL),
	(124, 'Frasco de 120 mL', 'A', 'AXJEFFERSON', '2019-09-06 01:41:18', NULL, NULL),
	(125, 'Caja x jeringa prellenada de 1 mL<br />', 'A', 'AXJEFFERSON', '2019-09-06 01:41:18', NULL, NULL),
	(126, 'Caja x frasco de 50 mL ó 100 mL', 'A', 'AXJEFFERSON', '2019-09-06 01:41:18', NULL, NULL),
	(127, 'Caja x blíster ,Caja x blísteres', 'A', 'AXJEFFERSON', '2019-09-06 01:41:18', NULL, NULL),
	(128, 'Caja x vial /viales', 'A', 'AXJEFFERSON', '2019-09-06 01:41:18', NULL, NULL),
	(129, 'Caja x jeringa prellenada de 5 mL, Caja x ampollas de 5 mL', 'A', 'AXJEFFERSON', '2019-09-06 01:41:18', NULL, NULL),
	(130, 'Caja x vial/ viales x 5 mL y 10 mL', 'A', 'AXJEFFERSON', '2019-09-06 01:41:18', NULL, NULL),
	(131, 'Caja x vial/ viales de 20 mL', 'A', 'AXJEFFERSON', '2019-09-06 01:41:18', NULL, NULL),
	(132, 'Caja x ampollas de 5 mL ó 10 mL.', 'A', 'AXJEFFERSON', '2019-09-06 01:41:18', NULL, NULL),
	(133, 'Caja x blíster/blísteres.', 'A', 'AXJEFFERSON', '2019-09-06 01:41:18', NULL, NULL),
	(134, 'Envase de 237 mL ó frasco de 1000 mL', 'A', 'AXJEFFERSON', '2019-09-06 01:41:18', NULL, NULL),
	(135, 'Envase de 300g ó 400 g, Caja x sobres de 76 g.', 'A', 'AXJEFFERSON', '2019-09-06 01:41:18', NULL, NULL),
	(136, 'Caja x vial/ viales', 'A', 'AXJEFFERSON', '2019-09-06 01:41:18', NULL, NULL),
	(137, 'Caja x ampolla/ ampollas de 2 mL', 'A', 'AXJEFFERSON', '2019-09-06 01:41:18', NULL, NULL),
	(138, 'Caja x ampolla/ ampollas de 1 mL', 'A', 'AXJEFFERSON', '2019-09-06 01:41:18', NULL, NULL),
	(139, 'Caja x vial/ viales de 1 mg + disolvente', 'A', 'AXJEFFERSON', '2019-09-06 01:41:18', NULL, NULL),
	(140, 'Caja x frasco gotero, Caja x frasco + dosificador.', 'A', 'AXJEFFERSON', '2019-09-06 01:41:18', NULL, NULL),
	(141, 'Caja x Frascos/viales de 5 mL, Caja x Frascos/viales de 10 mL', 'A', 'AXJEFFERSON', '2019-09-06 01:41:18', NULL, NULL),
	(142, 'Caja x blíster/ristras', 'A', 'AXJEFFERSON', '2019-09-06 01:41:18', NULL, NULL),
	(143, 'Caja x ampolla/ampollas.', 'A', 'AXJEFFERSON', '2019-09-06 01:41:18', NULL, NULL),
	(144, 'Caja x blíster/blísteres, Frasco.', 'A', 'AXJEFFERSON', '2019-09-06 01:41:18', NULL, NULL),
	(145, 'Caja x frasco de 15 mL, 20 mL, 30 mL ó 60 mL.', 'A', 'AXJEFFERSON', '2019-09-06 01:41:18', NULL, NULL),
	(146, 'Caja x tubo de 15 g, 20 g, ó 30 g', 'A', 'AXJEFFERSON', '2019-09-06 01:41:18', NULL, NULL),
	(147, 'Caja x frasco/vial + diluyente, Caja x frasco/vial.', 'A', 'AXJEFFERSON', '2019-09-06 01:41:18', NULL, NULL),
	(148, 'Caja x frascos/viales 2 mL', 'A', 'AXJEFFERSON', '2019-09-06 01:41:18', NULL, NULL),
	(149, 'Caja x blíster/blísteres, Caja x frasco.', 'A', 'AXJEFFERSON', '2019-09-06 01:41:18', NULL, NULL),
	(150, 'Frasco, Caja x blísteres/ristras.', 'A', 'AXJEFFERSON', '2019-09-06 01:41:18', NULL, NULL),
	(151, 'Caja x sobres', 'A', 'AXJEFFERSON', '2019-09-06 01:41:18', NULL, NULL),
	(152, 'Caja x blísteres.', 'A', 'AXJEFFERSON', '2019-09-06 01:41:18', NULL, NULL),
	(153, 'Caja x frasco/frasco gotero/frasco gotero + dosificador.', 'A', 'AXJEFFERSON', '2019-09-06 01:41:18', NULL, NULL),
	(154, 'Caja x vial/frasco.', 'A', 'AXJEFFERSON', '2019-09-06 01:41:18', NULL, NULL),
	(155, 'Caja x  blísteres', 'A', 'AXJEFFERSON', '2019-09-06 01:41:18', NULL, NULL),
	(156, 'Caja x 10 blísteres de 10 unidades cada uno', 'A', 'AXJEFFERSON', '2019-09-06 01:41:18', NULL, NULL),
	(157, 'Caja x frascos/viales.', 'A', 'AXJEFFERSON', '2019-09-06 01:41:18', NULL, NULL),
	(158, 'Caja x vial.', 'A', 'AXJEFFERSON', '2019-09-06 01:41:18', NULL, NULL),
	(159, 'Caja x vial/frasco', 'A', 'AXJEFFERSON', '2019-09-06 01:41:18', NULL, NULL),
	(160, 'Caja x frasco/vial', 'A', 'AXJEFFERSON', '2019-09-06 01:41:18', NULL, NULL),
	(161, 'Caja x jeringa prellenada.', 'A', 'AXJEFFERSON', '2019-09-06 01:41:18', NULL, NULL),
	(162, 'Caja x frasco/vial + disolvente', 'A', 'AXJEFFERSON', '2019-09-06 01:41:18', NULL, NULL),
	(163, 'Caja x 1 frasco/vial.', 'A', 'AXJEFFERSON', '2019-09-06 01:41:18', NULL, NULL),
	(164, 'Caja x frasco x 5 ó 10 g', 'A', 'AXJEFFERSON', '2019-09-06 01:41:18', NULL, NULL),
	(165, 'Caja x vial/frasco de 10 mL', 'A', 'AXJEFFERSON', '2019-09-06 01:41:18', NULL, NULL),
	(166, 'Caja x  viales/frasco', 'A', 'AXJEFFERSON', '2019-09-06 01:41:18', NULL, NULL),
	(167, 'Caja x viales/frasco', 'A', 'AXJEFFERSON', '2019-09-06 01:41:18', NULL, NULL),
	(168, 'Caja x frasco/vial + disolvente, Caja x frasco/vial', 'A', 'AXJEFFERSON', '2019-09-06 01:41:18', NULL, NULL),
	(169, 'Caja x pluma multidosis de 1,2 mL.', 'A', 'AXJEFFERSON', '2019-09-06 01:41:18', NULL, NULL),
	(170, 'Caja x jeringa prellenada de 1,5 mL ó 0,5 mL.', 'A', 'AXJEFFERSON', '2019-09-06 01:41:18', NULL, NULL),
	(171, 'Caja x jeringa prellenada de 0,5 mL.', 'A', 'AXJEFFERSON', '2019-09-06 01:41:18', NULL, NULL),
	(172, 'Caja x frasco inhalador (200 dosis)', 'A', 'AXJEFFERSON', '2019-09-06 01:41:18', NULL, NULL),
	(173, 'Caja x frasco + dosificador.', 'A', 'AXJEFFERSON', '2019-09-06 01:41:18', NULL, NULL),
	(174, 'Caja x frasco, Frasco', 'A', 'AXJEFFERSON', '2019-09-06 01:41:18', NULL, NULL),
	(175, 'Caja x frasco gotero de 5 mL, 10 mL, 30 mL ó 60 mL', 'A', 'AXJEFFERSON', '2019-09-06 01:41:18', NULL, NULL),
	(176, 'Frasco ampolla de vidrio', 'A', 'AXJEFFERSON', '2019-09-06 01:41:18', NULL, NULL),
	(177, 'Caja x ampollas de 1 mL, Caja x ampolla de 2 mL', 'A', 'AXJEFFERSON', '2019-09-06 01:41:18', NULL, NULL),
	(178, 'Caja x frasco de 200 mL, 220 mL ó 240 mL, Caja x Frasco de 220 mL + dosificador, Frasco x 200 mL ó 2', 'A', 'AXJEFFERSON', '2019-09-06 01:41:18', NULL, NULL),
	(179, 'Caja x tubo de 10 g', 'A', 'AXJEFFERSON', '2019-09-06 01:41:18', NULL, NULL),
	(180, 'Caja x frasco gotero de 15 mL', 'A', 'AXJEFFERSON', '2019-09-06 01:41:18', NULL, NULL),
	(181, 'Caja x tubo de 5 g ó 10 g', 'A', 'AXJEFFERSON', '2019-09-06 01:41:18', NULL, NULL),
	(182, 'Caja x frasco gotero de 15 mL ó 20 mL.', 'A', 'AXJEFFERSON', '2019-09-06 01:41:18', NULL, NULL),
	(183, 'Caja x frascos unidosis de 0,5 mL.', 'A', 'AXJEFFERSON', '2019-09-06 01:41:18', NULL, NULL),
	(184, 'Caja x frasco gotero de 10 mL', 'A', 'AXJEFFERSON', '2019-09-06 01:41:18', NULL, NULL),
	(185, 'Caja x tubo 10 g', 'A', 'AXJEFFERSON', '2019-09-06 01:41:18', NULL, NULL),
	(186, 'Caja x frasco gotero de 10 mL, 15 mL ó 20 mL', 'A', 'AXJEFFERSON', '2019-09-06 01:41:18', NULL, NULL),
	(187, 'Caja x frasco/Caja x blísteres.', 'A', 'AXJEFFERSON', '2019-09-06 01:41:18', NULL, NULL),
	(188, 'Caja x frasco + dosificador, Caja x frasco', 'A', 'AXJEFFERSON', '2019-09-06 01:41:18', NULL, NULL),
	(189, 'Caja x frasco gotero', 'A', 'AXJEFFERSON', '2019-09-06 01:41:18', NULL, NULL),
	(190, 'Caja x frasco + diluyente.', 'A', 'AXJEFFERSON', '2019-09-06 01:41:18', NULL, NULL),
	(191, 'Caja x  frasco/vial de 2,8 mL.', 'A', 'AXJEFFERSON', '2019-09-06 01:41:18', NULL, NULL),
	(192, 'Caja x blísteres/ristras.', 'A', 'AXJEFFERSON', '2019-09-06 01:41:18', NULL, NULL),
	(193, 'Caja + funda polipropileno + envase soluflex de 100 mL', 'A', 'AXJEFFERSON', '2019-09-06 01:41:18', NULL, NULL),
	(194, 'Caja x ampolla', 'A', 'AXJEFFERSON', '2019-09-06 01:41:18', NULL, NULL),
	(195, 'Caja x frasco gotero.', 'A', 'AXJEFFERSON', '2019-09-06 01:41:18', NULL, NULL),
	(196, 'Caja x implantes de 75mg cada uno', 'A', 'AXJEFFERSON', '2019-09-06 01:41:18', NULL, NULL),
	(197, 'Caja x blísteres, Caja x frasco.', 'A', 'AXJEFFERSON', '2019-09-06 01:41:18', NULL, NULL),
	(198, 'Caja x tubo de 25 ó 30 g', 'A', 'AXJEFFERSON', '2019-09-06 01:41:18', NULL, NULL),
	(199, 'Caja x frasco de 80 g, Caja x frasco de 50 mL', 'A', 'AXJEFFERSON', '2019-09-06 01:41:18', NULL, NULL),
	(200, 'Caja x tubo de 25 g', 'A', 'AXJEFFERSON', '2019-09-06 01:41:18', NULL, NULL),
	(201, 'Caja x Frasco de 20 mL ó 50 mL, Frasco x 20 mL ó 50 mL, Caja x tubo/cartucho x 1,8 mL', 'A', 'AXJEFFERSON', '2019-09-06 01:41:18', NULL, NULL),
	(202, 'Caja x frasco/vial de 20 mL ó 50 mL, Frasco/vial x 50 mL, Cartucho dental de 1,8 mL.', 'A', 'AXJEFFERSON', '2019-09-06 01:41:18', NULL, NULL),
	(203, 'Caja x bolsas de 300 mL, Funda x 300 mL', 'A', 'AXJEFFERSON', '2019-09-06 01:41:18', NULL, NULL),
	(204, 'Caja x ristras/blísteres.', 'A', 'AXJEFFERSON', '2019-09-06 01:41:18', NULL, NULL),
	(205, 'Caja x ristras/blísteres', 'A', 'AXJEFFERSON', '2019-09-06 01:41:18', NULL, NULL),
	(206, 'Caja x frasco, Frasco.', 'A', 'AXJEFFERSON', '2019-09-06 01:41:18', NULL, NULL),
	(207, 'Caja x frasco con dosificador, Caja x frasco', 'A', 'AXJEFFERSON', '2019-09-06 01:41:18', NULL, NULL),
	(208, 'Caja x frasco de 40 ó 120 unidades.', 'A', 'AXJEFFERSON', '2019-09-06 01:41:18', NULL, NULL),
	(209, 'Caja x frasco de 60 mL, 100 mL ó 120 mL con dosificador/sin dosificador. Frasco de 60 mL, 100 mL ó 1', 'A', 'AXJEFFERSON', '2019-09-06 01:41:18', NULL, NULL),
	(210, 'Caja x 2 blísteres de 20 unidades cada uno', 'A', 'AXJEFFERSON', '2019-09-06 01:41:18', NULL, NULL),
	(211, 'Caja x frasco de 150 mL, 200 mL ó 250 mL, Frasco de 180 mL, 200 mL, 240 mL ó 360 mL', 'A', 'AXJEFFERSON', '2019-09-06 01:41:18', NULL, NULL),
	(212, 'Funda o bolsa de 500 mL', 'A', 'AXJEFFERSON', '2019-09-06 01:41:18', NULL, NULL),
	(213, 'Caja x ampollas.', 'A', 'AXJEFFERSON', '2019-09-06 01:41:18', NULL, NULL),
	(214, 'Caja x blísteres, Caja x frasco, Frasco', 'A', 'AXJEFFERSON', '2019-09-06 01:41:18', NULL, NULL),
	(215, 'Caja x viales/frascos.', 'A', 'AXJEFFERSON', '2019-09-06 01:41:18', NULL, NULL),
	(216, 'Caja x ampollas', 'A', 'AXJEFFERSON', '2019-09-06 01:41:18', NULL, NULL),
	(217, 'Caja x vial/frasco de 1 mL ó 2 mL.', 'A', 'AXJEFFERSON', '2019-09-06 01:41:18', NULL, NULL),
	(218, 'Caja x ACT-O-VIAL de 4 mL, Caja x frasco/vial.', 'A', 'AXJEFFERSON', '2019-09-06 01:41:18', NULL, NULL),
	(219, 'Caja x ampollas de 2 mL cada una', 'A', 'AXJEFFERSON', '2019-09-06 01:41:18', NULL, NULL),
	(220, 'Caja x frasco/vial.', 'A', 'AXJEFFERSON', '2019-09-06 01:41:18', NULL, NULL),
	(221, 'Caja x frascos/viales de 2 ó 20 mL cada uno', 'A', 'AXJEFFERSON', '2019-09-06 01:41:18', NULL, NULL),
	(222, 'Caja x frasco de 100 mL, 120 mL con dosificador, Frasco de 100 ó 120 mL', 'A', 'AXJEFFERSON', '2019-09-06 01:41:18', NULL, NULL),
	(223, 'Caja x frasco de 100 mL, 110 mL ó 120 mL con dosificador, Frasco de 100 ó 120 mL', 'A', 'AXJEFFERSON', '2019-09-06 01:41:18', NULL, NULL),
	(224, 'Caja x sachets de 100 mL cada uno, Caja x bolsas de 100 mL cada una, Funda o frasco plástico de 100 ', 'A', 'AXJEFFERSON', '2019-09-06 01:41:18', NULL, NULL),
	(225, 'Caja x ampollas de 3 mL cada una, Caja x ampollas de 10 mL cada una.', 'A', 'AXJEFFERSON', '2019-09-06 01:41:18', NULL, NULL),
	(226, 'Caja x ampollas de 5 mL cada una.', 'A', 'AXJEFFERSON', '2019-09-06 01:41:18', NULL, NULL),
	(227, 'Caja x ristras/blísteres, Caja x frasco', 'A', 'AXJEFFERSON', '2019-09-06 01:41:18', NULL, NULL),
	(228, 'Caja x vial/frasco de 10 mL.', 'A', 'AXJEFFERSON', '2019-09-06 01:41:18', NULL, NULL),
	(229, 'Caja x frascos de 140 aplicaciones cada uno', 'A', 'AXJEFFERSON', '2019-09-06 01:41:18', NULL, NULL),
	(230, 'Caja x ampollas de 1 mL cada una.', 'A', 'AXJEFFERSON', '2019-09-06 01:41:18', NULL, NULL),
	(231, 'Caja x frasco de 120 mL, 200 mL ó 240 mL, Frasco de 120 mL', 'A', 'AXJEFFERSON', '2019-09-06 01:41:18', NULL, NULL),
	(232, 'Caja x viales/frascos de 5 mL.', 'A', 'AXJEFFERSON', '2019-09-06 01:41:18', NULL, NULL),
	(233, 'Caja x ampollas de 1 mL.', 'A', 'AXJEFFERSON', '2019-09-06 01:41:18', NULL, NULL),
	(234, 'Caja x frasco de 100 mL con dosificador/sin dosificador,  Frasco x 240 mL.', 'A', 'AXJEFFERSON', '2019-09-06 01:41:18', NULL, NULL),
	(235, 'Caja x  frasco.', 'A', 'AXJEFFERSON', '2019-09-06 01:41:18', NULL, NULL),
	(236, 'Blísteres, ristras', 'A', 'AXJEFFERSON', '2019-09-06 01:41:18', NULL, NULL),
	(237, 'Caja x frasco de 30 mL ó 120 mL + dosificador (gotero), Caja x frasco de 30 mL ó 120 mL', 'A', 'AXJEFFERSON', '2019-09-06 01:41:18', NULL, NULL),
	(238, 'Caja x frasco de 100 mL ó 120 mL', 'A', 'AXJEFFERSON', '2019-09-06 01:41:18', NULL, NULL),
	(239, 'Caja x frascos/viales', 'A', 'AXJEFFERSON', '2019-09-06 01:41:18', NULL, NULL),
	(240, 'Caja x ampollas de 4 mL cada una', 'A', 'AXJEFFERSON', '2019-09-06 01:41:18', NULL, NULL),
	(241, 'Caja x frasco + jeringuilla prellenada con 2,5 mL de disolvente, Caja x frasco/vial.', 'A', 'AXJEFFERSON', '2019-09-06 01:41:18', NULL, NULL),
	(242, 'Caja x ampollas de 10 mL cada una, Caja x ampollas de 2 mL cada una', 'A', 'AXJEFFERSON', '2019-09-06 01:41:18', NULL, NULL),
	(243, 'Caja x vial/frasco + disolvente ampolla de 10 mL, Caja x viales/frasco', 'A', 'AXJEFFERSON', '2019-09-06 01:41:18', NULL, NULL),
	(244, 'Caja x ampollas de 4 mL cada una, Caja x ampollas de 2 mL', 'A', 'AXJEFFERSON', '2019-09-06 01:41:18', NULL, NULL),
	(245, 'Caja x viales/frascos', 'A', 'AXJEFFERSON', '2019-09-06 01:41:18', NULL, NULL),
	(246, 'Oxígeno, gas medicinal, cilindro por: 0,4 m3, 0,7 m3, 1 m3, 2 m3, 3 m3, 4 m3, 6 m3, 7 m3, 8 m3, 9 m3', 'A', 'AXJEFFERSON', '2019-09-06 01:41:18', NULL, NULL),
	(247, 'Caja x frascos/viales de 5 mL o más', 'A', 'AXJEFFERSON', '2019-09-06 01:41:18', NULL, NULL),
	(248, 'Caja x ampollas x 2 mL', 'A', 'AXJEFFERSON', '2019-09-06 01:41:18', NULL, NULL),
	(249, 'Caja x frasco de 60 mL o más', 'A', 'AXJEFFERSON', '2019-09-06 01:41:18', NULL, NULL),
	(250, 'Caja x 1 frasco de 15 mL o más, Caja x frasco gotero de 15 mL o más', 'A', 'AXJEFFERSON', '2019-09-06 01:41:18', NULL, NULL),
	(251, 'Caja x 1 frasco de 60 mL o más', 'A', 'AXJEFFERSON', '2019-09-06 01:41:18', NULL, NULL),
	(252, 'Caja x ampollas x 2 mL, Caja x ampollas x 1mL', 'A', 'AXJEFFERSON', '2019-09-06 01:41:18', NULL, NULL),
	(253, 'Caja x jeringas prellenadas x 0,6 mL', 'A', 'AXJEFFERSON', '2019-09-06 01:41:18', NULL, NULL),
	(254, 'Caja x tubo.', 'A', 'AXJEFFERSON', '2019-09-06 01:41:18', NULL, NULL),
	(255, 'Frasco x 60 mL ó 120 mL.', 'A', 'AXJEFFERSON', '2019-09-06 01:41:18', NULL, NULL),
	(256, 'Caja x 1 tubo de 10, 20 ó 30 g.', 'A', 'AXJEFFERSON', '2019-09-06 01:41:18', NULL, NULL),
	(257, 'Caja x 1 tubo de 10 g o más', 'A', 'AXJEFFERSON', '2019-09-06 01:41:18', NULL, NULL),
	(258, 'Caja x blísteres, ristras', 'A', 'AXJEFFERSON', '2019-09-06 01:41:18', NULL, NULL),
	(259, 'Caja x sobres.', 'A', 'AXJEFFERSON', '2019-09-06 01:41:18', NULL, NULL),
	(260, 'Caja x 1 frasco gotero de 5 mL.', 'A', 'AXJEFFERSON', '2019-09-06 01:41:18', NULL, NULL),
	(261, 'Caja x blísteres, Caja x ristras, Caja x frasco.', 'A', 'AXJEFFERSON', '2019-09-06 01:41:18', NULL, NULL),
	(262, 'Caja x 1 tubo de 60 g ó 100 g', 'A', 'AXJEFFERSON', '2019-09-06 01:41:18', NULL, NULL),
	(263, 'Caja x 1 Tubo de 60 g', 'A', 'AXJEFFERSON', '2019-09-06 01:41:18', NULL, NULL),
	(264, 'Caja x 1 Tubo de 60 ó 100 g', 'A', 'AXJEFFERSON', '2019-09-06 01:41:18', NULL, NULL),
	(265, 'Caja x ampollas x 20 mL', 'A', 'AXJEFFERSON', '2019-09-06 01:41:18', NULL, NULL),
	(266, 'Caja x 1 ampolla x 5mL.', 'A', 'AXJEFFERSON', '2019-09-06 01:41:18', NULL, NULL),
	(267, 'Caja x 1 frasco de 60 unidades.', 'A', 'AXJEFFERSON', '2019-09-06 01:41:18', NULL, NULL),
	(268, 'Caja x blísteres, ristra', 'A', 'AXJEFFERSON', '2019-09-06 01:41:18', NULL, NULL),
	(269, 'Caja x 1 frasco.', 'A', 'AXJEFFERSON', '2019-09-06 01:41:18', NULL, NULL),
	(270, 'Funda/Bolsa de 500 ó 1000 mL', 'A', 'AXJEFFERSON', '2019-09-06 01:41:18', NULL, NULL),
	(271, 'Caja x  1 vial/frasco + diluyente', 'A', 'AXJEFFERSON', '2019-09-06 01:41:18', NULL, NULL),
	(272, 'Caja x 1 vial/frasco + diluyente', 'A', 'AXJEFFERSON', '2019-09-06 01:41:18', NULL, NULL),
	(273, 'Caja x 1 frasco de 20 mL ó 30 mL + gotero(dosificador), Caja x 1 frasco gotero de 20 mL ó 30 mL.', 'A', 'AXJEFFERSON', '2019-09-06 01:41:18', NULL, NULL),
	(274, 'Caja x viales/frascos de 10 mL, Caja x viales/frascos 50 mL', 'A', 'AXJEFFERSON', '2019-09-06 01:41:18', NULL, NULL),
	(275, 'Caja x   viales/frascos de 5 mL, Caja x  viales/frascos de 10 mL.', 'A', 'AXJEFFERSON', '2019-09-06 01:41:18', NULL, NULL),
	(276, 'Caja x 1 envase inhalador de 200 dosis con dosificador, Caja por envase inhalador de 200 dosis.', 'A', 'AXJEFFERSON', '2019-09-06 01:41:18', NULL, NULL),
	(277, 'Caja x 1 frasco de 10 mL + dosificador, Caja x 1 frasco de 10 mL.', 'A', 'AXJEFFERSON', '2019-09-06 01:41:18', NULL, NULL),
	(278, 'Caja x frasco gotero de 20 mL ó 30 mL.', 'A', 'AXJEFFERSON', '2019-09-06 01:41:19', NULL, NULL),
	(279, 'Caja x 1 frasco', 'A', 'AXJEFFERSON', '2019-09-06 01:41:19', NULL, NULL),
	(280, 'Caja x 1 Frasco de 250 mL.', 'A', 'AXJEFFERSON', '2019-09-06 01:41:19', NULL, NULL),
	(281, 'Caja x blísteres,ristras', 'A', 'AXJEFFERSON', '2019-09-06 01:41:19', NULL, NULL),
	(282, 'Caja x 1, 2, 3 ó 4 blísteres de 10 unidades cada uno.', 'A', 'AXJEFFERSON', '2019-09-06 01:41:19', NULL, NULL),
	(283, 'Bolsa/funda  de 100, 250, 500 ó 1000 mL.', 'A', 'AXJEFFERSON', '2019-09-06 01:41:19', NULL, NULL),
	(284, 'Bolsa de 2 000 mL ó 5 000 mL', 'A', 'AXJEFFERSON', '2019-09-06 01:41:19', NULL, NULL),
	(285, 'Caja x viales + viales de solvente', 'A', 'AXJEFFERSON', '2019-09-06 01:41:19', NULL, NULL),
	(286, 'Caja x 1 ó 2 viales + diluyente de 10 mL cada uno.', 'A', 'AXJEFFERSON', '2019-09-06 01:41:19', NULL, NULL),
	(287, 'Caja x 1 vial/frasco + diluyente de 10 mL.', 'A', 'AXJEFFERSON', '2019-09-06 01:41:19', NULL, NULL),
	(288, 'Caja x 1 tubo/frasco/pomo', 'A', 'AXJEFFERSON', '2019-09-06 01:41:19', NULL, NULL),
	(289, 'Frasco x 10, 50 ó 100 unidades.', 'A', 'AXJEFFERSON', '2019-09-06 01:41:19', NULL, NULL),
	(290, 'Caja x frasco de 100 mL o 150 mL, Caja por frasco gotero de 30 mL.', 'A', 'AXJEFFERSON', '2019-09-06 01:41:19', NULL, NULL),
	(291, 'Caja x 10, 50 ó 100 blísteres de 10 unidades cada uno.', 'A', 'AXJEFFERSON', '2019-09-06 01:41:19', NULL, NULL),
	(292, 'Caja x frasco, Caja x sachets', 'A', 'AXJEFFERSON', '2019-09-06 01:41:19', NULL, NULL),
	(293, 'Caja x 1 tubo x 15 g o más', 'A', 'AXJEFFERSON', '2019-09-06 01:41:19', NULL, NULL),
	(294, 'Caja x ampollas de 1 mL o 3 mL.', 'A', 'AXJEFFERSON', '2019-09-06 01:41:19', NULL, NULL),
	(295, 'Caja x ampolla de 1 mL ó 2 mL.', 'A', 'AXJEFFERSON', '2019-09-06 01:41:19', NULL, NULL),
	(296, 'Caja x 1 frasco gotero de 5 mL ó 10 mL', 'A', 'AXJEFFERSON', '2019-09-06 01:41:19', NULL, NULL),
	(297, 'Caja x 1 frasco gotero de 5 mL ó 10 mL.', 'A', 'AXJEFFERSON', '2019-09-06 01:41:19', NULL, NULL),
	(298, 'Caja x 1, 3 ó 6 blísteres de 10 unidades cada uno.', 'A', 'AXJEFFERSON', '2019-09-06 01:41:19', NULL, NULL),
	(299, 'Caja x 1 frasco/vial de 50 mL.', 'A', 'AXJEFFERSON', '2019-09-06 01:41:19', NULL, NULL),
	(300, 'Caja x 1 tubo', 'A', 'AXJEFFERSON', '2019-09-06 01:41:19', NULL, NULL),
	(301, 'Caja x blísteres x cánulas, Caja x sobres x ampollas', 'A', 'AXJEFFERSON', '2019-09-06 01:41:19', NULL, NULL),
	(302, 'Caja x 1 tubo de 5 g.', 'A', 'AXJEFFERSON', '2019-09-06 01:41:19', NULL, NULL),
	(303, 'Caja x frascos/viales o jeringuillas prellenadas', 'A', 'AXJEFFERSON', '2019-09-06 01:41:19', NULL, NULL),
	(304, 'Caja x jeringas prellenadas de 0,5 mL, Caja x frascos/viales de 0,5 mL', 'A', 'AXJEFFERSON', '2019-09-06 01:41:19', NULL, NULL),
	(305, 'Caja x ampollas de 1mL ó 2 mL.', 'A', 'AXJEFFERSON', '2019-09-06 01:41:19', NULL, NULL),
	(306, 'Caja x 1 vial + disolvente ampolla de 20 mL.', 'A', 'AXJEFFERSON', '2019-09-06 01:41:19', NULL, NULL),
	(307, 'Caja x 1 vial + disolvente x 2 mL', 'A', 'AXJEFFERSON', '2019-09-06 01:41:19', NULL, NULL),
	(308, 'Caja x 1 frasco gotero de 15 mL', 'A', 'AXJEFFERSON', '2019-09-06 01:41:19', NULL, NULL),
	(309, 'Caja x 1 tubo.', 'A', 'AXJEFFERSON', '2019-09-06 01:41:19', NULL, NULL),
	(310, 'Caja x tubo de 10 g o más', 'A', 'AXJEFFERSON', '2019-09-06 01:41:19', NULL, NULL),
	(311, 'Caja x 1 frasco de 125 mL.', 'A', 'AXJEFFERSON', '2019-09-06 01:41:19', NULL, NULL),
	(312, 'Caja x viales + jeringas prellenadas de 0,5 mL', 'A', 'AXJEFFERSON', '2019-09-06 01:41:19', NULL, NULL),
	(313, 'Caja x frascos/ampollas de 0.5 ml ó 1mL', 'A', 'AXJEFFERSON', '2019-09-06 01:41:19', NULL, NULL),
	(314, 'Caja x jeringuilla prellenada.', 'A', 'AXJEFFERSON', '2019-09-06 01:41:19', NULL, NULL),
	(315, 'Caja x frascos/viales de 0,5 mL', 'A', 'AXJEFFERSON', '2019-09-06 01:41:19', NULL, NULL),
	(316, 'Caja x frascos de 10 mL', 'A', 'AXJEFFERSON', '2019-09-06 01:41:19', NULL, NULL),
	(317, 'Caja x frascos goteros de dosis única de 2 mL.', 'A', 'AXJEFFERSON', '2019-09-06 01:41:19', NULL, NULL),
	(318, 'Caja x frascos/viales + jeringas prellenadas de 0,5 mL.', 'A', 'AXJEFFERSON', '2019-09-06 01:41:19', NULL, NULL),
	(319, 'Caja x frascos/viales + diluyentes', 'A', 'AXJEFFERSON', '2019-09-06 01:41:19', NULL, NULL),
	(320, 'Caja x viales/frascos con o sin diluyente', 'A', 'AXJEFFERSON', '2019-09-06 01:41:19', NULL, NULL),
	(321, 'Caja x viales + ampollas de diluyente de 0,5 mL', 'A', 'AXJEFFERSON', '2019-09-06 01:41:19', NULL, NULL),
	(322, 'Caja x frascos/viales de 10 mL', 'A', 'AXJEFFERSON', '2019-09-06 01:41:19', NULL, NULL),
	(323, 'Caja x frascos/viales con o sin diluyente', 'A', 'AXJEFFERSON', '2019-09-06 01:41:19', NULL, NULL),
	(324, 'Caja x 1 frasco de 60 ó 100 unidades.', 'A', 'AXJEFFERSON', '2019-09-06 01:41:19', NULL, NULL),
	(325, 'Caja x 1 frasco de 100 mL.', 'A', 'AXJEFFERSON', '2019-09-06 01:41:19', NULL, NULL),
	(326, 'Caja x frascos/viales de 20 mL', 'A', 'AXJEFFERSON', '2019-09-06 01:41:19', NULL, NULL),
	(327, 'Caja x  frasco', 'A', 'AXJEFFERSON', '2019-09-06 01:41:19', NULL, NULL),
	(328, 'Caja x blísteres, Caja x tabletas.', 'A', 'AXJEFFERSON', '2019-09-06 01:41:19', NULL, NULL),
	(329, 'Caja x 10 ó 100 ampollas', 'A', 'AXJEFFERSON', '2019-09-06 01:41:19', NULL, NULL),
	(330, 'Caja x frasco de 30 ó 60 mL', 'A', 'AXJEFFERSON', '2019-09-06 01:41:19', NULL, NULL),
	(331, 'Caja x vial/frasco + diluyente, Caja x frasco/vial', 'A', 'AXJEFFERSON', '2019-09-06 01:41:19', NULL, NULL),
	(332, 'Caja x viales de 10 mL ó 20 mL', 'A', 'AXJEFFERSON', '2019-09-06 01:41:19', NULL, NULL),
	(333, 'Caja x frasco, Caja x blíster/ristras', 'A', 'AXJEFFERSON', '2019-09-06 01:41:19', NULL, NULL),
	(334, 'Frasco de 50 g, Frasco de 25 g', 'A', 'AXJEFFERSON', '2019-09-06 01:41:19', NULL, NULL),
	(335, 'Caja x 1 frasco de 60 mL, Frasco de 60 mL.', 'A', 'AXJEFFERSON', '2019-09-06 01:41:19', NULL, NULL),
	(336, 'Caja x 1, 2, 3, 4, 5, 10, ó 20 ristras de 5 unidades cada una, Caja x ristra de 2 unidades.', 'A', 'AXJEFFERSON', '2019-09-06 01:41:19', NULL, NULL),
	(337, 'Caja x frascos/viales de 50 mL o 100 mL', 'A', 'AXJEFFERSON', '2019-09-06 01:41:19', NULL, NULL),
	(338, 'Caja x 1 tubo de 40 o más', 'A', 'AXJEFFERSON', '2019-09-06 01:41:19', NULL, NULL),
	(339, 'Caja x 3 blísteres de 10 unidades cada uno.', 'A', 'AXJEFFERSON', '2019-09-06 01:41:19', NULL, NULL),
	(340, 'Caja x ampolla/ampollas', 'A', 'AXJEFFERSON', '2019-09-06 01:41:19', NULL, NULL),
	(341, 'Caja x jeringa precargada de 1 mL', 'A', 'AXJEFFERSON', '2019-09-06 01:41:19', NULL, NULL),
	(342, 'Caja x jeringa de 0,5 mL, Caja x vial de 0,5 mL.', 'A', 'AXJEFFERSON', '2019-09-06 01:41:19', NULL, NULL),
	(343, 'Caja  blíster o blísteres/ristra ó ristras', 'A', 'AXJEFFERSON', '2019-09-06 01:41:19', NULL, NULL),
	(344, 'Caja x frascos/viales de 0,5 mL.', 'A', 'AXJEFFERSON', '2019-09-06 01:41:19', NULL, NULL),
	(345, 'Caja x frasco de 60 ó 120 mL', 'A', 'AXJEFFERSON', '2019-09-06 01:41:19', NULL, NULL),
	(346, 'Caja x blíster/blisters', 'A', 'AXJEFFERSON', '2019-09-06 01:41:19', NULL, NULL),
	(347, 'Caja x frascos/envases, Caja x blísteres', 'A', 'AXJEFFERSON', '2019-09-06 01:41:19', NULL, NULL),
	(348, 'Frasco/vial x 10 mL', 'A', 'AXJEFFERSON', '2019-09-06 01:41:19', NULL, NULL),
	(349, 'Caja x blísteres/Caja x frasco.', 'A', 'AXJEFFERSON', '2019-09-06 01:41:19', NULL, NULL),
	(350, 'Caja x frasco de 12 g', 'A', 'AXJEFFERSON', '2019-09-06 01:41:19', NULL, NULL),
	(351, 'Caja x tubo de 5 g', 'A', 'AXJEFFERSON', '2019-09-06 01:41:19', NULL, NULL),
	(352, 'Caja x tubo de 10 gramos', 'A', 'AXJEFFERSON', '2019-09-06 01:41:19', NULL, NULL),
	(353, 'Caja x frasco, Caja x blísteres', 'A', 'AXJEFFERSON', '2019-09-06 01:41:19', NULL, NULL),
	(354, 'Caja x  frasco de 60 unidades, Caja x blíster/blísteres', 'A', 'AXJEFFERSON', '2019-09-06 01:41:19', NULL, NULL),
	(355, 'Frasco/Blíster/Ristra', 'A', 'AXJEFFERSON', '2019-09-06 01:41:19', NULL, NULL),
	(356, 'Frasco x 340 mL', 'A', 'AXJEFFERSON', '2019-09-06 01:41:19', NULL, NULL),
	(357, 'Caja x frasco. Caja x blíster/blísteres.', 'A', 'AXJEFFERSON', '2019-09-06 01:41:19', NULL, NULL),
	(358, 'Caja x frascos/viales, Caja x jeringuillas prellenadas', 'A', 'AXJEFFERSON', '2019-09-06 01:41:19', NULL, NULL),
	(359, 'Caja x blíster/blísteres, Caja x ristra/ristras.', 'A', 'AXJEFFERSON', '2019-09-06 01:41:19', NULL, NULL),
	(360, 'Frasco x 60, 120, 250, 300, 500, 1000, 3785 mL', 'A', 'AXJEFFERSON', '2019-09-06 01:41:19', NULL, NULL),
	(361, 'Caja x frasco de 60mL, 100 mL ó 120 mL', 'A', 'AXJEFFERSON', '2019-09-06 01:41:19', NULL, NULL),
	(362, 'Caja x Frasco de 60 unidades.', 'A', 'AXJEFFERSON', '2019-09-06 01:41:19', NULL, NULL),
	(363, 'Caja x 1 vial, Caja x 5 viales.', 'A', 'AXJEFFERSON', '2019-09-06 01:41:19', NULL, NULL),
	(364, 'Caja x 2,4,6,8 y 10 blísteres de 5 unidades c/u, Caja x 1,3 y 5 blísteres de 10 unidades c/u.', 'A', 'AXJEFFERSON', '2019-09-06 01:41:19', NULL, NULL),
	(365, 'Caja x 1,2,4,6,8 y 10 blíster de 5 uniades c/u, Caja x 1, 3 y 5 blísteres de 10 unidades cada uno.', 'A', 'AXJEFFERSON', '2019-09-06 01:41:19', NULL, NULL),
	(366, 'Caja x 1, 2, 3 y 6 blísteres de 10 unidades cada uno.', 'A', 'AXJEFFERSON', '2019-09-06 01:41:19', NULL, NULL),
	(367, 'Caja x Frasco de 120 mL, Caja x Frasco de 150 mL, Caja x Frasco x 300 mL.', 'A', 'AXJEFFERSON', '2019-09-06 01:41:19', NULL, NULL),
	(368, 'Caja x blíster o blísteres de 10 unidades cada uno.', 'A', 'AXJEFFERSON', '2019-09-06 01:41:19', NULL, NULL),
	(369, 'Caja x vial de 0,3 mL', 'A', 'AXJEFFERSON', '2019-09-06 01:41:19', NULL, NULL),
	(370, 'Caja x 7 blísteres de 4 unidades cada uno.', 'A', 'AXJEFFERSON', '2019-09-06 01:41:19', NULL, NULL),
	(371, 'Caja x 1, 2 blísteres de 14 unidades cada uno.', 'A', 'AXJEFFERSON', '2019-09-06 01:41:19', NULL, NULL),
	(372, 'Caja x 1, 2, 3, 4, ,6, 7, 8, 10 blísteres de 6 cápsulas cada uno.', 'A', 'AXJEFFERSON', '2019-09-06 01:41:19', NULL, NULL),
	(373, 'Caja x blíster/blísteres de 6 cápsulas cada uno.', 'A', 'AXJEFFERSON', '2019-09-06 01:41:19', NULL, NULL),
	(374, 'Caja x frasco de 25 mL +  dosificador.', 'A', 'AXJEFFERSON', '2019-09-06 01:41:19', NULL, NULL),
	(375, 'Caja x 1, 25 víales/frasco.', 'A', 'AXJEFFERSON', '2019-09-06 01:41:19', NULL, NULL),
	(376, 'Caja x blíster de 20 unidades cada uno.', 'A', 'AXJEFFERSON', '2019-09-06 01:41:19', NULL, NULL),
	(377, 'Caja x vial/frasco de 1 mL, Caja x vial/frasco de 5 mL', 'A', 'AXJEFFERSON', '2019-09-06 01:41:19', NULL, NULL),
	(378, 'Envase x 500 g', 'A', 'AXJEFFERSON', '2019-09-06 01:41:19', NULL, NULL),
	(379, 'Envase x 454 g', 'A', 'AXJEFFERSON', '2019-09-06 01:41:19', NULL, NULL),
	(380, 'Caja x vial/frasco de 5 mL', 'A', 'AXJEFFERSON', '2019-09-06 01:41:19', NULL, NULL),
	(381, 'Caja x vial/frasco de 4 mL, Caja x vial/frasco de 10 mL', 'A', 'AXJEFFERSON', '2019-09-06 01:41:19', NULL, NULL),
	(382, 'Caja x 3 blísteres de 10 cápsulas cada una + inhalador.', 'A', 'AXJEFFERSON', '2019-09-06 01:41:19', NULL, NULL),
	(383, 'Caja x cartucho de doble compartimiento.', 'A', 'AXJEFFERSON', '2019-09-06 01:41:19', NULL, NULL),
	(384, 'Caja x 2 blísteres de 14 unidades cada uno.', 'A', 'AXJEFFERSON', '2019-09-06 01:41:19', NULL, NULL),
	(385, 'Caja x 3, 5, 10 blísteres de 10 unidades cada uno.', 'A', 'AXJEFFERSON', '2019-09-06 01:41:19', NULL, NULL),
	(386, 'Caja x 2, 3, 5, 10 blísteres de 10 unidades cada uno.', 'A', 'AXJEFFERSON', '2019-09-06 01:41:19', NULL, NULL),
	(387, 'Caja x envase/frasco de 120 dosis.', 'A', 'AXJEFFERSON', '2019-09-06 01:41:19', NULL, NULL),
	(388, 'Caja x envase/frasco de 120 dosis, Caja x envase/frasco de 200 dosis.', 'A', 'AXJEFFERSON', '2019-09-06 01:41:19', NULL, NULL),
	(389, 'Caja x ampolla/ampollas de 10 mL cada una.', 'A', 'AXJEFFERSON', '2019-09-06 01:41:19', NULL, NULL),
	(390, 'Caja x frasco/vial de 20 mL.', 'A', 'AXJEFFERSON', '2019-09-06 01:41:19', NULL, NULL),
	(391, 'Caja x frasco/vial de 50 mL.', 'A', 'AXJEFFERSON', '2019-09-06 01:41:19', NULL, NULL),
	(392, 'Caja x frasco, Caja x blíster/blísteres', 'A', 'AXJEFFERSON', '2019-09-06 01:41:19', NULL, NULL),
	(393, 'Caja x frasco/víal de 10 mL', 'A', 'AXJEFFERSON', '2019-09-06 01:41:19', NULL, NULL),
	(394, 'Caja x 1 aplicador con implante', 'A', 'AXJEFFERSON', '2019-09-06 01:41:19', NULL, NULL),
	(395, 'Caja x jeringuilla prellenada de 0,8 mL', 'A', 'AXJEFFERSON', '2019-09-06 01:41:19', NULL, NULL),
	(396, 'Caja x 1 frasco de 100 unidades.', 'A', 'AXJEFFERSON', '2019-09-06 01:41:19', NULL, NULL),
	(397, 'Caja x frasco de 30 unidades', 'A', 'AXJEFFERSON', '2019-09-06 01:41:19', NULL, NULL),
	(398, '200 mg/mL', 'A', 'AXJEFFERSON', '2019-09-06 01:41:19', NULL, NULL),
	(399, 'Caja x frasco + solvente', 'A', 'AXJEFFERSON', '2019-09-06 01:41:19', NULL, NULL),
	(400, 'Caja x vial de 8 mL', 'A', 'AXJEFFERSON', '2019-09-06 01:41:19', NULL, NULL);
/*!40000 ALTER TABLE `pr_tipo_presentacion` ENABLE KEYS */;

-- Volcando estructura para tabla bd_farmacia_desa.pr_tipo_prestacion
CREATE TABLE IF NOT EXISTS `pr_tipo_prestacion` (
  `id_tipo_prestacion` bigint(20) NOT NULL AUTO_INCREMENT,
  `nombre` varchar(256) DEFAULT NULL,
  `usuario_creacion` varchar(20) DEFAULT NULL,
  `estado` char(1) DEFAULT NULL,
  `fecha_creacion` datetime DEFAULT NULL,
  `usuario_actualizacion` varchar(20) DEFAULT NULL,
  `fecha_actualizacion` datetime DEFAULT NULL,
  PRIMARY KEY (`id_tipo_prestacion`)
) ENGINE=InnoDB AUTO_INCREMENT=3 DEFAULT CHARSET=latin1;

-- Volcando datos para la tabla bd_farmacia_desa.pr_tipo_prestacion: ~2 rows (aproximadamente)
/*!40000 ALTER TABLE `pr_tipo_prestacion` DISABLE KEYS */;
INSERT INTO `pr_tipo_prestacion` (`id_tipo_prestacion`, `nombre`, `usuario_creacion`, `estado`, `fecha_creacion`, `usuario_actualizacion`, `fecha_actualizacion`) VALUES
	(1, 'SERVICIO', NULL, NULL, NULL, NULL, NULL),
	(2, 'INVENTARIO', NULL, NULL, NULL, NULL, NULL);
/*!40000 ALTER TABLE `pr_tipo_prestacion` ENABLE KEYS */;

-- Volcando estructura para tabla bd_farmacia_desa.se_ciudad
CREATE TABLE IF NOT EXISTS `se_ciudad` (
  `id_Ciudad` bigint(20) NOT NULL AUTO_INCREMENT,
  `id_Provincia` bigint(20) NOT NULL,
  `Nombre` varchar(45) NOT NULL,
  PRIMARY KEY (`id_Ciudad`),
  KEY `fk_se_Ciudad_1_idx` (`id_Provincia`),
  CONSTRAINT `fk_se_Ciudad_1` FOREIGN KEY (`id_Provincia`) REFERENCES `se_provincia` (`id_Provincia`) ON DELETE NO ACTION ON UPDATE NO ACTION
) ENGINE=InnoDB AUTO_INCREMENT=25 DEFAULT CHARSET=latin1;

-- Volcando datos para la tabla bd_farmacia_desa.se_ciudad: ~24 rows (aproximadamente)
/*!40000 ALTER TABLE `se_ciudad` DISABLE KEYS */;
INSERT INTO `se_ciudad` (`id_Ciudad`, `id_Provincia`, `Nombre`) VALUES
	(1, 1, 'Cuenca'),
	(2, 2, 'Guaranda'),
	(3, 3, 'Azogues'),
	(4, 4, 'Tulcan'),
	(5, 5, 'Riobamba'),
	(6, 6, 'Latacunga'),
	(7, 7, 'Machala'),
	(8, 8, 'Esmeraldas'),
	(9, 9, 'Puerto Baquerizo Moreno'),
	(10, 10, 'Guayaquil'),
	(11, 11, 'Ibarra'),
	(12, 12, 'Loja'),
	(13, 13, 'Babahoyo'),
	(14, 14, 'Portoviejo'),
	(15, 15, 'Macas'),
	(16, 16, 'Tena'),
	(17, 17, 'Francisco de Orellana'),
	(18, 18, 'Puyo'),
	(19, 19, 'Quito'),
	(20, 20, 'Santa Elena'),
	(21, 21, 'Santo Domingo'),
	(22, 22, 'Nueva Loja'),
	(23, 23, 'Ambato'),
	(24, 24, 'Zamora');
/*!40000 ALTER TABLE `se_ciudad` ENABLE KEYS */;

-- Volcando estructura para tabla bd_farmacia_desa.se_clientes
CREATE TABLE IF NOT EXISTS `se_clientes` (
  `id_clientes` bigint(20) NOT NULL AUTO_INCREMENT,
  `id_tipo_indentificacion` bigint(20) DEFAULT NULL,
  `numero_identificacion` varchar(20) DEFAULT NULL,
  `primer_nombre` varchar(45) DEFAULT NULL,
  `segundo_nombre` varchar(45) DEFAULT NULL,
  `primer_apellido` varchar(45) DEFAULT NULL,
  `segundo_apellido` varchar(45) DEFAULT NULL,
  `razon_social` varchar(45) DEFAULT NULL,
  `nombre_completo` varchar(200) DEFAULT NULL,
  `estado` char(2) DEFAULT NULL,
  `usuario_creacion` varchar(20) DEFAULT NULL,
  `fecha_creacion` datetime DEFAULT NULL,
  `usuario_actualizacion` varchar(20) DEFAULT NULL,
  `fecha_actualizacion` datetime DEFAULT NULL,
  PRIMARY KEY (`id_clientes`),
  KEY `fk_clientes_ibfk_1_idx` (`id_tipo_indentificacion`),
  CONSTRAINT `fk_clientes_ibfk_1` FOREIGN KEY (`id_tipo_indentificacion`) REFERENCES `se_tipo_identificacion` (`id_tipo_identificacion`) ON DELETE NO ACTION ON UPDATE NO ACTION
) ENGINE=InnoDB AUTO_INCREMENT=16 DEFAULT CHARSET=latin1;

-- Volcando datos para la tabla bd_farmacia_desa.se_clientes: ~5 rows (aproximadamente)
/*!40000 ALTER TABLE `se_clientes` DISABLE KEYS */;
INSERT INTO `se_clientes` (`id_clientes`, `id_tipo_indentificacion`, `numero_identificacion`, `primer_nombre`, `segundo_nombre`, `primer_apellido`, `segundo_apellido`, `razon_social`, `nombre_completo`, `estado`, `usuario_creacion`, `fecha_creacion`, `usuario_actualizacion`, `fecha_actualizacion`) VALUES
	(5, 8, '0953284429', 'CRISTHIAN 1', 'ANTHONY', 'LATORRE', 'SARCOS', '', 'CRISTHIAN 1 ANTHONY LATORRE SARCOS', 'A', 'ANTHONY ', '2019-06-19 17:27:07', 'ANTHONY ', '2019-07-10 12:44:25'),
	(12, 8, '0953236598', 'MARCOS', 'ANDRES', 'VILCHES ', 'HERRERA9', '', 'MARCOS ANDRES VILCHES  HERRERA9', 'A', 'ANTHONY ', '2019-06-20 16:33:05', 'ANTHONY ', '2019-06-21 16:59:47'),
	(13, 8, '0953865177', 'PRUEBA', 'NELIO', 'CIGUENCIA', 'CADENA', 'POR EL BARRIO', 'PRUEBA NELIO CIGUENCIA CADENA', 'A', 'ANTHONY ', '2019-06-25 15:25:59', NULL, NULL),
	(14, 9, '0953284429123', 'ANGELO', 'nelio', 'ciguencia', 'martinez', NULL, NULL, 'A', NULL, NULL, NULL, NULL),
	(15, 8, '9999999999999', 'CONSUMIDOR', NULL, 'FINAL', NULL, NULL, 'CONSUMIDOR FINAL', 'A', NULL, NULL, NULL, NULL);
/*!40000 ALTER TABLE `se_clientes` ENABLE KEYS */;

-- Volcando estructura para tabla bd_farmacia_desa.se_contactos_clientes
CREATE TABLE IF NOT EXISTS `se_contactos_clientes` (
  `id_contactos_clientes` bigint(20) NOT NULL AUTO_INCREMENT,
  `id_localidad` bigint(20) DEFAULT NULL,
  `nombre` varchar(100) DEFAULT NULL,
  `telefono` varchar(15) DEFAULT NULL,
  `celular` varchar(15) DEFAULT NULL,
  `email` varchar(100) DEFAULT NULL,
  `estado` char(2) DEFAULT NULL,
  `usuario_creacion` varchar(20) DEFAULT NULL,
  `fecha_creacion` datetime DEFAULT NULL,
  `usuario_actualizacion` varchar(20) DEFAULT NULL,
  `fecha_actualizacion` datetime DEFAULT NULL,
  PRIMARY KEY (`id_contactos_clientes`),
  KEY `fk_se_contactos_clientes_1_idx` (`id_localidad`),
  CONSTRAINT `fk_se_contactos_clientes_1` FOREIGN KEY (`id_localidad`) REFERENCES `se_localidad_cliente` (`id_localidad_cliente`) ON DELETE NO ACTION ON UPDATE NO ACTION
) ENGINE=InnoDB AUTO_INCREMENT=28 DEFAULT CHARSET=latin1;

-- Volcando datos para la tabla bd_farmacia_desa.se_contactos_clientes: ~6 rows (aproximadamente)
/*!40000 ALTER TABLE `se_contactos_clientes` DISABLE KEYS */;
INSERT INTO `se_contactos_clientes` (`id_contactos_clientes`, `id_localidad`, `nombre`, `telefono`, `celular`, `email`, `estado`, `usuario_creacion`, `fecha_creacion`, `usuario_actualizacion`, `fecha_actualizacion`) VALUES
	(22, 21, 'PROPIO', '309845612', '093655221', 'cris@gmail.com', 'A', 'ANTHONY ', '2019-06-19 18:03:49', 'ANTHONY ', '2019-07-10 12:57:39'),
	(23, 22, 'PROPIO', '3065234', '0956898784', 'marcos@gmail.com', 'A', 'ANTHONY ', '2019-06-20 16:34:37', NULL, NULL),
	(24, 22, 'Karla', '30986598', '09365987845', 'karla@gmail.com', 'A', 'ANTHONY ', '2019-07-01 16:53:42', NULL, NULL),
	(25, 25, 'PROPIO', '3065984', '0926598784', 'Prueba@gmail.com', 'A', NULL, NULL, NULL, NULL),
	(26, 26, 'PROPIO', '3065987', '0932644578', 'pRIUEA@GMAIL.COM', 'A', NULL, NULL, NULL, NULL),
	(27, 27, 'PROPIO', '09999999', '0999999999', '********************************', 'A', NULL, NULL, NULL, NULL);
/*!40000 ALTER TABLE `se_contactos_clientes` ENABLE KEYS */;

-- Volcando estructura para tabla bd_farmacia_desa.se_empresa
CREATE TABLE IF NOT EXISTS `se_empresa` (
  `id_empresa` bigint(20) NOT NULL AUTO_INCREMENT,
  `nombre_comercial` varchar(70) DEFAULT NULL,
  `ruc` varchar(13) DEFAULT NULL,
  `telefono` varchar(10) DEFAULT NULL,
  `direccion` varchar(70) DEFAULT NULL,
  `correo` varchar(70) DEFAULT NULL,
  `usuario_creacion` varchar(20) DEFAULT NULL,
  `fecha_creacion` datetime DEFAULT NULL,
  `usuario_actualizacion` varchar(20) DEFAULT NULL,
  `fecha_actualizacion` datetime DEFAULT NULL,
  `estado` char(1) DEFAULT NULL,
  PRIMARY KEY (`id_empresa`)
) ENGINE=InnoDB AUTO_INCREMENT=8 DEFAULT CHARSET=utf8;

-- Volcando datos para la tabla bd_farmacia_desa.se_empresa: ~7 rows (aproximadamente)
/*!40000 ALTER TABLE `se_empresa` DISABLE KEYS */;
INSERT INTO `se_empresa` (`id_empresa`, `nombre_comercial`, `ruc`, `telefono`, `direccion`, `correo`, `usuario_creacion`, `fecha_creacion`, `usuario_actualizacion`, `fecha_actualizacion`, `estado`) VALUES
	(1, 'DESARROLLO DE SOFTWARE', '943894384389', '09872737', 'GUAYAQUIL', 'lalalalsk', '1', '2019-04-17 16:34:56', 'apiguave', '2019-05-17 15:21:16', 'A'),
	(2, 'ORACLE', '120516292001', '096122163', 'GUAYAQUIL', 'asdasdsa', '1', '2019-04-17 16:34:56', 'apiguave', '2019-05-17 15:21:27', 'A'),
	(3, 'JAVA ITSGKI', '120151622001', '061512512', 'GUAYAQUIL', '', '1', '2019-04-17 16:34:56', 'apiguave', '2019-07-03 15:52:09', 'A'),
	(4, 'DISEÑO DE SOFTWARE', '1205162982', '045136548', 'GUAYQUIL', 'ds@gmail.com', 'apiguave', '2019-05-17 15:21:51', 'apiguave', '2019-05-17 15:21:51', 'A'),
	(5, 'DIFARE', '0992181293787', '2547841269', 'CIUDAD COLON', 'DIFARE@DIFARE.COM.EC', 'apiguave', '2019-05-21 21:32:40', 'apiguave', '2019-05-21 21:32:40', 'A'),
	(6, 'RERERER', '7878488545457', '7', 'FDDFDF', 'DFDFDFDF', 'apiguave', '2019-05-21 21:34:38', 'apiguave', '2019-05-21 21:34:38', 'I'),
	(7, 'FBGFHBG', '5456456454545', '1234567890', 'FGHFGHFGHFG', 'GHGFHFGHFGH@', 'apiguave', '2019-05-21 22:12:56', 'apiguave', '2019-05-21 22:12:56', 'I');
/*!40000 ALTER TABLE `se_empresa` ENABLE KEYS */;

-- Volcando estructura para tabla bd_farmacia_desa.se_localidad_cliente
CREATE TABLE IF NOT EXISTS `se_localidad_cliente` (
  `id_localidad_cliente` bigint(20) NOT NULL AUTO_INCREMENT,
  `id_cliente` bigint(20) DEFAULT NULL,
  `dirreccion_cliente` varchar(150) DEFAULT NULL,
  `dirreccion_entrega` varchar(150) DEFAULT NULL,
  `id_ciudad` bigint(20) DEFAULT NULL,
  `id_provincia` bigint(20) DEFAULT NULL,
  `id_pais` bigint(20) DEFAULT NULL,
  `estado` char(2) DEFAULT NULL,
  `fecha_creacion` datetime DEFAULT NULL,
  `usuario_creacion` varchar(20) DEFAULT NULL,
  `fecha_actualizacion` datetime DEFAULT NULL,
  `usuario_actualizacion` varchar(20) DEFAULT NULL,
  PRIMARY KEY (`id_localidad_cliente`),
  KEY `id_ciudad` (`id_ciudad`),
  KEY `id_provincia` (`id_provincia`),
  KEY `id_pais` (`id_pais`),
  KEY `fk_se_localidad_cliente_ibfk_5_idx` (`id_cliente`),
  CONSTRAINT `fk_se_localidad_cliente_1` FOREIGN KEY (`id_cliente`) REFERENCES `se_clientes` (`id_clientes`) ON DELETE NO ACTION ON UPDATE NO ACTION,
  CONSTRAINT `se_localidad_cliente_ibfk_2` FOREIGN KEY (`id_ciudad`) REFERENCES `se_ciudad` (`id_Ciudad`),
  CONSTRAINT `se_localidad_cliente_ibfk_3` FOREIGN KEY (`id_provincia`) REFERENCES `se_provincia` (`id_Provincia`),
  CONSTRAINT `se_localidad_cliente_ibfk_4` FOREIGN KEY (`id_pais`) REFERENCES `se_pais` (`id_Pais`)
) ENGINE=InnoDB AUTO_INCREMENT=28 DEFAULT CHARSET=latin1;

-- Volcando datos para la tabla bd_farmacia_desa.se_localidad_cliente: ~6 rows (aproximadamente)
/*!40000 ALTER TABLE `se_localidad_cliente` DISABLE KEYS */;
INSERT INTO `se_localidad_cliente` (`id_localidad_cliente`, `id_cliente`, `dirreccion_cliente`, `dirreccion_entrega`, `id_ciudad`, `id_provincia`, `id_pais`, `estado`, `fecha_creacion`, `usuario_creacion`, `fecha_actualizacion`, `usuario_actualizacion`) VALUES
	(21, 5, 'GUASMO SUR COOP MOLINO DE FRANK', 'SAUCES 9', 10, 10, 1, 'A', '2019-07-10 12:44:46', 'ANTHONY ', NULL, NULL),
	(22, 12, 'SAUCES 4', 'FLORIDA', 10, 10, 1, 'A', '2019-06-20 16:33:48', 'ANTHONY ', NULL, NULL),
	(23, 5, 'NORTE', 'FLORESTA', 10, 10, 1, 'A', '2019-07-01 16:22:40', 'ANTHONY ', NULL, NULL),
	(25, 13, 'FLORESTA 2', 'FLORESTA 2 ', 10, 10, 1, 'A', NULL, NULL, NULL, NULL),
	(26, 14, 'floresta', 'prueba3', 10, 10, 1, 'A', NULL, NULL, NULL, NULL),
	(27, 15, '********************************', '********************************', 10, 10, 1, 'A', NULL, NULL, NULL, NULL);
/*!40000 ALTER TABLE `se_localidad_cliente` ENABLE KEYS */;

-- Volcando estructura para tabla bd_farmacia_desa.se_opciones_menu
CREATE TABLE IF NOT EXISTS `se_opciones_menu` (
  `id_opciones_menu` bigint(20) NOT NULL AUTO_INCREMENT,
  `nombre` varchar(70) DEFAULT NULL,
  `id_padre` bigint(20) DEFAULT NULL,
  `orden` bigint(20) DEFAULT NULL,
  `descripcion` varchar(70) DEFAULT NULL,
  `ruta` varchar(200) DEFAULT NULL,
  `estado` char(1) DEFAULT NULL,
  `usuario_creacion` varchar(20) DEFAULT NULL,
  `fecha_creacion` datetime DEFAULT NULL,
  `usuario_actualizacion` varchar(20) DEFAULT NULL,
  `fecha_actualizacion` datetime DEFAULT NULL,
  PRIMARY KEY (`id_opciones_menu`),
  KEY `fk_se_opciones_menu_1_idx` (`id_padre`),
  CONSTRAINT `fk_se_opciones_menu_1` FOREIGN KEY (`id_padre`) REFERENCES `se_opciones_menu` (`id_opciones_menu`) ON DELETE NO ACTION ON UPDATE NO ACTION
) ENGINE=InnoDB AUTO_INCREMENT=52 DEFAULT CHARSET=utf8;

-- Volcando datos para la tabla bd_farmacia_desa.se_opciones_menu: ~40 rows (aproximadamente)
/*!40000 ALTER TABLE `se_opciones_menu` DISABLE KEYS */;
INSERT INTO `se_opciones_menu` (`id_opciones_menu`, `nombre`, `id_padre`, `orden`, `descripcion`, `ruta`, `estado`, `usuario_creacion`, `fecha_creacion`, `usuario_actualizacion`, `fecha_actualizacion`) VALUES
	(1, 'INVENTARIO', NULL, 1, 'ABC', NULL, 'A', '1', '2019-04-18 15:42:36', NULL, NULL),
	(2, 'MANTENIMIENTO', 1, 1, 'ABC', NULL, 'A', '1', '2019-04-18 15:42:36', NULL, NULL),
	(3, 'GRUPO', 2, 1, 'ABC', 'ec.com.asofar.views.grupo.ConsultaGruposForm', 'A', '1', '2019-04-18 15:42:36', NULL, NULL),
	(4, 'SUBGRUPO', 2, 2, NULL, 'ec.com.asofar.views.supgrupos.ConsultaSubgrupos', 'A', '1', NULL, NULL, NULL),
	(5, 'COMPRAS', NULL, 2, 'ABC', NULL, NULL, NULL, NULL, NULL, NULL),
	(6, 'VENTAS', NULL, 3, 'ABC', NULL, NULL, NULL, NULL, NULL, NULL),
	(7, 'FACTURACION', NULL, 4, NULL, NULL, NULL, NULL, NULL, NULL, NULL),
	(8, 'ARTICULO', 2, 3, NULL, 'ec.com.asofar.views.articulo.ConsultaArticulo', NULL, NULL, NULL, NULL, NULL),
	(9, 'TIPO MEDIDA', 2, 4, NULL, 'ec.com.asofar.views.tipomedida.tipo_medida', NULL, NULL, NULL, NULL, NULL),
	(10, 'TIPO PRESENTACION', 2, 5, NULL, 'ec.com.asofar.views.tipopresentacion.Tipo_presentacion', NULL, NULL, NULL, NULL, NULL),
	(11, 'PRODUCTO', 2, 6, NULL, 'ec.com.asofar.views.producto.MantenimientoProductos', NULL, NULL, NULL, NULL, NULL),
	(13, 'PERSONAS', 20, 2, NULL, 'ec.com.asofar.views.persona.ListarPersonas', 'A', '1', '2019-04-18 15:42:36', NULL, NULL),
	(14, 'TIPO DOCUMENTO', 2, 8, NULL, 'ec.com.asofar.views.tipodocumento.tipo_documentoForm', 'A', '1', NULL, NULL, NULL),
	(18, 'USUARIOS', 20, 1, NULL, 'ec.com.asofar.views.usuarios.ListarUsuarios', 'A', '1', '2019-04-18 15:42:36', NULL, NULL),
	(19, 'SEGURIDAD', NULL, 5, 'ABC', NULL, NULL, NULL, NULL, NULL, NULL),
	(20, 'MANTENIMIENTO SEGURIDAD', 19, 1, NULL, NULL, NULL, NULL, NULL, NULL, NULL),
	(21, 'BODEGA', 2, 9, NULL, 'ec.com.asofar.views.bodega.consulta_bodega', 'A', NULL, NULL, NULL, NULL),
	(22, 'TIPO BODEGA ', 2, 10, NULL, 'ec.com.asofar.views.tipobodega.consulta_tipo_bodega', 'A', NULL, NULL, NULL, NULL),
	(23, 'EMPRESAS', 20, 3, NULL, 'ec.com.asofar.views.empresas.ListaEmpresas', NULL, NULL, NULL, NULL, NULL),
	(24, 'SUCURSALES', 20, 4, NULL, 'ec.com.asofar.views.sucursales.ListaSucursales', NULL, NULL, NULL, NULL, NULL),
	(25, 'CAJA OPCIONES', 6, 1, NULL, NULL, 'A', NULL, NULL, NULL, NULL),
	(27, 'CONSULTA CAJA', 25, 1, NULL, 'ec.com.asofar.views.caja.caja', 'A', '1', '2019-04-18 15:42:36', NULL, NULL),
	(28, 'CAJA', 25, 2, NULL, 'ec.com.asofar.views.caja.ContenedorCaja', NULL, NULL, NULL, NULL, NULL),
	(29, 'COMPRAS', NULL, 6, NULL, NULL, NULL, NULL, NULL, NULL, NULL),
	(30, 'ORDEN DE PEDIDO', 29, 1, NULL, NULL, NULL, NULL, NULL, NULL, NULL),
	(31, 'CREAR ORDEN DE PEDIDO', 30, 1, NULL, 'ec.com.asofar.views.ordenPedido.crearOrdenPedidoForm', NULL, NULL, NULL, NULL, NULL),
	(33, 'PRESTACIONES', 2, 7, NULL, 'ec.com.asofar.views.prestaciones.Consulta_prestaciones', 'A', '1', '2019-04-18 15:50:50', NULL, NULL),
	(34, 'APROBAR ORDEN DE PEDIDO', 30, 2, NULL, 'ec.com.asofar.views.ordenPedido.aprobarOrdendePedidoForm', 'A', NULL, NULL, NULL, NULL),
	(38, 'UNIDAD DE SERVICIO', 2, 12, NULL, 'ec.com.asofar.views.unidadservicio.ConsultaUnidadServicio', 'A', NULL, NULL, NULL, NULL),
	(39, 'CLIENTES', 20, 5, NULL, 'ec.com.asofar.views.clientes.consulta_cliente', 'A', NULL, NULL, NULL, NULL),
	(40, 'PRESTACIONES POR UNIDADES DE SERVICIO', 2, 11, NULL, 'ec.com.asofar.views.prestacionesporservicios.ConsultaPrestacionesporServicio', 'A', NULL, NULL, NULL, NULL),
	(41, 'GENERAR VENTA ', 6, 8, NULL, 'ec.com.asofar.views.venta.Venta', 'A', NULL, NULL, NULL, NULL),
	(42, 'ORDEN DE COMPRA', 29, 2, NULL, NULL, NULL, NULL, NULL, NULL, NULL),
	(43, 'CREAR ORDEN DE COMPRA', 42, 1, NULL, 'ec.com.asofar.views.compras.seleccionarOrdenPedidoCompraForm', 'A', NULL, NULL, NULL, NULL),
	(45, 'AGREGAR TARIFARIO', 46, 1, NULL, 'ec.com.asofar.views.DetallesTarifa.CargarTarifario', 'A', NULL, NULL, NULL, NULL),
	(46, 'TARIFARIO', 1, 3, NULL, NULL, 'A', NULL, NULL, NULL, NULL),
	(47, 'REPORTERIA', NULL, 7, 'ABC', NULL, 'A', '1', '2019-04-18 15:42:36', NULL, NULL),
	(48, 'REPORTE DE COMPRA', 47, 1, 'ABC', 'ec.com.asofar.views.reporteria.ReporteriaCompras', 'A', '1', NULL, NULL, NULL),
	(49, 'RECIBIR ORDEN DE COMPRA', 42, 2, NULL, 'ec.com.asofar.views.compras.seleccionarOrdenCompraRecibidoForm', 'A', NULL, NULL, NULL, NULL),
	(50, 'REPORTE DE VENTA', 47, 2, NULL, 'ec.com.asofar.views.reporteria.ReporteriaVentas', 'A', NULL, NULL, NULL, NULL);
/*!40000 ALTER TABLE `se_opciones_menu` ENABLE KEYS */;

-- Volcando estructura para tabla bd_farmacia_desa.se_opciones_roles
CREATE TABLE IF NOT EXISTS `se_opciones_roles` (
  `id_opciones_roles` bigint(20) NOT NULL AUTO_INCREMENT,
  `id_opciones_menu` bigint(20) NOT NULL,
  `id_rol` bigint(20) NOT NULL,
  `estado` char(1) DEFAULT NULL,
  `usuario_creacion` varchar(20) DEFAULT NULL,
  `fecha_creacion` datetime DEFAULT NULL,
  `usuario_actualizacion` varchar(20) DEFAULT NULL,
  `fecha_actualizacion` datetime DEFAULT NULL,
  PRIMARY KEY (`id_opciones_roles`,`id_opciones_menu`,`id_rol`),
  KEY `opc_roles` (`id_rol`),
  KEY `opc_menu` (`id_opciones_menu`),
  CONSTRAINT `opc_menu` FOREIGN KEY (`id_opciones_menu`) REFERENCES `se_opciones_menu` (`id_opciones_menu`),
  CONSTRAINT `opc_roles` FOREIGN KEY (`id_rol`) REFERENCES `se_roles` (`id_roles`)
) ENGINE=InnoDB AUTO_INCREMENT=33 DEFAULT CHARSET=utf8;

-- Volcando datos para la tabla bd_farmacia_desa.se_opciones_roles: ~40 rows (aproximadamente)
/*!40000 ALTER TABLE `se_opciones_roles` DISABLE KEYS */;
INSERT INTO `se_opciones_roles` (`id_opciones_roles`, `id_opciones_menu`, `id_rol`, `estado`, `usuario_creacion`, `fecha_creacion`, `usuario_actualizacion`, `fecha_actualizacion`) VALUES
	(1, 1, 1, 'A', '1', '2019-04-18 15:42:36', NULL, NULL),
	(1, 2, 1, 'A', '1', '2019-04-18 15:42:36', NULL, NULL),
	(1, 3, 1, 'A', '1', '2019-04-18 15:42:36', NULL, NULL),
	(1, 4, 1, 'A', '', NULL, NULL, NULL),
	(1, 5, 2, 'A', '1', '2019-04-18 15:42:36', NULL, NULL),
	(1, 6, 1, 'A', '1', '2019-04-18 15:42:36', NULL, NULL),
	(1, 7, 1, 'A', '1', '2019-04-18 15:42:36', NULL, NULL),
	(1, 8, 1, 'A', '1', '2019-04-18 15:42:36', NULL, NULL),
	(1, 9, 1, 'A', '1', '2019-04-18 15:42:36', NULL, NULL),
	(1, 10, 1, 'A', '1', '2019-04-18 15:42:36', NULL, NULL),
	(1, 11, 1, 'A', '1', '2019-04-18 15:42:36', NULL, NULL),
	(1, 13, 1, 'A', '1', '2019-04-18 15:42:36', NULL, NULL),
	(1, 14, 1, 'A', '1', '2019-04-18 15:42:36', NULL, NULL),
	(1, 18, 1, 'A', '1', '2019-05-15 16:22:50', NULL, NULL),
	(1, 19, 1, 'A', '1', '2019-05-15 16:22:50', NULL, NULL),
	(1, 20, 1, 'A', '1', '2019-05-15 16:22:50', NULL, NULL),
	(1, 21, 1, 'A', '1', '2019-04-18 15:42:36', NULL, NULL),
	(1, 22, 1, 'A', '1', '2019-05-15 16:22:50', NULL, NULL),
	(1, 23, 1, 'A', '1', '2019-05-15 16:22:50', NULL, NULL),
	(1, 24, 1, 'A', '1', '2019-05-15 16:22:50', NULL, NULL),
	(1, 25, 1, 'A', '1', '2019-05-20 16:22:50', '', NULL),
	(1, 27, 1, 'A', '1', '2019-05-20 16:16:45', NULL, NULL),
	(5, 28, 1, 'A', NULL, NULL, NULL, NULL),
	(9, 29, 1, 'A', NULL, NULL, NULL, NULL),
	(10, 30, 1, 'A', NULL, NULL, NULL, NULL),
	(11, 31, 1, 'A', NULL, NULL, NULL, NULL),
	(12, 33, 1, 'A', '1', NULL, NULL, NULL),
	(13, 34, 1, 'A', '1', NULL, NULL, NULL),
	(17, 38, 1, 'A', NULL, NULL, NULL, NULL),
	(18, 39, 1, 'A', NULL, NULL, NULL, NULL),
	(19, 40, 1, 'A', NULL, NULL, NULL, NULL),
	(20, 41, 1, 'A', NULL, NULL, NULL, NULL),
	(21, 42, 1, 'A', NULL, NULL, NULL, NULL),
	(22, 43, 1, 'A', NULL, NULL, NULL, NULL),
	(26, 46, 1, 'A', NULL, NULL, NULL, NULL),
	(27, 47, 1, 'A', NULL, NULL, NULL, NULL),
	(29, 48, 1, 'A', NULL, NULL, NULL, NULL),
	(30, 45, 1, 'A', NULL, NULL, NULL, NULL),
	(31, 49, 1, 'A', NULL, NULL, NULL, NULL),
	(32, 50, 1, 'A', '1', NULL, NULL, NULL);
/*!40000 ALTER TABLE `se_opciones_roles` ENABLE KEYS */;

-- Volcando estructura para tabla bd_farmacia_desa.se_pais
CREATE TABLE IF NOT EXISTS `se_pais` (
  `id_Pais` bigint(20) NOT NULL AUTO_INCREMENT,
  `Nombre` varchar(45) NOT NULL,
  `Estado` varchar(45) DEFAULT NULL,
  PRIMARY KEY (`id_Pais`)
) ENGINE=InnoDB AUTO_INCREMENT=110 DEFAULT CHARSET=latin1;

-- Volcando datos para la tabla bd_farmacia_desa.se_pais: ~109 rows (aproximadamente)
/*!40000 ALTER TABLE `se_pais` DISABLE KEYS */;
INSERT INTO `se_pais` (`id_Pais`, `Nombre`, `Estado`) VALUES
	(1, 'Ecuador', 'A'),
	(2, 'Colombia', 'A'),
	(3, 'Peru', 'A'),
	(4, 'Chile', 'A'),
	(5, 'Afganistan', 'A'),
	(6, 'Albania', 'A'),
	(7, 'Alemania', 'A'),
	(8, 'Andorra', 'A'),
	(9, 'Angola', 'A'),
	(10, 'Anguila', 'A'),
	(11, 'Arabia Saudita', 'A'),
	(12, 'Argelia', 'A'),
	(13, 'Argentina', 'A'),
	(14, 'Armenia', 'A'),
	(15, 'Aruba', 'A'),
	(16, 'Australia', 'A'),
	(17, 'Austria', 'A'),
	(18, 'Bahamas', 'A'),
	(19, 'Banglades', 'A'),
	(20, 'Barbados', 'A'),
	(21, 'Barelin', 'A'),
	(22, 'Belgica', 'A'),
	(23, 'Belice', 'A'),
	(24, 'Benin', 'A'),
	(25, 'Bermudas', 'A'),
	(26, 'Bielorrusia', 'A'),
	(27, 'Bolivia', 'A'),
	(28, 'Brazil', 'A'),
	(29, 'Bulgaria', 'A'),
	(30, 'Burundi', 'A'),
	(31, 'Cabo Verde', 'A'),
	(32, 'Camboya', 'A'),
	(33, 'Camerun', 'A'),
	(34, 'Canada', 'A'),
	(35, 'China', 'A'),
	(36, 'Congo', 'A'),
	(37, 'Corea del Norte', 'A'),
	(38, 'Corea del Sur', 'A'),
	(39, 'Costa Rica', 'A'),
	(40, 'Croacia', 'A'),
	(41, 'Cuba', 'A'),
	(42, 'Dinamarca', 'A'),
	(43, 'Egipto', 'A'),
	(44, 'El Salvador', 'A'),
	(45, 'Eslovaquia', 'A'),
	(46, 'España', 'A'),
	(47, 'Estados Unidos', 'A'),
	(48, 'Estonia', 'A'),
	(49, 'Etiopia', 'A'),
	(50, 'Filipinas', 'A'),
	(51, 'Finlandia', 'A'),
	(52, 'Francia', 'A'),
	(53, 'Georgia', 'A'),
	(54, 'Grecia', 'A'),
	(55, 'Groenlandia', 'A'),
	(56, 'Guatemala', 'A'),
	(57, 'Guayana Francesa', 'A'),
	(58, 'Guinea', 'A'),
	(59, 'Guinea Ecuatorial', 'A'),
	(60, 'Guyana', 'A'),
	(61, 'Haiti', 'A'),
	(62, 'Honduras', 'A'),
	(63, 'Hong Kong', 'A'),
	(64, 'India', 'A'),
	(65, 'Indonesia', 'A'),
	(66, 'Irak', 'A'),
	(67, 'Irlanda', 'A'),
	(68, 'Islandia', 'A'),
	(69, 'Islas Caiman', 'A'),
	(70, 'Israel', 'A'),
	(71, 'Italia', 'A'),
	(72, 'Jamaica', 'A'),
	(73, 'Japon', 'A'),
	(74, 'Libano', 'A'),
	(75, 'Luxemburgo', 'A'),
	(76, 'Macao', 'A'),
	(77, 'Madagascar', 'A'),
	(78, 'Malasia', 'A'),
	(79, 'Marruecos', 'A'),
	(80, 'Mexico', 'A'),
	(81, 'Nicaragua', 'A'),
	(82, 'Noruega', 'A'),
	(83, 'Nigeria', 'A'),
	(84, 'Nueva Zelanda', 'A'),
	(85, 'Pakistan', 'A'),
	(86, 'Palestina', 'A'),
	(87, 'Panama', 'A'),
	(88, 'Paraguay', 'A'),
	(89, 'Portugal', 'A'),
	(90, 'Puerto Rico', 'A'),
	(91, 'Reino Unido', 'A'),
	(92, 'Republica Dominicana', 'A'),
	(93, 'Rusia', 'A'),
	(94, 'Senegal', 'A'),
	(95, 'Sierra Leona', 'A'),
	(96, 'Singapur', 'A'),
	(97, 'Siria', 'A'),
	(98, 'Sudafrica', 'A'),
	(99, 'Sudan', 'A'),
	(100, 'Suecia', 'A'),
	(101, 'Suiza', 'A'),
	(102, 'Tailandia', 'A'),
	(103, 'Taiwan', 'A'),
	(104, 'Turquia', 'A'),
	(105, 'Ucrania', 'A'),
	(106, 'Uruguay', 'A'),
	(107, 'Venezuela', 'A'),
	(108, 'Vietnam', 'A'),
	(109, 'Yemen', 'A');
/*!40000 ALTER TABLE `se_pais` ENABLE KEYS */;

-- Volcando estructura para tabla bd_farmacia_desa.se_personas
CREATE TABLE IF NOT EXISTS `se_personas` (
  `id_persona` bigint(20) NOT NULL AUTO_INCREMENT,
  `id_tipo_persona` bigint(20) DEFAULT NULL,
  `cedula` varchar(10) DEFAULT NULL,
  `nombres` varchar(50) DEFAULT NULL,
  `apellidos` varchar(50) DEFAULT NULL,
  `fecha_nacimiento` date DEFAULT NULL,
  `direccion` varchar(50) DEFAULT NULL,
  `correo` varchar(50) DEFAULT NULL,
  `telefono` varchar(10) DEFAULT NULL,
  `telefono2` varchar(10) DEFAULT NULL,
  `usuario_creacion` varchar(20) DEFAULT NULL,
  `fecha_creacion` datetime DEFAULT NULL,
  `usuario_actualizacion` varchar(20) DEFAULT NULL,
  `fecha_actualizacion` datetime DEFAULT NULL,
  `estado` char(1) DEFAULT NULL,
  PRIMARY KEY (`id_persona`),
  KEY `fk_se_personas_tipo` (`id_tipo_persona`),
  CONSTRAINT `fk_se_personas_tipo` FOREIGN KEY (`id_tipo_persona`) REFERENCES `se_tipo_persona` (`id_tipo_persona`) ON DELETE NO ACTION ON UPDATE NO ACTION
) ENGINE=InnoDB AUTO_INCREMENT=7 DEFAULT CHARSET=utf8;

-- Volcando datos para la tabla bd_farmacia_desa.se_personas: ~5 rows (aproximadamente)
/*!40000 ALTER TABLE `se_personas` DISABLE KEYS */;
INSERT INTO `se_personas` (`id_persona`, `id_tipo_persona`, `cedula`, `nombres`, `apellidos`, `fecha_nacimiento`, `direccion`, `correo`, `telefono`, `telefono2`, `usuario_creacion`, `fecha_creacion`, `usuario_actualizacion`, `fecha_actualizacion`, `estado`) VALUES
	(1, 1, '1205162926', 'ANGEL JESUS', 'MAQUILON CEPEDA', '2019-05-01', 'GUAYAQUIL', 'angelmaquilon97@outlook.com', '', '', '1', '2019-04-18 15:42:36', 'apiguave', '2019-07-03 15:50:58', 'A'),
	(3, 1, '1|23', 'SDSFDSF', 'EDFDS', '2019-05-01', 'EWREW', 'dfsdfdsf', '2345345', '3432423', '1', '2019-05-09 18:26:45', '1', '2019-05-09 18:26:45', 'I'),
	(4, 2, '0953766367', 'ANTHONY ', 'PIGUAVE', '1998-08-11', 'GUAYAQUIL', 'ant@gmail.com', '0965148596', '042659222', '1', '2019-05-13 18:53:07', 'apiguave', '2019-07-03 15:59:07', 'I'),
	(5, 2, '1205216626', 'ALEX', 'MARIN', '2014-05-24', 'GUAYAS', 'aa@gmail.com', '095121565', '042561233', '1', '2019-05-14 16:54:21', 'apiguave', '2019-05-20 16:09:56', 'I'),
	(6, 2, '0952989952', 'JOSUE SALOMON ', 'ZAMBRANO REYES', '1996-10-02', 'ISLA TRINITARIA COOP INDEPENDENCIA 2 MZ. 1047 SL.3', 'JOSUEZAMBRANOREYES3H@GMAIL.COM', '0992181293', '', 'apiguave', '2019-05-21 21:28:57', 'apiguave', '2019-05-21 21:28:57', 'I');
/*!40000 ALTER TABLE `se_personas` ENABLE KEYS */;

-- Volcando estructura para tabla bd_farmacia_desa.se_provincia
CREATE TABLE IF NOT EXISTS `se_provincia` (
  `id_Provincia` bigint(20) NOT NULL AUTO_INCREMENT,
  `id_Pais` bigint(20) NOT NULL,
  `Nombre` varchar(45) NOT NULL,
  PRIMARY KEY (`id_Provincia`),
  KEY `fk_se_Provincia_1_idx` (`id_Pais`),
  CONSTRAINT `fk_se_Provincia_1` FOREIGN KEY (`id_Pais`) REFERENCES `se_pais` (`id_Pais`) ON DELETE NO ACTION ON UPDATE NO ACTION
) ENGINE=InnoDB AUTO_INCREMENT=25 DEFAULT CHARSET=latin1;

-- Volcando datos para la tabla bd_farmacia_desa.se_provincia: ~24 rows (aproximadamente)
/*!40000 ALTER TABLE `se_provincia` DISABLE KEYS */;
INSERT INTO `se_provincia` (`id_Provincia`, `id_Pais`, `Nombre`) VALUES
	(1, 1, 'Azuay'),
	(2, 1, 'Bolivar'),
	(3, 1, 'Cañar'),
	(4, 1, 'Carchi'),
	(5, 1, 'Chimborazo'),
	(6, 1, 'Cotopaxi'),
	(7, 1, 'El Oro'),
	(8, 1, 'Esmeraldas'),
	(9, 1, 'Galapagos'),
	(10, 1, 'Guayas'),
	(11, 1, 'Imbabura'),
	(12, 1, 'Loja'),
	(13, 1, 'Los Rios'),
	(14, 1, 'Manabi'),
	(15, 1, 'Morona Santiago'),
	(16, 1, 'Napo'),
	(17, 1, 'Orellana'),
	(18, 1, 'Pastaza'),
	(19, 1, 'Pichincha'),
	(20, 1, 'Santa Elena'),
	(21, 1, 'Santo Domingo'),
	(22, 1, 'Sucumbios'),
	(23, 1, 'Tungurahua'),
	(24, 1, 'Zamora Chimchipe');
/*!40000 ALTER TABLE `se_provincia` ENABLE KEYS */;

-- Volcando estructura para tabla bd_farmacia_desa.se_roles
CREATE TABLE IF NOT EXISTS `se_roles` (
  `id_roles` bigint(20) NOT NULL AUTO_INCREMENT,
  `nombre` varchar(50) DEFAULT NULL,
  `estado` char(1) DEFAULT NULL,
  `usuario_creacion` varchar(20) DEFAULT NULL,
  `fecha_creacion` datetime DEFAULT NULL,
  `usuario_actualizacion` varchar(20) DEFAULT NULL,
  `fecha_actualizacion` datetime DEFAULT NULL,
  PRIMARY KEY (`id_roles`)
) ENGINE=InnoDB AUTO_INCREMENT=3 DEFAULT CHARSET=utf8;

-- Volcando datos para la tabla bd_farmacia_desa.se_roles: ~2 rows (aproximadamente)
/*!40000 ALTER TABLE `se_roles` DISABLE KEYS */;
INSERT INTO `se_roles` (`id_roles`, `nombre`, `estado`, `usuario_creacion`, `fecha_creacion`, `usuario_actualizacion`, `fecha_actualizacion`) VALUES
	(1, 'ADMIN', 'A', '1', '2019-04-18 15:42:36', '1', '2019-04-18 15:42:36'),
	(2, 'CAJA', 'A', '1', '2019-04-18 15:42:36', '1', '2019-04-18 15:42:36');
/*!40000 ALTER TABLE `se_roles` ENABLE KEYS */;

-- Volcando estructura para tabla bd_farmacia_desa.se_sucursal
CREATE TABLE IF NOT EXISTS `se_sucursal` (
  `id_sucursal` bigint(20) NOT NULL AUTO_INCREMENT,
  `id_empresa` bigint(20) NOT NULL,
  `nombre_comercial` varchar(50) DEFAULT NULL,
  `telefono` varchar(10) DEFAULT NULL,
  `direccion` varchar(70) DEFAULT NULL,
  `correo` varchar(50) DEFAULT NULL,
  `usuario_creacion` varchar(20) DEFAULT NULL,
  `fecha_creacion` datetime DEFAULT NULL,
  `usuario_actualizacion` varchar(20) DEFAULT NULL,
  `fecha_actualizacion` datetime DEFAULT NULL,
  `estado` char(1) DEFAULT NULL,
  PRIMARY KEY (`id_sucursal`,`id_empresa`),
  KEY `sucursal_empresa` (`id_empresa`),
  CONSTRAINT `fk_empresa_sucursal$1` FOREIGN KEY (`id_empresa`) REFERENCES `se_empresa` (`id_empresa`)
) ENGINE=InnoDB AUTO_INCREMENT=5 DEFAULT CHARSET=utf8;

-- Volcando datos para la tabla bd_farmacia_desa.se_sucursal: ~4 rows (aproximadamente)
/*!40000 ALTER TABLE `se_sucursal` DISABLE KEYS */;
INSERT INTO `se_sucursal` (`id_sucursal`, `id_empresa`, `nombre_comercial`, `telefono`, `direccion`, `correo`, `usuario_creacion`, `fecha_creacion`, `usuario_actualizacion`, `fecha_actualizacion`, `estado`) VALUES
	(1, 1, 'SUCURSAL RIOS', '2736726727', 'GUAYAQUIL', 'SR@GMAIL.COM', '1', '2019-04-17 18:10:03', 'apiguave', '2019-05-17 16:37:37', 'I'),
	(2, 1, 'SUCURSAL SUR', '8438438438', 'GUAYAQUIL1', 'SS@GMAIL.COM', '1', '2019-04-17 19:21:02', 'apiguave', '2019-07-08 17:05:09', 'A'),
	(3, 2, 'SUCURSAL NORTE', '8438438438', 'GUAYAQUIL', 'SN@GMAIL.COM', '1', '2019-04-17 19:21:02', 'apiguave', '2019-05-17 17:16:53', 'A'),
	(4, 3, 'sucursal1', NULL, 'GUAYAQUIL', NULL, '1', '2019-04-17 19:21:02', NULL, NULL, 'I');
/*!40000 ALTER TABLE `se_sucursal` ENABLE KEYS */;

-- Volcando estructura para tabla bd_farmacia_desa.se_tipo_identificacion
CREATE TABLE IF NOT EXISTS `se_tipo_identificacion` (
  `id_tipo_identificacion` bigint(11) NOT NULL AUTO_INCREMENT,
  `nombre_identificacion` varchar(45) DEFAULT NULL,
  `estado` char(1) DEFAULT NULL,
  `usuario_creacion` varchar(45) DEFAULT NULL,
  `fecha_creacion` datetime DEFAULT NULL,
  `usuario_actualizacion` varchar(45) DEFAULT NULL,
  `fecha_actualizacion` datetime DEFAULT NULL,
  PRIMARY KEY (`id_tipo_identificacion`)
) ENGINE=InnoDB AUTO_INCREMENT=11 DEFAULT CHARSET=latin1;

-- Volcando datos para la tabla bd_farmacia_desa.se_tipo_identificacion: ~3 rows (aproximadamente)
/*!40000 ALTER TABLE `se_tipo_identificacion` DISABLE KEYS */;
INSERT INTO `se_tipo_identificacion` (`id_tipo_identificacion`, `nombre_identificacion`, `estado`, `usuario_creacion`, `fecha_creacion`, `usuario_actualizacion`, `fecha_actualizacion`) VALUES
	(8, 'CEDULA', 'A', NULL, NULL, NULL, NULL),
	(9, 'RUC', 'A', NULL, NULL, NULL, NULL),
	(10, 'PASAPORTE', 'A', NULL, NULL, NULL, NULL);
/*!40000 ALTER TABLE `se_tipo_identificacion` ENABLE KEYS */;

-- Volcando estructura para tabla bd_farmacia_desa.se_tipo_persona
CREATE TABLE IF NOT EXISTS `se_tipo_persona` (
  `id_tipo_persona` bigint(20) NOT NULL AUTO_INCREMENT,
  `nombre` varchar(50) DEFAULT NULL,
  `estado` char(1) DEFAULT NULL,
  `usuario_creacion` varchar(20) DEFAULT NULL,
  `fecha_creacion` datetime DEFAULT NULL,
  `usuario_actualizacion` varchar(20) DEFAULT NULL,
  `fecha_actualizacion` datetime DEFAULT NULL,
  PRIMARY KEY (`id_tipo_persona`)
) ENGINE=InnoDB AUTO_INCREMENT=4 DEFAULT CHARSET=utf8;

-- Volcando datos para la tabla bd_farmacia_desa.se_tipo_persona: ~3 rows (aproximadamente)
/*!40000 ALTER TABLE `se_tipo_persona` DISABLE KEYS */;
INSERT INTO `se_tipo_persona` (`id_tipo_persona`, `nombre`, `estado`, `usuario_creacion`, `fecha_creacion`, `usuario_actualizacion`, `fecha_actualizacion`) VALUES
	(1, 'JURIDICA', 'A', '1', '2019-04-18 15:42:36', '1', '2019-04-18 15:42:36'),
	(2, 'NATURAL', 'A', '1', '2019-04-18 15:42:36', '1', '2019-04-18 15:42:36'),
	(3, 'ESPECIALES', 'A', '1', '2019-04-18 15:42:36', '1', '2019-04-18 15:42:36');
/*!40000 ALTER TABLE `se_tipo_persona` ENABLE KEYS */;

-- Volcando estructura para tabla bd_farmacia_desa.se_usuarios
CREATE TABLE IF NOT EXISTS `se_usuarios` (
  `id_usuario` varchar(20) NOT NULL,
  `id_persona` bigint(20) DEFAULT NULL,
  `estado` char(1) DEFAULT NULL,
  `usuario_creacion` varchar(20) DEFAULT NULL,
  `fecha_creacion` datetime DEFAULT NULL,
  `usuario_actualizacion` varchar(20) DEFAULT NULL,
  `fecha_actualizacion` datetime DEFAULT NULL,
  `nombre_usuario` varchar(70) DEFAULT NULL,
  `password` text DEFAULT NULL,
  PRIMARY KEY (`id_usuario`),
  KEY `usuario_persona` (`id_persona`),
  CONSTRAINT `fk_usuario_tp$1` FOREIGN KEY (`id_persona`) REFERENCES `se_personas` (`id_persona`)
) ENGINE=InnoDB DEFAULT CHARSET=utf8;

-- Volcando datos para la tabla bd_farmacia_desa.se_usuarios: ~3 rows (aproximadamente)
/*!40000 ALTER TABLE `se_usuarios` DISABLE KEYS */;
INSERT INTO `se_usuarios` (`id_usuario`, `id_persona`, `estado`, `usuario_creacion`, `fecha_creacion`, `usuario_actualizacion`, `fecha_actualizacion`, `nombre_usuario`, `password`) VALUES
	('1', 1, 'A', '1', '2019-04-18 15:42:36', '1', '2019-04-18 15:42:36', 'ANGEL', 'SqjDu3QVn6auzjDTi6o8gw=='),
	('ALex', 5, 'I', 'ANTHONY ', '2019-05-20 16:10:39', 'ANTHONY ', '2019-05-20 16:10:39', 'ALEX', 'UPQML88el+hAJNf56W0qAQ=='),
	('apiguave', 4, 'A', 'ANGEL', '2019-05-14 17:50:38', 'ANGEL', '2019-05-14 17:50:38', 'ANTHONY ', 'UPQML88el+hAJNf56W0qAQ==');
/*!40000 ALTER TABLE `se_usuarios` ENABLE KEYS */;

-- Volcando estructura para tabla bd_farmacia_desa.se_usuario_sucur_rol
CREATE TABLE IF NOT EXISTS `se_usuario_sucur_rol` (
  `id_usuario_sucur_rol` bigint(20) NOT NULL,
  `id_sucursal` bigint(20) NOT NULL,
  `id_empresa` bigint(20) NOT NULL,
  `id_usuario` varchar(20) DEFAULT NULL,
  `id_roles` bigint(20) DEFAULT NULL,
  `estado` char(1) DEFAULT NULL,
  `usuario_creacion` varchar(20) DEFAULT NULL,
  `fecha_creacion` datetime DEFAULT NULL,
  `usuario_actualizacion` varchar(20) DEFAULT NULL,
  `fecha_actualizacion` datetime DEFAULT NULL,
  PRIMARY KEY (`id_usuario_sucur_rol`,`id_sucursal`,`id_empresa`),
  KEY `usuario_user` (`id_usuario`),
  KEY `fk_se_usuario_sucur_rol_1_idx` (`id_roles`),
  KEY `fk_se_usuario_sucur_rol_2_idx` (`id_sucursal`,`id_empresa`),
  CONSTRAINT `fk_se_usuario_sucur_rol_1` FOREIGN KEY (`id_roles`) REFERENCES `se_roles` (`id_roles`) ON DELETE NO ACTION ON UPDATE NO ACTION,
  CONSTRAINT `fk_se_usuario_sucur_rol_2` FOREIGN KEY (`id_sucursal`, `id_empresa`) REFERENCES `se_sucursal` (`id_sucursal`, `id_empresa`) ON DELETE NO ACTION ON UPDATE NO ACTION,
  CONSTRAINT `fk_se_usuario_sucur_rol_3` FOREIGN KEY (`id_usuario`) REFERENCES `se_usuarios` (`id_usuario`) ON DELETE NO ACTION ON UPDATE NO ACTION
) ENGINE=InnoDB DEFAULT CHARSET=utf8;

-- Volcando datos para la tabla bd_farmacia_desa.se_usuario_sucur_rol: ~2 rows (aproximadamente)
/*!40000 ALTER TABLE `se_usuario_sucur_rol` DISABLE KEYS */;
INSERT INTO `se_usuario_sucur_rol` (`id_usuario_sucur_rol`, `id_sucursal`, `id_empresa`, `id_usuario`, `id_roles`, `estado`, `usuario_creacion`, `fecha_creacion`, `usuario_actualizacion`, `fecha_actualizacion`) VALUES
	(2, 3, 2, '1', 1, 'A', '1', '2019-04-18 15:42:36', NULL, NULL),
	(3, 1, 1, 'apiguave', 1, 'A', '1', '2019-04-18 15:42:36', NULL, NULL);
/*!40000 ALTER TABLE `se_usuario_sucur_rol` ENABLE KEYS */;

-- Volcando estructura para tabla bd_farmacia_desa.ve_caja
CREATE TABLE IF NOT EXISTS `ve_caja` (
  `id_caja` bigint(20) NOT NULL AUTO_INCREMENT,
  `nombre` varchar(50) DEFAULT NULL,
  `estado` char(2) DEFAULT NULL,
  `fecha_creacion` datetime DEFAULT NULL,
  `usuario_creacion` varchar(20) DEFAULT NULL,
  `fecha_actualizacion` datetime DEFAULT NULL,
  `usuario_actualizacion` varchar(20) DEFAULT NULL,
  PRIMARY KEY (`id_caja`)
) ENGINE=InnoDB AUTO_INCREMENT=12 DEFAULT CHARSET=latin1;

-- Volcando datos para la tabla bd_farmacia_desa.ve_caja: ~0 rows (aproximadamente)
/*!40000 ALTER TABLE `ve_caja` DISABLE KEYS */;
INSERT INTO `ve_caja` (`id_caja`, `nombre`, `estado`, `fecha_creacion`, `usuario_creacion`, `fecha_actualizacion`, `usuario_actualizacion`) VALUES
	(11, 'CAJA #1', 'A', '2019-09-09 16:59:07', 'apiguave', '2019-09-09 16:59:07', NULL);
/*!40000 ALTER TABLE `ve_caja` ENABLE KEYS */;

-- Volcando estructura para tabla bd_farmacia_desa.ve_detalle_caja
CREATE TABLE IF NOT EXISTS `ve_detalle_caja` (
  `id_detalle_caja` bigint(20) NOT NULL AUTO_INCREMENT,
  `id_caja` bigint(20) NOT NULL,
  `id_usuario` varchar(20) DEFAULT NULL,
  `fecha_inicio` date DEFAULT NULL,
  `hora_inicio` time DEFAULT NULL,
  `fecha_cierre` date DEFAULT NULL,
  `hora_cierre` time DEFAULT NULL,
  `dinero_inicio` double DEFAULT NULL,
  `dinero_cierre` double DEFAULT NULL,
  `estado` char(2) DEFAULT NULL,
  `id_voucher` bigint(20) DEFAULT NULL,
  PRIMARY KEY (`id_detalle_caja`,`id_caja`),
  KEY `fk_detalle_caja_idx` (`id_caja`),
  CONSTRAINT `fk_detalle_caja` FOREIGN KEY (`id_caja`) REFERENCES `ve_caja` (`id_caja`) ON DELETE NO ACTION ON UPDATE NO ACTION
) ENGINE=InnoDB AUTO_INCREMENT=11 DEFAULT CHARSET=latin1;

-- Volcando datos para la tabla bd_farmacia_desa.ve_detalle_caja: ~9 rows (aproximadamente)
/*!40000 ALTER TABLE `ve_detalle_caja` DISABLE KEYS */;
INSERT INTO `ve_detalle_caja` (`id_detalle_caja`, `id_caja`, `id_usuario`, `fecha_inicio`, `hora_inicio`, `fecha_cierre`, `hora_cierre`, `dinero_inicio`, `dinero_cierre`, `estado`, `id_voucher`) VALUES
	(1, 11, 'apiguave', '2019-09-09', '16:59:32', '2019-09-16', '18:00:10', 0, 200, 'I', NULL),
	(2, 11, 'apiguave', '2019-09-16', '18:05:10', '2019-09-16', '18:05:49', 100, 100, 'I', NULL),
	(3, 11, 'apiguave', '2019-09-17', '13:11:39', '2019-09-17', '15:58:59', 15, 100, 'I', NULL),
	(4, 11, 'apiguave', '2019-09-17', '17:43:43', '2019-09-18', '17:42:57', 15, 10000, 'I', NULL),
	(5, 11, 'apiguave', '2019-09-18', '17:50:10', '2019-09-18', '17:50:21', 100, 150, 'I', NULL),
	(6, 11, 'apiguave', '2019-09-18', '17:50:37', '2019-09-30', '10:07:42', 200, 100, 'I', NULL),
	(7, 11, 'apiguave', '2019-09-30', '10:12:04', '2019-09-30', '10:35:10', 200, 200, 'I', NULL),
	(8, 11, 'apiguave', '2019-09-30', '10:35:34', '2019-09-30', '10:59:47', 100, 100, 'I', NULL),
	(9, 11, 'apiguave', '2019-09-30', '11:00:16', '2019-09-30', '11:08:25', 13, 13, 'I', NULL),
	(10, 11, 'apiguave', '2019-09-30', '11:08:48', NULL, NULL, 13, NULL, 'A', NULL);
/*!40000 ALTER TABLE `ve_detalle_caja` ENABLE KEYS */;

-- Volcando estructura para tabla bd_farmacia_desa.ve_factura
CREATE TABLE IF NOT EXISTS `ve_factura` (
  `id_factura` bigint(20) NOT NULL AUTO_INCREMENT,
  `id_empresa` bigint(20) NOT NULL,
  `id_sucursal` bigint(20) NOT NULL,
  `id_caja` bigint(20) DEFAULT NULL,
  `id_usuario` varchar(20) DEFAULT NULL,
  `id_cliente` bigint(20) DEFAULT NULL,
  `fecha_facturacion` datetime DEFAULT NULL,
  `numero_establecimiento_sri` varchar(45) DEFAULT NULL,
  `punto_emision_sri` varchar(45) DEFAULT NULL,
  `secuencia_sri` varchar(45) DEFAULT NULL,
  `subtotal` double(10,7) DEFAULT NULL,
  `total_ice` double(10,7) DEFAULT NULL,
  `total_descuento` double(10,7) DEFAULT NULL,
  `total_base_iva` double(10,7) DEFAULT NULL,
  `total_base_no_iva` double(10,7) DEFAULT NULL,
  `total_iva` double(10,7) DEFAULT NULL,
  `total_facturado` double(10,7) DEFAULT NULL,
  `estado` varchar(45) DEFAULT NULL,
  `despachado` varchar(45) DEFAULT NULL,
  `usuario_creacion` varchar(20) DEFAULT NULL,
  `fecha_creacion` datetime DEFAULT NULL,
  `usuario_actualizacion` varchar(20) DEFAULT NULL,
  `fecha_actualizacion` datetime DEFAULT NULL,
  PRIMARY KEY (`id_factura`,`id_empresa`,`id_sucursal`),
  KEY `id_empresa` (`id_empresa`,`id_sucursal`),
  CONSTRAINT `ve_factura_ibfk_1` FOREIGN KEY (`id_empresa`, `id_sucursal`) REFERENCES `se_sucursal` (`id_empresa`, `id_sucursal`)
) ENGINE=InnoDB AUTO_INCREMENT=26 DEFAULT CHARSET=utf8;

-- Volcando datos para la tabla bd_farmacia_desa.ve_factura: ~11 rows (aproximadamente)
/*!40000 ALTER TABLE `ve_factura` DISABLE KEYS */;
INSERT INTO `ve_factura` (`id_factura`, `id_empresa`, `id_sucursal`, `id_caja`, `id_usuario`, `id_cliente`, `fecha_facturacion`, `numero_establecimiento_sri`, `punto_emision_sri`, `secuencia_sri`, `subtotal`, `total_ice`, `total_descuento`, `total_base_iva`, `total_base_no_iva`, `total_iva`, `total_facturado`, `estado`, `despachado`, `usuario_creacion`, `fecha_creacion`, `usuario_actualizacion`, `fecha_actualizacion`) VALUES
	(15, 1, 1, 11, NULL, NULL, NULL, NULL, NULL, NULL, 2.0000000, NULL, 0.0000000, NULL, NULL, 0.2400000, 2.2400000, NULL, 'SI', NULL, NULL, NULL, NULL),
	(16, 1, 1, 11, NULL, NULL, '2019-09-18 17:40:09', NULL, NULL, NULL, NULL, NULL, NULL, NULL, NULL, NULL, NULL, NULL, 'SI', NULL, NULL, NULL, NULL),
	(17, 1, 1, 11, NULL, NULL, '2019-09-18 17:50:48', NULL, NULL, NULL, NULL, NULL, NULL, NULL, NULL, NULL, NULL, NULL, 'SI', NULL, NULL, NULL, NULL),
	(18, 1, 1, 11, NULL, NULL, '2019-09-18 17:57:00', NULL, NULL, NULL, NULL, NULL, NULL, NULL, NULL, NULL, NULL, NULL, 'SI', NULL, NULL, NULL, NULL),
	(19, 1, 1, 11, NULL, NULL, '2019-09-18 18:05:48', NULL, NULL, NULL, NULL, NULL, NULL, NULL, NULL, NULL, NULL, NULL, 'SI', NULL, NULL, NULL, NULL),
	(20, 1, 1, 11, NULL, NULL, '2019-09-20 15:49:39', NULL, NULL, NULL, 250.0000000, NULL, 50.0000000, NULL, NULL, 30.0000000, 230.0000000, NULL, 'SI', NULL, NULL, NULL, NULL),
	(21, 1, 1, 11, 'apiguave', 5, '2019-09-30 11:00:31', NULL, NULL, NULL, 250.0000000, NULL, 50.0000000, NULL, NULL, 30.0000000, 230.0000000, NULL, 'SI', 'apiguave', '2019-09-30 11:00:31', NULL, NULL),
	(22, 1, 1, 11, 'apiguave', 5, '2019-09-30 11:09:06', NULL, NULL, NULL, 10.0000000, NULL, 4.0000000, NULL, NULL, 1.2000000, 7.2000000, NULL, 'SI', 'apiguave', '2019-09-30 11:09:06', NULL, NULL),
	(23, 1, 1, 11, 'apiguave', 5, '2019-10-16 17:16:03', NULL, NULL, NULL, 255.0000000, NULL, 52.0000000, NULL, NULL, 30.6000000, 233.6000000, NULL, 'SI', 'apiguave', '2019-10-16 17:16:03', NULL, NULL),
	(24, 1, 1, 11, 'apiguave', 5, '2019-10-16 17:18:48', NULL, NULL, NULL, 252.0000000, NULL, 50.0400000, NULL, NULL, 30.2400000, 232.2000000, NULL, 'SI', 'apiguave', '2019-10-16 17:18:48', NULL, NULL),
	(25, 1, 1, 11, 'apiguave', 5, '2019-10-16 18:33:40', NULL, NULL, NULL, 250.0000000, NULL, 50.0000000, NULL, NULL, 30.0000000, 230.0000000, NULL, 'SI', 'apiguave', '2019-10-16 18:33:40', NULL, NULL);
/*!40000 ALTER TABLE `ve_factura` ENABLE KEYS */;

-- Volcando estructura para tabla bd_farmacia_desa.ve_factura_detalle
CREATE TABLE IF NOT EXISTS `ve_factura_detalle` (
  `id_factura_detalle` bigint(20) NOT NULL AUTO_INCREMENT,
  `linea_detalle` bigint(20) NOT NULL,
  `id_factura` bigint(20) NOT NULL,
  `id_empresa` bigint(20) NOT NULL,
  `id_sucursal` bigint(20) NOT NULL,
  `id_prestaciones` bigint(20) NOT NULL,
  `descripcion` varchar(256) DEFAULT NULL,
  `id_unidad_servicio` bigint(20) NOT NULL,
  `cantidad` bigint(20) DEFAULT NULL,
  `precio_unitario_venta` double(10,7) DEFAULT NULL,
  `valor_ice` double(10,7) DEFAULT NULL,
  `subtotal` double(10,7) DEFAULT NULL,
  `valor_iva` double(10,7) DEFAULT NULL,
  `valor_descuento` double(10,7) DEFAULT NULL,
  `valor_total` double(10,7) DEFAULT NULL,
  `estado` varchar(45) DEFAULT NULL,
  `usuario_creacion` varchar(20) DEFAULT NULL,
  `fecha_creacion` datetime DEFAULT NULL,
  `usuario_actualizacion` varchar(20) DEFAULT NULL,
  `fecha_actualizacion` datetime DEFAULT NULL,
  PRIMARY KEY (`id_factura_detalle`,`linea_detalle`,`id_factura`,`id_empresa`,`id_sucursal`,`id_prestaciones`,`id_unidad_servicio`),
  KEY `id_factura` (`id_factura`,`id_empresa`,`id_sucursal`),
  CONSTRAINT `ve_factura_detalle_ibfk_1` FOREIGN KEY (`id_factura`, `id_empresa`, `id_sucursal`) REFERENCES `ve_factura` (`id_factura`, `id_empresa`, `id_sucursal`)
) ENGINE=InnoDB AUTO_INCREMENT=24 DEFAULT CHARSET=utf8;

-- Volcando datos para la tabla bd_farmacia_desa.ve_factura_detalle: ~9 rows (aproximadamente)
/*!40000 ALTER TABLE `ve_factura_detalle` DISABLE KEYS */;
INSERT INTO `ve_factura_detalle` (`id_factura_detalle`, `linea_detalle`, `id_factura`, `id_empresa`, `id_sucursal`, `id_prestaciones`, `descripcion`, `id_unidad_servicio`, `cantidad`, `precio_unitario_venta`, `valor_ice`, `subtotal`, `valor_iva`, `valor_descuento`, `valor_total`, `estado`, `usuario_creacion`, `fecha_creacion`, `usuario_actualizacion`, `fecha_actualizacion`) VALUES
	(15, 1, 15, 1, 1, 84, 'Abacavir Tableta recubierta', 1, 1, 2.0000000, NULL, 2.0000000, 0.2400000, 0.0000000, 2.2400000, 'A', 'apiguave', '2019-09-10 18:14:33', NULL, NULL),
	(16, 1, 20, 1, 1, 84, 'Abacavir Tableta recubierta', 1, 1, 250.0000000, NULL, 250.0000000, 30.0000000, 50.0000000, 230.0000000, 'A', 'apiguave', '2019-09-20 15:49:39', NULL, NULL),
	(17, 1, 21, 1, 1, 84, 'MEDICINA \nTABLETA RECUBIERTA \nABACAVIR \nCAJA X 1 FRASCO, CAJA X BLÍSTERES \n300 MG', 1, 1, 250.0000000, NULL, 250.0000000, 30.0000000, 50.0000000, 230.0000000, 'A', 'apiguave', '2019-09-30 11:00:31', NULL, NULL),
	(18, 1, 22, 1, 1, 85, 'MEDICINA \nTABLETA \nPROPRANOLOL \nCAJA X 1 FRASCO, CAJA X BLÍSTERES \n40 MG', 1, 2, 5.0000000, NULL, 10.0000000, 1.2000000, 4.0000000, 7.2000000, 'A', 'apiguave', '2019-09-30 11:09:06', NULL, NULL),
	(19, 1, 23, 1, 1, 84, 'MEDICINA \nTABLETA RECUBIERTA \nABACAVIR \nCAJA X 1 FRASCO, CAJA X BLÍSTERES \n300 MG', 1, 1, 250.0000000, NULL, 250.0000000, 30.0000000, 50.0000000, 230.0000000, 'A', 'apiguave', '2019-10-16 17:16:03', NULL, NULL),
	(20, 2, 23, 1, 1, 85, 'MEDICINA \nTABLETA \nPROPRANOLOL \nCAJA X 1 FRASCO, CAJA X BLÍSTERES \n40 MG', 1, 1, 5.0000000, NULL, 5.0000000, 0.6000000, 2.0000000, 3.6000000, 'A', 'apiguave', '2019-10-16 17:16:03', NULL, NULL),
	(21, 1, 24, 1, 1, 84, 'MEDICINA \nTABLETA RECUBIERTA \nABACAVIR \nCAJA X 1 FRASCO, CAJA X BLÍSTERES \n300 MG', 1, 1, 250.0000000, NULL, 250.0000000, 30.0000000, 50.0000000, 230.0000000, 'A', 'apiguave', '2019-10-16 17:18:48', NULL, NULL),
	(22, 2, 24, 1, 1, 91, 'MEDICINA \nTABLETA \nACICLOVIR \nCAJA X BLÍSTERES \n200 MG', 1, 1, 2.0000000, NULL, 2.0000000, 0.2400000, 0.0400000, 2.2000000, 'A', 'apiguave', '2019-10-16 17:18:48', NULL, NULL),
	(23, 1, 25, 1, 1, 84, 'MEDICINA \nTABLETA RECUBIERTA \nABACAVIR \nCAJA X 1 FRASCO, CAJA X BLÍSTERES \n300 MG', 1, 1, 250.0000000, NULL, 250.0000000, 30.0000000, 50.0000000, 230.0000000, 'A', 'apiguave', '2019-10-16 18:33:40', NULL, NULL);
/*!40000 ALTER TABLE `ve_factura_detalle` ENABLE KEYS */;

-- Volcando estructura para tabla bd_farmacia_desa.ve_unidad_servicio
CREATE TABLE IF NOT EXISTS `ve_unidad_servicio` (
  `id_unidad_servicio` bigint(20) NOT NULL AUTO_INCREMENT,
  `id_empresa` bigint(20) DEFAULT NULL,
  `nombre_unidad_servicio` varchar(256) DEFAULT NULL,
  `estado` varchar(45) DEFAULT NULL,
  `usuario_creacion` varchar(20) DEFAULT NULL,
  `fecha_creacion` datetime DEFAULT NULL,
  `usuario_actualizacion` varchar(20) DEFAULT NULL,
  `fecha_actualizacion` datetime DEFAULT NULL,
  PRIMARY KEY (`id_unidad_servicio`),
  KEY `id_empresa` (`id_empresa`),
  CONSTRAINT `ve_unidad_servicio_ibfk_1` FOREIGN KEY (`id_empresa`) REFERENCES `se_empresa` (`id_empresa`)
) ENGINE=InnoDB AUTO_INCREMENT=3 DEFAULT CHARSET=utf8;

-- Volcando datos para la tabla bd_farmacia_desa.ve_unidad_servicio: ~2 rows (aproximadamente)
/*!40000 ALTER TABLE `ve_unidad_servicio` DISABLE KEYS */;
INSERT INTO `ve_unidad_servicio` (`id_unidad_servicio`, `id_empresa`, `nombre_unidad_servicio`, `estado`, `usuario_creacion`, `fecha_creacion`, `usuario_actualizacion`, `fecha_actualizacion`) VALUES
	(1, 1, 'Ventanilla Caja', 'Activo', '', NULL, 'ANTHONY ', '2019-08-30 17:52:35'),
	(2, 1, 'Venta Domicilioo', 'Activo', NULL, NULL, 'ANTHONY ', '2019-08-13 18:11:14');
/*!40000 ALTER TABLE `ve_unidad_servicio` ENABLE KEYS */;

/*!40101 SET SQL_MODE=IFNULL(@OLD_SQL_MODE, '') */;
/*!40014 SET FOREIGN_KEY_CHECKS=IF(@OLD_FOREIGN_KEY_CHECKS IS NULL, 1, @OLD_FOREIGN_KEY_CHECKS) */;
/*!40101 SET CHARACTER_SET_CLIENT=@OLD_CHARACTER_SET_CLIENT */;
