/*
SQLyog Ultimate v11.11 (64 bit)
MySQL - 5.7.28-0ubuntu0.16.04.2 : Database - bd_farmacia_desa
*********************************************************************
*/

/*!40101 SET NAMES utf8 */;

/*!40101 SET SQL_MODE=''*/;

/*!40014 SET @OLD_UNIQUE_CHECKS=@@UNIQUE_CHECKS, UNIQUE_CHECKS=0 */;
/*!40014 SET @OLD_FOREIGN_KEY_CHECKS=@@FOREIGN_KEY_CHECKS, FOREIGN_KEY_CHECKS=0 */;
/*!40101 SET @OLD_SQL_MODE=@@SQL_MODE, SQL_MODE='NO_AUTO_VALUE_ON_ZERO' */;
/*!40111 SET @OLD_SQL_NOTES=@@SQL_NOTES, SQL_NOTES=0 */;
CREATE DATABASE /*!32312 IF NOT EXISTS*/`bd_farmacia_desa` /*!40100 DEFAULT CHARACTER SET latin1 */;

USE `bd_farmacia_desa`;

/*Table structure for table `co_cotizaciones_por_proveedor` */

DROP TABLE IF EXISTS `co_cotizaciones_por_proveedor`;

CREATE TABLE `co_cotizaciones_por_proveedor` (
  `id_cotizaciones_por_porveedor` bigint(20) NOT NULL AUTO_INCREMENT,
  `id_proveedor` bigint(20) DEFAULT NULL,
  `id_cotizacion` bigint(20) DEFAULT NULL,
  `id_empresa` bigint(20) DEFAULT NULL,
  `id_sucursal` bigint(20) DEFAULT NULL,
  `id_tipo_compra` bigint(20) DEFAULT NULL,
  `fecha_envio_cotizacion` datetime DEFAULT NULL,
  `mail_contacto` varchar(45) DEFAULT NULL,
  `telefono_contacto` varchar(12) DEFAULT NULL,
  `estado` char(3) DEFAULT NULL,
  `fecha_ingreso` datetime DEFAULT NULL,
  `usuario_ingreso` varchar(20) DEFAULT NULL,
  `fecha_actualizacion` datetime DEFAULT NULL,
  `usuario_actualizacion` varchar(20) DEFAULT NULL,
  PRIMARY KEY (`id_cotizaciones_por_porveedor`)
) ENGINE=InnoDB DEFAULT CHARSET=latin1;

/*Data for the table `co_cotizaciones_por_proveedor` */

/*Table structure for table `co_det_items_cotizacion` */

DROP TABLE IF EXISTS `co_det_items_cotizacion`;

CREATE TABLE `co_det_items_cotizacion` (
  `id_cotizacion` bigint(20) NOT NULL,
  `id_empresa` bigint(20) NOT NULL,
  `id_sucursal` bigint(20) NOT NULL,
  `linea_detalle` bigint(20) NOT NULL,
  `descripcion` varchar(75) DEFAULT NULL,
  `id_producto` bigint(20) DEFAULT NULL,
  `cantidad_pedida` bigint(20) DEFAULT NULL,
  `cantidad_cotizada` double DEFAULT NULL,
  `cantidad_faltante` double DEFAULT NULL,
  `valor_min_ref` double DEFAULT NULL,
  `valor_max_ref` double DEFAULT NULL,
  `estado` char(3) DEFAULT NULL,
  `usuario_creacion` varchar(20) DEFAULT NULL,
  `fecha_creacion` datetime DEFAULT NULL,
  `usuario_actualizacion` varchar(20) DEFAULT NULL,
  `fecha_actualizacion` varchar(45) DEFAULT NULL,
  PRIMARY KEY (`id_cotizacion`,`id_empresa`,`id_sucursal`,`linea_detalle`),
  CONSTRAINT `fk_det_cab_cot` FOREIGN KEY (`id_cotizacion`, `id_empresa`, `id_sucursal`) REFERENCES `co_items_cotizacion` (`id_cotizacion`, `id_empresa`, `id_sucursal`) ON DELETE NO ACTION ON UPDATE NO ACTION
) ENGINE=InnoDB DEFAULT CHARSET=latin1;

/*Data for the table `co_det_items_cotizacion` */

/*Table structure for table `co_detalle_cotizacion_por_proveedor` */

DROP TABLE IF EXISTS `co_detalle_cotizacion_por_proveedor`;

CREATE TABLE `co_detalle_cotizacion_por_proveedor` (
  `id_cotizaciones_por_porveedor` bigint(20) NOT NULL AUTO_INCREMENT,
  `id_cotizacion` bigint(20) DEFAULT NULL,
  `id_empresa` bigint(20) DEFAULT NULL,
  `id_sucursal` bigint(20) DEFAULT NULL,
  `id_producto` bigint(20) DEFAULT NULL,
  `linea_detalle` bigint(20) DEFAULT NULL,
  `descripcion` varchar(150) DEFAULT NULL,
  `valor_minimo_referencial` double DEFAULT NULL,
  `valor_maximo_referencial` double DEFAULT NULL,
  `cantidad_pedido` int(11) DEFAULT NULL,
  `cantidad_cotizado` double DEFAULT NULL,
  `precio_unitario_neto` double DEFAULT NULL,
  `estado` char(3) DEFAULT NULL,
  `fecha` datetime DEFAULT NULL,
  PRIMARY KEY (`id_cotizaciones_por_porveedor`),
  KEY `id_cotizacion` (`id_cotizacion`),
  CONSTRAINT `co_detalle_cotizacion_por_proveedor_ibfk_1` FOREIGN KEY (`id_cotizacion`) REFERENCES `co_cotizaciones_por_proveedor` (`id_cotizaciones_por_porveedor`)
) ENGINE=InnoDB DEFAULT CHARSET=latin1;

/*Data for the table `co_detalle_cotizacion_por_proveedor` */

/*Table structure for table `co_detalle_orden_compra` */

DROP TABLE IF EXISTS `co_detalle_orden_compra`;

CREATE TABLE `co_detalle_orden_compra` (
  `id_detalle_orden_compra` bigint(20) NOT NULL AUTO_INCREMENT,
  `id_orden_compra` bigint(20) NOT NULL,
  `id_empresa` bigint(20) NOT NULL,
  `id_surcusal` bigint(20) NOT NULL,
  `linea_detalle` bigint(20) NOT NULL,
  `id_producto` bigint(20) NOT NULL,
  `descripcion` varchar(256) DEFAULT NULL,
  `precio_unitario` decimal(15,7) DEFAULT NULL,
  `cantidad_recibida` bigint(20) DEFAULT NULL,
  `subtotal` decimal(15,7) DEFAULT NULL,
  `iva` decimal(15,7) DEFAULT NULL,
  `ice` decimal(15,7) DEFAULT NULL,
  `descuento` decimal(15,7) DEFAULT NULL,
  `total` decimal(15,7) DEFAULT NULL,
  `lote_fabricacion` varchar(45) DEFAULT NULL,
  `fecha_caducidad` date DEFAULT NULL,
  `estado` char(2) DEFAULT NULL,
  `usuario_creacion` varchar(20) DEFAULT NULL,
  `fecha_creacion` datetime DEFAULT NULL,
  `usuario_actualizacion` varchar(20) DEFAULT NULL,
  `fecha_actualizacion` datetime DEFAULT NULL,
  PRIMARY KEY (`id_detalle_orden_compra`,`id_orden_compra`,`id_empresa`,`id_surcusal`,`linea_detalle`,`id_producto`),
  KEY `id_orden_compra` (`id_orden_compra`,`id_empresa`,`id_surcusal`),
  CONSTRAINT `co_detalle_orden_compra_ibfk_1` FOREIGN KEY (`id_orden_compra`, `id_empresa`, `id_surcusal`) REFERENCES `co_orden_compras` (`id_orden_compra`, `id_empresa`, `id_sucursal`)
) ENGINE=InnoDB AUTO_INCREMENT=8 DEFAULT CHARSET=utf8;

/*Data for the table `co_detalle_orden_compra` */

insert  into `co_detalle_orden_compra`(`id_detalle_orden_compra`,`id_orden_compra`,`id_empresa`,`id_surcusal`,`linea_detalle`,`id_producto`,`descripcion`,`precio_unitario`,`cantidad_recibida`,`subtotal`,`iva`,`ice`,`descuento`,`total`,`lote_fabricacion`,`fecha_caducidad`,`estado`,`usuario_creacion`,`fecha_creacion`,`usuario_actualizacion`,`fecha_actualizacion`) values (1,1,1,1,1,1,'Tableta recubierta Abacavir En Caja x 1 frasco, Caja x blísteres De 300 mg',0.5000000,100,50.0000000,0.0000000,0.0000000,0.0000000,50.0000000,'1','2018-12-31','A','admin','2019-11-07 15:50:52',NULL,NULL),(2,2,1,1,1,2,'Tableta Acetazolamida En Caja x blísteres De 250 mg',1.0000000,100,100.0000000,0.0000000,0.0000000,0.0000000,100.0000000,'1','2019-12-30','A','admin','2019-11-07 15:59:14',NULL,NULL),(3,2,1,1,2,1,'Tableta recubierta Abacavir En Caja x 1 frasco, Caja x blísteres De 300 mg',1.0000000,100,100.0000000,0.0000000,0.0000000,0.0000000,100.0000000,'1','2019-12-30','A','admin','2019-11-07 15:59:14',NULL,NULL),(4,3,1,1,1,1030,'BEBIDAS REFRESCANTES CON O SIN GAS  GASEOSAS EN COCA- COLA BOTELLA 3 LITROS DE 3 L',3.0000000,10,30.0000000,3.6000000,0.0000000,0.0000000,33.6000000,'1111','2019-12-30','A','admin','2019-12-12 18:15:02',NULL,NULL),(5,4,1,1,1,1030,'BEBIDAS REFRESCANTES CON O SIN GAS  GASEOSAS EN COCA- COLA BOTELLA 3 LITROS DE 3 L',0.0000000,2,0.0000000,0.0000000,0.0000000,0.0000000,0.0000000,NULL,NULL,'I','admin','2019-12-12 18:19:41',NULL,NULL),(6,5,1,1,1,2,'Tableta Acetazolamida En Caja x blísteres De 250 mg',2.0000000,10,20.0000000,0.0000000,0.0000000,0.0000000,20.0000000,'1111','2020-12-28','A','admin','2019-12-12 18:32:06',NULL,NULL),(7,5,1,1,2,1030,'BEBIDAS REFRESCANTES CON O SIN GAS  GASEOSAS EN COCA- COLA BOTELLA 3 LITROS DE 3 L',3.0000000,10,30.0000000,3.6000000,0.0000000,0.0000000,33.6000000,'2222','2018-01-01','A','admin','2019-12-12 18:32:06',NULL,NULL);

/*Table structure for table `co_detalle_orden_pedido` */

DROP TABLE IF EXISTS `co_detalle_orden_pedido`;

CREATE TABLE `co_detalle_orden_pedido` (
  `id_detalle_orden_pedido` bigint(20) NOT NULL AUTO_INCREMENT,
  `id_orden_pedido` bigint(20) NOT NULL,
  `id_empresa` bigint(20) NOT NULL,
  `id_surcusal` bigint(20) NOT NULL,
  `linea_detalle` bigint(20) NOT NULL,
  `id_producto` bigint(20) NOT NULL,
  `descripcion` varchar(256) DEFAULT NULL,
  `cantidad_solicitada` bigint(20) DEFAULT NULL,
  `estado` char(2) DEFAULT NULL,
  `usuario_creacion` varchar(20) DEFAULT NULL,
  `fecha_creacion` datetime DEFAULT NULL,
  `usuario_actualizacion` varchar(20) DEFAULT NULL,
  `fecha_actualizacion` datetime DEFAULT NULL,
  PRIMARY KEY (`id_detalle_orden_pedido`,`id_orden_pedido`,`id_empresa`,`id_surcusal`,`linea_detalle`,`id_producto`),
  KEY `fk_co_detalle_orden_pedido_1_idx` (`id_orden_pedido`,`id_empresa`,`id_surcusal`),
  CONSTRAINT `fk_co_detalle_orden_pedido_1` FOREIGN KEY (`id_orden_pedido`, `id_empresa`, `id_surcusal`) REFERENCES `co_orden_pedido` (`id_orden_pedido`, `id_empresa`, `id_sucursal`) ON DELETE NO ACTION ON UPDATE NO ACTION
) ENGINE=InnoDB AUTO_INCREMENT=10 DEFAULT CHARSET=utf8;

/*Data for the table `co_detalle_orden_pedido` */

insert  into `co_detalle_orden_pedido`(`id_detalle_orden_pedido`,`id_orden_pedido`,`id_empresa`,`id_surcusal`,`linea_detalle`,`id_producto`,`descripcion`,`cantidad_solicitada`,`estado`,`usuario_creacion`,`fecha_creacion`,`usuario_actualizacion`,`fecha_actualizacion`) values (1,1,1,1,1,1,'Tableta recubierta Abacavir En Caja x 1 frasco, Caja x blísteres De 300 mg',100,'A','admin','2019-11-07 15:50:16','admin','2019-11-07 15:50:43'),(2,2,1,1,1,2,'Tableta Acetazolamida En Caja x blísteres De 250 mg',100,'A','admin','2019-11-07 15:58:25','admin','2019-11-07 15:59:05'),(3,2,1,1,2,1,'Tableta recubierta Abacavir En Caja x 1 frasco, Caja x blísteres De 300 mg',100,'A','admin','2019-11-07 15:58:25','admin','2019-11-07 15:59:05'),(4,3,1,1,1,1030,'BEBIDAS REFRESCANTES CON O SIN GAS  GASEOSAS EN COCA- COLA BOTELLA 3 LITROS DE 3 L',10,'A','admin','2019-12-12 18:14:22','admin','2019-12-12 18:14:52'),(5,4,1,1,1,1030,'BEBIDAS REFRESCANTES CON O SIN GAS  GASEOSAS EN COCA- COLA BOTELLA 3 LITROS DE 3 L',2,'A','admin','2019-12-12 18:17:24','admin','2019-12-12 18:17:58'),(6,5,1,1,1,1030,'BEBIDAS REFRESCANTES CON O SIN GAS  GASEOSAS EN COCA- COLA BOTELLA 3 LITROS DE 3 L',10,'A','admin','2019-12-12 18:20:09','admin','2019-12-12 18:20:39'),(7,6,1,1,1,1,'Tableta recubierta Abacavir En Caja x 1 frasco, Caja x blísteres De 300 mg',9,'I','admin','2019-12-12 18:30:16','admin','2019-12-12 18:31:04'),(8,6,1,1,2,2,'Tableta Acetazolamida En Caja x blísteres De 250 mg',10,'A','admin','2019-12-12 18:30:16','admin','2019-12-12 18:31:04'),(9,6,1,1,3,1030,'BEBIDAS REFRESCANTES CON O SIN GAS  GASEOSAS EN COCA- COLA BOTELLA 3 LITROS DE 3 L',10,'A','admin','2019-12-12 18:30:16','admin','2019-12-12 18:31:04');

/*Table structure for table `co_detalles_tarifa` */

DROP TABLE IF EXISTS `co_detalles_tarifa`;

CREATE TABLE `co_detalles_tarifa` (
  `id_tarifa` bigint(20) NOT NULL,
  `id_empresa` bigint(20) NOT NULL,
  `id_sucursal` bigint(20) NOT NULL,
  `id_prestacion` bigint(20) NOT NULL,
  `id_unidad_servicio` bigint(20) NOT NULL,
  `valor_costo` bigint(20) DEFAULT NULL,
  `valor_minimo_venta` bigint(20) DEFAULT NULL,
  `valor_venta` bigint(20) DEFAULT NULL,
  `valor_venta_mayorista` bigint(20) DEFAULT NULL,
  `es_activo` varchar(50) DEFAULT NULL,
  `fecha_ingreso` datetime DEFAULT NULL,
  `usuario_ingreso` varchar(50) DEFAULT NULL,
  `fecha_modificacion` datetime DEFAULT NULL,
  `usuario_modificacion` varchar(50) DEFAULT NULL,
  PRIMARY KEY (`id_tarifa`,`id_empresa`,`id_sucursal`,`id_prestacion`,`id_unidad_servicio`),
  KEY `detalle_tarifario_idx` (`id_tarifa`),
  KEY `id_unidad_servicio` (`id_unidad_servicio`),
  KEY `id_prestacion` (`id_prestacion`,`id_unidad_servicio`),
  CONSTRAINT `co_detalles_tarifa_ibfk_1` FOREIGN KEY (`id_tarifa`, `id_empresa`, `id_sucursal`) REFERENCES `pr_tarifario` (`id_tarifario`, `id_empresa`, `id_surcusal`),
  CONSTRAINT `co_detalles_tarifa_ibfk_2` FOREIGN KEY (`id_prestacion`, `id_unidad_servicio`) REFERENCES `in_prestaciones_por_servicios` (`id_prestacion`, `id_unidad_servicio`)
) ENGINE=InnoDB DEFAULT CHARSET=latin1;

/*Data for the table `co_detalles_tarifa` */

/*Table structure for table `co_items_cotizacion` */

DROP TABLE IF EXISTS `co_items_cotizacion`;

CREATE TABLE `co_items_cotizacion` (
  `id_cotizacion` bigint(20) NOT NULL AUTO_INCREMENT,
  `id_empresa` bigint(20) NOT NULL,
  `id_sucursal` bigint(20) NOT NULL,
  `id_tipo_compra` bigint(20) DEFAULT NULL,
  `id_departamento` bigint(20) DEFAULT NULL,
  `fecha_emision` datetime DEFAULT NULL,
  `id_estado` bigint(20) DEFAULT NULL,
  `id_tipo_documento` bigint(20) DEFAULT NULL,
  `estado` char(3) DEFAULT NULL,
  `usuario_creacion` varchar(20) DEFAULT NULL,
  `fecha_creacion` datetime DEFAULT NULL,
  `usuario_actualizacion` varchar(20) DEFAULT NULL,
  `fecha_actualizacion` datetime DEFAULT NULL,
  `procesado` varchar(45) DEFAULT NULL,
  PRIMARY KEY (`id_cotizacion`,`id_empresa`,`id_sucursal`),
  KEY `fk_items_tcompra_idx` (`id_tipo_compra`),
  KEY `fk_items_depart$2_idx` (`id_departamento`),
  KEY `fk_items_tdoc$3_idx` (`id_tipo_documento`),
  CONSTRAINT `fk_item_tcomp` FOREIGN KEY (`id_tipo_compra`) REFERENCES `in_tipo_compra` (`id_in_tipo_compra`) ON DELETE NO ACTION ON UPDATE NO ACTION,
  CONSTRAINT `fk_items_depart$2` FOREIGN KEY (`id_departamento`) REFERENCES `in_tipo_departamento` (`id_tipo_departamento`) ON DELETE NO ACTION ON UPDATE NO ACTION,
  CONSTRAINT `fk_items_tdoc$3` FOREIGN KEY (`id_tipo_documento`) REFERENCES `in_tipo_documento` (`id_tipo_documento`) ON DELETE NO ACTION ON UPDATE NO ACTION
) ENGINE=InnoDB DEFAULT CHARSET=latin1;

/*Data for the table `co_items_cotizacion` */

/*Table structure for table `co_orden_compras` */

DROP TABLE IF EXISTS `co_orden_compras`;

CREATE TABLE `co_orden_compras` (
  `id_orden_compra` bigint(20) NOT NULL AUTO_INCREMENT,
  `id_empresa` bigint(20) NOT NULL,
  `id_sucursal` bigint(20) NOT NULL,
  `id_proveedor` bigint(20) DEFAULT NULL,
  `id_tipo_documento` bigint(20) DEFAULT NULL,
  `observacion` varchar(70) DEFAULT NULL,
  `fecha_entrega` date DEFAULT NULL,
  `total_subtotal` decimal(15,7) DEFAULT NULL,
  `total_descuento` decimal(15,7) DEFAULT NULL,
  `total_ice` decimal(15,7) DEFAULT NULL,
  `total_iva` decimal(15,7) DEFAULT NULL,
  `total_compra` decimal(15,7) DEFAULT NULL,
  `fecha_aprobacion` datetime DEFAULT NULL,
  `usuario_creacion` varchar(20) DEFAULT NULL,
  `fecha_creacion` datetime DEFAULT NULL,
  `usuario_actualizacion` varchar(20) DEFAULT NULL,
  `fecha_actualizacion` datetime DEFAULT NULL,
  `estado` char(2) DEFAULT NULL,
  PRIMARY KEY (`id_orden_compra`,`id_empresa`,`id_sucursal`),
  KEY `fk_empres_sucursal$11` (`id_empresa`,`id_sucursal`),
  CONSTRAINT `fk_empres_sucursal$11` FOREIGN KEY (`id_empresa`, `id_sucursal`) REFERENCES `se_sucursal` (`id_empresa`, `id_sucursal`)
) ENGINE=InnoDB AUTO_INCREMENT=6 DEFAULT CHARSET=utf8;

/*Data for the table `co_orden_compras` */

insert  into `co_orden_compras`(`id_orden_compra`,`id_empresa`,`id_sucursal`,`id_proveedor`,`id_tipo_documento`,`observacion`,`fecha_entrega`,`total_subtotal`,`total_descuento`,`total_ice`,`total_iva`,`total_compra`,`fecha_aprobacion`,`usuario_creacion`,`fecha_creacion`,`usuario_actualizacion`,`fecha_actualizacion`,`estado`) values (1,1,1,1,1,'PRUEBA','2019-11-08',50.0000000,0.0000000,0.0000000,0.0000000,50.0000000,'2019-11-07 15:51:52','admin','2019-11-07 15:50:52','admin','2019-11-07 15:51:52','C'),(2,1,1,1,1,'ok','2019-11-08',200.0000000,0.0000000,0.0000000,0.0000000,200.0000000,'2019-11-07 15:59:53','admin','2019-11-07 15:59:14','admin','2019-11-07 15:59:53','C'),(3,1,1,1,1,'ok','2019-12-13',30.0000000,0.0000000,0.0000000,3.6000000,33.6000000,'2019-12-12 18:15:39','admin','2019-12-12 18:15:02','admin','2019-12-12 18:15:39','C'),(4,1,1,1,1,'',NULL,0.0000000,0.0000000,0.0000000,0.0000000,0.0000000,NULL,'admin','2019-12-12 18:19:41',NULL,NULL,'I'),(5,1,1,1,1,'ok','2019-12-12',50.0000000,0.0000000,0.0000000,3.6000000,53.6000000,'2019-12-12 18:41:22','admin','2019-12-12 18:32:06','admin','2019-12-12 18:41:22','C');

/*Table structure for table `co_orden_pedido` */

DROP TABLE IF EXISTS `co_orden_pedido`;

CREATE TABLE `co_orden_pedido` (
  `id_orden_pedido` bigint(20) NOT NULL AUTO_INCREMENT,
  `id_empresa` bigint(20) NOT NULL,
  `id_sucursal` bigint(20) NOT NULL,
  `id_proveedor` bigint(20) DEFAULT NULL,
  `estado` char(2) DEFAULT NULL,
  `id_documento` bigint(20) DEFAULT NULL,
  `observacion` varchar(70) DEFAULT NULL,
  `fecha_emision` datetime DEFAULT NULL,
  `usuario_creacion` varchar(20) DEFAULT NULL,
  `fecha_creacion` datetime DEFAULT NULL,
  `usuario_actualizacion` varchar(20) DEFAULT NULL,
  `fecha_actualizacion` datetime DEFAULT NULL,
  PRIMARY KEY (`id_orden_pedido`,`id_empresa`,`id_sucursal`),
  KEY `fk_co_orden_pedido_1_idx` (`id_sucursal`,`id_empresa`),
  CONSTRAINT `fk_co_orden_pedido_1` FOREIGN KEY (`id_sucursal`, `id_empresa`) REFERENCES `se_sucursal` (`id_sucursal`, `id_empresa`) ON DELETE NO ACTION ON UPDATE NO ACTION
) ENGINE=InnoDB AUTO_INCREMENT=7 DEFAULT CHARSET=utf8;

/*Data for the table `co_orden_pedido` */

insert  into `co_orden_pedido`(`id_orden_pedido`,`id_empresa`,`id_sucursal`,`id_proveedor`,`estado`,`id_documento`,`observacion`,`fecha_emision`,`usuario_creacion`,`fecha_creacion`,`usuario_actualizacion`,`fecha_actualizacion`) values (1,1,1,1,'C',1,'COMPRA','2019-11-07 15:50:16','admin','2019-11-07 15:50:16','admin','2019-11-07 15:50:52'),(2,1,1,1,'C',1,'ok','2019-11-07 15:58:25','admin','2019-11-07 15:58:25','admin','2019-11-07 15:59:14'),(3,1,1,1,'C',1,'ok','2019-12-12 18:14:22','admin','2019-12-12 18:14:22','admin','2019-12-12 18:15:02'),(4,1,1,1,'I',1,'ok','2019-12-12 18:17:24','admin','2019-12-12 18:17:24','admin','2019-12-12 18:19:41'),(5,1,1,1,'A',1,'ok','2019-12-12 18:20:09','admin','2019-12-12 18:20:09','admin','2019-12-12 18:20:39'),(6,1,1,1,'C',1,'ok','2019-12-12 18:30:16','admin','2019-12-12 18:30:16','admin','2019-12-12 18:32:06');

/*Table structure for table `co_proveedores` */

DROP TABLE IF EXISTS `co_proveedores`;

CREATE TABLE `co_proveedores` (
  `id_proveedor` bigint(20) NOT NULL AUTO_INCREMENT,
  `nombre` varchar(50) DEFAULT NULL,
  `direccion` varchar(50) DEFAULT NULL,
  `telefono1` varchar(15) DEFAULT NULL,
  `telefono2` varchar(15) DEFAULT NULL,
  `pagina_web` varchar(150) DEFAULT NULL,
  `numero_identificacion` varchar(13) DEFAULT NULL,
  `email` varchar(50) DEFAULT NULL,
  `tipo_persona` bigint(20) DEFAULT NULL,
  `id_pais` bigint(20) DEFAULT NULL,
  `contribuyente_especial` varchar(2) DEFAULT NULL,
  `codigo_contribuyente` varchar(15) DEFAULT NULL,
  `observaciones` varchar(60) DEFAULT NULL,
  `nombre_comercial` varchar(50) DEFAULT NULL,
  `usuario_creacion` varchar(20) DEFAULT NULL,
  `fecha_creacion` datetime DEFAULT NULL,
  `usuario_actualizacion` varchar(20) DEFAULT NULL,
  `fecha_actualizacion` datetime DEFAULT NULL,
  `estado` char(1) DEFAULT NULL,
  PRIMARY KEY (`id_proveedor`),
  KEY `fk_co_idtipopersona_idx` (`tipo_persona`),
  KEY `fk_co_proveedores_1_idx` (`id_pais`),
  CONSTRAINT `fk_co_idtipopersona` FOREIGN KEY (`tipo_persona`) REFERENCES `se_tipo_persona` (`id_tipo_persona`) ON DELETE NO ACTION ON UPDATE NO ACTION,
  CONSTRAINT `fk_co_proveedores_1` FOREIGN KEY (`id_pais`) REFERENCES `se_pais` (`id_Pais`) ON DELETE NO ACTION ON UPDATE NO ACTION
) ENGINE=InnoDB AUTO_INCREMENT=2 DEFAULT CHARSET=latin1;

/*Data for the table `co_proveedores` */

insert  into `co_proveedores`(`id_proveedor`,`nombre`,`direccion`,`telefono1`,`telefono2`,`pagina_web`,`numero_identificacion`,`email`,`tipo_persona`,`id_pais`,`contribuyente_especial`,`codigo_contribuyente`,`observaciones`,`nombre_comercial`,`usuario_creacion`,`fecha_creacion`,`usuario_actualizacion`,`fecha_actualizacion`,`estado`) values (1,'PROVEEDOR1','XXX','222222','222222','WWW.PROVEEDOR1.COM','0911111111111','INFO@PROVEEDOR1.COM',1,1,'SI','999999','PROVEEDOR1','PROVEEDOR1',NULL,'2019-11-01 13:21:53',NULL,'2019-11-01 13:23:37','A');

/*Table structure for table `in_bodega` */

DROP TABLE IF EXISTS `in_bodega`;

CREATE TABLE `in_bodega` (
  `id_bodega` bigint(11) NOT NULL AUTO_INCREMENT,
  `id_tipo_bodega` bigint(11) NOT NULL,
  `id_empresa` bigint(11) NOT NULL,
  `id_sucursal` bigint(11) NOT NULL,
  `nombre_bodega` varchar(70) DEFAULT NULL,
  `estado` varchar(2) DEFAULT NULL,
  `usuario_creacion` varchar(20) DEFAULT NULL,
  `fecha_creacion` datetime DEFAULT NULL,
  `usuario_actualizacion` varchar(20) DEFAULT NULL,
  `fecha_actualizacion` datetime DEFAULT NULL,
  PRIMARY KEY (`id_bodega`,`id_tipo_bodega`,`id_empresa`,`id_sucursal`),
  KEY `fk_bodega_tipo` (`id_tipo_bodega`),
  KEY `fk_in_bodega_sucursal_idx` (`id_empresa`,`id_sucursal`),
  CONSTRAINT `fk_in_bodega_sucursal` FOREIGN KEY (`id_empresa`, `id_sucursal`) REFERENCES `se_sucursal` (`id_empresa`, `id_sucursal`) ON DELETE NO ACTION ON UPDATE NO ACTION,
  CONSTRAINT `fk_in_bodega_tipo_bodega` FOREIGN KEY (`id_tipo_bodega`) REFERENCES `in_tipo_bodega` (`id_tipo_bodega`) ON DELETE NO ACTION ON UPDATE NO ACTION
) ENGINE=InnoDB AUTO_INCREMENT=4 DEFAULT CHARSET=latin1;

/*Data for the table `in_bodega` */

insert  into `in_bodega`(`id_bodega`,`id_tipo_bodega`,`id_empresa`,`id_sucursal`,`nombre_bodega`,`estado`,`usuario_creacion`,`fecha_creacion`,`usuario_actualizacion`,`fecha_actualizacion`) values (1,1,1,1,'BODEGA 1','A','admin','2019-10-31 19:19:55','admin','2019-11-01 11:32:53'),(2,2,1,1,'ESTANTERIA 1','A','admin','2019-11-01 11:33:31',NULL,NULL),(3,2,1,1,'ESTANTERIA 2','A','admin','2019-11-01 11:33:47',NULL,NULL);

/*Table structure for table `in_detalle_movimiento` */

DROP TABLE IF EXISTS `in_detalle_movimiento`;

CREATE TABLE `in_detalle_movimiento` (
  `id_detalle_movimiento` bigint(20) NOT NULL AUTO_INCREMENT,
  `id_movimientos` bigint(20) NOT NULL,
  `id_tipo_documento` bigint(20) NOT NULL,
  `id_tipo_movimiento` bigint(20) NOT NULL,
  `anio_documento` date DEFAULT NULL,
  `id_motivo` bigint(20) NOT NULL,
  `id_empresa` bigint(20) NOT NULL,
  `id_sucursal` bigint(20) NOT NULL,
  `linea_detalle` bigint(20) NOT NULL,
  `id_producto` bigint(20) NOT NULL,
  `descripcion` varchar(256) DEFAULT NULL,
  `cantidad` bigint(20) DEFAULT NULL,
  `precio_unitario` decimal(10,7) DEFAULT NULL,
  `estado` char(2) DEFAULT NULL,
  `despachado` char(2) DEFAULT NULL,
  `id_bodega_origen` bigint(20) DEFAULT NULL,
  `id_bodega_destino` bigint(20) DEFAULT NULL,
  `id_sucursal_destino` bigint(20) DEFAULT NULL,
  `usuario_creacion` varchar(20) DEFAULT NULL,
  `fecha_creacion` datetime DEFAULT NULL,
  `usuario_actualizacion` varchar(20) DEFAULT NULL,
  `fecha_actualizacion` datetime DEFAULT NULL,
  PRIMARY KEY (`id_detalle_movimiento`,`id_movimientos`,`id_tipo_documento`,`id_tipo_movimiento`,`id_motivo`,`id_empresa`,`id_sucursal`,`linea_detalle`,`id_producto`),
  KEY `id_movimientos` (`id_movimientos`,`id_tipo_documento`,`id_tipo_movimiento`,`id_motivo`,`id_empresa`,`id_sucursal`),
  CONSTRAINT `in_detalle_movimiento_ibfk_1` FOREIGN KEY (`id_movimientos`, `id_tipo_documento`, `id_tipo_movimiento`, `id_motivo`, `id_empresa`, `id_sucursal`) REFERENCES `in_movimientos` (`id_movimientos`, `id_tipo_documento`, `id_tipo_movimiento`, `id_motivo`, `id_empresa`, `id_sucursal`)
) ENGINE=InnoDB AUTO_INCREMENT=9 DEFAULT CHARSET=latin1;

/*Data for the table `in_detalle_movimiento` */

insert  into `in_detalle_movimiento`(`id_detalle_movimiento`,`id_movimientos`,`id_tipo_documento`,`id_tipo_movimiento`,`anio_documento`,`id_motivo`,`id_empresa`,`id_sucursal`,`linea_detalle`,`id_producto`,`descripcion`,`cantidad`,`precio_unitario`,`estado`,`despachado`,`id_bodega_origen`,`id_bodega_destino`,`id_sucursal_destino`,`usuario_creacion`,`fecha_creacion`,`usuario_actualizacion`,`fecha_actualizacion`) values (1,1,1,1,NULL,1,1,1,1,1,'Tableta recubierta Abacavir En Caja x 1 frasco, Caja x blísteres De 300 mg',100,0.5000000,'A',NULL,NULL,NULL,NULL,'admin','2019-11-07 15:50:52',NULL,NULL),(2,2,1,2,NULL,1,1,1,1,2,'Tableta Acetazolamida En Caja x blísteres De 250 mg',100,1.0000000,'A',NULL,NULL,NULL,NULL,'admin','2019-11-07 15:59:14',NULL,NULL),(3,2,1,2,NULL,1,1,1,2,1,'Tableta recubierta Abacavir En Caja x 1 frasco, Caja x blísteres De 300 mg',100,1.0000000,'A',NULL,NULL,NULL,NULL,'admin','2019-11-07 15:59:14',NULL,NULL),(4,3,1,2,NULL,1,1,1,1,1030,'BEBIDAS REFRESCANTES CON O SIN GAS  GASEOSAS EN COCA- COLA BOTELLA 3 LITROS DE 3 L',10,3.0000000,'A',NULL,NULL,NULL,NULL,'admin','2019-12-12 18:15:02',NULL,NULL),(5,4,1,2,NULL,1,1,1,1,2,'Tableta Acetazolamida En Caja x blísteres De 250 mg',10,2.0000000,'A',NULL,NULL,NULL,NULL,'admin','2019-12-12 18:32:06',NULL,NULL),(6,4,1,2,NULL,1,1,1,2,1030,'BEBIDAS REFRESCANTES CON O SIN GAS  GASEOSAS EN COCA- COLA BOTELLA 3 LITROS DE 3 L',10,3.0000000,'A',NULL,NULL,NULL,NULL,'admin','2019-12-12 18:32:06',NULL,NULL),(7,5,3,1,NULL,2,1,1,1,1030,'Tableta Acetazolamida En Caja x blísteres De 250 mg',1,2.0000000,'A',NULL,1,NULL,NULL,'admin','2019-12-12 19:01:44',NULL,NULL),(8,5,3,1,NULL,2,1,1,2,1030,'BEBIDAS REFRESCANTES CON O SIN GAS  GASEOSAS EN COCA- COLA BOTELLA 3 LITROS DE 3 L',1,1.0000000,'A',NULL,1,NULL,NULL,'admin','2019-12-12 19:01:44',NULL,NULL);

/*Table structure for table `in_estados_movimiento` */

DROP TABLE IF EXISTS `in_estados_movimiento`;

CREATE TABLE `in_estados_movimiento` (
  `id_estado_movimiento` bigint(20) NOT NULL AUTO_INCREMENT,
  `nombre` varchar(90) DEFAULT NULL,
  `estado` char(3) DEFAULT NULL,
  `usuario_creacion` varchar(20) DEFAULT NULL,
  `fecha_creacion` datetime DEFAULT NULL,
  `usuario_actualizacion` varchar(20) DEFAULT NULL,
  `fecha_actualizacion` datetime DEFAULT NULL,
  PRIMARY KEY (`id_estado_movimiento`)
) ENGINE=InnoDB DEFAULT CHARSET=latin1;

/*Data for the table `in_estados_movimiento` */

/*Table structure for table `in_kardex` */

DROP TABLE IF EXISTS `in_kardex`;

CREATE TABLE `in_kardex` (
  `id_kardex` bigint(20) NOT NULL AUTO_INCREMENT,
  `id_empresa` bigint(20) NOT NULL,
  `id_sucursal` bigint(20) NOT NULL,
  `id_bodega` bigint(20) NOT NULL,
  `id_producto` bigint(20) NOT NULL,
  `fecha_movimiento` datetime DEFAULT NULL,
  `id_tipo_documento` bigint(20) NOT NULL,
  `anio_documento` varchar(4) DEFAULT NULL,
  `numero_documento` bigint(20) DEFAULT NULL,
  `fecha_sistema` datetime DEFAULT NULL,
  `cantidad` bigint(20) DEFAULT NULL,
  `saldo_actual` bigint(20) DEFAULT NULL,
  `saldo_anterior` bigint(20) DEFAULT NULL,
  `saldo_actual_bodega` bigint(20) DEFAULT NULL,
  `saldo_actual_empresa` bigint(20) DEFAULT NULL,
  `saldo_anterior_bodega` bigint(20) DEFAULT NULL,
  `saldo_anterior_empresa` bigint(20) DEFAULT NULL,
  `costo_actual` decimal(15,7) DEFAULT NULL,
  `costo_anterior` decimal(15,7) DEFAULT NULL,
  `costo_promedio` decimal(15,7) DEFAULT NULL,
  `usuario_creacion` varchar(50) DEFAULT NULL,
  `fecha_creacion` datetime DEFAULT NULL,
  `usuario_actualizacion` varchar(50) DEFAULT NULL,
  `fecha_actualizacion` datetime DEFAULT NULL,
  PRIMARY KEY (`id_kardex`,`id_empresa`,`id_sucursal`,`id_bodega`,`id_producto`,`id_tipo_documento`),
  KEY `fk_empresa_sucursal$9` (`id_empresa`,`id_sucursal`),
  KEY `fk_tipo_documentos$2` (`id_tipo_documento`),
  CONSTRAINT `fk_empresa_sucursal$9` FOREIGN KEY (`id_empresa`, `id_sucursal`) REFERENCES `se_sucursal` (`id_empresa`, `id_sucursal`),
  CONSTRAINT `fk_tipo_documentos$2` FOREIGN KEY (`id_tipo_documento`) REFERENCES `in_tipo_documento` (`id_tipo_documento`)
) ENGINE=InnoDB AUTO_INCREMENT=14 DEFAULT CHARSET=utf8;

/*Data for the table `in_kardex` */

insert  into `in_kardex`(`id_kardex`,`id_empresa`,`id_sucursal`,`id_bodega`,`id_producto`,`fecha_movimiento`,`id_tipo_documento`,`anio_documento`,`numero_documento`,`fecha_sistema`,`cantidad`,`saldo_actual`,`saldo_anterior`,`saldo_actual_bodega`,`saldo_actual_empresa`,`saldo_anterior_bodega`,`saldo_anterior_empresa`,`costo_actual`,`costo_anterior`,`costo_promedio`,`usuario_creacion`,`fecha_creacion`,`usuario_actualizacion`,`fecha_actualizacion`) values (1,1,1,2,1,NULL,1,'2019',1,'2019-11-07 15:51:52',100,100,0,NULL,NULL,NULL,NULL,50.0000000,0.0000000,0.5000000,'admin','2019-11-07 15:51:52',NULL,NULL),(2,1,1,2,2,NULL,1,'2019',2,'2019-11-07 15:59:53',100,100,0,NULL,NULL,NULL,NULL,100.0000000,0.0000000,1.0000000,'admin','2019-11-07 15:59:53',NULL,NULL),(3,1,1,2,1,NULL,1,'2019',2,'2019-11-07 15:59:53',100,200,100,NULL,NULL,NULL,NULL,150.0000000,50.0000000,0.7500000,'admin','2019-11-07 15:59:53',NULL,NULL),(4,1,1,1,1030,NULL,1,'2019',3,'2019-12-12 18:15:39',60,60,0,NULL,NULL,NULL,NULL,30.0000000,0.0000000,0.5000000,'admin','2019-12-12 18:15:39',NULL,NULL),(5,1,1,1,2,NULL,1,'2019',5,'2019-12-12 18:41:22',200,300,100,NULL,NULL,NULL,NULL,120.0000000,100.0000000,0.4000000,'admin','2019-12-12 18:41:22',NULL,NULL),(6,1,1,1,1030,NULL,1,'2019',5,'2019-12-12 18:41:22',60,120,60,NULL,NULL,NULL,NULL,60.0000000,30.0000000,0.5000000,'admin','2019-12-12 18:41:22',NULL,NULL),(7,1,1,2,1,'2019-12-12 18:54:09',3,NULL,NULL,NULL,1,199,200,NULL,NULL,NULL,NULL,150.0000000,NULL,0.7500000,NULL,'2019-12-12 18:54:09',NULL,NULL),(8,1,1,1,1030,'2019-12-12 18:54:09',3,NULL,NULL,NULL,10,110,120,NULL,NULL,NULL,NULL,60.0000000,NULL,0.5000000,NULL,'2019-12-12 18:54:09',NULL,NULL),(9,1,1,2,1,'2019-12-12 18:54:09',3,NULL,NULL,NULL,1,198,199,NULL,NULL,NULL,NULL,150.0000000,NULL,0.7500000,NULL,'2019-12-12 18:54:09',NULL,NULL),(10,1,1,1,1030,'2019-12-12 18:54:09',3,NULL,NULL,NULL,10,100,110,NULL,NULL,NULL,NULL,60.0000000,NULL,0.5000000,NULL,'2019-12-12 18:54:09',NULL,NULL),(11,1,1,1,2,'2019-12-12 19:01:44',3,NULL,NULL,NULL,1,299,300,NULL,NULL,NULL,NULL,120.0000000,NULL,0.4000000,NULL,'2019-12-12 19:01:44',NULL,NULL),(12,1,1,1,1030,'2019-12-12 19:01:44',3,NULL,NULL,NULL,1,109,110,NULL,NULL,NULL,NULL,60.0000000,NULL,0.5000000,NULL,'2019-12-12 19:01:44',NULL,NULL),(13,1,1,1,1030,'2019-12-12 19:01:44',3,NULL,NULL,NULL,1,99,100,NULL,NULL,NULL,NULL,60.0000000,NULL,0.5000000,NULL,'2019-12-12 19:01:44',NULL,NULL);

/*Table structure for table `in_motivos` */

DROP TABLE IF EXISTS `in_motivos`;

CREATE TABLE `in_motivos` (
  `id_motivo` bigint(20) NOT NULL AUTO_INCREMENT,
  `nombre` varchar(150) DEFAULT NULL,
  `estado` char(3) DEFAULT NULL,
  `usuario_creacion` varchar(20) DEFAULT NULL,
  `fecha_creacion` datetime DEFAULT NULL,
  `usuario_actualizacion` varchar(20) DEFAULT NULL,
  `fecha_actualizacion` datetime DEFAULT NULL,
  PRIMARY KEY (`id_motivo`)
) ENGINE=InnoDB AUTO_INCREMENT=4 DEFAULT CHARSET=latin1;

/*Data for the table `in_motivos` */

insert  into `in_motivos`(`id_motivo`,`nombre`,`estado`,`usuario_creacion`,`fecha_creacion`,`usuario_actualizacion`,`fecha_actualizacion`) values (1,'COMPRAS','A','admin','2019-11-01 11:17:57','admin','2019-11-01 11:18:03'),(2,'VENTA CLIENTE FINAL','A','admin','2019-11-01 11:18:24','admin','2019-11-01 11:18:30'),(3,'DEVOLUCION DE VENTAS','A','admin','2019-12-10 15:34:54',NULL,NULL);

/*Table structure for table `in_movimientos` */

DROP TABLE IF EXISTS `in_movimientos`;

CREATE TABLE `in_movimientos` (
  `id_movimientos` bigint(20) NOT NULL AUTO_INCREMENT,
  `id_tipo_documento` bigint(11) NOT NULL,
  `anio_documento` date DEFAULT NULL,
  `id_tipo_movimiento` bigint(11) NOT NULL,
  `id_motivo` bigint(11) NOT NULL,
  `id_empresa` bigint(11) NOT NULL,
  `id_sucursal` bigint(11) NOT NULL,
  `id_bodega_origen` bigint(11) DEFAULT NULL,
  `id_bodega_destino` bigint(11) DEFAULT NULL,
  `id_sucursal_destino` bigint(11) DEFAULT NULL,
  `fecha_sistema` datetime DEFAULT NULL,
  `fecha_transferencia` datetime DEFAULT NULL,
  `fecha_recepcion` datetime DEFAULT NULL,
  `observacion` varchar(256) DEFAULT NULL,
  `id_proveedor` bigint(11) DEFAULT NULL,
  `id_orden_compra` bigint(20) DEFAULT NULL,
  `fecha_orden` datetime DEFAULT NULL,
  `id_factura` bigint(20) DEFAULT NULL,
  `fecha_factura` datetime DEFAULT NULL,
  `estado` varchar(10) DEFAULT NULL,
  `usuario_creacion` varchar(20) DEFAULT NULL,
  `fecha_creacion` datetime DEFAULT NULL,
  `usuario_actualizacion` varchar(20) DEFAULT NULL,
  `fecha_actualizacion` datetime DEFAULT NULL,
  PRIMARY KEY (`id_movimientos`,`id_tipo_documento`,`id_tipo_movimiento`,`id_motivo`,`id_empresa`,`id_sucursal`),
  KEY `id_tipo_documento` (`id_tipo_documento`),
  KEY `id_tipo_movimiento` (`id_tipo_movimiento`),
  KEY `id_bodega_origen` (`id_bodega_origen`),
  KEY `id_empresa` (`id_empresa`,`id_sucursal`),
  KEY `bodega_destino` (`id_bodega_destino`),
  KEY `sucursal_destino` (`id_sucursal_destino`),
  KEY `id_proveedor` (`id_proveedor`),
  KEY `id_orden_compra` (`id_orden_compra`),
  KEY `id_factura` (`id_factura`),
  KEY `id_motivo` (`id_motivo`),
  CONSTRAINT `in_movimientos_ibfk_1` FOREIGN KEY (`id_tipo_documento`) REFERENCES `in_tipo_documento` (`id_tipo_documento`),
  CONSTRAINT `in_movimientos_ibfk_10` FOREIGN KEY (`id_proveedor`) REFERENCES `co_proveedores` (`id_proveedor`),
  CONSTRAINT `in_movimientos_ibfk_11` FOREIGN KEY (`id_motivo`) REFERENCES `in_motivos` (`id_motivo`),
  CONSTRAINT `in_movimientos_ibfk_2` FOREIGN KEY (`id_tipo_movimiento`) REFERENCES `in_tipo_movimiento` (`id_tipo_movimiento`),
  CONSTRAINT `in_movimientos_ibfk_5` FOREIGN KEY (`id_empresa`, `id_sucursal`) REFERENCES `se_sucursal` (`id_empresa`, `id_sucursal`)
) ENGINE=InnoDB AUTO_INCREMENT=6 DEFAULT CHARSET=latin1;

/*Data for the table `in_movimientos` */

insert  into `in_movimientos`(`id_movimientos`,`id_tipo_documento`,`anio_documento`,`id_tipo_movimiento`,`id_motivo`,`id_empresa`,`id_sucursal`,`id_bodega_origen`,`id_bodega_destino`,`id_sucursal_destino`,`fecha_sistema`,`fecha_transferencia`,`fecha_recepcion`,`observacion`,`id_proveedor`,`id_orden_compra`,`fecha_orden`,`id_factura`,`fecha_factura`,`estado`,`usuario_creacion`,`fecha_creacion`,`usuario_actualizacion`,`fecha_actualizacion`) values (1,1,'2019-11-08',1,1,1,1,NULL,NULL,NULL,'2019-11-07 15:50:52',NULL,'2019-11-07 15:51:52','OK',1,1,NULL,NULL,NULL,'C','admin','2019-11-07 15:50:52','admin','2019-11-07 15:51:52'),(2,1,'2019-11-08',2,1,1,1,NULL,NULL,NULL,'2019-11-07 15:59:14',NULL,'2019-11-07 15:59:53','ok',1,2,NULL,NULL,NULL,'C','admin','2019-11-07 15:59:14','admin','2019-11-07 15:59:53'),(3,1,'2019-12-13',2,1,1,1,NULL,NULL,NULL,'2019-12-12 18:15:02',NULL,'2019-12-12 18:15:39','ok',1,3,NULL,NULL,NULL,'C','admin','2019-12-12 18:15:02','admin','2019-12-12 18:15:39'),(4,1,'2019-12-12',2,1,1,1,NULL,NULL,NULL,'2019-12-12 18:32:06',NULL,'2019-12-12 18:41:22','ok',1,5,NULL,NULL,NULL,'C','admin','2019-12-12 18:32:06','admin','2019-12-12 18:41:22'),(5,3,NULL,1,2,1,1,NULL,NULL,NULL,'2019-12-12 19:01:44',NULL,NULL,NULL,NULL,NULL,NULL,3,'2019-12-12 19:01:44','F','admin','2019-12-12 19:01:44',NULL,NULL);

/*Table structure for table `in_prestaciones_por_servicios` */

DROP TABLE IF EXISTS `in_prestaciones_por_servicios`;

CREATE TABLE `in_prestaciones_por_servicios` (
  `id_prestacion` bigint(20) NOT NULL,
  `id_unidad_servicio` bigint(20) NOT NULL,
  `id_empresa` bigint(20) DEFAULT NULL,
  `estado` varchar(1) DEFAULT NULL,
  `es_facturable` varchar(45) DEFAULT NULL,
  `aplica_descuento` varchar(45) DEFAULT NULL,
  `aplica_tarifario` varchar(45) DEFAULT NULL,
  `fecha_creacion` datetime DEFAULT NULL,
  `usuario_creacion` varchar(45) DEFAULT NULL,
  `fecha_actualizacion` datetime DEFAULT NULL,
  `usuario_actualizacion` varchar(30) DEFAULT NULL,
  PRIMARY KEY (`id_prestacion`,`id_unidad_servicio`),
  KEY `id_unidad_servicio` (`id_unidad_servicio`),
  CONSTRAINT `in_prestaciones_por_servicios_ibfk_2` FOREIGN KEY (`id_unidad_servicio`) REFERENCES `ve_unidad_servicio` (`id_unidad_servicio`),
  CONSTRAINT `in_prestaciones_por_servicios_ibfk_3` FOREIGN KEY (`id_prestacion`) REFERENCES `pr_prestaciones` (`id_prestacion`)
) ENGINE=InnoDB DEFAULT CHARSET=latin1;

/*Data for the table `in_prestaciones_por_servicios` */

insert  into `in_prestaciones_por_servicios`(`id_prestacion`,`id_unidad_servicio`,`id_empresa`,`estado`,`es_facturable`,`aplica_descuento`,`aplica_tarifario`,`fecha_creacion`,`usuario_creacion`,`fecha_actualizacion`,`usuario_actualizacion`) values (1,1,NULL,'A','SI','NO',NULL,'2019-11-07 15:48:31','admin',NULL,NULL),(2,1,NULL,'A','SI','NO',NULL,'2019-11-07 15:48:41','admin',NULL,NULL),(3,1,NULL,'A','SI','NO',NULL,'2019-11-07 16:00:57','admin',NULL,NULL),(4,1,NULL,'A','SI','NO',NULL,'2019-12-12 18:46:44','admin',NULL,NULL);

/*Table structure for table `in_tipo_bodega` */

DROP TABLE IF EXISTS `in_tipo_bodega`;

CREATE TABLE `in_tipo_bodega` (
  `id_tipo_bodega` bigint(20) NOT NULL AUTO_INCREMENT,
  `nombre` varchar(70) DEFAULT NULL,
  `estado` varchar(2) DEFAULT NULL,
  `usuario_creacion` varchar(20) DEFAULT NULL,
  `fecha_creacion` datetime DEFAULT NULL,
  `usuario_actualizacion` varchar(20) DEFAULT NULL,
  `fecha_actualizacion` datetime DEFAULT NULL,
  PRIMARY KEY (`id_tipo_bodega`)
) ENGINE=InnoDB AUTO_INCREMENT=3 DEFAULT CHARSET=latin1;

/*Data for the table `in_tipo_bodega` */

insert  into `in_tipo_bodega`(`id_tipo_bodega`,`nombre`,`estado`,`usuario_creacion`,`fecha_creacion`,`usuario_actualizacion`,`fecha_actualizacion`) values (1,'BODEGA PRINCIPAL','A','admin','2019-10-31 18:43:14','admin','2019-11-01 11:32:10'),(2,'ESTANTERIA','A','admin','2019-11-01 11:32:27',NULL,NULL);

/*Table structure for table `in_tipo_compra` */

DROP TABLE IF EXISTS `in_tipo_compra`;

CREATE TABLE `in_tipo_compra` (
  `id_in_tipo_compra` bigint(20) NOT NULL AUTO_INCREMENT,
  `nombre` varchar(70) DEFAULT NULL,
  `estado` char(3) DEFAULT NULL,
  `usuario_creacion` varchar(45) DEFAULT NULL,
  `fecha_creacion` datetime DEFAULT NULL,
  `usuario_actualizacion` varchar(45) DEFAULT NULL,
  `fecha_actualizacion` varchar(45) DEFAULT NULL,
  PRIMARY KEY (`id_in_tipo_compra`)
) ENGINE=InnoDB DEFAULT CHARSET=latin1;

/*Data for the table `in_tipo_compra` */

/*Table structure for table `in_tipo_departamento` */

DROP TABLE IF EXISTS `in_tipo_departamento`;

CREATE TABLE `in_tipo_departamento` (
  `id_tipo_departamento` bigint(20) NOT NULL AUTO_INCREMENT,
  `nombre` varchar(70) DEFAULT NULL,
  `estado` char(3) DEFAULT NULL,
  `usuario_creacion` varchar(45) DEFAULT NULL,
  `fecha_creacion` datetime DEFAULT NULL,
  `usuario_actualizacion` varchar(45) DEFAULT NULL,
  `fecha_actualizacion` varchar(45) DEFAULT NULL,
  PRIMARY KEY (`id_tipo_departamento`)
) ENGINE=InnoDB DEFAULT CHARSET=latin1;

/*Data for the table `in_tipo_departamento` */

/*Table structure for table `in_tipo_documento` */

DROP TABLE IF EXISTS `in_tipo_documento`;

CREATE TABLE `in_tipo_documento` (
  `id_tipo_documento` bigint(20) NOT NULL AUTO_INCREMENT,
  `nombre_documento` varchar(45) DEFAULT NULL,
  `estado` char(3) DEFAULT NULL,
  `usuario_creacion` varchar(20) DEFAULT NULL,
  `fecha_creacion` datetime DEFAULT NULL,
  `usuario_actualizacion` varchar(20) DEFAULT NULL,
  `fecha_actualizacion` datetime DEFAULT NULL,
  PRIMARY KEY (`id_tipo_documento`)
) ENGINE=InnoDB AUTO_INCREMENT=5 DEFAULT CHARSET=utf8;

/*Data for the table `in_tipo_documento` */

insert  into `in_tipo_documento`(`id_tipo_documento`,`nombre_documento`,`estado`,`usuario_creacion`,`fecha_creacion`,`usuario_actualizacion`,`fecha_actualizacion`) values (1,'COMPRAS','A','admin','2019-11-01 11:05:20','admin','2019-11-01 11:05:46'),(2,'VENTAS','A','admin','2019-11-01 11:05:38','admin','2019-11-01 11:23:43'),(3,'FACTURA','A','admin','2019-11-01 11:23:31','admin','2019-11-01 11:23:46'),(4,'DEVOLUCION DE VENTAS','A','admin','2019-12-10 15:36:51',NULL,NULL);

/*Table structure for table `in_tipo_movimiento` */

DROP TABLE IF EXISTS `in_tipo_movimiento`;

CREATE TABLE `in_tipo_movimiento` (
  `id_tipo_movimiento` bigint(20) NOT NULL AUTO_INCREMENT,
  `nombre_movimiento` varchar(70) DEFAULT NULL,
  `estado` char(3) DEFAULT NULL,
  `usuario_creacion` varchar(20) DEFAULT NULL,
  `fecha_creacion` datetime DEFAULT NULL,
  `usuario_actuliazacion` varchar(20) DEFAULT NULL,
  `fecha_actualizacion` datetime DEFAULT NULL,
  PRIMARY KEY (`id_tipo_movimiento`)
) ENGINE=InnoDB AUTO_INCREMENT=4 DEFAULT CHARSET=utf8;

/*Data for the table `in_tipo_movimiento` */

insert  into `in_tipo_movimiento`(`id_tipo_movimiento`,`nombre_movimiento`,`estado`,`usuario_creacion`,`fecha_creacion`,`usuario_actuliazacion`,`fecha_actualizacion`) values (1,'VENTAS','A','admin','2019-11-01 11:21:35','admin','2019-11-01 11:21:47'),(2,'COMPRAS','A','admin','2019-11-01 11:21:38','admin','2019-11-01 11:21:50'),(3,'DEVOLUCION DE VENTAS','A','admin','2019-12-10 15:36:31',NULL,NULL);

/*Table structure for table `medicina` */

DROP TABLE IF EXISTS `medicina`;

CREATE TABLE `medicina` (
  `codigo_referencial` varchar(100) DEFAULT NULL,
  `name` varchar(100) DEFAULT NULL,
  `forma_farmaceutica` varchar(100) DEFAULT NULL,
  `concentracion` varchar(100) DEFAULT NULL,
  `presentacion comercial` varchar(100) DEFAULT NULL
) ENGINE=InnoDB DEFAULT CHARSET=latin1;

/*Data for the table `medicina` */

insert  into `medicina`(`codigo_referencial`,`name`,`forma_farmaceutica`,`concentracion`,`presentacion comercial`) values ('J05AF06TAR265','Abacavir','Tableta recubierta','300 mg','Caja x 1 frasco, Caja x blísteres'),('S01EC01TAB232','Acetazolamida','Tableta','250 mg','Caja x blísteres'),('V03AB23SOY112','Acetilcisteína','Solución inyectable','100 mg/mL','Caja x ampollas de 3 mL'),('R05CB01SOI271','Acetilcisteína','Solución inhalatoria','300 mg/3 mL','Caja x ampollas de 3 mL'),('J05AB01SUS209','Aciclovir','Suspensión','200 mg/5 mL','Caja x frasco de 100 ó 120 mL'),('J05AB01TAB205','Aciclovir','Tableta','200 mg','Caja x blísteres'),('J05AB01POI232','Aciclovir','Polvo para inyección','250 mg','Caja x viales'),('J05AB01TAB391','Aciclovir','Tableta','800 mg','Caja x blísteres'),('J05AB01TAB296','Aciclovir','Tableta','400 mg','Caja x blísteres'),('J05AB01TAD296','Aciclovir','Tableta dispersable','400 mg','Caja x blísteres'),('J05AB01CAP205','Aciclovir','Cápsula','200 mg','Caja x blísteres'),('S01AD03UNF247','Aciclovir','Ungüento oftálmico','3.00%','Caja x tubo'),('J05AB01TAR205','Aciclovir','Tableta recubierta','200 mg','Caja x blísteres'),('N02BA01TAE339','Ácido acetil salicílico','Tableta efervescente','500 mg','Caja x sobres ó ristra'),('B01AC06TAB105','Ácido acetil salicílico','Tableta','100 mg','Caja x blísteres'),('B01AC06TAR105','Ácido acetil salicílico','Tableta recubierta','100 mg','Caja x blísteres'),('N02BA01TAM339','Ácido acetil salicílico','Tableta masticable','500 mg','Caja x blísteres'),('N02BA01TAB339','Ácido acetil salicílico','Tableta','500 mg','Caja x blísteres'),('M05BA04TAR376','Ácido alendrónico','Tableta recubierta','70 mg','Caja x blísteres'),('M05BA04TAB376','Ácido alendrónico','Tableta','70 mg','Caja x blísteres'),('A11GA01SOY112','Ácido ascórbico (vitamina C)','Solución inyectable','100 mg/mL','Caja x ampollas de 5mL'),('B03BB01TAB314','Ácido fólico','Tableta','5 mg','Caja x blísteres, Caja x frasco'),('B03BB01TAB073','Ácido fólico','Tableta','1 mg','Caja x blísteres, Caja x frasco'),('D06AX01CRE185','Acido fusídico','Crema','2.00%','Caja x tubo de 15 g'),('J04AA01GRN391','Ácido aminosalicílico','Granulado','800 mg','Caja x frasco'),('B02AA02TAR232','Ácido tranexámico','Tableta recubierta','250 mg','Caja x blísteres'),('B02AA02TAR339','Ácido tranexámico','Tableta recubierta','500 mg','Caja x blísteres'),('B02AA02SOY112','Ácido tranexámico','Solución inyectable','100 mg/mL','Caja x ampollas de 5 mL'),('N03AG01TAR339','Ácido valpróico','Tableta recubierta','500 mg','Caja x blísteres, Caja x frasco'),('N03AG01SOL472','Ácido valpróico','Solución oral','375 mg/mL','Caja x frasco'),('N03AG01SOL211','Ácido valpróico (Sal sódica)','Solución oral','200 mg/mL','Caja x frasco'),('N03AG01JBE238','Ácido valpróico (sal sódica)','Jarabe','250 mg/5 mL','Caja x frasco de 120 mL'),('M05BA08POI286','Ácido zolendrónico','Polvo para inyección','4 mg','Caja x  vial con o sin disolvente'),('B02BD03451','Actividad de desvío del Inhibidor del factor VIII','Polvo para inyección','500 UI','Caja x 1 vial + disolvente vial de 20mL + kit para reconstitución'),('D10AD03GEL024','Adapaleno','Gel','0,001','Caja x tubo'),('C01EB10SOY249','Adenosina','Solución inyectable','3 mg/mL','Caja x ampollas de 2 mL'),('B05AA06SOY445','Agente gelatina','Solución inyectable','0,035','Frasco x 500 mL'),('B05AA06SOY284','Agente gelatina','Solución inyectable','4.00%','Frasco x 500 mL'),('V07AB00SOY000','Agua para inyección','Solución inyectable','___','Caja x ampollas de 2, 3, 5 ó 10 mL, Bolsa de 250 ó 3000 mL'),('P02CA03SUS116','Albendazol','Suspensión','100 mg/5 mL','Caja x frascos de 20 mL'),('P02CA03TAM296','Albendazol','Tableta masticable','400 mg','Caja x blisteres/sobres'),('P02CA03TAB296','Albendazol','Tableta','400 mg','Caja x blísteres'),('R05CB13SOI188','Alfa dornasa','Solución para inhalación','2,5 mg/2,5 mL (2 500 UI)','Caja x ampollas de 2,5 mL'),('M04AA01TAB105','Alopurinol','Tableta','100 mg','Caja x blísteres'),('M04AA01TAB265','Alopurinol','Tableta','300 mg','Caja x blísteres'),('N05BA12TAB048','Alprazolam','Tableta','0,50 mg','Caja x blísteres'),('N05BA12TAB405','Alprazolam','Tableta','0,25 mg','Caja x blísteres'),('N05BA12TAR405','Alprazolam','Tableta recubierta','0,25 mg','Caja x blísteres'),('N05BA12TAR048','Alprazolam','Tableta recubierta','0,50 mg','Caja x blísteres'),('N05BA12TAL048','Alprazolam','Tableta de liberación prolongada','0,5 mg','Caja x blísteres'),('D05AA01EMU310','Alquitrán de hulla','Emulsión','5.00%','Caja x frascos'),('V03AF05POI339','Amifostina','Polvo para inyección','500 mg','Caja x vial'),('J01GB06SOY334','Amikacina','Solución para inyección','50 mg/mL','Caja x ampollas de 2 mL'),('J01GB06SOY239','Amikacina','Solución para inyección','250 mg/mL','Caja x ampollas de 2, 4 mL'),('B05BA01SOY088','Aminoácidos','Solución inyectable','10.00%','Caja x Frasco/Funda de 100 mL, 250 mL, Frasco de 500 mL.'),('B05BA01SOY145','Aminoácidos','Solución inyectable','15.00%','Frasco/Funda de 500 mL'),('B05BA01SOY385','Aminoácidos','Solución inyectable','0,085','Frasco/Funda de 500 mL'),('R03DA05SOY226','Aminofilina','Solución inyectable','25 mg/mL','Caja x ampollas de 10 mL'),('C01BD01TAR205','Amiodarona','Tableta recubierta','200 mg','Caja x blísteres'),('C01BD01SOY334','Amiodarona','Solución inyectable','50 mg/mL','Caja x ampollas de 3 mL'),('C01BD01TAB205','Amiodarona','Tableta','200 mg','Caja x blísteres'),('N06AA09TAB091','Amitriptilina','Tableta','10 mg','Caja x blísteres'),('N06AA09TAB222','Amitriptilina','Tableta','25 mg','Caja x blísteres'),('N06AA09TAR222','Amitriptilina','Tableta recubierta','25 mg','Caja x blísteres'),('C08CA01TAB091','Amlodipina','Tableta','10 mg','Caja x blísteres'),('C08CA01TAB314','Amlodipina','Tableta','5 mg','Caja x blísteres'),('J01CA04POS112','Amoxicilina','Polvo para suspensión','100 mg/mL','Caja x frasco de 100 ó 120 mL + dosificador'),('J01CA04TAR339','Amoxicilina','Tableta recubierta','500 mg','Caja x blísteres'),('J01CA04TAB339','Amoxicilina','Tableta','500 mg','Caja x blísteres'),('J01CA04POS238','Amoxicilina','Polvo para suspensión','250 mg/5 mL','Caja x frasco para reconstituír de 100 ó 120 mL'),('J01CA04CAP339','Amoxicilina','Cápsula','500 mg','Caja x blísteres/ristras'),('J01CR02POS140','Amoxicilina + ácido clavulánico','Polvo para suspensión','125 mg + 31,25 mg/5 mL','Caja x frasco de 100 ó 120 mL'),('J01CR02POS229','Amoxicilina + ácido clavulánico','Polvo para suspensión','250 mg + 62,5 mg/5 mL','Caja x 1 frasco de 100 ó 120 mL'),('J01CR02POI069','Amoxicilina + ácido clavulánico','Polvo para inyección','1 g + 200 mg','Caja x viales'),('J01CR02TAR337','Amoxicilina + ácido clavulánico','Tableta recubierta','500 mg + 125 mg','Caja x blísteres/ristras, Caja x frasco'),('J01CA01POI121','Ampicilina','Polvo para inyección','1000 mg','Caja x viales + disolvente'),('J01CA01POI339','Ampicilina','Polvo para inyección','500 mg','Caja x viales + disolvente'),('J01CR01TAR2825','Ampicilina + sulbactam (sultamicilina)','Tableta recubierta','375 mg','Caja x 1 blíster/blísteres'),('J01CR01TAB3815','Ampicilina + sulbactam (sultamicilina)','Tableta','750 mg','Caja x 1 blíster/blísteres'),('J01CR01POI123','Ampicilina + sulbactam (sultamicilina)','Polvo para inyección','1000 mg + 500 mg','Caja x viales + diluyente'),('J02AA01POI329','Amfotericina B','Polvo para inyección','50 mg','Caja x vial'),('J06AA02SUY240','Antitoxina tetánica humana','Suspensión inyectable','250 UI','Caja x jeringas prellenadas de 0,5 mL o 1 mL'),('P01BF01TAB196','Artemeter + Lumefantrina','Tableta','20 mg + 120 mg','Caja x blísteres'),('L01XX02POI101','Asparaginasa','Polvo para inyección','10 000 UI','Caja x frasco vial'),('J05AE08CAP205','Atazanavir','Cápsula','200 mg','Caja x frasco'),('J05AE08CAP158','Atazanavir','Cápsula','150 mg','Caja x frasco'),('C07AB03TAB105','Atenolol','Tableta','100 mg','Caja x blísteres'),('C07AB03TAB329','Atenolol','Tableta','50 mg','Caja x blísteres'),('A03BA01SOY081','Atropina','Solución inyectable','1 mg/mL','Cajas x ampollas de 1 mL'),('S01FA01SOF066','Atropina','Solución oftálmica','1.00%','Caja x frasco gotero de 5 ó 10 mL'),('S01FA01SOF044','Atropina','Solución oftálmica','0,005','Caja x frasco gotero de 5 ó 10 mL'),('L04AX01POI105','Azatioprina','Polvo para inyección','100 mg','Caja x vial'),('L04AX01TAB329','Azatioprina','Tableta','50 mg','Caja x blísteres'),('J01FA10CAP339','Azitromicina','Cápsula','500 mg','Caja x blísteres'),('J01FA10TAR339','Azitromicina','Tableta recubierta','500 mg','Caja x blísteres'),('J01FA10POS209','Azitromicina','Polvo para suspensión','200 mg/5 mL','Caja x frasco de 15 ó 30 mL'),('L04AC02POI194','Basiliximab','Polvo para inyección','20 mg','Caja x vial + disolvente ampolla de 5 mL'),('R03BA01AER327','Beclometasona','Aerosol','50 mcg/dosis','Caja x frasco de 200 dosis con atomizador'),('R03BA01AER231','Beclometasona','Aerosol','250 mcg/dosis','Caja x frasco de 200 dosis con atomizador'),('J01CE01POI352','Bencilpenicilina (Penicilina G cristalina)','Polvo para inyección','5 000 000 UI','Caja x viales con o sin disolvente'),('J01CE01POI125','Bencilpenicilina (Penicilina G cristalina)','Polvo para inyección','1 000 000 UI','Caja x viales con o sin disolvente'),('J01CE08POI219','Bencilpenicilina benzatínica (penicilina G benzatínica)','Polvo para inyección','2 400 000 UI','Caja x viales + disolvente'),('J01CE08POI367','Bencilpenicilina benzatínica (penicilina G benzatínica)','Polvo para inyección','600 000 UI','Caja x viales con o sin disolvente'),('J01CE08POI138','Bencilpenicilina benzatínica (penicilina G benzatínica)','Polvo para inyección','1 200 000 UI','Caja x viales'),('P01CA02TAB329','Benznidazol','Tableta','50 mg','Caja x frasco'),('H02AB01SOY287','Betametasona','Solución inyectable','4 mg/mL','Caja x ampollas de 1 mL'),('D07AC01LOC020','Betametasona','Loción','0,0005','Caja x frasco de 60 mL'),('D07AC01UNG020','Betametasona','Ungüento','0,0005','Caja x tubo de 30 g'),('D07AC01CRE024','Betametasona','Crema','0,001','Caja x tubo mínimo de 20 g'),('D07AC01CRE020','Betametasona','Crema','0,0005','Caja x tubo mínimo de 20 g'),('L01XC07SOY226','Bevacizumab','Solución inyectable','25 mg/mL','Caja x vial de 4 mL ó 16 mL'),('N04AA02SOY320','Biperideno','Solución inyectable','5 mg/mL','Caja x ampollas de 1 mL'),('N04AA02TAB178','Biperideno','Tableta','2 mg','Caja x blísteres'),('L01DC01POI152','Bleomicina','Polvo para inyección','15 UI','Caja x vial + diluyente'),('N01BB51SOY053','Bupivacaína hiperbárica','Solución inyectable','0,0075','Caja x viales/ampoulepack de 4 mL'),('N01BB51SOY044','Bupivacaína hiperbárica','Solución inyectable','0,005','Caja x ampoulepack/ ampollas de 3 o 4 mL.'),('N01BB01SOY053','Bupivacaína sin epinefrina','Solución inyectable','0,0075','Caja x ampoulepack de 10 mL'),('N01BB01SOY044','Bupivacaína sin epinefrina','Solución inyectable','0,005','Caja x viales/Ampoulepack de 10 ó 20 mL'),('N02AE01PAT278','Buprenorfina','Parche transdérmico','20mg (35 mcg/h)','Caja x parches'),('N02AE01TAS036','Buprenorfina','Tableta sublingual','0,2 mg','Caja x blísteres'),('N02AE01SOY040','Buprenorfina','Solución inyectable','0,3 mg/mL','Caja x ampollas de 1 mL'),('A03BB01SOY200','Butilescopolamina','Solución inyectable','20 mg/mL','Caja x ampollas de 1 mL'),('N04BC06TAB048','Cabergolina','Tableta','0,5 mg','Caja x blísteres, Caja x frasco'),('A12AA04TAB339','Calcio (Carbonato de Calcio)','Tableta','500 mg','Caja x blísteres, Caja x frasco'),('A12AA04TAM339','Calcio (Carbonato de Calcio)','Tableta masticable','500 mg','Caja x blísteres'),('A12AA03SOY088','Calcio gluconato','Solución inyectable','10.00%','Caja x ampollas de 10 mL'),('D05AX52UNG325','Calcipotriol + betametasona dipropionato','Ungüento','(50 mcg + 0,5 mg)/g','Caja x  tubo de 30 g'),('A11CC04CAP047','Calcitriol','Cápsula','0,5 mcg','Caja x blísteres'),('L01BC06TAR339','Capecitabina','Tableta recubierta','500 mg','Caja x blísteres, Caja x frasco'),('J04AB30POI121','Capreomicina','Polvo para inyección','1 000 mg','Caja x vial'),('N03AF01TAL296','Carbamazepina','Tableta de liberación prolongada','400 mg','Caja x blísteres/ristras'),('N03AF01SUS116','Carbamazepina','Suspensión','100 mg/5 mL','Caja x frasco de 120 mL'),('N03AF01TAB205','Carbamazepina','Tableta','200 mg','Caja x blísteres/ristras'),('N03AF01TAR296','Carbamazepina','Tableta recubierta','400 mg','Caja x blísteres'),('L01XA02POI309','Carboplatino','Polvo para inyección','450 mg','Caja x vial'),('L01XA02POI158','Carboplatino','Polvo para inyección','150 mg','Caja x vial'),('L01XA02SOY097','Carboplatino','Solución inyectable','10 mg/mL','Caja x vial de 5, 15 ó 45 mL'),('C07AG02TAB131','Carvedilol','Tableta','12,5 mg','Caja x blísteres'),('C07AG02TAB357','Carvedilol','Tableta','6,25 mg','Caja x blísteres'),('C07AG02TAB222','Carvedilol','Tableta','25 mg','Caja x blísteres'),('J02AX04POI329','Caspofungina','Polvo para inyección','50 mg','Caja x vial'),('J02AX04POI376','Caspofungina','Polvo para inyección','70 mg','Caja x vial'),('J01DB01POS238','Cefalexina','Polvo para suspensión','250 mg/5 mL','Caja x frasco de 60 mL, 100 ó 120 mL'),('J01DB01CAP339','Cefalexina','Cápsula','500 mg','Caja x blísteres'),('J01DB04POI121','Cefazolina','Polvo para inyección','1 000 mg','Caja x viales'),('J01DE01POI121','Cefepima','Polvo para inyección','1 000 mg','Caja x viales'),('J01DD02POI121','Ceftazidima','Polvo para inyección','1 000 mg (1 g)','Caja x vial con ó sin disolvente'),('J01DD02POI339','Ceftazidima','Polvo para inyección','500 mg','Caja x vial con ó sin disolvente'),('J01DD04POI339','Ceftriaxona','Polvo para inyección','500 mg','Caja x vial'),('J01DD04POI121','Ceftriaxona','Polvo para inyección','1 000 mg (1 g)','Caja x viales'),('L01AA01POI121','Ciclofosfamida','Polvo para inyección','1 000 mg','Caja x vial'),('L01AA01TAB329','Ciclofosfamida','Tableta','50 mg','Caja x blísteres/ristras'),('L01AA01POI339','Ciclofosfamida','Polvo para inyección','500 mg','Caja x vial'),('J04AB01CAP232','Cicloserina','Cápsula','250 mg','Caja x ristras'),('L04AD01CAP329','Ciclosporina','Cápsula','50 mg','Caja x blísteres'),('L04AD01CAP105','Ciclosporina','Cápsula','100 mg','Caja x blísteres'),('L04AD01SOL112','Ciclosporina','Solución oral','100 mg/mL','Caja x frasco de 50 mL'),('L04AD01CAP222','Ciclosporina','Cápsula','25 mg','Caja x blísteres'),('S01AX13SOF039','Ciprofloxacina','Solución oftálmica','0,003','Caja x frasco gotero de 5 mL'),('J01MA02TAL339','Ciprofloxacina','Tableta de liberación prolongada','500 mg','Caja x ristras'),('J01MA02SOY183','Ciprofloxacina','Solución para inyección','2 mg/mL','Caja x frasco/funda/vial de 100 mL'),('J01MA02CAP339','Ciprofloxacina','Cápsula','500 mg','Caja x blísteres'),('J01MA02TAR339','Ciprofloxacina','Tableta recubierta','500 mg','Caja x blísteres/ristras'),('L01XA01SOY321','Cisplatino','Solución inyectable','0,5 mg/mL','Caja x viales de 10 ó 50 mL'),('L01XA01SOY081','Cisplatino','Solución inyectable','1 mg/mL','Caja x viales de 50 mL'),('L01XA01POI091','Cisplatino','Polvo para inyección','10 mg','Caja x viales'),('L01BC01POI121','Citarabina','Polvo para inyección','1 000 mg','Caja x viales'),('L01BC01POI105','Citarabina','Polvo para inyección','100 mg','Caja x viales'),('L01BC01POI339','Citarabina','Polvo para inyección','500 mg','Caja x viales'),('J01FA09TAB339','Claritromicina','Tableta','500 mg','Caja x blísteres'),('J01FA09POS142','Claritromicina','Polvo para suspensión','125 mg/5 mL','Caja x frasco de 50 ó 60 mL'),('J01FA09POI339','Claritromicina','Polvo para inyección','500 mg','Caja x viales'),('J01FA09POS238','Claritromicina','Polvo para suspensión','250 mg/5 mL','Caja x frasco de 50, 60 u 80 mL'),('J01FA09TAR339','Claritromicina','Tableta recubierta','500 mg','Caja x blísteres'),('J01FF01CAP265','Clindamicina','Cápsula','300 mg','Caja x blísteres'),('J01FF01SOY160','Clindamicina','Solución para inyección','150 mg/mL','Caja x ampollas de 4 mL'),('J04BA01CAP105','Clofazimina','Cápsula','100 mg','Caja x blísteres/ristras'),('G03GB02TAB329','Clomifeno','Tableta','50 mg','Caja x blísteres'),('N03AE01TAB048','Clonazepam','Tableta','0,5 mg','Caja x blísteres'),('N03AE01TAD073','Clonazepam','Tableta dispersable','1 mg','Caja x blísteres'),('N03AE01SOL189','Clonazepam','Solución oral','2,5 mg/mL','Caja x frasco de 10, 20 ó 30 mL'),('N03AE01TAB178','Clonazepam','Tableta','2 mg','Caja x blísteres'),('B01AC04TAR265','Clopidogrel','Tableta recubierta','300 mg','Caja x blísteres'),('B01AC04TAR380','Clopidogrel','Tableta recubierta','75 mg','Caja x blísteres/ristras'),('L01AA02TAB178','Clorambucilo','Tableta','2 mg','Caja x blísteres/ristras'),('S01AA01SOF044','Cloranfenicol','Solución oftálmica','0,005','Caja x frasco gotero de 5 mL'),('S01AA01UNF066','Cloranfenicol','Ungüento oftálmico','1.00%','Caja x tubo'),('P01BA01TAB232','Cloroquina','Tableta','250 mg','Caja x blísteres'),('N05AA01TAB222','Clorpromazina','Tableta','25 mg','Caja x blísteres'),('N05AA01TAR105','Clorpromazina','Tableta recubierta','100 mg','Caja x blísteres/ristras'),('N05AA01SOY224','Clorpromazina','Solución inyectable','25 mg/2 mL','Caja x ampollas de 2 mL'),('C03BA04TAB329','Clortalidona','Tableta','50 mg','Caja x blísteres'),('C03BA04TAB222','Clortalidona','Tableta','25 mg','Caja x blísteres'),('G01AF02OVU339','Clotrimazol','Óvulo','500 mg','Caja x bíster/bísteres'),('D01AC01SOT066','Clotrimazol','Solución tópica','1.00%','Caja x frasco de 25 mL'),('G01AF02CRV066','Clotrimazol','Crema vaginal','1.00%','Caja x tubo de 40 g + aplicadores'),('G01AF02CRV185','Clotrimazol','Crema vaginal','2.00%','Caja x tubo 20 g  + aplicador'),('G01AF02TAV339','Clotrimazol','Tableta vaginal','500 mg','Caja x blíster/blísteres'),('D01AC01CRE066','Clotrimazol','Crema','1.00%','Caja x tubo de 20 ó 40 g'),('G01AF02OVU105','Clotrimazol','Óvulo','100 mg','Caja x ristra/ ristras'),('G01AF02OVU205','Clotrimazol','Óvulo','200 mg','Caja x ristra/ristras'),('G01AF02TAV105','Clotrimazol','Tableta vaginal','100 mg','Caja x blíster/ blísteres'),('G01AF02TAV205','Clotrimazol','Tableta vaginal','200 mg','Caja x blíster/ blísteres'),('R05DA04TAB091','Codeína','Tableta','10 mg','Caja x blísteres/ristras'),('R05DA04JBE095','Codeína','Jarabe','10 mg/5 mL','Caja x frasco de 120 mL'),('M04AC01TAB048','Colchicina','Tableta','0,5 mg','Frasco'),('J01XB01POI105','Colistina','Polvo para inyección','100 mg','Caja x frasco ampolla + disolvente ampolla'),('A11DB00POI000','Complejo B','___','___','___'),('A11DB00GRA000','Complejo B (Vitaminas B1, B6, B12)','Gragea','___','Caja x blísteres'),('A11DB00TAR000','Complejo B (Vitaminas B1, B6, B12)','Tableta recubierta','___','Caja x blísteres'),('A11DB00SOY000','Complejo B (Vitaminas B1, B6, B12)','Solución inyectable','100 mg, 100 mg, 1 mg','Caja x ampollas, Caja x jeringa prellenada, de 2, 3, ó 10 mL'),('A11DB00CAP000','Complejo B (Vitaminas B1, B6, B12)','Cápsula','___','Caja x blísteres'),('J01EE01SUS206','Cotrimoxazol (Sulfametoxazol + Trimetoprima)','Suspensión','200 mg + 40 mg/5 mL','Caja x frasco de 100 ó 120 mL'),('J01EE01TAB298','Cotrimoxazol (Sulfametoxazol + Trimetoprima)','Tableta','400 mg + 80 mg','Caja x ristras, Caja x blísteres'),('J01EE01TAB392','Cotrimoxazol (Sulfametoxazol + Trimetoprima)','Tableta','800 mg + 160 mg','Caja x ristras, Caja x blísteres'),('L01AX04POI205','Dacarbazina','Polvo para inyección','200 mg','Caja x vial/viales'),('L01DA01POI048','Dactinomicina','Polvo para inyección','0,5 mg','Caja x vial'),('M03CA01POI194','Dantroleno','Polvo para inyección','20 mg','Caja x vial + diluyente ampolla'),('J05AE10TAR296','Darunavir','Tableta recubierta','400 mg','Caja x frasco'),('J05AE10TAR365','Darunavir','Tableta recubierta','600 mg','Caja x frasco'),('L01DB02SOY183','Daunorubicina','Solución inyectable','2 mg/mL','Caja x ampolla de 10 mL'),('V03AC03TAD141','Deferasirox','Tableta dispersable','125 mg','Caja x blister/blísteres'),('V03AC03TAD232','Deferasirox','Tableta dispersable','250 mg','Caja x blister/blísteres'),('V03AC03TAD339','Deferasirox','Tableta dispersable','500 mg','Caja x blister/blísteres'),('H01BA02SOI450','Desmopresina','Solución para inhalación','10 mcg/0,1 mL','Caja x frasco spray'),('H01BA02SOY482','Desmopresina','Solución inyectable','15 mcg/mL','Caja x ampollas de 1 mL'),('S01BA01SUF081','Dexametasona','Suspensión oftálmica','1 mg/mL','Caja x frasco gotero de 5 mL'),('H02AB02SOY287','Dexametasona','Solución inyectable','4 mg/mL','Caja x ampollas de 1 mL, Caja x  ampollas de  2 mL'),('S01CA01SUF025','Dexametasona + Tobramicina','Suspensión oftálmica','0,1 % + 0,3 %','Caja x frasco gotero de 5 mL'),('S01CA01UNF025','Dexametasona + Tobramicina','Ungüento oftálmico','0,1 % + 0,3 %','Caja x tubo de 3,5 g'),('B05BA03SOY088','Dextrosa en agua','Solución inyectable','10.00%','Funda de 500 y 1000 mL'),('B05BA03SOY310','Dextrosa en agua','Solución inyectable','5.00%','Funda de 100, 250, 500 y 1000 mL.'),('B05BA03SOY335','Dextrosa en agua','Solución inyectable','50.00%','Funda de 500 ó 1000 mL'),('B05BB02SOY322','Dextrosa en solución salina','Solución inyectable','5 % + 0,9 %','Funda de 500 ó 1000 mL'),('N05BA01TAB091','Diazepam','Tableta','10 mg','Caja x blíster/blísteres'),('N05BA01SOY320','Diazepam','Solución inyectable','5 mg/mL','Caja x ampollas de 1 ó 2 mL'),('N05BA01TAB314','Diazepam','Tableta','5 mg','Caja x blíster/blísteres'),('S01BC03SOF024','Diclofenaco','Solución oftálmica','0,001','Caja x frasco gotero de 5 mL'),('M01AB05SOY226','Diclofenaco','Solución inyectable','25 mg/mL','Caja x ampollas de 3 mL'),('M01AB05TAL329','Diclofenaco','Tableta de liberación prolongada','50 mg','Caja x blísteres'),('M01AB05GRA329','Diclofenaco','Gragea','50 mg','Caja x blísteres'),('M01AB05TAR329','Diclofenaco','Tableta recubierta','50 mg','Caja x blísteres'),('J01CF01CAP339','Dicloxacilina','Cápsula','500 mg','Caja x blísteres , Caja x ristras'),('J01CF01POS142','Dicloxacilina','Polvo para suspensión','125 mg/5 mL','Caja x frasco de 60 mL'),('J01CF01POS238','Dicloxacilina','Polvo para suspensión','250 mg/5 mL','Caja x frasco de 60, 80 mL'),('J05AF02TAM105','Didanosina','Tableta masticable','100 mg','Caja x frasco'),('R06AA02SOY334','Difenhidramina','Solución inyectable','50 mg/mL','Caja x ampollas de 1mL'),('C01AA05TAB370','Digoxina','Tableta','62,5 mcg','Caja x blíster/blísteres'),('C01AA05SOL328','Digoxina','Solución oral','50 mcg/mL','Caja x frasco de  60 mL'),('C01AA05SOY038','Digoxina','Solución inyectable','0,25 mg/mL','Caja x ampolla/ampollas de 2 mL'),('C01AA05TAB230','Digoxina','Tableta','250 mcg','Caja x blíster/blísteres'),('C08DB01TAL400','Diltiazem','Tableta de liberación prolongada','90 mg','Caja x blísteres'),('C08DB01POI222','Diltiazem','Polvo para inyección','25 mg','Caja x vial + ampolla con disolvente'),('C08DB01CLP134','Diltiazem','Cápsula de liberación prolongada','120 mg','Caja x blíster/blísteres'),('C08DB01TAL134','Diltiazem','Tableta de liberación prolongada','120 mg','Caja x blísteres'),('C08DB01CLP400','Diltiazem','Cápsula de liberación prolongada','90 mg','Caja x blíster'),('C08DB01TAB360','Diltiazem','Tableta','60 mg','Caja x blísteres'),('N07CA00TAB329','Dimenhidrinato','Tableta','50 mg','Caja x blísteres/ristras'),('V03AB09SOY112','Dimercaprol','Solución inyectable','100 mg/mL','Caja x ampollas de 3 mL'),('N07BB01TAB339','Disulfiram','Tableta','500 mg','Frasco'),('C01CA07SOY334','Dobutamina','Solución inyectable','50 mg/mL','Caja x ampollas de 5 mL'),('L01CD02SOY197','Docetaxel','Solución inyectable','20 mg/0,5 mL','Caja x frasco ampolla de 0,5 mL, Caja x frasco ampolla de 0,5 mL + disolvente de 1,5 mL, Caja x vial'),('L01CD02SOY294','Docetaxel','Solución inyectable','40 mg/mL','Caja x vial de 2 mL con ó sin disolvente ampolla'),('C01CA04SOY294','Dopamina','Solución inyectable','40 mg/mL','Caja x ampollas de 5 mL'),('C02CA04TAB178','Doxazocina','Tableta','2 mg','Caja x blísteres'),('C02CA04TAB286','Doxazocina','Tableta','4 mg','Caja x blísteres'),('J01AA02TAB105','Doxiciclina','Tableta','100 mg','Caja x blíster/blísteres'),('L01DB01POI091','Doxorubicina','Polvo para inyección','10 mg','Caja x vial'),('L01DB01POI329','Doxorubicina','Polvo para inyección','50 mg','Caja x vial'),('J05AG03CAP329','Efavirenz','Cápsula','50 mg','Caja x frasco'),('J05AG03CAP205','Efavirenz','Cápsula','200 mg','Caja x frasco'),('R03CA02SOY364','Efedrina','Solución inyectable','60 mg/mL','Caja x ampollas de 1 mL'),('J05AF09SOL097','Emtricitabina','Solución oral','10 mg/mL','Caja x frasco'),('J05AF09CAP205','Emtricitabina','Cápsula','200 mg','Caja x blísteres'),('B05BA02EMF088','Emulsiones grasas (lípidos)','Emulsión para infusión','10.00%','Frasco/funda de 500 mL'),('B05BA02EMF202','Emulsiones grasas (lípidos)','Emulsión para infusión','20.00%','Frasco/funda x 500 mL, botella x 250 mL'),('C09AA02SOY082','Enalapril','Solución inyectable','1,25 mg/mL','Caja x ampolla de 2 mL'),('C09AA02TAB314','Enalapril','Tableta','5 mg','Caja x Ristras, Caja x blísteres'),('C09AA02TAR314','Enalapril','Tableta recubierta','5 mg','Caja x ristras'),('C09AA02TAB194','Enalapril','Tableta','20 mg','Caja x blísteres, Caja x ristras'),('C09AA02TAR194','Enalapril','Tableta recubierta','20 mg','Caja x ristras'),('C09AA02TAR091','Enalapril','Tableta recubierta','10 mg','Caja x ristras, Caja x blísteres'),('C09AA02TAB091','Enalapril','Tableta','10 mg','Caja x blísteres, Caja x ristras'),('B01AB05SOY215','Enoxaparina','Solución inyectable','2 000 UI (20 mg)','Caja x blísterpack con jeringas prellenadas de 0.2 mL'),('B01AB05SOY304','Enoxaparina','Solución inyectable','4 000 UI (40 mg)','Caja x blísterpack con jeringas prellenadas de 0.4 mL'),('B01AB05SOY368','Enoxaparina','Solución inyectable','6 000 UI (60 mg)','Caja x jeringas prellenadas de 0.6 mL'),('B01AB05SOY393','Enoxaparina','Solución inyectable','8 000 UI (80 mg)','Caja x jeringas prellenadas'),('B01AB05SOY102','Enoxaparina','Solución inyectable','10 000 UI (100 mg)','Caja x jeringas prellenadas'),('C01CA24SOY081','Epinefrina','Solución inyectable','1 mg/mL','Caja x ampollas de 1 mL, Caja x blísteres x ampollas de 1 mL'),('L01DB03SOY183','Epirubicina','Solución inyectable','2 mg/mL','Caja x vial de 5 mL'),('L01DB03POI091','Epirubicina','Polvo para inyección','10 mg','Caja x vial'),('L01DB03POI329','Epirubicina','Polvo para inyección','50 mg','Caja x vial'),('S01AA17UNF044','Eritromicina','Ungüento oftálmico','0,005','Caja x tubo de 3 g'),('J01FA01TAB232','Eritromicina','Tableta','250 mg','Caja x blísteres'),('J01FA01POS301','Eritromicina','Polvo para suspensión','400 mg/5 mL','Caja x frasco de 60 mL'),('J01FA01TAR339','Eritromicina','Tableta recubierta','500 mg','Caja x blísteres/ristras'),('J01FA01POS209','Eritromicina','Polvo para suspensión','200 mg/5 mL','Caja x frasco de 60, 80 y 100 mL'),('B03XA01SOY303','Eritropoyetina','Solución inyectable','4 000 UI','Caja x jeringa precargada de 0.4 mL, Caja x jeringas precargadas de 1 mL'),('B03XA01SOY214','Eritropoyetina','Solución inyectable','2 000 UI','Caja x jeringa precargada de 1mL, Caja x jeringas precargadas de 0.3 mL, 0.5 mL'),('B03XA01SOY350','Eritropoyetina','Solución inyectable','5 000 UI','Caja x jeringas precargadas'),('B03XA01POI214','Eritropoyetina','Polvo inyectable','2 000 UI','Caja X Jeringa prellenada'),('J01FA02TAB274','Espiramicina','Tableta','3 000 000 UI','Caja x blisteres'),('C03DA01TAB105','Espironolactona','Tableta','100 mg','Caja x blísteres'),('C03DA01TAB222','Espironolactona','Tableta','25 mg','Caja x blísteres'),('G03CA03TAB073','Estradiol','Tableta','1 mg','Caja x blíster'),('G03AA05SOY315','Estradiol + noretisterona','Solución inyectable','5 mg + 50 mg/mL','Caja x ampolla de 1 mL'),('J01GA01POI121','Estreptomicina','Polvo para inyección','1 000 mg','Caja x vial/viales'),('B01AD01POI164','Estreptoquinasa','Polvo para inyección','1 500 000 UI','Caja x vial'),('G03CA04CRV080','Estriol','Crema vaginal','1 mg/g (0,1%)','Caja x tubo de 15 g'),('J04AK02TAB296','Etambutol','Tableta','400 mg','Caja x blíster/ristra'),('L04AB01POI222','Etanercept','Polvo para inyección','25 mg','Caja x viales'),('L04AB01POI329','Etanercept','Polvo para inyección','50 mg','Caja x vial/viales'),('L04AB01SOY329','Etanercept','Solución inyectable','50 mg','Caja x jeringas de 1 mL'),('J04AD03TAR232','Etionamida','Tableta recubierta','250 mg','frasco'),('L01CB01SOY200','Etopósido','Solución inyectable','20 mg/mL','Caja x ampollas de 5 mL'),('J05AG04TAB105','Etravirina','Tableta','100 mg','Caja x frasco'),('J05AG04TAB205','Etravirina','Tableta','200 mg','Caja x frasco'),('L04AA18TAB048','Everolimus','Tableta','0,50 mg','Caja x blíster/blísteres'),('L04AA18TAB054','Everolimus','Tableta','0,75 mg','Caja x blíster/blísteres'),('L02BG06TAB222','Exemestano','Tableta','25 mg','Caja x blísteres'),('B02BD04POI240','Factor IX de la Coagulación','Polvo para inyección','250 UI','Caja x vial + disolvente ampolla'),('B02BD04POI366','Factor IX de la Coagulación','Polvo para inyección','600 UI','Caja x vial + disolvente'),('B02BD02POI124','Factor VIII de la coagulación','Polvo para inyección','1 000 UI','Kit x vial + disolvente ampolla'),('B02BD02POI348','Factor VIII de la coagulación','Polvo para inyección','500 UI','Caja x vial + disolvente ampolla'),('B02BD02POI240','Factor VIII de la coagulación','Polvo para inyección','250 UI','Caja x vial + disolvente ampolla'),('N03AB02SOY334','Fenitoína','Solución inyectable','50 mg/mL','Caja x ampollas de 2 mL, 5 mL, 10 mL'),('N03AB02SUS142','Fenitoína','Suspensión','125 mg/5 mL','Frasco de 120 mL'),('N03AB02CAP105','Fenitoína','Cápsula','100 mg','Caja x frasco'),('N03AA02TAB105','Fenobarbital','Tableta','100 mg','Caja x blíster/blísteres'),('N03AA02SOY364','Fenobarbital','Solución inyectable','60 mg/mL','Caja x ampollas de 2 mL'),('N01AH01PAT486','Fentanilo','Parche transdérmico','25 mcg/h','Caja x parches'),('N01AH01SOY050','Fentanilo','Solución inyectable','0,5 mg/10 mL','Caja x ampollas de 10 mL'),('L03AA02SOY264','Filgrastim','Solución inyectable','300 mcg/mL','Caja x jeringa prellenada de 1 mL<br />'),('B02BA01SOY097','Fitomenadiona (Vitamina K)','Solución inyectable','10 mg/mL','Caja x ampollas de 1 mL'),('J02AC01SOY183','Fluconazol','Solución inyectable','2 mg/mL','Caja x frasco de 50 mL ó 100 mL'),('J02AC01TAB158','Fluconazol','Tableta','150 mg','Caja x blíster ,Caja x blísteres'),('J02AC01CAP158','Fluconazol','Cápsula','150 mg','Caja x blíster'),('L01BB05POI329','Fludarabina','Polvo para inyección','50 mg','Caja x vial /viales'),('H02AA02TAB029','Fludrocortisona','Tableta','0,1 mg','Caja x blísteres'),('V03AB25SOY027','Flumazenil','Solución inyectable','0,1 mg/mL','Caja x jeringa prellenada de 5 mL, Caja x ampollas de 5 mL'),('S01BA07SUF024','Fluorometalona','Suspensión oftálmica','0,001','Caja x frasco gotero de 5 mL'),('L01BC02SOY334','Fluoruracilo','Solución inyectable','50 mg/mL','Caja x vial/ viales x 5 mL y 10 mL'),('L01BC02SOY226','Fluoruracilo','Solución inyectable','25 mg/mL','Caja x vial/ viales de 20 mL'),('L01BC02GEL310','Fluoruracilo','Gel','5.00%','Caja x tubo de 30 g'),('N06AB03CAP194','Fluoxetina','Cápsula','20 mg','Caja x blíster/ blísteres'),('N06AB03TAR194','Fluoxetina','Tableta recubierta','20 mg','Caja x blíster/ blísteres'),('N06AB03TAB194','Fluoxetina','Tableta','20 mg','Caja x blíster/ blísteres'),('V03AF03SOY097','Folinato Cálcico','Solución inyectable','10 mg/mL','Caja x ampollas de 5 mL ó 10 mL.'),('V03AF03TAB147','Folinato Cálcico','Tableta','15 mg','Caja x blíster/blísteres.'),('V03AB34SOY070','Fomepizol','Solución inyectable','1 g/mL','Caja x ampollas de 1 mL'),('V06DB00SUS000','Fórmula para nutrición enteral','Suspensión','___','Envase de 237 mL ó frasco de 1000 mL'),('V06DB00POL000','Fórmula para nutrición enteral','Polvo','___','Envase de 300g ó 400 g, Caja x sobres de 76 g.'),('C03CA01SOY097','Furosemida','Solución inyectable','10 mg/mL','Caja x ampollas de 2 mL'),('C03CA01TAB290','Furosemida','Tableta','40 mg','Caja x blíster/ blísteres'),('L01BC05POI121','Gemcitabina','Polvo para inyección','1 000 mg','Caja x vial/ viales'),('L01BC05POI205','Gemcitabina','Polvo para inyección','200 mg','Caja x vial/ viales'),('C10AB04TAB365','Genfibrozilo','Tableta','600 mg','Caja x blíster/ blísteres'),('C10AB04TAR365','Gemfibrozilo','Tableta recubierta','600 mg','Caja x blíster/ blísteres'),('J01GB03SOY097','Gentamicina','Solución inyectable','10 mg/mL','Caja x ampolla/ ampollas de 2 mL'),('J01GB03SOY525','Gentamicina','Solución inyectable','140 mg/mL','Caja x ampolla/ ampollas de 2 mL'),('J01GB03SOY389','Gentamicina','Solución inyectable','80 mg/mL','Caja x ampolla/ ampollas de 2 mL'),('J01GB03SOY294','Gentamicina','Solución inyectable','40 mg/mL','Caja x ampolla/ ampollas de 1 mL'),('A10BB01TAB314','Glibenclamida','Tableta','5 mg','Caja x blíster/ blísteres'),('A06AG04SUP487','Glicerol','Supositorio','0,92 g','Caja x blíster/ blísteres'),('A06AG04SUP488','Glicerol','Supositorio','3 g','Caja x blister/blísteres'),('H04AA01POI073','Glucagón','Polvo para inyección','1 mg','Caja x vial/ viales de 1 mg + disolvente'),('D01BA01TAB339','Griseofulvina','Tableta','500 mg','Caja x blíster/blísteres'),('N05AD01SOY334','Haloperidol decanoato','Solución inyectable','50 mg/mL','Caja x ampolla/ ampollas de 1 mL'),('N05AD01SOY320','Haloperidol','Solución inyectable','5 mg/mL','Caja x ampolla/ ampollas de 1 mL'),('N05AD01SOL183','Haloperidol','Solución oral','2 mg/mL','Caja x frasco gotero, Caja x frasco + dosificador.'),('N05AD01TAB314','Haloperidol','Tableta','5 mg','Caja x blíster/ blísteres'),('B01AB01SOY062','Heparina no fraccionada','Solución inyectable','5 000 UI/mL','Caja x Frascos/viales de 5 mL, Caja x Frascos/viales de 10 mL'),('C02DB02TAB329','Hidralazina','Tableta','50 mg','Caja x blíster/ristras'),('C02DB02TAR329','Hidralazina','Tableta recubierta','50 mg','Caja x blíster/ristras'),('C02DB02SOY200','Hidralazina','Solución inyectable','20 mg/mL','Caja x ampolla/ampollas.'),('N05CC01JBE112','Hidrato de cloral','Jarabe','100 mg/mL','Caja x frasco'),('H02AB09TAB314','Hidrocortisona','Tableta','5 mg','Caja x blíster/blísteres, Frasco.'),('H02AB09TAB091','Hidrocortisona','Tableta','10 mg','Caja x blíster/blísteres, Frasco.'),('D07AA02LOC066','Hidrocortisona','Loción','1.00%','Caja x frasco'),('D07AA02CRE044','Hidrocortisona','Crema','0,005','Caja x tubo'),('D07AA02LOC044','Hidrocortisona','Loción','0,005','Caja x frasco de 15 mL, 20 mL, 30 mL ó 60 mL.'),('D07AA02CRE066','Hidrocortisona','Crema','1.00%','Caja x tubo de 15 g, 20 g, ó 30 g'),('H02AB09POI339','Hidrocortisona, succinato sódico','Polvo para inyección','500 mg','Caja x frasco/vial + diluyente, Caja x frasco/vial.'),('H02AB09POI105','Hidrocortisona, succinato sódico','Polvo para inyección','100 mg','Caja x frascos/viales 2 mL'),('N02AA03TAB060','Hidromorfona','Tableta','2,5 mg','Caja x blíster/blísteres, Caja x frasco.'),('N02AA03TAB314','Hidromorfona','Tableta','5 mg','Caja x blíster/blísteres, Caja x frasco.'),('N02AA03SOY183','Hidromorfona','Solución inyectable','2 mg/mL','Caja x ampolla/ampollas.'),('L01XX05CAP339','Hidroxicarbamida (Hidroxiurea)','Cápsula','500 mg','Frasco, Caja x blísteres/ristras.'),('B03AE04POL473','Hierro, multivitaminas y minerales','Polvo','12,5 mg de hierro + 300 mcg de vitamina A + 160 mcg de ácido fólico + 30 mg de ácido ascórbico + 5 m','Caja x sobres'),('M01AE01TAR296','Ibuprofeno','Tableta recubierta','400 mg','Caja x blísteres.'),('M01AE01SUS209','Ibuprofeno','Suspensión','200 mg/5 mL','Caja x frasco/frasco gotero/frasco gotero + dosificador.'),('M01AE01TAB296','Ibuprofeno','Tableta','400 mg','Caja x blísteres.'),('L01DB06SOY081','Idarrubicina','Solución inyectable','1 mg/mL','Caja x vial/frasco.'),('L01AA06POI067','Ifosfamida','Polvo para inyección','1 g','Caja x vial/frasco.'),('L01XE01TAR296','Imatinib','Tableta recubierta','400 mg','Caja x  blísteres'),('L01XE01CAP105','Imatinib','Cápsula','100 mg','Caja x blísteres'),('L01XE01TAB296','Imatinib','Tableta','400 mg','Caja x 10 blísteres de 10 unidades cada uno'),('J01DH51POI343','Imipenem + cilastatina','Polvo para inyección','500 mg + 500 mg','Caja x frascos/viales.'),('L04AB02POI105','Infliximab','Polvo para inyección','100 mg','Caja x vial.'),('J06BB01SOY262','Inmunoglobulina anti D','Solución inyectable','300 mcg','Caja x vial/frasco'),('J06BB01SOY230','Inmunoglobulina anti D','Solución inyectable','250 mcg','Caja x frasco/vial'),('J06BB01SOY204','Inmunoglobulina anti D','Solución inyectable','200 mcg','Caja x frasco/vial'),('J06BB02SOY240','Inmunoglobulina antitetánica','Solución inyectable','250 UI','Caja x jeringa prellenada.'),('J06BB02SOY348','Inmunoglobulina antitetánica','Solución inyectable','500 UI','Caja x jeringa prellenada.'),('J06BA02SOY028','Inmunoglobulina humana normal','Solución inyectable','0,10 g/mL','Caja x frasco/vial + disolvente'),('J06BA02SOY043','Inmunoglobulina humana normal','Solución inyectable','0,45 g/mL','Caja x 1 frasco/vial.'),('J06BA02POI307','Inmunoglobulina humana normal','Polvo para inyección','45 g/100 g','Caja x frasco x 5 ó 10 g'),('A10AC01SOY118','Insulina de acción intermedia (NPH)','Solución inyectable','100 UI/mL','Caja x vial/frasco de 10 mL'),('A10AC01SUY118','Insulina de acción intermedia (NPH)','Suspensión inyectable','100 UI/mL','Caja x vial/frasco de 10 mL'),('A10AB01SOY118','Insulina de Acción Rápida','Solución inyectable','100 UI/mL','Caja x vial/frasco de 10 ml'),('A10AB01SUY118','Insulina de Acción Rápida','Suspensión inyectable','100 UI/mL','Caja x vial/frasco de 10 mL'),('L03AB05SOY274','Interferón alfa 2b','Solución inyectable','3 000 000 UI','Caja x  viales/frasco'),('L03AB05SOY275','Interferón alfa 2b','Solución inyectable','30 000 000 UI','Caja x viales/frasco'),('L03AB05POI274','Interferón alfa 2b','Polvo para inyección','3 000 000 UI','Caja x frasco/vial + disolvente, Caja x frasco/vial'),('L03AB05POI352','Interferón alfa 2b','Polvo para inyección','5 000 000 UI','Caja x frasco/vial + disolvente, Caja x frasco/vial'),('L03AB05POI061','Interferón alfa 2b','Polvo para inyección','10 000 000 UI','Caja x frasco/vial + disolvente, Caja x frasco/vial'),('L03AB05SOY165','Interferón alfa 2b','Solución inyectable','15 000 000 UI','Caja x pluma multidosis de 1,2 mL.'),('L03AB05SOY243','Interferón alfa 2b','Solución inyectable','25 000 000 UI','Caja x pluma multidosis de 1,2 mL.'),('L03AB07SOY139','Interferón Beta 1a','Solución inyectable','12 000 000 UI (44mcg)','Caja x jeringa prellenada de 1,5 mL ó 0,5 mL.'),('L03AB07POI369','Interferón Beta 1a','Polvo para inyección','6 000 000 UI  (30 mcg)','Caja x frasco/vial + disolvente, Caja x frasco/vial'),('L03AB07SOY481','Interferón Beta 1a','Solución inyectable','36 000 000 UI  (88 mcg)','Caja x jeringa prellenada.'),('L03AB08SOY394','Interferón Beta 1b','Solución inyectable','8 000 000 UI  (250 mcg)','Caja x jeringa prellenada.'),('L03AB07SOY369','Interferón Beta 1a','Solución inyectable','6 000 000 UI  (30 mcg)','Caja x jeringa prellenada de 0,5 mL.'),('R03BB01AER010','Ipratropio bromuro','Aerosol','0,02 mg/dosis','Caja x frasco inhalador (200 dosis)'),('R03BB01SOI038','Ipratropio bromuro','Solución para inhalación','0,25 mg/mL (0,025 % )','Caja x frasco + dosificador.'),('L01XX19SOY200','Irinotecán','Solución inyectable','20 mg/mL','Caja x vial/frasco.'),('J04AC01TAB265','Isoniazida','Tableta','300 mg','Caja x blísteres.'),('J04AC01TAB105','Isoniazida','Tableta','100 mg','Caja x blísteres.'),('C01DA14TAB194','Isosorbida mononitrato','Tableta','20 mg','Caja x blísteres'),('J02AC02SOL097','Itraconazol','Solución oral','10 mg/mL','Caja x frasco, Frasco'),('J02AC02CAP105','Itraconazol','Cápsula','100 mg','Caja x blísteres'),('P02CF01SOL356','Ivermectina','Solución oral','6 mg/mL','Caja x frasco gotero de 5 mL, 10 mL, 30 mL ó 60 mL'),('P02CF01TAB460','Ivermectina','Tableta','6 mg','Caja x blísteres.'),('J01GB04SOY708','Kanamicina','Solución inyectable','1 g/4 ml','Frasco ampolla de vidrio'),('M01AB15SOY260','Ketorolaco','Solución inyectable','30 mg/mL','Caja x ampollas de 1 mL, Caja x ampolla de 2 mL'),('A06AD11SOL371','Lactulosa','Solución oral','65.00%','Caja x frasco de 200 mL, 220 mL ó 240 mL, Caja x Frasco de 220 mL + dosificador, Frasco x 200 mL ó 2'),('S01XA20GEF185','Lágrimas artificiales y otros preparados inertes (Ácido poliacrílico)','Gel oftálmico','2.00%','Caja x tubo de 10 g'),('S01XA20SOF144','Lágrimas artificiales y otros preparados inertes (Alcohol polivinílico)','Solución oftálmica','14 mg/mL','Caja x frasco gotero de 15 mL'),('S01XA20GEF249','Lágrimas artificiales y otros preparados inertes (Carbomer)','Gel oftálmico','3 mg/mL','Caja x tubo de 5 g ó 10 g'),('S01XA20SOF077','Lágrimas artificiales y otros preparados inertes (Dextrano 70 + Hipromelosa)','Solución oftálmica','1 mg + 3 mg/mL','Caja x frasco gotero de 15 mL ó 20 mL.'),('S01XA20SOF181','Lágrimas artificiales y otros preparados inertes (Hialuronato sódico)','Solución oftálmica','2 mg/0,5 mL','Caja x frascos unidosis de 0,5 mL.'),('S01XA20SOF045','Lágrimas artificiales y otros preparados inertes (Hipromelosa)','Solución oftálmica','0,005','Caja x frasco gotero de 10 mL'),('S01XA20GEF039','Lágrimas artificiales y otros preparados inertes (Hipromelosa)','Gel oftálmico','0,003','Caja x tubo 10 g'),('S01XA20SOF287','Lágrimas artificiales y otros preparados inertes (Polietilenglicol)','Solución oftálmica','4 mg/mL','Caja x frasco gotero de 15 mL'),('S01XA20SOF334','Lágrimas artificiales y otros preparados inertes (Polividona)','Solución oftálmica','50 mg/mL','Caja x frasco gotero de 10 mL'),('S01XA20SOF249','Lágrimas artificiales y otros preparados inertes (Polividona)','Solución oftálmica','3 mg/mL','Caja x frasco gotero de 10 mL, 15 mL ó 20 mL'),('J05AF05TAR158','Lamivudina','Tableta recubierta','150 mg','Caja x frasco/Caja x blísteres.'),('J05AF05SOL333','Lamivudina','Solución oral','50 mg/5 mL','Caja x frasco + dosificador, Caja x frasco'),('J05AR02TAR269','Lamivudina + Abacavir','Tableta recubierta','300 mg + 600 mg','Caja x blísteres.'),('J05AR02TAB269','Lamivudina + Abacavir','Tableta','300 mg + 600 mg','Caja x blísteres.'),('N03AX09TAD329','Lamotrigina','Tableta dispersable','50 mg','Caja x blísteres.'),('N03AX09TAD105','Lamotrigina','Tableta dispersable','100 mg','Caja x blísteres.'),('N03AX09TAD222','Lamotrigina','Tableta dispersable','25 mg','Caja x blísteres.'),('N03AX09TAB329','Lamotrigina','Tableta','50 mg','Caja x blísteres'),('N03AX09TAB105','Lamotrigina','Tableta','100 mg','Caja x blísteres'),('N03AX09TAB222','Lamotrigina','Tableta','25 mg','Caja x blísteres'),('S01EE01SOF009','Latanoprost','Solución oftálmica','5.00%','Caja x frasco gotero'),('L02BG04TAR060','Letrozol','Tableta recubierta','2,5 mg','Caja x blísteres'),('L02AE02POI374','Leuprolide','Polvo para inyección','7,5 mg','Caja x frasco + diluyente.'),('L02AE02POI252','Leuprolide','Polvo para inyección','3,75 mg','Caja x frasco + diluyente.'),('L02AE02POI126','Leuprolide','Polvo para inyección','11,25 mg','Caja x frasco + diluyente.'),('L02AE02SOY320','Leuprolide','Solución inyectable','5 mg/mL','Caja x  frasco/vial de 2,8 mL.'),('L02AE02SUY374','Leuprolide','Suspensión inyectable','7,5 mg','Caja x jeringa prellenada.'),('N04BA02TAR109','Levodopa + Carbidopa','Tableta recubierta','100 mg + 10 mg','Caja x blísteres/ristras'),('N04BA02TAB109','Levodopa + Carbidopa','Tableta','100 mg + 10 mg','Caja x blísteres/ristras'),('N04BA02TAB234','Levodopa + Carbidopa','Tableta','250 mg + 25 mg','Caja x blísteres/ristras.'),('J01MA12TAR232','Levofloxacino','Tableta recubierta','250 mg','Caja x blísteres'),('J01MA12TAR339','Levofloxacino','Tableta recubierta','500 mg','Caja x blísteres.'),('J01MA12SOY344','Levofloxacino','Solución inyectable','500 mg/100 mL','Caja + funda polipropileno + envase soluflex de 100 mL'),('N05AA02SOY226','Levomepromazina','Solución inyectable','25 mg/mL','Caja x ampolla'),('N05AA02TAR105','Levomepromazina','Tableta recubierta','100 mg','Caja x blísteres.'),('N05AA02SOL294','Levomepromazina','Solución oral','40 mg/mL','Caja x frasco gotero.'),('N05AA02TAR222','Levomepromazina','Tableta recubierta','25 mg','Caja x blísteres'),('G03AC03GRA254','Levonorgestrel','Gragea','0,030 mg','Caja x blísteres'),('G03AC03TAB054','Levonorgestrel','Tableta','0,75 mg','Caja x blísteres'),('G03AC03IMP158','Levonorgestrel','Implante subdérmico','150 mg','Caja x implantes de 75mg cada uno'),('G03AA07TAR156','Levonorgestrel + etinilestradiol','Tableta recubierta','150 mcg + 30 mcg','Caja x blísteres'),('G03AA07GRA156','Levonorgestrel + etinilestradiol','Gragea','150 mcg + 30 mcg','Caja x blísteres'),('H03AA01TAB029','Levotiroxina sódica','Tableta','0,1 mg','Caja x blísteres, Caja x frasco.'),('H03AA01TAB036','Levotiroxina sódica','Tableta','0,2 mg','Caja x blísteres.'),('H03AA01TAB016','Levotiroxina sódica','Tableta','0,05 mg','Caja x blísteres, Caja x frasco.'),('H03AA01TAB021','Levotiroxina sódica','Tableta','0,075 mg','Caja x blísteres.'),('H03AA01TAB032','Levotiroxina sódica','Tableta','0,125 mg','Caja x blísteres.'),('H03AA01TAB034','Levotiroxina sódica','Tableta','0,150 mg','Caja x blísteres.'),('H03AA01TAB035','Levotiroxina sódica','Tableta','0,175 mg','Caja x blísteres/ristras.'),('D04AB01CRE185','Lidocaína','Crema','2.00%','Caja x tubo'),('D04AB01CRE310','Lidocaína','Crema','5.00%','Caja x tubo'),('D04AB01JAL185','Lidocaína','Jalea','2.00%','Caja x tubo de 25 ó 30 g'),('D04AB01SOT088','Lidocaína','Solución tópica','10.00%','Caja x frasco de 80 g, Caja x frasco de 50 mL'),('D04AB01GEL185','Lidocaína','Gel','2.00%','Caja x tubo de 25 g'),('D04AB01GEL310','Lidocaína','Gel','5.00%','Caja x tubo'),('C05AD01GEL185','Lidocaína','Gel','2.00%','Caja x tubo'),('N01BB52SOY175','Lidocaína con epinefrina','Solución inyectable','2 % + 1:200 000','Caja x Frasco de 20 mL ó 50 mL, Frasco x 20 mL ó 50 mL, Caja x tubo/cartucho x 1,8 mL'),('N01BB02SOY185','Lidocaína sin epinefrina','Solución inyectable','2.00%','Caja x frasco/vial de 20 mL ó 50 mL, Frasco/vial x 50 mL, Cartucho dental de 1,8 mL.'),('J01XX08SOY183','Linezolid','Solución inyectable','2 mg/mL','Caja x bolsas de 300 mL, Funda x 300 mL'),('J01XX08TAR365','Linezolid','Tableta recubierta','600 mg','Caja x blísteres.'),('N05AN01TAB265','Litio, carbonato','Tableta','300 mg','Caja x ristras/blísteres.'),('A07DA03CAP178','Loperamida','Cápsula','2 mg','Caja x ristras/blísteres'),('J05AR10TAR111','Lopinavir + Ritonavir','Tableta recubierta','100 mg + 25 mg','Caja x frasco, Frasco.'),('J05AR10SOL387','Lopinavir + Ritonavir','Solución oral','(80 mg + 20 mg)/mL','Caja x frasco con dosificador, Caja x frasco'),('J05AR10TAR208','Lopinavir + Ritonavir','Tableta recubierta','200 mg + 50 mg','Caja x frasco de 40 ó 120 unidades.'),('R06AX13JBE318','Loratadina','Jarabe','5 mg/5 mL','Caja x frasco de 60 mL, 100 mL ó 120 mL con dosificador/sin dosificador. Frasco de 60 mL, 100 mL ó 1'),('R06AX13TAR091','Loratadina','Tableta recubierta','10 mg','Caja x 2 blísteres de 20 unidades cada uno'),('R06AX13TAB091','Loratadina','Tableta','10 mg','Caja x blísteres.'),('C09CA01TAR329','Losartán','Tableta recubierta','50 mg','Caja x blísteres/ristras'),('C09CA01TAR105','Losartán','Tableta recubierta','100 mg','Caja x blísteres'),('C09CA01TAB105','Losartán','Tableta','100 mg','Caja x blísteres'),('C09CA01TAB329','Losartán','Tableta','50 mg','Caja x blísteres'),('A02AF01SUS000','Magaldrato con simeticona (Hidróxido de Al y Mg)','Suspensión','___','Caja x frasco de 150 mL, 200 mL ó 250 mL, Frasco de 180 mL, 200 mL, 240 mL ó 360 mL'),('B05XA05SOY202','Magnesio sulfato','Solución inyectable','20.00%','Caja x ampollas de 10 mL'),('B05BC01SOY202','Manitol','Solución inyectable','20.00%','Funda o bolsa de 500 mL'),('G03FA12TAB186','Medroxiprogesterona + estrógenos equinos conjugados','Tableta','2,5 mg + 0,625 mg','Caja x blísteres'),('P01CB01SOY273','Meglumina antimoniato','Solución inyectable','300 mg/mL','Caja x ampollas.'),('L01AA03TAB178','Melfalán','Tableta','2 mg','Caja x frasco, Frasco.'),('V03AF01SOY112','Mercapto Etiletano Sulfonato de Sodio (Mesna)','Solución inyectable','100 mg/mL','Caja x ampollas de 4 mL'),('L01BB02TAB329','Mercaptopurina','Tableta','50 mg','Caja x blísteres, Caja x frasco, Frasco'),('J01DH02POI067','Meropenem','Polvo para inyección','1 000 mg','Caja x viales/frascos.'),('J01DH02POI339','Meropenem','Polvo para inyección','500 mg','Caja x viales/frascos.'),('N07BC02SOY320','Metadona','Solución inyectable','5 mg/mL','Caja x ampollas'),('A10BA02TAR339','Metformina','Tableta recubierta','500 mg','Caja x blísteres/ristras'),('A10BA02TAR397','Metformina','Tableta recubierta','850 mg','Caja x blísteres/ristras'),('A10BA02TAR121','Metformina','Tableta recubierta','1 000 mg','Caja x blísteres'),('A10BA02TAB397','Metformina','Tableta','850 mg','Caja x blísteres'),('A10BA02TAB121','Metformina','Tableta','1 000 mg','Caja x blísteres'),('A10BA02TAB339','Metformina','Tableta','500 mg','Caja x blísteres'),('A10BA02TAL121','Metformina','Tableta de liberación prolongada','1 000 mg','Caja x blísteres'),('A10BA02TAL381','Metformina','Tableta de liberación prolongada','750 mg','Caja x blísteres'),('A10BD02TAR283','Metformina + Glibenclamida','Tableta recubierta','500 mg + 5 mg','Caja x blísteres'),('A10BD02TAB283','Metformina + Glibenclamida','Tableta','500 mg + 5 mg','Caja x blísteres'),('A10BD02TAB338','Metformina + Glibenclamida','Tableta','500 mg + 2,5 mg','Caja x blísteres'),('A10BD02TAR338','Metformina + Glibenclamida','Tableta recubierta','500 mg + 2,5 mg','Caja x blísteres'),('A10BD02TAB228','Metformina + Glibenclamida','Tableta','250 mg + 1,25 mg','Caja x blísteres'),('A10BD02TAR228','Metformina + Glibenclamida','Tableta recubierta','250 mg + 1,25 mg','Caja x blísteres'),('C02AB01TAB232','Metildopa','Tableta','250 mg','Caja x ristras'),('C02AB01TAB339','Metildopa','Tableta','500 mg','Caja x blíster/ristra'),('G02AB01GRA032','Metilergometrina','Gragea','0,125 mg','Caja x blísteres'),('G02AB01SOY037','Metilergometrina','Solución inyectable','0,2 mg/mL','Caja x ampollas'),('H02AB04SUY389','Metilprednisolona, acetato','Suspensión inyectable','80 mg/mL','Caja x vial/frasco.'),('H02AB04SUY294','Metilprednisolona, acetato','Suspensión inyectable','40 mg/mL','Caja x vial/frasco de 1 mL ó 2 mL.'),('H02AB04POI339','Metilprednisolona, succinato','Polvo para inyección','500 mg','Caja x ACT-O-VIAL de 4 mL, Caja x frasco/vial.'),('H02AB04POI141','Metilprednisolona, succinato','Polvo para inyección','125 mg','Caja x ACT-O-VIAL de 4 mL, Caja x frasco/vial.'),('A03FA01SOY320','Metoclopramida','Solución inyectable','5 mg/mL','Caja x ampollas de 2 mL cada una'),('A03FA01TAB091','Metoclopramida','Tableta','10 mg','Caja x blísteres'),('L01BA01POI329','Metotrexato','Polvo para inyección','50 mg','Caja x frasco/vial.'),('L01BA01TAB060','Metotrexato','Tableta','2,5 mg','Caja x blísteres/ristras.'),('L01BA01SOY226','Metotrexato','Solución inyectable','25 mg/mL','Caja x frascos/viales de 2 ó 20 mL cada uno'),('L01BA01POI339','Metotrexato','Polvo para inyección','500 mg','Caja x vial/frasco.'),('P01AB01CAP232','Metronidazol','Cápsula','250 mg','Caja x blísteres.'),('P01AB01SUS238','Metronidazol','Suspensión','250 mg/5 mL','Caja x frasco de 100 mL, 120 mL con dosificador, Frasco de 100 ó 120 mL'),('P01AB01SUS142','Metronidazol','Suspensión','125 mg/5 mL','Caja x frasco de 100 mL, 110 mL ó 120 mL con dosificador, Frasco de 100 ó 120 mL'),('P01AB01TAB232','Metronidazol','Tableta','250 mg','Caja x blísteres.'),('G01AF01OVU339','Metronidazol','Óvulo','500 mg','Caja x ristras/blísteres'),('P01AB01TAB339','Metronidazol','Tableta','500 mg','Caja x blísteres.'),('P01AB01CAP339','Metronidazol','Cápsula','500 mg','Caja x blísteres.'),('J01XD01SOY320','Metronidazol','Solución inyectable','5 mg/mL','Caja x sachets de 100 mL cada uno, Caja x bolsas de 100 mL cada una, Funda o frasco plástico de 100 '),('G01AF01TAV339','Metronidazol','Tableta vaginal','500 mg','Caja x blísteres'),('G01AF01OVU121','Metronidazol','Óvulo','1 000 mg','Caja x blísteres'),('L04AA06TAR280','Micofenolato','Tableta recubierta','360 mg','Caja x blísteres.'),('L04AA06CAP232','Micofenolato','Cápsula','250 mg','Caja x blísteres.'),('L04AA06TAR232','Micofenolato','Tableta recubierta','250 mg','Caja x blísteres.'),('L04AA06TAR339','Micofenolato','Tableta recubierta','500 mg','Caja x blísteres.'),('L04AA06TAR173','Micofenolato','Tableta recubierta','180 mg','Caja x blísteres.'),('N05CD08SOY320','Midazolam','Solución inyectable','5 mg/mL','Caja x ampollas de 3 mL cada una, Caja x ampollas de 10 mL cada una.'),('N05CD08SOY081','Midazolam','Solución inyectable','1 mg/mL','Caja x ampollas de 5 mL cada una.'),('G02AD06TAB204','Misoprostol','Tableta','200 mcg','Caja x ristras/blísteres, Caja x frasco'),('L01DC03POI194','Mitomicina','Polvo para inyección','20 mg','Caja x vial/frasco.'),('L01DB07SOY183','Mitoxantrona','Solución inyectable','2 mg/mL','Caja x vial/frasco de 10 mL.'),('R01AD09SUH324','Mometasona','Suspensión para inhalación','50 mcg/dosis','Caja x frascos de 140 aplicaciones cada uno'),('N02AA01SOL200','Morfina','Solución oral','20 mg/mL','Caja x frasco'),('N02AA01SOY097','Morfina','Solución inyectable','10 mg/mL','Caja x ampollas de 1 mL cada una.'),('N02AA01CLP091','Morfina','Cápsula de liberación prolongada','10 mg','Caja x blísteres/ristras.'),('N02AA01CLP360','Morfina','Cápsula de liberación prolongada','60 mg','Caja x blísteres/ristras.'),('N02AA01CLP255','Morfina','Cápsula de liberación prolongada','30 mg','Caja x blísteres/ristras'),('A09AA02CAP437','Multienzimas (pancreatina: amilasa, lipasa, proteasa)','Cápsula','150 mg (8 000 UI, 10 000 UI, 600 UI)','Caja x Frasco'),('A11AA03SOL000','Multivitaminas con minerales','Solución oral','Según declarado en Registro Sanitario','Caja x frasco gotero de 10 mL'),('A11AA03JBE000','Multivitaminas con minerales','Jarabe','Según declarado en Registro Sanitario','Caja x frasco de 120 mL, 200 mL ó 240 mL, Frasco de 120 mL'),('V03AB15SOY042','Naloxona','Solución inyectable','0,4 mg/mL','Caja x viales/frascos de 5 mL.'),('N07AA01SOY321','Neostigmina','Solución inyectable','0,5 mg/mL','Caja x ampollas de 1 mL.'),('J05AG01SUS333','Nevirapina','Suspensión oral','50 mg/5 mL','Caja x frasco de 100 mL con dosificador/sin dosificador,  Frasco x 240 mL.'),('J05AG01TAB205','Nevirapina','Tableta','200 mg','Caja x  frasco.'),('J05AG01TAR205','Nevirapina','Tableta recubierta','200 mg','Caja x  frasco.'),('C08CA05CAP091','Nifedipina','Cápsula','10 mg','Blísteres, ristras'),('C08CA05TAB091','Nifedipina','Tableta','10 mg','Caja x blísteres'),('C08CA05TAR091','Nifedipina','Tableta recubierta','10 mg','Caja x blísteres'),('C08CA05TAL091','Nifedipina','Tableta de liberación prolongada','10 mg','Caja x blísteres'),('A07AA02SUS119','Nistatina','Suspensión oral','100 000 UI/mL','Caja x frasco de 30 mL ó 120 mL + dosificador (gotero), Caja x frasco de 30 mL ó 120 mL'),('J01XE01SUS225','Nitrofurantoína','Suspensión oral','25 mg /5 mL','Caja x frasco de 100 mL ó 120 mL'),('J01XE01CAP105','Nitrofurantoína','Cápsula','100 mg','Caja x blísteres.'),('C01DA02SOY320','Nitroglicerina (trinitrato de glicerilo)','Solución inyectable','5 mg/mL','Caja x viales/frascos.'),('C02DD01POI329','Nitroprusiato sódico','Polvo para inyección','50 mg','Caja x frascos/viales'),('C01CA03SOY081','Norepinefrina','Solución inyectable','1 mg/mL','Caja x ampollas de 4 mL cada una'),('H01CB02POI194','Octreotida','Polvo para inyección','20 mg','Caja x frasco + jeringuilla prellenada con 2,5 mL de disolvente, Caja x frasco/vial.'),('H01CB02SOY027','Octreotida','Solución inyectable','0,1 mg/mL','Caja x ampollas de 1 mL.'),('B05XX00SOY000','Oligoelementos','Solución inyectable','Según lo declarado en el Registro Sanitario','Caja x ampollas de 10 mL cada una, Caja x ampollas de 2 mL cada una'),('A02BC01CAP194','Omeprazol','Cápsula','20 mg','Caja x blísteres/ristras, Caja x frasco'),('A02BC01POI290','Omeprazol','Polvo para inyección','40 mg','Caja x vial/frasco + disolvente ampolla de 10 mL, Caja x viales/frasco'),('A04AA01SOY183','Ondansetrón','Solución inyectable','2 mg/mL','Caja x ampollas de 4 mL cada una, Caja x ampollas de 2 mL'),('A04AA01TAR286','Ondansetrón','Tableta recubierta','4 mg','Caja x blísteres'),('A04AA01TAR383','Ondansetrón','Tableta recubierta','8 mg','Caja x blísteres'),('J05AH02CAP380','Oseltamivir','Cápsula','75 mg','Caja x blísteres'),('J01CF04POI121','Oxacilina','Polvo para inyección','1 000 mg','Caja x frascos/viales'),('L01XA03POI329','Oxaliplatino','Polvo para inyección','50 mg','Caja x viales/frascos'),('L01XA03POI105','Oxaliplatino','Polvo para inyección','100 mg','Caja x viales/frascos'),('N02AA05TAL091','Oxicodona','Tableta de liberación prolongada','10 mg','Caja x frasco'),('N02AA05TAL290','Oxicodona','Tableta de liberación prolongada','40 mg','Caja x frasco'),('N02AA05TAL194','Oxicodona','Tableta de liberación prolongada','20 mg','Caja x frasco'),('V03AN01GPI000','Oxígeno','Gas para inhalación','Pureza no menor al 99.5 %','Oxígeno, gas medicinal, cilindro por: 0,4 m3, 0,7 m3, 1 m3, 2 m3, 3 m3, 4 m3, 6 m3, 7 m3, 8 m3, 9 m3'),('H01BB02SOY100','Oxitocina','Solución inyectable','10 UI/mL','Caja x ampollas de 1 ml'),('L01CD01SOY356','Paclitaxel','Solución inyectable','6 mg/mL','Caja x frascos/viales de 5 mL o más'),('M03AC01SOY183','Pancuronio','Solución inyectable','2 mg/mL','Caja x ampollas x 2 mL'),('N02BE01JBE169','Paracetamol','Jarabe','160 mg/5 mL','Caja x frasco de 60 mL o más'),('N02BE01SUP105','Paracetamol','Supositorio','100 mg','Caja x blísteres/ristras'),('N02BE01SOL112','Paracetamol','Solución oral','100 mg/mL','Caja x 1 frasco de 15 mL o más, Caja x frasco gotero de 15 mL o más'),('N02BE01TAB339','Paracetamol','Tableta','500 mg','Caja x ristras, Caja x blísteres'),('N02BE01JBE135','Paracetamol','Jarabe','120 mg/5 mL','Caja x 1 frasco de 60 mL o más'),('H05BX02SOY313','Paricalcitol','Solución inyectable','5 mcg/mL','Caja x ampollas x 2 mL, Caja x ampollas x 1mL'),('L03AA13SOY354','Pegfilgrastim','Solución inyectable','6 mg/0,6 mL (10 mg/mL)','Caja x jeringas prellenadas x 0,6 mL'),('L01BA04POI339','Pemetrexed','Polvo para inyección','500 mg','Caja x viales/frascos'),('M01CC01TAB141','Penicilamina','Tableta','125 mg','Caja x ristras/blísteres.'),('M01CC01TAB232','Penicilamina','Tableta','250 mg','Caja x ristras/blísteres.'),('P03AC04CRE066','Permetrina','Crema','1.00%','Caja x tubo.'),('P03AC04SOT066','Permetrina','Solución tópica','1.00%','Frasco x 60 mL ó 120 mL.'),('D10AE01CRE310','Peróxido de benzoilo','Crema','5.00%','Caja x 1 tubo de 10, 20 ó 30 g.'),('D10AE01CRE088','Peróxido de benzoilo','Crema','10.00%','Caja x 1 tubo de 10 g o más'),('D10AE01LOC310','Peróxido de benzoilo','Loción','5.00%','Caja x frasco'),('D10AE01LOC088','Peróxido de benzoilo','Loción','10.00%','Caja x frasco'),('J01CR05POI285','Piperacilina + Tazobactam','Polvo para inyección','4 g + 0,5 g (4000 mg + 500 mg)','Caja x viales/frascos'),('J04AK01TAB339','Pirazinamida','Tableta','500 mg','Caja x blísteres/ristras'),('N07AA02TAB360','Piridostigmina','Tableta','60 mg','Caja x frasco'),('P01BD01TAB222','Pirimetamina','Tableta','25 mg','Caja x blísteres, ristras'),('C05BB02SOY247','Polidocanol','Solución inyectable','3.00%','Caja x frasco/vial.'),('A06AD65GRN000','Polietilenglicol en combinaciones','Granulado','Según consta en Registro Sanitario.','Caja x sobres.'),('B05XA01SOY177','Potasio cloruro','Solución inyectable','2 mEq/mL (14,9 %)','Caja x ampollas de 10 mL'),('S01BA04SUF066','Prednisolona','Suspensión oftálmica','1.00%','Caja x 1 frasco gotero de 5 mL.'),('S01BA04SUF031','Prednisolona','Suspensión oftálmica','0,0012','Caja x 1 frasco gotero de 5 mL.'),('H02AB06TAB314','Prednisolona','Tableta','5 mg','Caja x blísteres'),('H02AB07TAR194','Prednisona','Tableta recubierta','20 mg','Caja x blísteres'),('H02AB07TAR314','Prednisona','Tableta recubierta','5 mg','Caja x blísteres'),('H02AB07TAB194','Prednisona','Tableta','20 mg','Caja x blísteres'),('P01BA03TAB374','Primaquina','Tableta','7,5 mg','Caja x blísteres'),('P01BA03TAB147','Primaquina','Tableta','15 mg','Caja x blísteres'),('L01XB01CAP329','Procarbazina','Cápsula','50 mg','Caja x blísteres, Caja x ristras, Caja x frasco.'),('D02AB01CRE103','Productos con zinc (Nistatina + Vitamina A + Vitamina D2 + Óxido de zinc','Crema','10 000 000 UI + 500 000 UI + 62 500 UI + 15 g/100 g','Caja x 1 tubo de 60 g ó 100 g'),('D02AB01UNG203','Productos con zinc (oxido de zinc)','Ungüento','20 g/100 g (20 %)','Caja x 1 Tubo de 60 g'),('D02AB01CRE193','Productos con zinc (Undecilenato de Zinc + Ácido Undecilénico)','Crema','(20 g + 5 g)/100 g','Caja x 1 tubo de 60 g'),('D02AB01POM349','Productos con zinc (Vitamina A + vitamina D2 + oxido de zinc)','Pomada','500 000 UI + 62 500 UI + 15 g/100 g','Caja x 1 Tubo de 60 ó 100 g'),('G03DA04CAP105','Progesterona','Cápsula','100 mg','Caja x blísteres'),('N01AX10EMI097','Propofol','Emulsión inyectable','10 mg/mL','Caja x ampollas x 20 mL'),('C07AA05TAB290','Propranolol','Tableta','40 mg','Caja x 1 frasco, Caja x blísteres'),('C07AA05TAB091','Propranolol','Tableta','10 mg','Caja x 1 frasco, Caja x blisteres'),('C07AA05TAB386','Propranolol','Tableta','80 mg','Caja x 1 frasco, Caja x blísteres'),('V03AB14SOY098','Protamina','Solución inyectable','10mg/mL (1000 UH/mL)','Caja x 1 ampolla x 5mL.'),('N05AH04TAR222','Quetiapina','Tableta recubierta','25 mg','Caja x blísteres'),('N05AH04TAR105','Quetiapina','Tableta recubierta','100 mg','Caja x blísteres'),('N05AH04TAR205','Quetiapina','Tableta recubierta','200 mg','Caja x blísteres'),('J05AX08TAR296','Raltegravir','Tableta recubierta','400 mg','Caja x 1 frasco de 60 unidades.'),('A02BA02SOY226','Ranitidina','Solución inyectable','25 mg/mL','Caja x ampollas x 2 mL'),('A02BA02TAB158','Ranitidina','Tableta','150 mg','Caja x blísteres, ristra'),('A02BA02TAR158','Ranitidina','Tableta recubierta','150 mg','Caja x blísteres, ristras'),('N01AH06POI178','Remifentanilo','Polvo para inyección','2 mg','Caja x frascos/viales.'),('N01AH06POI314','Remifentanilo','Polvo para inyección','5 mg','Caja x frascos/viales.'),('A11CA01CAP336','Retinol (Vitamina A)','Cápsula','50 000 UI','Caja x blísteres'),('J04AB02SUS116','Rifampicina','Suspensión','100 mg/5 mL','Caja x 1 frasco.'),('J04AB02CAP265','Rifampicina','Cápsula','300 mg','Caja x blísteres'),('J04AM02TAR266','Rifampicina + Isoniazida','Tableta recubierta','300 mg + 150 mg','Caja x blísteres.'),('J04AM02CAP266','Rifampicina + Isoniazida','Cápsula','300 mg + 150 mg','Caja x blísteres'),('J04AM06TAR406','Rifampicina+Pirazinamida+Etambutol+Isoniazida','Tableta recubierta','150 mg + 400 mg + 275 mg + 75 mg','Caja x blísteres'),('B05CB10SOY000','Ringer lactato (combinaciones)','Solución inyectable','___','Funda/Bolsa de 500 ó 1000 mL'),('N05AX08POI222','Risperidona','Polvo para inyección','25 mg','Caja x  1 vial/frasco + diluyente'),('N05AX08POI281','Risperidona','Polvo para inyección','37,5 mg','Caja x 1 vial/frasco + diluyente'),('N05AX08TAR073','Risperidona','Tableta recubierta','1 mg','Caja x blísteres, ristras'),('N05AX08TAR178','Risperidona','Tableta recubierta','2 mg','Caja x blísteres, ristras'),('N05AX08TAB073','Risperidona','Tableta','1 mg','Caja x blísteres'),('N05AX08SOL081','Risperidona','Solución oral','1 mg/mL','Caja x 1 frasco de 20 mL ó 30 mL + gotero(dosificador), Caja x 1 frasco gotero de 20 mL ó 30 mL.'),('J05AE03CAP105','Ritonavir','Cápsula','100 mg','Caja x frascos'),('L01XC02SCI097','Rituximab','Solución concentrada para infusión','10 mg/mL','Caja x viales/frascos de 10 mL, Caja x viales/frascos 50 mL'),('M03AC09SOY097','Rocuronio, Bromuro','Solución inyectable','10 mg/mL','Caja x   viales/frascos de 5 mL, Caja x  viales/frascos de 10 mL.'),('R03AC02AER026','Salbutamol','Aerosol','0,1 mg/dosis','Caja x 1 envase inhalador de 200 dosis con dosificador, Caja por envase inhalador de 200 dosis.'),('R03AC02SOI320','Salbutamol','Solución inhalatoria (para nebulización)','5 mg/mL','Caja x 1 frasco de 10 mL + dosificador, Caja x 1 frasco de 10 mL.'),('B03AC02SOY116','Sales de Hierro (Sacarato de óxido férrico)','Solución inyectable','100 mg/5 mL','Caja x ampollas de 5 mL'),('B03AA07GRA329','Sales de hierro (Sulfato ferroso)','Gragea','50 mg','Frasco'),('B03AA07SOL226','Sales de hierro (Sulfato ferroso)','Solución oral','25 mg/mL','Caja x frasco gotero de 20 mL ó 30 mL.'),('A07CA00POL000','Sales de Rehidratación Oral','Polvo','___','Caja x sobres'),('J05AE01TAR339','Saquinavir','Tableta recubierta','500 mg','Caja x 1 frasco'),('N04BD01TAB314','Selegilina','Tableta','5 mg','Caja x blísteres'),('N06AB06TAB329','Sertralina','Tableta','50 mg','Caja x blísteres'),('N06AB06CAP329','Sertralina','Cápsula','50 mg','Caja x blísteres.'),('N06AB06TAB105','Sertralina','Tableta','100 mg','Caja x blísteres'),('N01AB08SOI081','Sevoflurano','Solución para inhalación','1 mg/mL','Caja x 1 Frasco de 250 mL.'),('C10AA01TAB194','Simvastatina','Tableta','20 mg','Caja x blísteres'),('C10AA01TAB290','Simvastatina','Tableta','40 mg','Caja x blísteres,ristras'),('C10AA01TAR290','Simvastatina','Tableta recubierta','40 mg','Caja x blísteres'),('C10AA01TAR194','Simvastatina','Tableta recubierta','20 mg','Caja x 1, 2, 3 ó 4 blísteres de 10 unidades cada uno.'),('L04AA10GRA073','Sirolimus','Gragea','1 mg','Caja x blísteres'),('B05XA02SOY072','Sodio bicarbonato','Solución inyectable','1 mEq/mL (8,4 %)','Caja x ampollas de 10 mL'),('B05XA03SOY251','Sodio Cloruro','Solución inyectable','3,4 mEq/mL (20 %)','Caja x ampollas de 10 mL'),('B05CB01SOY056','Sodio Cloruro','Solución inyectable','0,009','Bolsa/funda  de 100, 250, 500 ó 1000 mL.'),('B05DB00SOY288','Solución diálisis peritoneal','Solución para diálisis peritoneal','4,25 % - 4,50 %','Bolsa de 2 000 mL ó 5 000 mL'),('B05DB00SOY001','Solución diálisis peritoneal','Solución para diálisis peritoneal','0,015','Bolsa de 2 000 mL ó 5 000 mL'),('B05DB00SOY191','Solución diálisis peritoneal','Solución para diálisis peritoneal','2,25 % - 2,5 %','Bolsa de 2 000 mL ó 5 000 mL'),('J06AA03POI000','Suero antiofídico polivalente','Polvo para inyección','___','Caja x viales + viales de solvente'),('J06AA03POI431','Suero antiofídico polivalente','Polvo para inyección','Cada mL neutraliza: 2,5 mg Bothrops asper, 2,5 mg Bothrops atrox, 1,0 mg Crotalus durissus, 1,0 mg L','Caja x 1 ó 2 viales + diluyente de 10 mL cada uno.'),('J06AA03POI430','Suero antiofídico polivalente','Polvo para inyección','Cada ml neutraliza: 3 mg Bothrops asper, 2 mg Crotalus durissus, 3 mg Lachesis muta, 3 mg Bothrops a','Caja x 1 vial/frasco + diluyente de 10 mL.'),('J06AA03SOY000','Suero antiofídico polivalente','Solución inyectable','___','Caja x frasco/vial.'),('J01EC02TAB339','Sulfadiazina','Tableta','500 mg','Caja x blíster/blísteres.'),('D06BA01CRE066','Sulfadiazina de Plata','Crema','1.00%','Caja x 1 tubo/frasco/pomo'),('A07EC01TAB339','Sulfasalazina','Tableta','500 mg','Frasco x 10, 50 ó 100 unidades.'),('A12CB01SOL320','Sulfato de Zinc','Solución oral','5 mg/mL','Caja x frasco de 100 mL o 150 mL, Caja por frasco gotero de 30 mL.'),('A12CB01SOL183','Sulfato de Zinc','Solución oral','2 mg/mL','Caja x frasco'),('L01XE04CAP131','Sunitinib','Cápsula','12,5 mg','Caja x 1 frasco, Caja x blísteres'),('L01XE04CAP222','Sunitinib','Cápsula','25 mg','Caja x 1 frasco, Caja x blísteres'),('L01XE04CAP329','Sunitinib','Cápsula','50 mg','Caja x 1 frasco, Caja x blísteres'),('M03AB01SOY200','Suxametonio','Solución inyectable','20 mg/mL','Caja x ampollas'),('L04AX02TAB105','Talidomida','Tableta','100 mg','Caja x 10, 50 ó 100 blísteres de 10 unidades cada uno.'),('L02BA01TAB091','Tamoxifeno','Tableta','10 mg','Caja x blísteres'),('L02BA01TAB194','Tamoxifeno','Tableta','20 mg','Caja x blísteres, Caja x frasco'),('G04CA02CAP041','Tamsulosina','Cápsula','0,4 mg','Caja x blísteres'),('G04CA02CLP041','Tamsulosina','Cápsula de liberación prolongada','0,4 mg','Caja x blísteres'),('G04CA02TAL041','Tamsulosina','Tableta de liberación prolongada','0,4 mg','Caja x blísteres'),('L01AX03CAP232','Temozolomida','Cápsula','250 mg','Caja x frasco, Caja x sachets'),('L01AX03CAP105','Temozolomida','Cápsula','100 mg','Caja x frasco, Caja x sachets'),('L01AX03CAP194','Temozolomida','Cápsula','20 mg','Caja x frasco, Caja x sachets'),('J05AR03TAR267','Tenofovir + Emtricitabina','Tableta recubierta','300 mg + 200 mg','Caja x 1 frasco'),('J05AR06TAR268','Tenofovir + Emtricitabina + Efavirenz','Tableta recubierta','300 mg + 200 mg + 600 mg','Caja x 1 frasco'),('J05AF07TAR265','Tenofovir disoproxilo','Tableta recubierta','300 mg','Caja x 1 frasco'),('D01BA02TAB232','Terbinafina','Tableta','250 mg','Caja x blísteres, ristra'),('D01AE15CRE066','Terbinafina','Crema','1.00%','Caja x 1 tubo x 15 g o más'),('G03BA03SOY239','Testosterona','Solución inyectable','250 mg/mL','Caja x ampollas de 1 mL o 3 mL.'),('H03BB02TAB314','Tiamazol (Metimazol)','Tableta','5 mg','Caja x blísteres'),('A11DA01SOY334','Tiamina (vitamina B1)','Solución inyectable','50 mg/mL','Caja x ampolla de 1 mL ó 2 mL.'),('S01ED01SOF044','Timolol','Solución oftálmica','0,005','Caja x 1 frasco gotero de 5 mL ó 10 mL'),('S01ED01SOF404','Timolol','Solución oftálmica','0,0025','Caja x 1 frasco gotero de 5 mL ó 10 mL.'),('P01AB02TAR121','Tinidazol','Tableta recubierta','1 000 mg','Caja x blísteres, ristras'),('P01AB02TAB121','Tinidazol','Tableta','1 000 mg','Caja x blísteres/ristras'),('P01AB02CAV158','Tinidazol','Cápsula vaginal','150 mg','Caja x blísteres'),('P01AB02OVU158','Tinidazol','Óvulo','150 mg','Caja x ristras'),('L01BB03TAB290','Tioguanina','Tableta','40 mg','Caja x ristras'),('N01AF03POI067','Tiopental sódico','Polvo para inyección','1 g','Caja x frascos/viales'),('R03BB04POH172','Tiotropio bromuro','Polvo para inhalación en cápsula dura','18 mcg','Caja x 1, 3 ó 6 blísteres de 10 unidades cada uno.'),('B01AC17SOY038','Tirofibán','Solución inyectable','0,25 mg/mL','Caja x 1 frasco/vial de 50 mL.'),('S01AA12UNF039','Tobramicina','Ungüento oftálmico','0,003','Caja x 1 tubo'),('S01AA12SOF039','Tobramicina','Solución oftálmica','0,003','Caja x 1 frasco gotero de 5 mL.'),('J01GB01SOI272','Tobramicina','Solución para inhalación','300 mg/5 mL','Caja x blísteres x cánulas, Caja x sobres x ampollas'),('S01AA12GEF039','Tobramicina','Gel oftálmico','0,003','Caja x 1 tubo de 5 g.'),('S01AA12SUF039','Tobramicina','Suspensión oftálmica','0,003','Caja x 1 frasco gotero de 5 mL.'),('M03AX01POI117','Toxina botulínica','Polvo para inyección','100 U','Caja x frascos/viales'),('M03AX01POI086','Toxina botulínica','Polvo para inyección','500 U','Caja x 1 frasco/vial.'),('J07AM51SUY006','Toxoide diftérico tetánico','Suspensión inyectable','___','Caja x frascos/viales o jeringuillas prellenadas'),('J07AJ52SUY000','Toxoide diftérico tetánico + Vacuna pertusis','Suspensión inyectable','___','Caja x frascos/viales o jeringuillas prellenadas'),('J07AM01SUY007','Toxoide tetánico','Suspensión inyectable','> 40 UI/0,5 mL.','Caja x jeringas prellenadas de 0,5 mL, Caja x frascos/viales de 0,5 mL'),('N02AX02SOL112','Tramadol','Solución oral','100 mg/mL','Caja x 1 frasco'),('N02AX02TAR329','Tramadol','Tableta recubierta','50 mg','Caja x blísteres'),('N02AX02TAL329','Tramadol','Tableta de liberación prolongada','50 mg','Caja x blísteres'),('N02AX02CAP329','Tramadol','Cápsula','50 mg','Caja x blísteres'),('N02AX02SOY334','Tramadol','Solución inyectable','50 mg/mL','Caja x ampollas de 1mL ó 2 mL.'),('L01XC03POI306','Trastuzumab','Polvo para inyección','440 mg','Caja x 1 vial + disolvente ampolla de 20 mL.'),('L02AE04451','Triptorelina','Polvo para inyección','3,75 mg','Caja x 1 vial + disolvente x 2 mL'),('D03AX12EMU429','Trolamina','Emulsión','0,67 g/100 g','Caja x 1 tubo'),('S01FA06SOF066','Tropicamida','Solución oftálmica','1.00%','Caja x 1 frasco gotero de 15 mL'),('D02AE01CRE310','Urea','Crema','5.00%','Caja x 1 tubo.'),('D02AE01CRE088','Urea','Crema','10.00%','Caja x tubo de 10 g o más'),('D02AE01LOC088','Urea','Loción','10.00%','Caja x 1 frasco de 125 mL.'),('D02AE01LOC310','Urea','Loción','5.00%','Caja x 1 frasco de 125 mL.'),('J07BL01POI000','Vacuna antiamarílica','Polvo para inyección','___','Caja x viales + jeringas prellenadas de 0,5 mL'),('J07BC01SUY000','Vacuna antihepatitis B','Suspensión inyectable','___','Caja x frascos/ampollas de 0.5 ml ó 1mL'),('J07AL02SUY000','Vacuna antineumococo (Polisacárido conjugado)','Suspensión inyectable','___','Caja x jeringuilla prellenada.'),('J07AL02SOY000','Vacuna antineumococo (Polisacárido conjugado)','Solución inyectable','___','Caja x frascos/viales de 0,5 mL'),('J07BF02SUS000','Vacuna antipoliomielítica','Suspensión','___','Caja x frascos de 10 mL'),('J07BH01SUS000','Vacuna Antirotavirus','Suspensión','___','Caja x frascos goteros de dosis única de 2 mL.'),('J07BG01POI000','Vacuna antirrábica','Polvo para inyección','___','Caja x frascos/viales + jeringas prellenadas de 0,5 mL.'),('J07BK02POI000','Vacuna Antivaricela zóster (virus atenuado)','Polvo para inyección','___','Caja x frascos/viales + diluyentes'),('J07AN01POI000','Vacuna BCG','Polvo para inyección','___','Caja x viales/frascos con o sin diluyente'),('J07BD52POI000','Vacuna triple viral (Parotiditis-Sarampión-Rubéola)','Polvo para inyección','___','Caja x viales + ampollas de diluyente de 0,5 mL'),('J05AB14TAB309','Valganciclovir','Tableta','450 mg','Caja x frascos'),('J05AB14TAR309','Valganciclovir','Tableta recubierta','450 mg','Caja x frascos'),('J01XA01POI339','Vancomicina','Polvo para inyección','500 mg','Caja x viales/frascos'),('J01XA01POI121','Vancomicina','Polvo para inyección','1 000 mg','Caja x viales/frascos'),('L01CA01SOY081','Vinblastina','Solución inyectable','1 mg/mL','Caja x frascos/viales de 10 mL'),('L01CA02SOY081','Vincristina','Solución inyectable','1 mg/mL','Caja x viales/frascos.'),('L01CA02POI073','Vincristina','Polvo para inyección','1 mg','Caja x frascos/viales'),('J02AC03POI205','Voriconazol','Polvo para inyección','200 mg','Caja x frascos/viales con o sin diluyente'),('J02AC03TAR205','Voriconazol','Tableta recubierta','200 mg','Caja x blísteres'),('B01AA03TAB314','Warfarina','Tableta','5 mg','Caja x blísteres'),('J05AF01TAR265','Zidovudina','Tableta recubierta','300 mg','Caja x 1 frasco de 60 ó 100 unidades.'),('J05AF01CAP105','Zidovudina','Cápsula','100 mg','Caja x frascos'),('J05AF01SOL333','Zidovudina','Solución oral','50 mg/5 mL','Caja x 1 frasco de 100 mL.'),('J05AF01SOS097','Zidovudina','Solución para infusión','10 mg/mL','Caja x frascos/viales de 20 mL'),('J05AR01TAR266','Zidovudina + Lamivudina','Tableta recubierta','300 mg + 150 mg','Caja x frasco'),('J05AR05TAR409','Zidovudina + Lamivudina + Nevirapina','Tableta recubierta','Zidovudina + Lamivudina + Nevirapina','Caja x  frasco'),('P01AB01TAR339','Metronidazol','Tableta recubierta','500 mg','Caja x blísteres, Caja x tabletas.'),('J01FA10CAP232','Azitromicina','Cápsula','250 mg','Caja x blísteres'),('L04AC02POI091','Basiliximab','Polvo para inyección','10 mg','Caja x vial + disolvente'),('L01XX09CAP091','Miltefosina','Cápsula','10 mg','Caja x blísteres.'),('L01XX09CAP329','Miltefosina','Cápsula','50 mg','Caja x blísteres.'),('N02AA01SOY200','Morfina','Solución inyectable','20 mg/mL','Caja x 10 ó 100 ampollas'),('P01CA02TAB105','Benznidazol','Tableta','100 mg','Caja x blísteres'),('N02AA01TAB091','Morfina','Tableta','10 mg','Caja x blísteres/ristras'),('N02AA01SOL183','Morfina','Solución oral','2 mg/mL','Caja x frasco'),('D07AC01LOC024','Betametasona','Loción','0,001','Caja x frasco de 30 ó 60 mL'),('N04AA02TAB286','Biperideno','Tableta','4 mg','Caja x blísteres'),('J01XE01CLP105','Nitrofurantoína','Cápsula de liberación prolongada','100 mg','Caja x blísteres.'),('A02BC01POS095','Omeprazol','Polvo para suspensión','10 mg/5 mL','Caja x sobres'),('H01CB02POI255','Octreotida','Polvo para inyección','30 mg','Caja x vial/frasco + diluyente, Caja x frasco/vial'),('L01XA03SOS320','Oxaliplatino','Solución para infusión','5 mg/mL','Caja x viales de 10 mL ó 20 mL'),('N02AA05TAB314','Oxicodona','Tableta','5 mg','Caja x frasco, Caja x blíster/ristras'),('A07BA01POL000','Carbón activado','Polvo','___','Frasco de 50 g, Frasco de 25 g'),('C07AG02TAR222','Carvedilol','Tableta recubierta','25 mg','Caja x blísteres'),('N02BE01SOL135','Paracetamol','Solución oral','120 mg/mL','Caja x 1 frasco de 60 mL, Frasco de 60 mL.'),('N02BE01JBE159','Paracetamol','Jarabe','150 mg/5 mL','Caja x 1 frasco de 60 mL o más'),('N02BE01SUP265','Paracetamol','Supositorio','300 mg','Caja x 1, 2, 3, 4, 5, 10, ó 20 ristras de 5 unidades cada una, Caja x ristra de 2 unidades.'),('N02BE01SOS097','Paracetamol','Solución para infusión','10 mg/mL','Caja x frascos/viales de 50 mL o 100 mL'),('D10AE01GEL310','Peróxido de benzoilo','Gel','5.00%','Caja x 1 tubo de 40 o más'),('D10AE01GEL088','Peróxido de benzoilo','Gel','10.00%','Caja x 1 tubo de 40 o más'),('A11HA02TAB105','Piridoxina (Vitamina B6)','Tableta','100 mg','Frasco'),('A11HA02SOY160','Piridoxina (Vitamina B6)','Solución inyectable','150 mg/mL','Caja x frasco/vial.'),('L04AD01SOY334','Ciclosporina','Solución inyectable','50 mg/mL.','Caja x ampollas de 5 mL'),('V03AB04SOY334','Pralidoxima','Solución inyectable','50 mg/mL','Caja x ampollas'),('P02BA01TAB365','Praziquantel','Tableta','600 mg','Caja x blísteres'),('H02AB06TAB194','Prednisolona','Tableta','20 mg','Caja x 3 blísteres de 10 unidades cada uno.'),('L01XA01POI329','Cisplatino','Polvo para inyección','50 mg','Caja x viales'),('N01AX10EMI200','Propofol','Emulsión inyectable','20 mg/mL','Caja x viales/frascos.'),('C07AA05SOY081','Propranolol','Solución inyectable','1 mg/mL','Caja x ampolla'),('N05AH04TAR265','Quetiapina','Tableta recubierta','300 mg','Caja x blísteres'),('P01BC01SOY273','Quinina','Solución inyectable','300 mg/mL','Caja x ampollas'),('S01AA01SOF404','Cloranfenicol','Solución oftálmica','0,0025','Caja x frasco gotero de 5 mL'),('P01BA01SOY294','Cloroquina','Solución inyectable','40 mg/mL','Caja x ampollas'),('J04AM02TAR155','Rifampicina + Isoniazida','Tableta recubierta','150 mg + 75 mg','Caja x blísteres'),('J04AM02TAB153','Rifampicina + Isoniazida','Tableta','150 mg + 150 mg','Caja x blíster/blísteres.'),('J04AM05GRA154','Rifampicina+ Pirazinamida+Isoniazida','Gragea','150 mg + 400 mg + 75 mg','Caja x blísteres.'),('J04AM05GRA133','Rifampicina+ Pirazinamida+Isoniazida','Gragea','120 mg + 300 mg + 60 mg','Caja x blísteres.'),('N05AX08TAB178','Risperidona','Tableta','2 mg','Caja x blísteres'),('B03AD00TAB361','Sales de Hierro + Ácido Fólico','Tableta','60 mg + 400 mcg','Caja x blísteres'),('J05AE01TAR205','Saquinavir','Tableta recubierta','200 mg','Caja x frasco'),('N06AB06TAR329','Sertralina','Tableta recubierta','50 mg','Caja x blísteres, ristra'),('N06AB06TAR105','Sertralina','Tableta recubierta','100 mg','Caja x blísteres/ristras'),('A07EC01TAR339','Sulfasalazina','Tableta recubierta','500 mg','Frasco'),('N03AX12TAR265','Gabapentina','Tableta recubierta','300 mg','Caja x blíster/blísteres'),('L01AX04POI105','Dacarbazina','Polvo para inyección','100 mg','Caja x vial/viales'),('J04BA02TAB105','Dapsona','Tableta','100 mg','Caja x blísteres'),('L01DB02POI194','Daunorubicina','Polvo inyectable','20 mg','Caja x vial'),('H02AB02TAB286','Dexametasona','Tableta','4 mg','Caja x blíster/blísteres'),('H02AB02TAB383','Dexametasona','Tableta','8 mg','Caja x blíster/blísteres'),('N05BA01JBE182','Diazepam','Jarabe','2 mg/5 mL','Caja x frasco'),('J06AA01SOY101','Antitoxina difterica','Suspensión inyectable','10 000 UI','Caja x vial/viales'),('L04AX02TAR105','Talidomida','Tableta recubierta','100 mg','Caja x blísteres'),('D01BA02TAR232','Terbinafina','Tableta recubierta','250 mg','Caja x blísteres'),('C01DA08TAS314','Dinitrato de isosorbida','Tableta sublingual','5 mg','Caja x blíster/blísteres'),('G03AC03TAR254','Levonorgestrel','Tableta recubierta','0,030 mg','Caja x blísteres'),('C02CA04TAR286','Doxazocina','Tableta recubierta','4 mg','Caja x blísteres'),('J05AG03SOL260','Efavirenz','Solución oral','30 mg/mL','Caja x frasco'),('R03AA01SOI455','Epinefrina (adrenalina) racémica','Solución inhalatoria','22,5 mg/mL(2.25 %)','Caja x ampolla/ampollas'),('B03XA01SOY101','Eritropoyetina','Solución inyectable','10 000 UI','Caja x jeringa precargada de 1 mL'),('J01FA02TAR274','Espiramicina','Tableta recubierta','3 000 000 UI','Caja x blísteres'),('J07BC02SUY000','Vacuna antihepatitis A','Suspensión inyectable','___','Caja x jeringa de 0,5 mL, Caja x vial de 0,5 mL.'),('C03DA01TAR105','Espironolactona','Tableta recubierta','100 mg','Caja x blísteres'),('J04AM03TAB297','Etambutol + Isoniazida','Tableta','400 mg + 150 mg','Caja  blíster o blísteres/ristra ó ristras'),('J07AH10SUY000','Vacuna antimeningococo (B + C)','Suspensión inyectable','___','Caja x frascos/viales de 0,5 mL.'),('J04AD03TAB339','Etionamida','Tableta','500 mg','Caja x blíster/ristra'),('L01CB01CAP329','Etopósido','Cápsula','50 mg','Caja x blíster/ristra'),('L02BG06TAR222','Exemestano','Tableta recubierta','25 mg','Caja x blísteres'),('J07CA11SUY000','Vacuna pentavalente viral (Difteria -haemophilus influenzae B -pertussis -tétanos -hepatitis B)','Suspensión inyectable','___','Caja x frascos/viales o jeringuillas prellenadas'),('B02BD04POI137','Factor IX de la Coagulación','Polvo para inyección','1 200 UI','Caja x vial + disolvente'),('B02BD02POI163','Factor VIII de la coagulación','Polvo para inyección','1 500 UI','Caja x vial'),('N03AA02SOL199','Fenobarbital','Solución oral','20 mg/5 mL','Caja x frasco de 60 ó 120 mL'),('B01AA03TAR314','Warfarina','Tableta recubierta','5 mg','Caja x blísteres'),('J02AC01TAR158','Fluconazol','Tableta recubierta','150 mg','Caja x blíster/blisters'),('J05AF01CAP265','Zidovudina','Cápsula','300 mg','Caja x blísteres'),('L02BB01TAB141','Flutamida','Tableta','125 mg','Caja x blíster/blísteres.'),('L02BB01TAB232','Flutamida','Tableta','250 mg','Caja x blíster/blísteres.'),('J05AR01TAB266','Zidovudina + Lamivudina','Tableta','300 mg + 150 mg','Caja x blísteres'),('A10BB01TAR314','Glibenclamida','Tableta recubierta','5 mg','Caja x blíster/ blísteres'),('D01BA01TAB141','Griseofulvina','Tableta','125 mg','Caja x blíster/blísteres'),('D01BA01TAB232','Griseofulvina','Tableta','250 mg','Caja x blíster/blísteres'),('N05AD01TAR314','Haloperidol','Tableta recubierta','5 mg','Caja x blíster/blísteres'),('N05AD01TAB091','Haloperidol','Tableta','10 mg','Caja x blíster/blísteres'),('J05AF06TAB265','Abacavir','Tableta','300 mg','Caja x frascos/envases, Caja x blísteres'),('J05AF06SOL097','Abacavir','Solución oral','10 mg/mL','Caja x frasco'),('B02AA02TAB339','Ácido tranexámico','Tableta','500 mg','Caja x blísteres'),('V03AB33SOY081','Hidroxocobalamina (Vitamina B 12)','Solución inyectable','1 mg/mL','Frasco/vial x 10 mL'),('L04AX01TAR329','Azatioprina','Tableta recubierta','50 mg','Caja x blísteres'),('C08CA01TAR314','Amlodipina','Tableta recubierta','5 mg','Caja x blísteres'),('C08CA01TAR091','Amlodipina','Tableta recubierta','10 mg','Caja x blísteres'),('C07AB03TAR329','Atenolol','Tableta recubierta','50 mg','Caja x blísteres'),('C07AB03TAR105','Atenolol','Tableta recubierta','100 mg','Caja x blísteres'),('J06BB05SOY479','Inmunoglobulina antirrábica','Solución inyectable','300 UI/mL','Caja x frasco/vial'),('J01FA10TAB339','Azitromicina','Tableta','500 mg','Caja x blísteres'),('J01MA02TAB339','Ciprofloxacina','Tableta','500 mg','Caja x blísteres/ristras'),('J06BB02SOY422','Inmunoglobulina antitetánica','Solución inyectable','200 UI','Caja x jeringa prellenada'),('L04AA04SOY334','Inmunoglobulina antitimocítica o lonfocítica','Solución inyectable','50 mg/mL','Caja x ampolla/ampollas.'),('N04AA02TAR286','Biperideno','Tableta recubierta','4 mg','Caja x blísteres'),('A12AA04TAR339','Calcio (Carbonato de Calcio)','Tableta recubierta','500 mg','Caja x blísteres'),('J05AF05TAB158','Lamivudina','Tableta','150 mg','Caja x blísteres/Caja x frasco.'),('N04BA02TAU109','Levodopa + Carbidopa','Tableta de disolución bucal','100 mg + 10 mg','Caja x frasco'),('G03AC03TAR054','Levonorgestrel','Tableta recubierta','0,75 mg','Caja x blíster'),('G03AC03TAB083','Levonorgestrel','Tableta','1,5 mg','Caja x blísteres'),('L01BC06TAB339','Capecitabina','Tableta','500 mg','Caja x blísteres'),('D04AB01PAS310','Lidocaína','Pasta','5.00%','Caja x frasco de 12 g'),('J01DH51POF343','Imipenem + cilastatina','Polvo para infusión','500 mg + 500 mg','Caja x frascos/viales'),('L03AB05POI275','Interferón alfa 2b','Polvo para inyección','30 000 000 UI','Caja x viales/frasco'),('S01XA20GEF085','Lágrimas artificiales y otros preparados inertes','Gel oftálmico','1,5 mg/mL','Caja x tubo de 5 g'),('J01MA12TAB232','Levofloxacino','Tableta','250 mg','Caja x blísteres'),('D04AB01POM310','Lidocaína','Pomada','5.00%','Caja x tubo de 10 gramos'),('A10BA02TAL339','Metformina','Tableta de liberación prolongada','500 mg','Caja x blísteres'),('A10BA02TAL397','Metformina','Tableta de liberación prolongada','850 mg','Caja x blísteres'),('N03AE01TAD048','Clonazepam','Tableta dispersable','0,5 mg','Caja x blísteres'),('N03AE01TAD178','Clonazepam','Tableta dispersable','2 mg','Caja x blísteres'),('J05AG03TAR365','Efavirenz','Tableta recubierta','600 mg','Caja x frasco, Caja x blísteres'),('J05AG03TAB365','Efavirenz','Tableta','600 mg','Caja x frasco, Caja x blísteres'),('G01AF01TAV121','Metronidazol','Tableta vaginal','1 000 mg','Caja x blísteres'),('A11JA01POI000','Combinaciones de vitaminas','Polvo para inyección','___','Caja x vial/viales'),('A02BC01CLP194','Omeprazol','Cápsula de liberación prolongada','20 mg','Caja x ristras'),('A02BC01POF290','Omeprazol','Polvo para infusión','40 mg','Caja x viales'),('H02AB07TAB314','Prednisona','Tableta','5 mg','Caja x blísteres'),('R06AA02CAP329','Difenhidramina','Cápsula','50 mg','Caja x blísteres'),('A11CA01GRA336','Retinol (Vitamina A)','Gragea','50 000 UI','Caja x blísteres'),('J04AM02TAB266','Rifampicina + Isoniazida','Tableta','300 mg + 150 mg','Caja x blísteres'),('J04AM02TAB155','Rifampicina + Isoniazida','Tableta','150 mg + 75 mg','Caja x blísteres'),('J04AM05TAB133','Rifampicina+ Pirazinamida+Isoniazida','Tableta','120 mg + 300 mg + 60 mg','Caja x blísteres.'),('J04AM05TAB154','Rifampicina+ Pirazinamida+Isoniazida','Tableta','150 mg + 400 mg + 75 mg','Caja x blíster/blísteres.'),('B03AD00TAM361','Sales de Hierro + Ácido Fólico','Tableta masticable','60 mg + 400 mcg','Caja x blísteres'),('J05AE01CAP205','Saquinavir','Cápsula','200 mg','Caja x blísteres'),('N06AB06CAP105','Sertralina','Cápsula','100 mg','Caja x blísteres.'),('P01AB02TAV158','Tinidazol','Tableta vaginal','150 mg','Caja x blísteres'),('J05AR05TAB409','Zidovudina + Lamivudina + Nevirapina','Tableta','300 mg + 150 mg + 200 mg','Caja x  frasco de 60 unidades, Caja x blíster/blísteres'),('G03CA03TAR073','Estradiol','Tableta recubierta','1 mg','Caja x blíster'),('L04AB01SOY222','Etanercept','Solución inyectable','25 mg','Caja x jeringas de 1 mL'),('B03AA07TAB329','Sales de hierro (Sulfato ferroso)','Tableta','50 mg','Frasco/Blíster/Ristra'),('B03AA07JBE333','Sales de hierro (Sulfato ferroso)','Jarabe','50 mg/5 mL','Frasco x 340 mL'),('N03AX12CAP265','Gabapentina','Cápsula','300 mg','Caja x ristra/ ristras'),('G03AC03TAB254','Levonorgestrel','Tableta','0,030 mg','Caja x blísteres'),('A11DA01TAB329','Tiamina (Vitamina B1)','Tableta','50 mg','Caja x blísteres'),('J01XE01TAB105','Nitrofurantoína','Tableta','100 mg','Caja x blísteres'),('N02AA05CLP314','Oxicodona','Cápsula de liberación prolongada','5 mg','Caja x blísteres'),('J01CR01TAB2825','Ampicilina + sulbactam (sultamicilina)','Tableta','375 mg','Caja x 1 blíster/blísteres'),('A02BA02GRA158','Ranitidina','Gragea','150 mg','Caja x ristras'),('S01HA03SOF044','Anestésico local oftálmico','Solución oftálmica','0,005','Caja x frasco gotero de 10 mL'),('S01HA04SOF044','Anestésico local oftálmico','Solución oftálmica','0,005','Caja x frasco gotero de 15 mL'),('R05DA04TAB255','Codeína','Tableta','30 mg','Caja x blísteres/ristras'),('J05AG03TAB205','Efavirenz','Tableta','200 mg','Caja x frasco. Caja x blíster/blísteres.'),('J05AF01TAB105','Zidovudina','Tableta','100 mg','Caja x frascos'),('J05AF01TAR265','Zidovudina','Tableta recubierta','100 mg','Caja x frascos'),('J05AR03TAB267','Tenofovir + Emtricitabina','Tableta','300 mg + 200 mg','Caja x 1 frasco'),('J05AF07TAB265','Tenofovir disoproxilo','Tableta','300 mg','Caja x 1 frasco'),('J05AF01TAB265','Zidovudina','Tableta','300 mg','Frasco'),('J07BG01SUY000','Vacuna antirrábica','Suspensión inyectable','___','Caja x frascos/viales, Caja x jeringuillas prellenadas'),('J07AH10POI000','Vacuna antimeningococo (B + C)','Polvo para inyección','___','Caja x frascos/viales'),('G03FA12TAR186','Medroxiprogesterona + estrógenos equinos conjugados','Tableta recubierta','2,5 mg + 0,625 mg','Caja x blísteres'),('N05AA02TAB222','Levomepromazina','Tableta','25 mg','Caja x blísteres'),('J06BB05SOY163','Inmunoglobulina antirrábica','Solución inyectable','1 500 UI/mL','Caja x frasco/vial.'),('J06BB01POI230','Inmunoglobulina anti D','Polvo para inyección','250 mcg','Caja x vial/frasco'),('N03AX12TAB265','Gabapentina','Tableta','300 mg','Caja x blíster/blísteres, Caja x ristra/ristras.'),('J04AD03TAB232','Etionamida','Tableta','250 mg','Caja x ristra/ristras'),('D08AC52SOT185','Clorhexidina','Solución tópica','2.00%','Frasco x 60, 120, 250, 300, 500, 1000, 3785 mL'),('R06AA02JBE132','Difenhidramina','Jarabe','12,5 mg/5 mL','Caja x frasco de 60mL, 100 mL ó 120 mL'),('H02AB09TAB194','Hidrocortisona','Tableta','20 mg','Caja x blíster/blísteres, Caja x ristra/ristras.'),('C02KX01TAR449','Bosentano','Tableta recubierta','62,5 mg','Caja x Frasco de 60 unidades.'),('C02KX01TAR141','Bosentano','Tableta recubierta','125 mg','Caja x Frasco de 60 unidades.'),('A16AB02POF302','Imiglucerasa','Polvo para infusión','400 UI','Caja x 1 vial, Caja x 5 viales.'),('N03AX14TAB339','Levetiracetam','Tableta','500 mg','Caja x 2,4,6,8 y 10 blísteres de 5 unidades c/u, Caja x 1,3 y 5 blísteres de 10 unidades c/u.'),('N03AX14TAR339','Levetiracetam','Tableta recubierta','500 mg','Caja x blíster/blísteres.'),('N03AX14TAB067','Levetiracetam','Tableta','1 000 mg','Caja x 1,2,4,6,8 y 10 blíster de 5 uniades c/u, Caja x 1, 3 y 5 blísteres de 10 unidades cada uno.'),('N03AX14TAR067','Levetiracetam','Tableta recubierta','1 000 mg','Caja x 1, 2, 3 y 6 blísteres de 10 unidades cada uno.'),('N03AX14SOL112','Levetiracetam','Solución oral','100 mg/mL','Caja x Frasco de 120 mL, Caja x Frasco de 150 mL, Caja x Frasco x 300 mL.'),('B03AD04TAB361','Hierro (óxido de hierro polimaltosado) + ácido fólico','Tableta','60 mg + 400 mcg','Caja x blíster o blísteres de 10 unidades cada uno.'),('S01LA04SOY097','Ranibizumab','Solución inyectable','10 mg/mL','Caja x vial de 0,3 mL'),('L01XE08CAP158','Nilotinib','Cápsula','150 mg','Caja x 7 blísteres de 4 unidades cada uno.'),('L01XE08CAP205','Nilotinib','Cápsula','200 mg','Caja x 1, 2 blísteres de 14 unidades cada uno.'),('L04AD02CAP048','Tacrolimo','Cápsula','0,5 mg','Caja x blíster/blísteres'),('L04AD02CAP073','Tacrolimo','Cápsula','1 mg','Caja x 1, 2, 3, 4, ,6, 7, 8, 10 blísteres de 6 cápsulas cada uno.'),('L04AD02CAP314','Tacrolimo','Cápsula','5 mg','Caja x blíster/blísteres de 6 cápsulas cada uno.'),('L04AD02POS081','Tacrolimo','Polvo para suspensión','1 mg/mL','Caja x frasco de 25 mL +  dosificador.'),('A16AX06CAP105','Miglustad','Cápsula','100 mg','Caja x blíster/blísteres'),('A16AB04POF2795','Agalsidasa beta','Polvo para infusión','35 mg','Caja x víal.'),('L01XX32POI250','Bortezomib','Polvo para inyección','3,5 mg','Caja x 1, 25 víales/frasco.'),('N05BA09TAB091','Clobazam','Tableta','10 mg','Caja x blíster de 20 unidades cada uno.'),('L01CA04SOY097','Vinorelbina','Solución inyectable','10 mg/mL','Caja x vial/frasco de 1 mL, Caja x vial/frasco de 5 mL'),('V06DX00POL000','Fórmula excenta de lisina y baja en triptófano','Polvo','___','Envase x 500 g'),('V06DF00POL000','Fórmula hidrolizada libre de áminoácidos y proteínas','Polvo','___','Envase x 454 g'),('G04BE03TAB329','Sildenafil','Tableta','50 mg','Caja x blíster/blísteres.'),('G04BE03TAR329','Sildenafil','Tableta recubierta','50 mg','Caja x blíster/blísteres.'),('D07AB09SUY097','Triamcinolona','Solución inyectable','10 mg/mL','Caja x vial/frasco de 5 mL'),('L04AC07SCI200','Tocilizumab','Concentrado para  infusión','20 mg/mL','Caja x vial/frasco de 4 mL, Caja x vial/frasco de 10 mL'),('R03AC18POH034','Indacaterol','Polvo para inhalación en cápsula','150 mcg','Caja x 3 blísteres de 10 cápsulas cada una + inhalador.'),('R03AC18POH262','Indacaterol','Polvo para inhalación en cápsula','300 mcg','Caja x 3 blísteres de 10 cápsulas cada una + inhalador.'),('H01AC01POI622','Somatotropina','Polvo para inyección','5,3 mg','Caja x cartucho de doble compartimiento.'),('V03AF02POI339','Dexrazoxano','Polvo para inyección','500 mg','Caja x frasco/vial.'),('L04AA27CAP048','Fingolimod','Cápsula','0,5 mg','Caja x 2 blísteres de 14 unidades cada uno.'),('L01XE03TAR158','Erlotinib','Tableta recubierta','150 mg','Caja x 3 blísteres de 10 unidades cada uno.'),('A06AB06TAB624','Glicósidos del senna','Tableta','8,6 mg','Caja x 3, 5, 10 blísteres de 10 unidades cada uno.'),('A06AB06TAR624','Glicósidos del senna','Tableta recubierta','8,6 mg','Caja x 2, 3, 5, 10 blísteres de 10 unidades cada uno.'),('R03BA05SUH016','Fluticasona','Suspensión para inhalación','50 mcg','Caja x envase/frasco de 120 dosis.'),('R03BA05SUH032','Fluticasona','Suspensión para inhalación','125 mcg','Caja x envase/frasco de 120 dosis, Caja x envase/frasco de 200 dosis.'),('R03BA05SUH230','Fluticasona','Suspensión para inhalación','250 mcg','Caja x envase/frasco de 120 dosis.'),('J01CR04TAR381','Ampicilina + sulbactam (sultamicilina)','Tableta recubierta','750 mg','Caja x blíster/blísteres, Caja x ristra/ristras.'),('B01AD02POI329','Alteplasa','Polvo para inyección','50 mg','Caja x frasco'),('B05XA06SOY632','Fosfato de Potasio','Solución inyectable','Fosfato: 2,6 mMol/mLPotasio:3,8mEq/mL','Caja x ampolla/ampollas de 10 mL cada una.'),('L04AB01POI222','Etanercept','Polvo para inyección','25 mg','Caja x frasco/vial.'),('J06BA02POF000','Inmunoglobulina humana normal','Polvo para infusión','25 mg','Caja x frasco/vial.'),('J06BA01SOY112','Inmunoglobulina humana normal','Solución inyectable','100 mg/mL','Caja x frasco/vial de 20 mL.'),('J06BA01SOY211','Inmunoglobulina humana normal','Solución inyectable','200 mg/mL','Caja x frasco/vial de 50 mL.'),('L01XX14CAP091','Ácido trans-retinoico (ATRA)','Cápsula','10 mg','Caja x frasco, Caja x blíster/blísteres'),('L01XX27SCI081','Trióxido de arsénico','Solución concentrada para perfusión','1 mg/mL','Caja x frasco/víal de 10 mL'),('G03AC08IMP373','Etonogestrel','Implante subdérmico','68 mg','Caja x 1 aplicador con implante'),('J05AB06POI339','Ganciclovir','Polvo para inyección','500 mg','Caja x frasco/víal'),('L04AB04SOY290','Adalimumab','Solución inyectable','40 mg','Caja x jeringuilla prellenada de 0,8 mL'),('L02AE04POI252','Triptorelina','Polvo para inyección','3,5 mg','Caja x frasco/víal'),('L04AA04POI222','Inmunoglobulina antitimocítica (conejo)','Polvo para inyección','25 mg','Caja x frasco/víal'),('N03AB02CLP105','Fenitoína','Cápsula de liberación prolongada','100 mg','Caja x 1 frasco de 100 unidades.'),('J06AA03POI604','Suero antiofídico polivalente (faboterápico)','Liofilizado para solución inyectable.','30 mg de veneno deshidratado de Bothrops sp.,','___'),('J05AE03TAR105','Ritonavir','Tableta recubierta','100 mg','Caja x frasco de 30 unidades'),('J06BA02POF684','Inmunoglobulina Humana Normal para administración Extravascular','Polvo liofilizado para reconstituir en solución para infusión.','100 mg/mL','200 mg/mL'),('J06BA02POI683','Inmunoglobulina humana normal','Polvo para inyección','6 g','Caja x frasco + solvente'),('R07AA02SUT691','Fosfolípidos naturales (Surfactante pulmonar)','Suspensión estéril intratraqueal','27 mg/ mL','Caja x frasco'),('H01AC01POI383','Somatotropina','Polvo para inyección','8 mg','Caja x cartucho de doble compartimiento.'),('V03AB35SOY112','Sugammadex','Solución Inyectable','100 mg/mL','Caja x víal.'),('A12CB01SOL097','Sulfato de Zinc','Solución Oral','10 mg/mL','Caja x frasco'),('R03AK06SUH573','Salmeterol + Fluticasona','Suspensión para inhalación','25 mcg + 125 mcg','Caja x frasco'),('R03AK06SUH715','Salmeterol + Fluticasona','Suspensión para inhalación','25 mcg + 250 mcg','Caja x frasco'),('G03CA03PAT713','Estradiol','Parches Transdérmicos','3,9 mg','Caja x Parches'),('V08BA01POS000XO','Sulfato de Bario, Medios de contraste para rayos x, con agentes de suspensión','Polvo para suspensión','Según lo declarado en registro sanitario','Caja x sobres'),('V08BA02POS000XO','Sulfato de Bario, Medios de contraste para rayos x, sin agentes de suspensión','Polvo para suspensión','Según lo declarado en registro sanitario','Caja x sobres'),('V08BA01POS000XO','Sulfato de Bario, Medios de contraste para rayos x, con agentes de suspensión','Polvo para suspensión','Según lo declarado en registro sanitario','Caja x sobres'),('V08BA02POS000XO','Sulfato de Bario, Medios de contraste para rayos x, sin agentes de suspensión','Polvo para suspensión','Según lo declarado en registro sanitario','Caja x sobres'),('V08BA01SUS000XO','Sulfato de Bario, Medios de contraste para rayos x, sin agentes de suspensión','Suspensión oral','Según lo declarado en registro sanitario','caja x frasco'),('V08BA01SUS000XO','Sulfato de Bario, Medios de contraste para rayos x, sin agentes de suspensión','Suspensión Rectal','Según lo declarado en registro sanitario','caja x frasco'),('D08AX08SOL','Alcohol antiséptico','Solución','Según lo declarado en registro sanitario','caja x frasco'),('D08AX01SOL','Agua Oxigenada','Solución','Según lo declarado en registro sanitario','caja x frasco'),('D08AC02SOL','Gluconato de Clorhexidina','Solución','Según lo declarado en registro sanitario','caja x frasco'),('R07AA02SUT210','Fosfolípidos naturales (Surfactante pulmonar)','Suspensión intratraqueal','200 mg/8 mL','Caja x vial de 8 mL');

/*Table structure for table `pr_articulo` */

DROP TABLE IF EXISTS `pr_articulo`;

CREATE TABLE `pr_articulo` (
  `id_articulo` bigint(20) NOT NULL AUTO_INCREMENT,
  `id_grupo` bigint(20) NOT NULL,
  `id_subgrupo` bigint(20) NOT NULL,
  `nombre_articulo` varchar(120) DEFAULT NULL,
  `estado` char(2) DEFAULT NULL,
  `usuario_creacion` varchar(20) DEFAULT NULL,
  `fecha_creacion` datetime DEFAULT NULL,
  `usuario_actualizacion` varchar(20) DEFAULT NULL,
  `fecha_actualizacion` datetime DEFAULT NULL,
  PRIMARY KEY (`id_articulo`,`id_grupo`,`id_subgrupo`),
  KEY `fk_gru_sub_articulo$1` (`id_grupo`,`id_subgrupo`),
  CONSTRAINT `fk_gru_sub_articulo$1` FOREIGN KEY (`id_grupo`, `id_subgrupo`) REFERENCES `pr_subgrupos` (`id_grupo`, `id_subgrupo`) ON DELETE NO ACTION ON UPDATE NO ACTION
) ENGINE=InnoDB AUTO_INCREMENT=762 DEFAULT CHARSET=utf8;

/*Data for the table `pr_articulo` */

insert  into `pr_articulo`(`id_articulo`,`id_grupo`,`id_subgrupo`,`nombre_articulo`,`estado`,`usuario_creacion`,`fecha_creacion`,`usuario_actualizacion`,`fecha_actualizacion`) values (1,2,2,'GASEOSAS','A',NULL,NULL,NULL,NULL),(2,3,19,'Abacavir','A','admin','2019-11-01 21:00:18',NULL,NULL),(3,3,20,'Acetazolamida','A','admin','2019-11-01 21:00:18',NULL,NULL),(4,3,21,'Acetilcisteína','A','admin','2019-11-01 21:00:19',NULL,NULL),(5,3,22,'Acetilcisteína','A','admin','2019-11-01 21:00:19',NULL,NULL),(6,3,23,'Aciclovir','A','admin','2019-11-01 21:00:19',NULL,NULL),(7,3,20,'Aciclovir','A','admin','2019-11-01 21:00:19',NULL,NULL),(8,3,24,'Aciclovir','A','admin','2019-11-01 21:00:19',NULL,NULL),(9,3,25,'Aciclovir','A','admin','2019-11-01 21:00:19',NULL,NULL),(10,3,26,'Aciclovir','A','admin','2019-11-01 21:00:19',NULL,NULL),(11,3,27,'Aciclovir','A','admin','2019-11-01 21:00:19',NULL,NULL),(12,3,19,'Aciclovir','A','admin','2019-11-01 21:00:19',NULL,NULL),(13,3,28,'Ácido acetil salicílico','A','admin','2019-11-01 21:00:19',NULL,NULL),(14,3,20,'Ácido acetil salicílico','A','admin','2019-11-01 21:00:19',NULL,NULL),(15,3,19,'Ácido acetil salicílico','A','admin','2019-11-01 21:00:19',NULL,NULL),(16,3,29,'Ácido acetil salicílico','A','admin','2019-11-01 21:00:19',NULL,NULL),(17,3,19,'Ácido alendrónico','A','admin','2019-11-01 21:00:19',NULL,NULL),(18,3,20,'Ácido alendrónico','A','admin','2019-11-01 21:00:19',NULL,NULL),(19,3,21,'Ácido ascórbico (vitamina C)','A','admin','2019-11-01 21:00:19',NULL,NULL),(20,3,20,'Ácido fólico','A','admin','2019-11-01 21:00:19',NULL,NULL),(21,3,30,'Acido fusídico','A','admin','2019-11-01 21:00:19',NULL,NULL),(22,3,31,'Ácido aminosalicílico','A','admin','2019-11-01 21:00:19',NULL,NULL),(23,3,19,'Ácido tranexámico','A','admin','2019-11-01 21:00:19',NULL,NULL),(24,3,21,'Ácido tranexámico','A','admin','2019-11-01 21:00:19',NULL,NULL),(25,3,19,'Ácido valpróico','A','admin','2019-11-01 21:00:19',NULL,NULL),(26,3,32,'Ácido valpróico','A','admin','2019-11-01 21:00:19',NULL,NULL),(27,3,32,'Ácido valpróico (Sal sódica)','A','admin','2019-11-01 21:00:19',NULL,NULL),(28,3,33,'Ácido valpróico (sal sódica)','A','admin','2019-11-01 21:00:19',NULL,NULL),(29,3,24,'Ácido zolendrónico','A','admin','2019-11-01 21:00:20',NULL,NULL),(30,3,24,'Actividad de desvío del Inhibidor del factor VIII','A','admin','2019-11-01 21:00:20',NULL,NULL),(31,3,34,'Adapaleno','A','admin','2019-11-01 21:00:20',NULL,NULL),(32,3,21,'Adenosina','A','admin','2019-11-01 21:00:20',NULL,NULL),(33,3,21,'Agente gelatina','A','admin','2019-11-01 21:00:20',NULL,NULL),(34,3,21,'Agua para inyección','A','admin','2019-11-01 21:00:20',NULL,NULL),(35,3,23,'Albendazol','A','admin','2019-11-01 21:00:20',NULL,NULL),(36,3,29,'Albendazol','A','admin','2019-11-01 21:00:20',NULL,NULL),(37,3,20,'Albendazol','A','admin','2019-11-01 21:00:20',NULL,NULL),(38,3,35,'Alfa dornasa','A','admin','2019-11-01 21:00:20',NULL,NULL),(39,3,20,'Alopurinol','A','admin','2019-11-01 21:00:20',NULL,NULL),(40,3,20,'Alprazolam','A','admin','2019-11-01 21:00:20',NULL,NULL),(41,3,19,'Alprazolam','A','admin','2019-11-01 21:00:20',NULL,NULL),(42,3,36,'Alprazolam','A','admin','2019-11-01 21:00:20',NULL,NULL),(43,3,37,'Alquitrán de hulla','A','admin','2019-11-01 21:00:20',NULL,NULL),(44,3,24,'Amifostina','A','admin','2019-11-01 21:00:20',NULL,NULL),(45,3,38,'Amikacina','A','admin','2019-11-01 21:00:20',NULL,NULL),(46,3,21,'Aminoácidos','A','admin','2019-11-01 21:00:20',NULL,NULL),(47,3,21,'Aminofilina','A','admin','2019-11-01 21:00:20',NULL,NULL),(48,3,19,'Amiodarona','A','admin','2019-11-01 21:00:20',NULL,NULL),(49,3,21,'Amiodarona','A','admin','2019-11-01 21:00:20',NULL,NULL),(50,3,20,'Amiodarona','A','admin','2019-11-01 21:00:20',NULL,NULL),(51,3,20,'Amitriptilina','A','admin','2019-11-01 21:00:20',NULL,NULL),(52,3,19,'Amitriptilina','A','admin','2019-11-01 21:00:20',NULL,NULL),(53,3,20,'Amlodipina','A','admin','2019-11-01 21:00:20',NULL,NULL),(54,3,39,'Amoxicilina','A','admin','2019-11-01 21:00:20',NULL,NULL),(55,3,19,'Amoxicilina','A','admin','2019-11-01 21:00:20',NULL,NULL),(56,3,20,'Amoxicilina','A','admin','2019-11-01 21:00:21',NULL,NULL),(57,3,26,'Amoxicilina','A','admin','2019-11-01 21:00:21',NULL,NULL),(58,3,39,'Amoxicilina + ácido clavulánico','A','admin','2019-11-01 21:00:21',NULL,NULL),(59,3,24,'Amoxicilina + ácido clavulánico','A','admin','2019-11-01 21:00:21',NULL,NULL),(60,3,19,'Amoxicilina + ácido clavulánico','A','admin','2019-11-01 21:00:21',NULL,NULL),(61,3,24,'Ampicilina','A','admin','2019-11-01 21:00:21',NULL,NULL),(62,3,19,'Ampicilina + sulbactam (sultamicilina)','A','admin','2019-11-01 21:00:21',NULL,NULL),(63,3,20,'Ampicilina + sulbactam (sultamicilina)','A','admin','2019-11-01 21:00:21',NULL,NULL),(64,3,24,'Ampicilina + sulbactam (sultamicilina)','A','admin','2019-11-01 21:00:21',NULL,NULL),(65,3,24,'Amfotericina B','A','admin','2019-11-01 21:00:21',NULL,NULL),(66,3,40,'Antitoxina tetánica humana','A','admin','2019-11-01 21:00:21',NULL,NULL),(67,3,20,'Artemeter + Lumefantrina','A','admin','2019-11-01 21:00:21',NULL,NULL),(68,3,24,'Asparaginasa','A','admin','2019-11-01 21:00:21',NULL,NULL),(69,3,26,'Atazanavir','A','admin','2019-11-01 21:00:21',NULL,NULL),(70,3,20,'Atenolol','A','admin','2019-11-01 21:00:21',NULL,NULL),(71,3,21,'Atropina','A','admin','2019-11-01 21:00:21',NULL,NULL),(72,3,41,'Atropina','A','admin','2019-11-01 21:00:21',NULL,NULL),(73,3,24,'Azatioprina','A','admin','2019-11-01 21:00:21',NULL,NULL),(74,3,20,'Azatioprina','A','admin','2019-11-01 21:00:21',NULL,NULL),(75,3,26,'Azitromicina','A','admin','2019-11-01 21:00:21',NULL,NULL),(76,3,19,'Azitromicina','A','admin','2019-11-01 21:00:21',NULL,NULL),(77,3,39,'Azitromicina','A','admin','2019-11-01 21:00:21',NULL,NULL),(78,3,24,'Basiliximab','A','admin','2019-11-01 21:00:21',NULL,NULL),(79,3,42,'Beclometasona','A','admin','2019-11-01 21:00:21',NULL,NULL),(80,3,24,'Bencilpenicilina (Penicilina G cristalina)','A','admin','2019-11-01 21:00:21',NULL,NULL),(81,3,24,'Bencilpenicilina benzatínica (penicilina G benzatínica)','A','admin','2019-11-01 21:00:21',NULL,NULL),(82,3,20,'Benznidazol','A','admin','2019-11-01 21:00:21',NULL,NULL),(83,3,21,'Betametasona','A','admin','2019-11-01 21:00:22',NULL,NULL),(84,3,43,'Betametasona','A','admin','2019-11-01 21:00:22',NULL,NULL),(85,3,44,'Betametasona','A','admin','2019-11-01 21:00:22',NULL,NULL),(86,3,30,'Betametasona','A','admin','2019-11-01 21:00:22',NULL,NULL),(87,3,21,'Bevacizumab','A','admin','2019-11-01 21:00:22',NULL,NULL),(88,3,21,'Biperideno','A','admin','2019-11-01 21:00:22',NULL,NULL),(89,3,20,'Biperideno','A','admin','2019-11-01 21:00:22',NULL,NULL),(90,3,24,'Bleomicina','A','admin','2019-11-01 21:00:22',NULL,NULL),(91,3,21,'Bupivacaína hiperbárica','A','admin','2019-11-01 21:00:22',NULL,NULL),(92,3,21,'Bupivacaína sin epinefrina','A','admin','2019-11-01 21:00:22',NULL,NULL),(93,3,45,'Buprenorfina','A','admin','2019-11-01 21:00:22',NULL,NULL),(94,3,46,'Buprenorfina','A','admin','2019-11-01 21:00:22',NULL,NULL),(95,3,21,'Buprenorfina','A','admin','2019-11-01 21:00:22',NULL,NULL),(96,3,21,'Butilescopolamina','A','admin','2019-11-01 21:00:22',NULL,NULL),(97,3,20,'Cabergolina','A','admin','2019-11-01 21:00:22',NULL,NULL),(98,3,20,'Calcio (Carbonato de Calcio)','A','admin','2019-11-01 21:00:22',NULL,NULL),(99,3,29,'Calcio (Carbonato de Calcio)','A','admin','2019-11-01 21:00:22',NULL,NULL),(100,3,21,'Calcio gluconato','A','admin','2019-11-01 21:00:22',NULL,NULL),(101,3,44,'Calcipotriol + betametasona dipropionato','A','admin','2019-11-01 21:00:22',NULL,NULL),(102,3,26,'Calcitriol','A','admin','2019-11-01 21:00:22',NULL,NULL),(103,3,19,'Capecitabina','A','admin','2019-11-01 21:00:22',NULL,NULL),(104,3,24,'Capreomicina','A','admin','2019-11-01 21:00:23',NULL,NULL),(105,3,36,'Carbamazepina','A','admin','2019-11-01 21:00:23',NULL,NULL),(106,3,23,'Carbamazepina','A','admin','2019-11-01 21:00:23',NULL,NULL),(107,3,20,'Carbamazepina','A','admin','2019-11-01 21:00:23',NULL,NULL),(108,3,19,'Carbamazepina','A','admin','2019-11-01 21:00:23',NULL,NULL),(109,3,24,'Carboplatino','A','admin','2019-11-01 21:00:23',NULL,NULL),(110,3,21,'Carboplatino','A','admin','2019-11-01 21:00:23',NULL,NULL),(111,3,20,'Carvedilol','A','admin','2019-11-01 21:00:23',NULL,NULL),(112,3,24,'Caspofungina','A','admin','2019-11-01 21:00:23',NULL,NULL),(113,3,39,'Cefalexina','A','admin','2019-11-01 21:00:23',NULL,NULL),(114,3,26,'Cefalexina','A','admin','2019-11-01 21:00:23',NULL,NULL),(115,3,24,'Cefazolina','A','admin','2019-11-01 21:00:23',NULL,NULL),(116,3,24,'Cefepima','A','admin','2019-11-01 21:00:23',NULL,NULL),(117,3,24,'Ceftazidima','A','admin','2019-11-01 21:00:23',NULL,NULL),(118,3,24,'Ceftriaxona','A','admin','2019-11-01 21:00:23',NULL,NULL),(119,3,24,'Ciclofosfamida','A','admin','2019-11-01 21:00:23',NULL,NULL),(120,3,20,'Ciclofosfamida','A','admin','2019-11-01 21:00:23',NULL,NULL),(121,3,26,'Cicloserina','A','admin','2019-11-01 21:00:23',NULL,NULL),(122,3,26,'Ciclosporina','A','admin','2019-11-01 21:00:23',NULL,NULL),(123,3,32,'Ciclosporina','A','admin','2019-11-01 21:00:23',NULL,NULL),(124,3,41,'Ciprofloxacina','A','admin','2019-11-01 21:00:23',NULL,NULL),(125,3,36,'Ciprofloxacina','A','admin','2019-11-01 21:00:23',NULL,NULL),(126,3,38,'Ciprofloxacina','A','admin','2019-11-01 21:00:23',NULL,NULL),(127,3,26,'Ciprofloxacina','A','admin','2019-11-01 21:00:23',NULL,NULL),(128,3,19,'Ciprofloxacina','A','admin','2019-11-01 21:00:23',NULL,NULL),(129,3,21,'Cisplatino','A','admin','2019-11-01 21:00:23',NULL,NULL),(130,3,24,'Cisplatino','A','admin','2019-11-01 21:00:24',NULL,NULL),(131,3,24,'Citarabina','A','admin','2019-11-01 21:00:24',NULL,NULL),(132,3,20,'Claritromicina','A','admin','2019-11-01 21:00:24',NULL,NULL),(133,3,39,'Claritromicina','A','admin','2019-11-01 21:00:24',NULL,NULL),(134,3,24,'Claritromicina','A','admin','2019-11-01 21:00:24',NULL,NULL),(135,3,19,'Claritromicina','A','admin','2019-11-01 21:00:24',NULL,NULL),(136,3,26,'Clindamicina','A','admin','2019-11-01 21:00:24',NULL,NULL),(137,3,38,'Clindamicina','A','admin','2019-11-01 21:00:24',NULL,NULL),(138,3,26,'Clofazimina','A','admin','2019-11-01 21:00:24',NULL,NULL),(139,3,20,'Clomifeno','A','admin','2019-11-01 21:00:24',NULL,NULL),(140,3,20,'Clonazepam','A','admin','2019-11-01 21:00:24',NULL,NULL),(141,3,25,'Clonazepam','A','admin','2019-11-01 21:00:24',NULL,NULL),(142,3,32,'Clonazepam','A','admin','2019-11-01 21:00:24',NULL,NULL),(143,3,19,'Clopidogrel','A','admin','2019-11-01 21:00:24',NULL,NULL),(144,3,20,'Clorambucilo','A','admin','2019-11-01 21:00:24',NULL,NULL),(145,3,41,'Cloranfenicol','A','admin','2019-11-01 21:00:24',NULL,NULL),(146,3,27,'Cloranfenicol','A','admin','2019-11-01 21:00:24',NULL,NULL),(147,3,20,'Cloroquina','A','admin','2019-11-01 21:00:24',NULL,NULL),(148,3,20,'Clorpromazina','A','admin','2019-11-01 21:00:24',NULL,NULL),(149,3,19,'Clorpromazina','A','admin','2019-11-01 21:00:24',NULL,NULL),(150,3,21,'Clorpromazina','A','admin','2019-11-01 21:00:24',NULL,NULL),(151,3,20,'Clortalidona','A','admin','2019-11-01 21:00:24',NULL,NULL),(152,3,47,'Clotrimazol','A','admin','2019-11-01 21:00:24',NULL,NULL),(153,3,48,'Clotrimazol','A','admin','2019-11-01 21:00:24',NULL,NULL),(154,3,49,'Clotrimazol','A','admin','2019-11-01 21:00:24',NULL,NULL),(155,3,50,'Clotrimazol','A','admin','2019-11-01 21:00:24',NULL,NULL),(156,3,30,'Clotrimazol','A','admin','2019-11-01 21:00:24',NULL,NULL),(157,3,20,'Codeína','A','admin','2019-11-01 21:00:24',NULL,NULL),(158,3,33,'Codeína','A','admin','2019-11-01 21:00:24',NULL,NULL),(159,3,20,'Colchicina','A','admin','2019-11-01 21:00:24',NULL,NULL),(160,3,24,'Colistina','A','admin','2019-11-01 21:00:24',NULL,NULL),(161,3,51,'Complejo B','A','admin','2019-11-01 21:00:25',NULL,NULL),(162,3,52,'Complejo B (Vitaminas B1, B6, B12)','A','admin','2019-11-01 21:00:25',NULL,NULL),(163,3,19,'Complejo B (Vitaminas B1, B6, B12)','A','admin','2019-11-01 21:00:25',NULL,NULL),(164,3,21,'Complejo B (Vitaminas B1, B6, B12)','A','admin','2019-11-01 21:00:25',NULL,NULL),(165,3,26,'Complejo B (Vitaminas B1, B6, B12)','A','admin','2019-11-01 21:00:25',NULL,NULL),(166,3,23,'Cotrimoxazol (Sulfametoxazol + Trimetoprima)','A','admin','2019-11-01 21:00:25',NULL,NULL),(167,3,20,'Cotrimoxazol (Sulfametoxazol + Trimetoprima)','A','admin','2019-11-01 21:00:25',NULL,NULL),(168,3,24,'Dacarbazina','A','admin','2019-11-01 21:00:25',NULL,NULL),(169,3,24,'Dactinomicina','A','admin','2019-11-01 21:00:25',NULL,NULL),(170,3,24,'Dantroleno','A','admin','2019-11-01 21:00:25',NULL,NULL),(171,3,19,'Darunavir','A','admin','2019-11-01 21:00:25',NULL,NULL),(172,3,21,'Daunorubicina','A','admin','2019-11-01 21:00:25',NULL,NULL),(173,3,25,'Deferasirox','A','admin','2019-11-01 21:00:25',NULL,NULL),(174,3,35,'Desmopresina','A','admin','2019-11-01 21:00:25',NULL,NULL),(175,3,21,'Desmopresina','A','admin','2019-11-01 21:00:25',NULL,NULL),(176,3,53,'Dexametasona','A','admin','2019-11-01 21:00:25',NULL,NULL),(177,3,21,'Dexametasona','A','admin','2019-11-01 21:00:25',NULL,NULL),(178,3,53,'Dexametasona + Tobramicina','A','admin','2019-11-01 21:00:25',NULL,NULL),(179,3,27,'Dexametasona + Tobramicina','A','admin','2019-11-01 21:00:25',NULL,NULL),(180,3,21,'Dextrosa en agua','A','admin','2019-11-01 21:00:25',NULL,NULL),(181,3,21,'Dextrosa en solución salina','A','admin','2019-11-01 21:00:25',NULL,NULL),(182,3,20,'Diazepam','A','admin','2019-11-01 21:00:25',NULL,NULL),(183,3,21,'Diazepam','A','admin','2019-11-01 21:00:25',NULL,NULL),(184,3,41,'Diclofenaco','A','admin','2019-11-01 21:00:25',NULL,NULL),(185,3,21,'Diclofenaco','A','admin','2019-11-01 21:00:25',NULL,NULL),(186,3,36,'Diclofenaco','A','admin','2019-11-01 21:00:25',NULL,NULL),(187,3,52,'Diclofenaco','A','admin','2019-11-01 21:00:25',NULL,NULL),(188,3,19,'Diclofenaco','A','admin','2019-11-01 21:00:25',NULL,NULL),(189,3,26,'Dicloxacilina','A','admin','2019-11-01 21:00:25',NULL,NULL),(190,3,39,'Dicloxacilina','A','admin','2019-11-01 21:00:25',NULL,NULL),(191,3,29,'Didanosina','A','admin','2019-11-01 21:00:26',NULL,NULL),(192,3,21,'Difenhidramina','A','admin','2019-11-01 21:00:26',NULL,NULL),(193,3,20,'Digoxina','A','admin','2019-11-01 21:00:26',NULL,NULL),(194,3,32,'Digoxina','A','admin','2019-11-01 21:00:26',NULL,NULL),(195,3,21,'Digoxina','A','admin','2019-11-01 21:00:26',NULL,NULL),(196,3,36,'Diltiazem','A','admin','2019-11-01 21:00:26',NULL,NULL),(197,3,24,'Diltiazem','A','admin','2019-11-01 21:00:26',NULL,NULL),(198,3,54,'Diltiazem','A','admin','2019-11-01 21:00:26',NULL,NULL),(199,3,20,'Diltiazem','A','admin','2019-11-01 21:00:26',NULL,NULL),(200,3,20,'Dimenhidrinato','A','admin','2019-11-01 21:00:26',NULL,NULL),(201,3,21,'Dimercaprol','A','admin','2019-11-01 21:00:26',NULL,NULL),(202,3,20,'Disulfiram','A','admin','2019-11-01 21:00:26',NULL,NULL),(203,3,21,'Dobutamina','A','admin','2019-11-01 21:00:26',NULL,NULL),(204,3,21,'Docetaxel','A','admin','2019-11-01 21:00:26',NULL,NULL),(205,3,21,'Dopamina','A','admin','2019-11-01 21:00:26',NULL,NULL),(206,3,20,'Doxazocina','A','admin','2019-11-01 21:00:26',NULL,NULL),(207,3,20,'Doxiciclina','A','admin','2019-11-01 21:00:26',NULL,NULL),(208,3,24,'Doxorubicina','A','admin','2019-11-01 21:00:26',NULL,NULL),(209,3,26,'Efavirenz','A','admin','2019-11-01 21:00:26',NULL,NULL),(210,3,21,'Efedrina','A','admin','2019-11-01 21:00:26',NULL,NULL),(211,3,32,'Emtricitabina','A','admin','2019-11-01 21:00:26',NULL,NULL),(212,3,26,'Emtricitabina','A','admin','2019-11-01 21:00:26',NULL,NULL),(213,3,55,'Emulsiones grasas (lípidos)','A','admin','2019-11-01 21:00:26',NULL,NULL),(214,3,21,'Enalapril','A','admin','2019-11-01 21:00:26',NULL,NULL),(215,3,20,'Enalapril','A','admin','2019-11-01 21:00:26',NULL,NULL),(216,3,19,'Enalapril','A','admin','2019-11-01 21:00:26',NULL,NULL),(217,3,21,'Enoxaparina','A','admin','2019-11-01 21:00:26',NULL,NULL),(218,3,21,'Epinefrina','A','admin','2019-11-01 21:00:26',NULL,NULL),(219,3,21,'Epirubicina','A','admin','2019-11-01 21:00:26',NULL,NULL),(220,3,24,'Epirubicina','A','admin','2019-11-01 21:00:27',NULL,NULL),(221,3,27,'Eritromicina','A','admin','2019-11-01 21:00:27',NULL,NULL),(222,3,20,'Eritromicina','A','admin','2019-11-01 21:00:27',NULL,NULL),(223,3,39,'Eritromicina','A','admin','2019-11-01 21:00:27',NULL,NULL),(224,3,19,'Eritromicina','A','admin','2019-11-01 21:00:27',NULL,NULL),(225,3,21,'Eritropoyetina','A','admin','2019-11-01 21:00:27',NULL,NULL),(226,3,56,'Eritropoyetina','A','admin','2019-11-01 21:00:27',NULL,NULL),(227,3,20,'Espiramicina','A','admin','2019-11-01 21:00:27',NULL,NULL),(228,3,20,'Espironolactona','A','admin','2019-11-01 21:00:27',NULL,NULL),(229,3,20,'Estradiol','A','admin','2019-11-01 21:00:27',NULL,NULL),(230,3,21,'Estradiol + noretisterona','A','admin','2019-11-01 21:00:27',NULL,NULL),(231,3,24,'Estreptomicina','A','admin','2019-11-01 21:00:27',NULL,NULL),(232,3,24,'Estreptoquinasa','A','admin','2019-11-01 21:00:27',NULL,NULL),(233,3,49,'Estriol','A','admin','2019-11-01 21:00:27',NULL,NULL),(234,3,20,'Etambutol','A','admin','2019-11-01 21:00:27',NULL,NULL),(235,3,24,'Etanercept','A','admin','2019-11-01 21:00:27',NULL,NULL),(236,3,21,'Etanercept','A','admin','2019-11-01 21:00:27',NULL,NULL),(237,3,19,'Etionamida','A','admin','2019-11-01 21:00:27',NULL,NULL),(238,3,21,'Etopósido','A','admin','2019-11-01 21:00:27',NULL,NULL),(239,3,20,'Etravirina','A','admin','2019-11-01 21:00:27',NULL,NULL),(240,3,20,'Everolimus','A','admin','2019-11-01 21:00:27',NULL,NULL),(241,3,20,'Exemestano','A','admin','2019-11-01 21:00:27',NULL,NULL),(242,3,24,'Factor IX de la Coagulación','A','admin','2019-11-01 21:00:27',NULL,NULL),(243,3,24,'Factor VIII de la coagulación','A','admin','2019-11-01 21:00:27',NULL,NULL),(244,3,21,'Fenitoína','A','admin','2019-11-01 21:00:27',NULL,NULL),(245,3,23,'Fenitoína','A','admin','2019-11-01 21:00:27',NULL,NULL),(246,3,26,'Fenitoína','A','admin','2019-11-01 21:00:27',NULL,NULL),(247,3,20,'Fenobarbital','A','admin','2019-11-01 21:00:27',NULL,NULL),(248,3,21,'Fenobarbital','A','admin','2019-11-01 21:00:28',NULL,NULL),(249,3,45,'Fentanilo','A','admin','2019-11-01 21:00:28',NULL,NULL),(250,3,21,'Fentanilo','A','admin','2019-11-01 21:00:28',NULL,NULL),(251,3,21,'Filgrastim','A','admin','2019-11-01 21:00:28',NULL,NULL),(252,3,21,'Fitomenadiona (Vitamina K)','A','admin','2019-11-01 21:00:28',NULL,NULL),(253,3,21,'Fluconazol','A','admin','2019-11-01 21:00:28',NULL,NULL),(254,3,20,'Fluconazol','A','admin','2019-11-01 21:00:28',NULL,NULL),(255,3,26,'Fluconazol','A','admin','2019-11-01 21:00:28',NULL,NULL),(256,3,24,'Fludarabina','A','admin','2019-11-01 21:00:28',NULL,NULL),(257,3,20,'Fludrocortisona','A','admin','2019-11-01 21:00:28',NULL,NULL),(258,3,21,'Flumazenil','A','admin','2019-11-01 21:00:28',NULL,NULL),(259,3,53,'Fluorometalona','A','admin','2019-11-01 21:00:28',NULL,NULL),(260,3,21,'Fluoruracilo','A','admin','2019-11-01 21:00:28',NULL,NULL),(261,3,34,'Fluoruracilo','A','admin','2019-11-01 21:00:28',NULL,NULL),(262,3,26,'Fluoxetina','A','admin','2019-11-01 21:00:28',NULL,NULL),(263,3,19,'Fluoxetina','A','admin','2019-11-01 21:00:28',NULL,NULL),(264,3,20,'Fluoxetina','A','admin','2019-11-01 21:00:28',NULL,NULL),(265,3,21,'Folinato Cálcico','A','admin','2019-11-01 21:00:28',NULL,NULL),(266,3,20,'Folinato Cálcico','A','admin','2019-11-01 21:00:28',NULL,NULL),(267,3,21,'Fomepizol','A','admin','2019-11-01 21:00:28',NULL,NULL),(268,3,23,'Fórmula para nutrición enteral','A','admin','2019-11-01 21:00:28',NULL,NULL),(269,3,57,'Fórmula para nutrición enteral','A','admin','2019-11-01 21:00:28',NULL,NULL),(270,3,21,'Furosemida','A','admin','2019-11-01 21:00:28',NULL,NULL),(271,3,20,'Furosemida','A','admin','2019-11-01 21:00:28',NULL,NULL),(272,3,24,'Gemcitabina','A','admin','2019-11-01 21:00:28',NULL,NULL),(273,3,20,'Genfibrozilo','A','admin','2019-11-01 21:00:28',NULL,NULL),(274,3,19,'Gemfibrozilo','A','admin','2019-11-01 21:00:28',NULL,NULL),(275,3,21,'Gentamicina','A','admin','2019-11-01 21:00:28',NULL,NULL),(276,3,20,'Glibenclamida','A','admin','2019-11-01 21:00:28',NULL,NULL),(277,3,58,'Glicerol','A','admin','2019-11-01 21:00:28',NULL,NULL),(278,3,24,'Glucagón','A','admin','2019-11-01 21:00:29',NULL,NULL),(279,3,20,'Griseofulvina','A','admin','2019-11-01 21:00:29',NULL,NULL),(280,3,21,'Haloperidol decanoato','A','admin','2019-11-01 21:00:29',NULL,NULL),(281,3,21,'Haloperidol','A','admin','2019-11-01 21:00:29',NULL,NULL),(282,3,32,'Haloperidol','A','admin','2019-11-01 21:00:29',NULL,NULL),(283,3,20,'Haloperidol','A','admin','2019-11-01 21:00:29',NULL,NULL),(284,3,21,'Heparina no fraccionada','A','admin','2019-11-01 21:00:29',NULL,NULL),(285,3,20,'Hidralazina','A','admin','2019-11-01 21:00:29',NULL,NULL),(286,3,19,'Hidralazina','A','admin','2019-11-01 21:00:29',NULL,NULL),(287,3,21,'Hidralazina','A','admin','2019-11-01 21:00:29',NULL,NULL),(288,3,33,'Hidrato de cloral','A','admin','2019-11-01 21:00:29',NULL,NULL),(289,3,20,'Hidrocortisona','A','admin','2019-11-01 21:00:29',NULL,NULL),(290,3,43,'Hidrocortisona','A','admin','2019-11-01 21:00:29',NULL,NULL),(291,3,30,'Hidrocortisona','A','admin','2019-11-01 21:00:29',NULL,NULL),(292,3,24,'Hidrocortisona, succinato sódico','A','admin','2019-11-01 21:00:29',NULL,NULL),(293,3,20,'Hidromorfona','A','admin','2019-11-01 21:00:29',NULL,NULL),(294,3,21,'Hidromorfona','A','admin','2019-11-01 21:00:29',NULL,NULL),(295,3,26,'Hidroxicarbamida (Hidroxiurea)','A','admin','2019-11-01 21:00:29',NULL,NULL),(296,3,57,'Hierro, multivitaminas y minerales','A','admin','2019-11-01 21:00:29',NULL,NULL),(297,3,19,'Ibuprofeno','A','admin','2019-11-01 21:00:29',NULL,NULL),(298,3,23,'Ibuprofeno','A','admin','2019-11-01 21:00:29',NULL,NULL),(299,3,20,'Ibuprofeno','A','admin','2019-11-01 21:00:29',NULL,NULL),(300,3,21,'Idarrubicina','A','admin','2019-11-01 21:00:29',NULL,NULL),(301,3,24,'Ifosfamida','A','admin','2019-11-01 21:00:29',NULL,NULL),(302,3,19,'Imatinib','A','admin','2019-11-01 21:00:29',NULL,NULL),(303,3,26,'Imatinib','A','admin','2019-11-01 21:00:29',NULL,NULL),(304,3,20,'Imatinib','A','admin','2019-11-01 21:00:29',NULL,NULL),(305,3,24,'Imipenem + cilastatina','A','admin','2019-11-01 21:00:30',NULL,NULL),(306,3,24,'Infliximab','A','admin','2019-11-01 21:00:30',NULL,NULL),(307,3,21,'Inmunoglobulina anti D','A','admin','2019-11-01 21:00:30',NULL,NULL),(308,3,21,'Inmunoglobulina antitetánica','A','admin','2019-11-01 21:00:30',NULL,NULL),(309,3,21,'Inmunoglobulina humana normal','A','admin','2019-11-01 21:00:30',NULL,NULL),(310,3,24,'Inmunoglobulina humana normal','A','admin','2019-11-01 21:00:30',NULL,NULL),(311,3,21,'Insulina de acción intermedia (NPH)','A','admin','2019-11-01 21:00:30',NULL,NULL),(312,3,40,'Insulina de acción intermedia (NPH)','A','admin','2019-11-01 21:00:30',NULL,NULL),(313,3,21,'Insulina de Acción Rápida','A','admin','2019-11-01 21:00:30',NULL,NULL),(314,3,40,'Insulina de Acción Rápida','A','admin','2019-11-01 21:00:30',NULL,NULL),(315,3,21,'Interferón alfa 2b','A','admin','2019-11-01 21:00:30',NULL,NULL),(316,3,24,'Interferón alfa 2b','A','admin','2019-11-01 21:00:30',NULL,NULL),(317,3,21,'Interferón Beta 1a','A','admin','2019-11-01 21:00:30',NULL,NULL),(318,3,24,'Interferón Beta 1a','A','admin','2019-11-01 21:00:30',NULL,NULL),(319,3,21,'Interferón Beta 1b','A','admin','2019-11-01 21:00:30',NULL,NULL),(320,3,42,'Ipratropio bromuro','A','admin','2019-11-01 21:00:30',NULL,NULL),(321,3,35,'Ipratropio bromuro','A','admin','2019-11-01 21:00:30',NULL,NULL),(322,3,21,'Irinotecán','A','admin','2019-11-01 21:00:30',NULL,NULL),(323,3,20,'Isoniazida','A','admin','2019-11-01 21:00:30',NULL,NULL),(324,3,20,'Isosorbida mononitrato','A','admin','2019-11-01 21:00:30',NULL,NULL),(325,3,32,'Itraconazol','A','admin','2019-11-01 21:00:30',NULL,NULL),(326,3,26,'Itraconazol','A','admin','2019-11-01 21:00:30',NULL,NULL),(327,3,32,'Ivermectina','A','admin','2019-11-01 21:00:30',NULL,NULL),(328,3,20,'Ivermectina','A','admin','2019-11-01 21:00:30',NULL,NULL),(329,3,21,'Kanamicina','A','admin','2019-11-01 21:00:30',NULL,NULL),(330,3,21,'Ketorolaco','A','admin','2019-11-01 21:00:30',NULL,NULL),(331,3,32,'Lactulosa','A','admin','2019-11-01 21:00:30',NULL,NULL),(332,3,59,'Lágrimas artificiales y otros preparados inertes (Ácido poliacrílico)','A','admin','2019-11-01 21:00:30',NULL,NULL),(333,3,41,'Lágrimas artificiales y otros preparados inertes (Alcohol polivinílico)','A','admin','2019-11-01 21:00:30',NULL,NULL),(334,3,59,'Lágrimas artificiales y otros preparados inertes (Carbomer)','A','admin','2019-11-01 21:00:30',NULL,NULL),(335,3,41,'Lágrimas artificiales y otros preparados inertes (Dextrano 70 + Hipromelosa)','A','admin','2019-11-01 21:00:31',NULL,NULL),(336,3,41,'Lágrimas artificiales y otros preparados inertes (Hialuronato sódico)','A','admin','2019-11-01 21:00:31',NULL,NULL),(337,3,41,'Lágrimas artificiales y otros preparados inertes (Hipromelosa)','A','admin','2019-11-01 21:00:31',NULL,NULL),(338,3,59,'Lágrimas artificiales y otros preparados inertes (Hipromelosa)','A','admin','2019-11-01 21:00:31',NULL,NULL),(339,3,41,'Lágrimas artificiales y otros preparados inertes (Polietilenglicol)','A','admin','2019-11-01 21:00:31',NULL,NULL),(340,3,41,'Lágrimas artificiales y otros preparados inertes (Polividona)','A','admin','2019-11-01 21:00:31',NULL,NULL),(341,3,19,'Lamivudina','A','admin','2019-11-01 21:00:31',NULL,NULL),(342,3,32,'Lamivudina','A','admin','2019-11-01 21:00:31',NULL,NULL),(343,3,19,'Lamivudina + Abacavir','A','admin','2019-11-01 21:00:31',NULL,NULL),(344,3,20,'Lamivudina + Abacavir','A','admin','2019-11-01 21:00:31',NULL,NULL),(345,3,25,'Lamotrigina','A','admin','2019-11-01 21:00:31',NULL,NULL),(346,3,20,'Lamotrigina','A','admin','2019-11-01 21:00:31',NULL,NULL),(347,3,41,'Latanoprost','A','admin','2019-11-01 21:00:31',NULL,NULL),(348,3,19,'Letrozol','A','admin','2019-11-01 21:00:31',NULL,NULL),(349,3,24,'Leuprolide','A','admin','2019-11-01 21:00:31',NULL,NULL),(350,3,21,'Leuprolide','A','admin','2019-11-01 21:00:31',NULL,NULL),(351,3,40,'Leuprolide','A','admin','2019-11-01 21:00:31',NULL,NULL),(352,3,19,'Levodopa + Carbidopa','A','admin','2019-11-01 21:00:31',NULL,NULL),(353,3,20,'Levodopa + Carbidopa','A','admin','2019-11-01 21:00:31',NULL,NULL),(354,3,19,'Levofloxacino','A','admin','2019-11-01 21:00:31',NULL,NULL),(355,3,21,'Levofloxacino','A','admin','2019-11-01 21:00:31',NULL,NULL),(356,3,21,'Levomepromazina','A','admin','2019-11-01 21:00:31',NULL,NULL),(357,3,19,'Levomepromazina','A','admin','2019-11-01 21:00:31',NULL,NULL),(358,3,32,'Levomepromazina','A','admin','2019-11-01 21:00:31',NULL,NULL),(359,3,52,'Levonorgestrel','A','admin','2019-11-01 21:00:31',NULL,NULL),(360,3,20,'Levonorgestrel','A','admin','2019-11-01 21:00:31',NULL,NULL),(361,3,60,'Levonorgestrel','A','admin','2019-11-01 21:00:31',NULL,NULL),(362,3,19,'Levonorgestrel + etinilestradiol','A','admin','2019-11-01 21:00:31',NULL,NULL),(363,3,52,'Levonorgestrel + etinilestradiol','A','admin','2019-11-01 21:00:31',NULL,NULL),(364,3,20,'Levotiroxina sódica','A','admin','2019-11-01 21:00:32',NULL,NULL),(365,3,30,'Lidocaína','A','admin','2019-11-01 21:00:32',NULL,NULL),(366,3,61,'Lidocaína','A','admin','2019-11-01 21:00:32',NULL,NULL),(367,3,48,'Lidocaína','A','admin','2019-11-01 21:00:32',NULL,NULL),(368,3,34,'Lidocaína','A','admin','2019-11-01 21:00:32',NULL,NULL),(369,3,21,'Lidocaína con epinefrina','A','admin','2019-11-01 21:00:32',NULL,NULL),(370,3,21,'Lidocaína sin epinefrina','A','admin','2019-11-01 21:00:32',NULL,NULL),(371,3,21,'Linezolid','A','admin','2019-11-01 21:00:32',NULL,NULL),(372,3,19,'Linezolid','A','admin','2019-11-01 21:00:32',NULL,NULL),(373,3,20,'Litio, carbonato','A','admin','2019-11-01 21:00:32',NULL,NULL),(374,3,26,'Loperamida','A','admin','2019-11-01 21:00:32',NULL,NULL),(375,3,19,'Lopinavir + Ritonavir','A','admin','2019-11-01 21:00:32',NULL,NULL),(376,3,32,'Lopinavir + Ritonavir','A','admin','2019-11-01 21:00:32',NULL,NULL),(377,3,33,'Loratadina','A','admin','2019-11-01 21:00:32',NULL,NULL),(378,3,19,'Loratadina','A','admin','2019-11-01 21:00:32',NULL,NULL),(379,3,20,'Loratadina','A','admin','2019-11-01 21:00:32',NULL,NULL),(380,3,19,'Losartán','A','admin','2019-11-01 21:00:32',NULL,NULL),(381,3,20,'Losartán','A','admin','2019-11-01 21:00:32',NULL,NULL),(382,3,23,'Magaldrato con simeticona (Hidróxido de Al y Mg)','A','admin','2019-11-01 21:00:32',NULL,NULL),(383,3,21,'Magnesio sulfato','A','admin','2019-11-01 21:00:32',NULL,NULL),(384,3,21,'Manitol','A','admin','2019-11-01 21:00:32',NULL,NULL),(385,3,20,'Medroxiprogesterona + estrógenos equinos conjugados','A','admin','2019-11-01 21:00:32',NULL,NULL),(386,3,21,'Meglumina antimoniato','A','admin','2019-11-01 21:00:32',NULL,NULL),(387,3,20,'Melfalán','A','admin','2019-11-01 21:00:32',NULL,NULL),(388,3,21,'Mercapto Etiletano Sulfonato de Sodio (Mesna)','A','admin','2019-11-01 21:00:32',NULL,NULL),(389,3,20,'Mercaptopurina','A','admin','2019-11-01 21:00:32',NULL,NULL),(390,3,24,'Meropenem','A','admin','2019-11-01 21:00:32',NULL,NULL),(391,3,21,'Metadona','A','admin','2019-11-01 21:00:32',NULL,NULL),(392,3,19,'Metformina','A','admin','2019-11-01 21:00:32',NULL,NULL),(393,3,20,'Metformina','A','admin','2019-11-01 21:00:32',NULL,NULL),(394,3,36,'Metformina','A','admin','2019-11-01 21:00:32',NULL,NULL),(395,3,19,'Metformina + Glibenclamida','A','admin','2019-11-01 21:00:32',NULL,NULL),(396,3,20,'Metformina + Glibenclamida','A','admin','2019-11-01 21:00:33',NULL,NULL),(397,3,20,'Metildopa','A','admin','2019-11-01 21:00:33',NULL,NULL),(398,3,52,'Metilergometrina','A','admin','2019-11-01 21:00:33',NULL,NULL),(399,3,21,'Metilergometrina','A','admin','2019-11-01 21:00:33',NULL,NULL),(400,3,40,'Metilprednisolona, acetato','A','admin','2019-11-01 21:00:33',NULL,NULL),(401,3,24,'Metilprednisolona, succinato','A','admin','2019-11-01 21:00:33',NULL,NULL),(402,3,21,'Metoclopramida','A','admin','2019-11-01 21:00:33',NULL,NULL),(403,3,20,'Metoclopramida','A','admin','2019-11-01 21:00:33',NULL,NULL),(404,3,24,'Metotrexato','A','admin','2019-11-01 21:00:33',NULL,NULL),(405,3,20,'Metotrexato','A','admin','2019-11-01 21:00:33',NULL,NULL),(406,3,21,'Metotrexato','A','admin','2019-11-01 21:00:33',NULL,NULL),(407,3,26,'Metronidazol','A','admin','2019-11-01 21:00:33',NULL,NULL),(408,3,23,'Metronidazol','A','admin','2019-11-01 21:00:33',NULL,NULL),(409,3,20,'Metronidazol','A','admin','2019-11-01 21:00:33',NULL,NULL),(410,3,47,'Metronidazol','A','admin','2019-11-01 21:00:33',NULL,NULL),(411,3,21,'Metronidazol','A','admin','2019-11-01 21:00:33',NULL,NULL),(412,3,50,'Metronidazol','A','admin','2019-11-01 21:00:33',NULL,NULL),(413,3,19,'Micofenolato','A','admin','2019-11-01 21:00:33',NULL,NULL),(414,3,26,'Micofenolato','A','admin','2019-11-01 21:00:33',NULL,NULL),(415,3,21,'Midazolam','A','admin','2019-11-01 21:00:33',NULL,NULL),(416,3,20,'Misoprostol','A','admin','2019-11-01 21:00:33',NULL,NULL),(417,3,24,'Mitomicina','A','admin','2019-11-01 21:00:33',NULL,NULL),(418,3,21,'Mitoxantrona','A','admin','2019-11-01 21:00:33',NULL,NULL),(419,3,62,'Mometasona','A','admin','2019-11-01 21:00:33',NULL,NULL),(420,3,32,'Morfina','A','admin','2019-11-01 21:00:33',NULL,NULL),(421,3,21,'Morfina','A','admin','2019-11-01 21:00:33',NULL,NULL),(422,3,54,'Morfina','A','admin','2019-11-01 21:00:33',NULL,NULL),(423,3,26,'Multienzimas (pancreatina: amilasa, lipasa, proteasa)','A','admin','2019-11-01 21:00:33',NULL,NULL),(424,3,32,'Multivitaminas con minerales','A','admin','2019-11-01 21:00:34',NULL,NULL),(425,3,33,'Multivitaminas con minerales','A','admin','2019-11-01 21:00:34',NULL,NULL),(426,3,21,'Naloxona','A','admin','2019-11-01 21:00:34',NULL,NULL),(427,3,21,'Neostigmina','A','admin','2019-11-01 21:00:34',NULL,NULL),(428,3,63,'Nevirapina','A','admin','2019-11-01 21:00:34',NULL,NULL),(429,3,20,'Nevirapina','A','admin','2019-11-01 21:00:34',NULL,NULL),(430,3,19,'Nevirapina','A','admin','2019-11-01 21:00:34',NULL,NULL),(431,3,26,'Nifedipina','A','admin','2019-11-01 21:00:34',NULL,NULL),(432,3,20,'Nifedipina','A','admin','2019-11-01 21:00:34',NULL,NULL),(433,3,19,'Nifedipina','A','admin','2019-11-01 21:00:34',NULL,NULL),(434,3,36,'Nifedipina','A','admin','2019-11-01 21:00:34',NULL,NULL),(435,3,63,'Nistatina','A','admin','2019-11-01 21:00:34',NULL,NULL),(436,3,63,'Nitrofurantoína','A','admin','2019-11-01 21:00:34',NULL,NULL),(437,3,26,'Nitrofurantoína','A','admin','2019-11-01 21:00:34',NULL,NULL),(438,3,21,'Nitroglicerina (trinitrato de glicerilo)','A','admin','2019-11-01 21:00:34',NULL,NULL),(439,3,24,'Nitroprusiato sódico','A','admin','2019-11-01 21:00:34',NULL,NULL),(440,3,21,'Norepinefrina','A','admin','2019-11-01 21:00:34',NULL,NULL),(441,3,24,'Octreotida','A','admin','2019-11-01 21:00:34',NULL,NULL),(442,3,21,'Octreotida','A','admin','2019-11-01 21:00:34',NULL,NULL),(443,3,21,'Oligoelementos','A','admin','2019-11-01 21:00:34',NULL,NULL),(444,3,26,'Omeprazol','A','admin','2019-11-01 21:00:34',NULL,NULL),(445,3,24,'Omeprazol','A','admin','2019-11-01 21:00:34',NULL,NULL),(446,3,21,'Ondansetrón','A','admin','2019-11-01 21:00:34',NULL,NULL),(447,3,19,'Ondansetrón','A','admin','2019-11-01 21:00:34',NULL,NULL),(448,3,26,'Oseltamivir','A','admin','2019-11-01 21:00:34',NULL,NULL),(449,3,24,'Oxacilina','A','admin','2019-11-01 21:00:34',NULL,NULL),(450,3,24,'Oxaliplatino','A','admin','2019-11-01 21:00:34',NULL,NULL),(451,3,36,'Oxicodona','A','admin','2019-11-01 21:00:34',NULL,NULL),(452,3,64,'Oxígeno','A','admin','2019-11-01 21:00:34',NULL,NULL),(453,3,21,'Oxitocina','A','admin','2019-11-01 21:00:34',NULL,NULL),(454,3,21,'Paclitaxel','A','admin','2019-11-01 21:00:34',NULL,NULL),(455,3,21,'Pancuronio','A','admin','2019-11-01 21:00:35',NULL,NULL),(456,3,33,'Paracetamol','A','admin','2019-11-01 21:00:35',NULL,NULL),(457,3,58,'Paracetamol','A','admin','2019-11-01 21:00:35',NULL,NULL),(458,3,32,'Paracetamol','A','admin','2019-11-01 21:00:35',NULL,NULL),(459,3,20,'Paracetamol','A','admin','2019-11-01 21:00:35',NULL,NULL),(460,3,21,'Paricalcitol','A','admin','2019-11-01 21:00:35',NULL,NULL),(461,3,21,'Pegfilgrastim','A','admin','2019-11-01 21:00:35',NULL,NULL),(462,3,24,'Pemetrexed','A','admin','2019-11-01 21:00:35',NULL,NULL),(463,3,20,'Penicilamina','A','admin','2019-11-01 21:00:35',NULL,NULL),(464,3,30,'Permetrina','A','admin','2019-11-01 21:00:35',NULL,NULL),(465,3,48,'Permetrina','A','admin','2019-11-01 21:00:35',NULL,NULL),(466,3,30,'Peróxido de benzoilo','A','admin','2019-11-01 21:00:35',NULL,NULL),(467,3,43,'Peróxido de benzoilo','A','admin','2019-11-01 21:00:35',NULL,NULL),(468,3,24,'Piperacilina + Tazobactam','A','admin','2019-11-01 21:00:35',NULL,NULL),(469,3,20,'Pirazinamida','A','admin','2019-11-01 21:00:35',NULL,NULL),(470,3,20,'Piridostigmina','A','admin','2019-11-01 21:00:35',NULL,NULL),(471,3,20,'Pirimetamina','A','admin','2019-11-01 21:00:35',NULL,NULL),(472,3,21,'Polidocanol','A','admin','2019-11-01 21:00:35',NULL,NULL),(473,3,31,'Polietilenglicol en combinaciones','A','admin','2019-11-01 21:00:35',NULL,NULL),(474,3,21,'Potasio cloruro','A','admin','2019-11-01 21:00:35',NULL,NULL),(475,3,53,'Prednisolona','A','admin','2019-11-01 21:00:35',NULL,NULL),(476,3,20,'Prednisolona','A','admin','2019-11-01 21:00:35',NULL,NULL),(477,3,19,'Prednisona','A','admin','2019-11-01 21:00:35',NULL,NULL),(478,3,20,'Prednisona','A','admin','2019-11-01 21:00:35',NULL,NULL),(479,3,20,'Primaquina','A','admin','2019-11-01 21:00:35',NULL,NULL),(480,3,26,'Procarbazina','A','admin','2019-11-01 21:00:35',NULL,NULL),(481,3,30,'Productos con zinc (Nistatina + Vitamina A + Vitamina D2 + Óxido de zinc','A','admin','2019-11-01 21:00:36',NULL,NULL),(482,3,44,'Productos con zinc (oxido de zinc)','A','admin','2019-11-01 21:00:36',NULL,NULL),(483,3,30,'Productos con zinc (Undecilenato de Zinc + Ácido Undecilénico)','A','admin','2019-11-01 21:00:36',NULL,NULL),(484,3,65,'Productos con zinc (Vitamina A + vitamina D2 + oxido de zinc)','A','admin','2019-11-01 21:00:36',NULL,NULL),(485,3,26,'Progesterona','A','admin','2019-11-01 21:00:36',NULL,NULL),(486,3,66,'Propofol','A','admin','2019-11-01 21:00:36',NULL,NULL),(487,3,20,'Propranolol','A','admin','2019-11-01 21:00:36',NULL,NULL),(488,3,21,'Protamina','A','admin','2019-11-01 21:00:36',NULL,NULL),(489,3,19,'Quetiapina','A','admin','2019-11-01 21:00:36',NULL,NULL),(490,3,19,'Raltegravir','A','admin','2019-11-01 21:00:36',NULL,NULL),(491,3,21,'Ranitidina','A','admin','2019-11-01 21:00:36',NULL,NULL),(492,3,20,'Ranitidina','A','admin','2019-11-01 21:00:36',NULL,NULL),(493,3,19,'Ranitidina','A','admin','2019-11-01 21:00:36',NULL,NULL),(494,3,24,'Remifentanilo','A','admin','2019-11-01 21:00:36',NULL,NULL),(495,3,26,'Retinol (Vitamina A)','A','admin','2019-11-01 21:00:36',NULL,NULL),(496,3,23,'Rifampicina','A','admin','2019-11-01 21:00:36',NULL,NULL),(497,3,26,'Rifampicina','A','admin','2019-11-01 21:00:36',NULL,NULL),(498,3,19,'Rifampicina + Isoniazida','A','admin','2019-11-01 21:00:36',NULL,NULL),(499,3,26,'Rifampicina + Isoniazida','A','admin','2019-11-01 21:00:36',NULL,NULL),(500,3,19,'Rifampicina+Pirazinamida+Etambutol+Isoniazida','A','admin','2019-11-01 21:00:36',NULL,NULL),(501,3,21,'Ringer lactato (combinaciones)','A','admin','2019-11-01 21:00:36',NULL,NULL),(502,3,24,'Risperidona','A','admin','2019-11-01 21:00:36',NULL,NULL),(503,3,19,'Risperidona','A','admin','2019-11-01 21:00:36',NULL,NULL),(504,3,20,'Risperidona','A','admin','2019-11-01 21:00:36',NULL,NULL),(505,3,32,'Risperidona','A','admin','2019-11-01 21:00:36',NULL,NULL),(506,3,26,'Ritonavir','A','admin','2019-11-01 21:00:36',NULL,NULL),(507,3,67,'Rituximab','A','admin','2019-11-01 21:00:36',NULL,NULL),(508,3,21,'Rocuronio, Bromuro','A','admin','2019-11-01 21:00:36',NULL,NULL),(509,3,42,'Salbutamol','A','admin','2019-11-01 21:00:36',NULL,NULL),(510,3,68,'Salbutamol','A','admin','2019-11-01 21:00:36',NULL,NULL),(511,3,21,'Sales de Hierro (Sacarato de óxido férrico)','A','admin','2019-11-01 21:00:36',NULL,NULL),(512,3,52,'Sales de hierro (Sulfato ferroso)','A','admin','2019-11-01 21:00:36',NULL,NULL),(513,3,32,'Sales de hierro (Sulfato ferroso)','A','admin','2019-11-01 21:00:37',NULL,NULL),(514,3,57,'Sales de Rehidratación Oral','A','admin','2019-11-01 21:00:37',NULL,NULL),(515,3,19,'Saquinavir','A','admin','2019-11-01 21:00:37',NULL,NULL),(516,3,20,'Selegilina','A','admin','2019-11-01 21:00:37',NULL,NULL),(517,3,20,'Sertralina','A','admin','2019-11-01 21:00:37',NULL,NULL),(518,3,26,'Sertralina','A','admin','2019-11-01 21:00:37',NULL,NULL),(519,3,35,'Sevoflurano','A','admin','2019-11-01 21:00:37',NULL,NULL),(520,3,20,'Simvastatina','A','admin','2019-11-01 21:00:37',NULL,NULL),(521,3,19,'Simvastatina','A','admin','2019-11-01 21:00:37',NULL,NULL),(522,3,52,'Sirolimus','A','admin','2019-11-01 21:00:37',NULL,NULL),(523,3,21,'Sodio bicarbonato','A','admin','2019-11-01 21:00:37',NULL,NULL),(524,3,21,'Sodio Cloruro','A','admin','2019-11-01 21:00:37',NULL,NULL),(525,3,69,'Solución diálisis peritoneal','A','admin','2019-11-01 21:00:37',NULL,NULL),(526,3,24,'Suero antiofídico polivalente','A','admin','2019-11-01 21:00:37',NULL,NULL),(527,3,21,'Suero antiofídico polivalente','A','admin','2019-11-01 21:00:37',NULL,NULL),(528,3,20,'Sulfadiazina','A','admin','2019-11-01 21:00:37',NULL,NULL),(529,3,30,'Sulfadiazina de Plata','A','admin','2019-11-01 21:00:37',NULL,NULL),(530,3,20,'Sulfasalazina','A','admin','2019-11-01 21:00:37',NULL,NULL),(531,3,32,'Sulfato de Zinc','A','admin','2019-11-01 21:00:37',NULL,NULL),(532,3,26,'Sunitinib','A','admin','2019-11-01 21:00:37',NULL,NULL),(533,3,21,'Suxametonio','A','admin','2019-11-01 21:00:37',NULL,NULL),(534,3,20,'Talidomida','A','admin','2019-11-01 21:00:37',NULL,NULL),(535,3,20,'Tamoxifeno','A','admin','2019-11-01 21:00:37',NULL,NULL),(536,3,26,'Tamsulosina','A','admin','2019-11-01 21:00:37',NULL,NULL),(537,3,54,'Tamsulosina','A','admin','2019-11-01 21:00:37',NULL,NULL),(538,3,36,'Tamsulosina','A','admin','2019-11-01 21:00:37',NULL,NULL),(539,3,26,'Temozolomida','A','admin','2019-11-01 21:00:37',NULL,NULL),(540,3,19,'Tenofovir + Emtricitabina','A','admin','2019-11-01 21:00:37',NULL,NULL),(541,3,19,'Tenofovir + Emtricitabina + Efavirenz','A','admin','2019-11-01 21:00:37',NULL,NULL),(542,3,19,'Tenofovir disoproxilo','A','admin','2019-11-01 21:00:37',NULL,NULL),(543,3,20,'Terbinafina','A','admin','2019-11-01 21:00:38',NULL,NULL),(544,3,30,'Terbinafina','A','admin','2019-11-01 21:00:38',NULL,NULL),(545,3,21,'Testosterona','A','admin','2019-11-01 21:00:38',NULL,NULL),(546,3,20,'Tiamazol (Metimazol)','A','admin','2019-11-01 21:00:38',NULL,NULL),(547,3,21,'Tiamina (vitamina B1)','A','admin','2019-11-01 21:00:38',NULL,NULL),(548,3,41,'Timolol','A','admin','2019-11-01 21:00:38',NULL,NULL),(549,3,19,'Tinidazol','A','admin','2019-11-01 21:00:38',NULL,NULL),(550,3,20,'Tinidazol','A','admin','2019-11-01 21:00:38',NULL,NULL),(551,3,70,'Tinidazol','A','admin','2019-11-01 21:00:38',NULL,NULL),(552,3,47,'Tinidazol','A','admin','2019-11-01 21:00:38',NULL,NULL),(553,3,20,'Tioguanina','A','admin','2019-11-01 21:00:38',NULL,NULL),(554,3,24,'Tiopental sódico','A','admin','2019-11-01 21:00:38',NULL,NULL),(555,3,71,'Tiotropio bromuro','A','admin','2019-11-01 21:00:38',NULL,NULL),(556,3,21,'Tirofibán','A','admin','2019-11-01 21:00:38',NULL,NULL),(557,3,27,'Tobramicina','A','admin','2019-11-01 21:00:38',NULL,NULL),(558,3,41,'Tobramicina','A','admin','2019-11-01 21:00:38',NULL,NULL),(559,3,35,'Tobramicina','A','admin','2019-11-01 21:00:38',NULL,NULL),(560,3,59,'Tobramicina','A','admin','2019-11-01 21:00:38',NULL,NULL),(561,3,53,'Tobramicina','A','admin','2019-11-01 21:00:38',NULL,NULL),(562,3,24,'Toxina botulínica','A','admin','2019-11-01 21:00:38',NULL,NULL),(563,3,40,'Toxoide diftérico tetánico','A','admin','2019-11-01 21:00:38',NULL,NULL),(564,3,40,'Toxoide diftérico tetánico + Vacuna pertusis','A','admin','2019-11-01 21:00:38',NULL,NULL),(565,3,40,'Toxoide tetánico','A','admin','2019-11-01 21:00:38',NULL,NULL),(566,3,32,'Tramadol','A','admin','2019-11-01 21:00:38',NULL,NULL),(567,3,19,'Tramadol','A','admin','2019-11-01 21:00:38',NULL,NULL),(568,3,36,'Tramadol','A','admin','2019-11-01 21:00:38',NULL,NULL),(569,3,26,'Tramadol','A','admin','2019-11-01 21:00:38',NULL,NULL),(570,3,21,'Tramadol','A','admin','2019-11-01 21:00:38',NULL,NULL),(571,3,24,'Trastuzumab','A','admin','2019-11-01 21:00:39',NULL,NULL),(572,3,24,'Triptorelina','A','admin','2019-11-01 21:00:39',NULL,NULL),(573,3,37,'Trolamina','A','admin','2019-11-01 21:00:39',NULL,NULL),(574,3,41,'Tropicamida','A','admin','2019-11-01 21:00:39',NULL,NULL),(575,3,30,'Urea','A','admin','2019-11-01 21:00:39',NULL,NULL),(576,3,43,'Urea','A','admin','2019-11-01 21:00:39',NULL,NULL),(577,3,24,'Vacuna antiamarílica','A','admin','2019-11-01 21:00:39',NULL,NULL),(578,3,40,'Vacuna antihepatitis B','A','admin','2019-11-01 21:00:39',NULL,NULL),(579,3,40,'Vacuna antineumococo (Polisacárido conjugado)','A','admin','2019-11-01 21:00:39',NULL,NULL),(580,3,21,'Vacuna antineumococo (Polisacárido conjugado)','A','admin','2019-11-01 21:00:39',NULL,NULL),(581,3,23,'Vacuna antipoliomielítica','A','admin','2019-11-01 21:00:39',NULL,NULL),(582,3,23,'Vacuna Antirotavirus','A','admin','2019-11-01 21:00:39',NULL,NULL),(583,3,24,'Vacuna antirrábica','A','admin','2019-11-01 21:00:39',NULL,NULL),(584,3,24,'Vacuna Antivaricela zóster (virus atenuado)','A','admin','2019-11-01 21:00:39',NULL,NULL),(585,3,24,'Vacuna BCG','A','admin','2019-11-01 21:00:39',NULL,NULL),(586,3,24,'Vacuna triple viral (Parotiditis-Sarampión-Rubéola)','A','admin','2019-11-01 21:00:39',NULL,NULL),(587,3,20,'Valganciclovir','A','admin','2019-11-01 21:00:39',NULL,NULL),(588,3,19,'Valganciclovir','A','admin','2019-11-01 21:00:39',NULL,NULL),(589,3,24,'Vancomicina','A','admin','2019-11-01 21:00:39',NULL,NULL),(590,3,21,'Vinblastina','A','admin','2019-11-01 21:00:39',NULL,NULL),(591,3,21,'Vincristina','A','admin','2019-11-01 21:00:39',NULL,NULL),(592,3,24,'Vincristina','A','admin','2019-11-01 21:00:39',NULL,NULL),(593,3,24,'Voriconazol','A','admin','2019-11-01 21:00:39',NULL,NULL),(594,3,19,'Voriconazol','A','admin','2019-11-01 21:00:39',NULL,NULL),(595,3,20,'Warfarina','A','admin','2019-11-01 21:00:39',NULL,NULL),(596,3,19,'Zidovudina','A','admin','2019-11-01 21:00:39',NULL,NULL),(597,3,26,'Zidovudina','A','admin','2019-11-01 21:00:39',NULL,NULL),(598,3,32,'Zidovudina','A','admin','2019-11-01 21:00:39',NULL,NULL),(599,3,72,'Zidovudina','A','admin','2019-11-01 21:00:39',NULL,NULL),(600,3,19,'Zidovudina + Lamivudina','A','admin','2019-11-01 21:00:39',NULL,NULL),(601,3,19,'Zidovudina + Lamivudina + Nevirapina','A','admin','2019-11-01 21:00:39',NULL,NULL),(602,3,19,'Metronidazol','A','admin','2019-11-01 21:00:40',NULL,NULL),(603,3,26,'Miltefosina','A','admin','2019-11-01 21:00:40',NULL,NULL),(604,3,20,'Morfina','A','admin','2019-11-01 21:00:40',NULL,NULL),(605,3,54,'Nitrofurantoína','A','admin','2019-11-01 21:00:40',NULL,NULL),(606,3,39,'Omeprazol','A','admin','2019-11-01 21:00:40',NULL,NULL),(607,3,72,'Oxaliplatino','A','admin','2019-11-01 21:00:40',NULL,NULL),(608,3,20,'Oxicodona','A','admin','2019-11-01 21:00:40',NULL,NULL),(609,3,57,'Carbón activado','A','admin','2019-11-01 21:00:40',NULL,NULL),(610,3,19,'Carvedilol','A','admin','2019-11-01 21:00:40',NULL,NULL),(611,3,72,'Paracetamol','A','admin','2019-11-01 21:00:40',NULL,NULL),(612,3,34,'Peróxido de benzoilo','A','admin','2019-11-01 21:00:40',NULL,NULL),(613,3,20,'Piridoxina (Vitamina B6)','A','admin','2019-11-01 21:00:40',NULL,NULL),(614,3,21,'Piridoxina (Vitamina B6)','A','admin','2019-11-01 21:00:40',NULL,NULL),(615,3,21,'Ciclosporina','A','admin','2019-11-01 21:00:40',NULL,NULL),(616,3,21,'Pralidoxima','A','admin','2019-11-01 21:00:40',NULL,NULL),(617,3,20,'Praziquantel','A','admin','2019-11-01 21:00:40',NULL,NULL),(618,3,21,'Propranolol','A','admin','2019-11-01 21:00:40',NULL,NULL),(619,3,21,'Quinina','A','admin','2019-11-01 21:00:40',NULL,NULL),(620,3,21,'Cloroquina','A','admin','2019-11-01 21:00:40',NULL,NULL),(621,3,20,'Rifampicina + Isoniazida','A','admin','2019-11-01 21:00:40',NULL,NULL),(622,3,52,'Rifampicina+ Pirazinamida+Isoniazida','A','admin','2019-11-01 21:00:40',NULL,NULL),(623,3,20,'Sales de Hierro + Ácido Fólico','A','admin','2019-11-01 21:00:40',NULL,NULL),(624,3,19,'Sertralina','A','admin','2019-11-01 21:00:40',NULL,NULL),(625,3,19,'Sulfasalazina','A','admin','2019-11-01 21:00:40',NULL,NULL),(626,3,19,'Gabapentina','A','admin','2019-11-01 21:00:41',NULL,NULL),(627,3,20,'Dapsona','A','admin','2019-11-01 21:00:41',NULL,NULL),(628,3,56,'Daunorubicina','A','admin','2019-11-01 21:00:41',NULL,NULL),(629,3,20,'Dexametasona','A','admin','2019-11-01 21:00:41',NULL,NULL),(630,3,33,'Diazepam','A','admin','2019-11-01 21:00:41',NULL,NULL),(631,3,40,'Antitoxina difterica','A','admin','2019-11-01 21:00:41',NULL,NULL),(632,3,19,'Talidomida','A','admin','2019-11-01 21:00:41',NULL,NULL),(633,3,19,'Terbinafina','A','admin','2019-11-01 21:00:41',NULL,NULL),(634,3,46,'Dinitrato de isosorbida','A','admin','2019-11-01 21:00:41',NULL,NULL),(635,3,19,'Levonorgestrel','A','admin','2019-11-01 21:00:41',NULL,NULL),(636,3,19,'Doxazocina','A','admin','2019-11-01 21:00:41',NULL,NULL),(637,3,32,'Efavirenz','A','admin','2019-11-01 21:00:41',NULL,NULL),(638,3,22,'Epinefrina (adrenalina) racémica','A','admin','2019-11-01 21:00:41',NULL,NULL),(639,3,19,'Espiramicina','A','admin','2019-11-01 21:00:41',NULL,NULL),(640,3,40,'Vacuna antihepatitis A','A','admin','2019-11-01 21:00:41',NULL,NULL),(641,3,19,'Espironolactona','A','admin','2019-11-01 21:00:42',NULL,NULL),(642,3,20,'Etambutol + Isoniazida','A','admin','2019-11-01 21:00:42',NULL,NULL),(643,3,40,'Vacuna antimeningococo (B + C)','A','admin','2019-11-01 21:00:42',NULL,NULL),(644,3,20,'Etionamida','A','admin','2019-11-01 21:00:42',NULL,NULL),(645,3,26,'Etopósido','A','admin','2019-11-01 21:00:42',NULL,NULL),(646,3,19,'Exemestano','A','admin','2019-11-01 21:00:42',NULL,NULL),(647,3,40,'Vacuna pentavalente viral (Difteria -haemophilus influenzae B -pertussis -tétanos -hepatitis B)','A','admin','2019-11-01 21:00:42',NULL,NULL),(648,3,32,'Fenobarbital','A','admin','2019-11-01 21:00:42',NULL,NULL),(649,3,19,'Warfarina','A','admin','2019-11-01 21:00:42',NULL,NULL),(650,3,19,'Fluconazol','A','admin','2019-11-01 21:00:42',NULL,NULL),(651,3,20,'Flutamida','A','admin','2019-11-01 21:00:42',NULL,NULL),(652,3,20,'Zidovudina + Lamivudina','A','admin','2019-11-01 21:00:42',NULL,NULL),(653,3,19,'Glibenclamida','A','admin','2019-11-01 21:00:42',NULL,NULL),(654,3,19,'Haloperidol','A','admin','2019-11-01 21:00:42',NULL,NULL),(655,3,20,'Abacavir','A','admin','2019-11-01 21:00:42',NULL,NULL),(656,3,32,'Abacavir','A','admin','2019-11-01 21:00:43',NULL,NULL),(657,3,20,'Ácido tranexámico','A','admin','2019-11-01 21:00:43',NULL,NULL),(658,3,21,'Hidroxocobalamina (Vitamina B 12)','A','admin','2019-11-01 21:00:43',NULL,NULL),(659,3,19,'Azatioprina','A','admin','2019-11-01 21:00:43',NULL,NULL),(660,3,19,'Amlodipina','A','admin','2019-11-01 21:00:43',NULL,NULL),(661,3,19,'Atenolol','A','admin','2019-11-01 21:00:43',NULL,NULL),(662,3,21,'Inmunoglobulina antirrábica','A','admin','2019-11-01 21:00:43',NULL,NULL),(663,3,20,'Azitromicina','A','admin','2019-11-01 21:00:43',NULL,NULL),(664,3,20,'Ciprofloxacina','A','admin','2019-11-01 21:00:43',NULL,NULL),(665,3,21,'Inmunoglobulina antitimocítica o lonfocítica','A','admin','2019-11-01 21:00:43',NULL,NULL),(666,3,19,'Biperideno','A','admin','2019-11-01 21:00:43',NULL,NULL),(667,3,19,'Calcio (Carbonato de Calcio)','A','admin','2019-11-01 21:00:43',NULL,NULL),(668,3,20,'Lamivudina','A','admin','2019-11-01 21:00:43',NULL,NULL),(669,3,73,'Levodopa + Carbidopa','A','admin','2019-11-01 21:00:43',NULL,NULL),(670,3,20,'Capecitabina','A','admin','2019-11-01 21:00:43',NULL,NULL),(671,3,74,'Lidocaína','A','admin','2019-11-01 21:00:44',NULL,NULL),(672,3,75,'Imipenem + cilastatina','A','admin','2019-11-01 21:00:44',NULL,NULL),(673,3,59,'Lágrimas artificiales y otros preparados inertes','A','admin','2019-11-01 21:00:44',NULL,NULL),(674,3,20,'Levofloxacino','A','admin','2019-11-01 21:00:44',NULL,NULL),(675,3,65,'Lidocaína','A','admin','2019-11-01 21:00:44',NULL,NULL),(676,3,19,'Efavirenz','A','admin','2019-11-01 21:00:44',NULL,NULL),(677,3,20,'Efavirenz','A','admin','2019-11-01 21:00:44',NULL,NULL),(678,3,24,'Combinaciones de vitaminas','A','admin','2019-11-01 21:00:44',NULL,NULL),(679,3,54,'Omeprazol','A','admin','2019-11-01 21:00:44',NULL,NULL),(680,3,75,'Omeprazol','A','admin','2019-11-01 21:00:44',NULL,NULL),(681,3,26,'Difenhidramina','A','admin','2019-11-01 21:00:44',NULL,NULL),(682,3,52,'Retinol (Vitamina A)','A','admin','2019-11-01 21:00:44',NULL,NULL),(683,3,20,'Rifampicina+ Pirazinamida+Isoniazida','A','admin','2019-11-01 21:00:44',NULL,NULL),(684,3,29,'Sales de Hierro + Ácido Fólico','A','admin','2019-11-01 21:00:44',NULL,NULL),(685,3,26,'Saquinavir','A','admin','2019-11-01 21:00:45',NULL,NULL),(686,3,50,'Tinidazol','A','admin','2019-11-01 21:00:45',NULL,NULL),(687,3,20,'Zidovudina + Lamivudina + Nevirapina','A','admin','2019-11-01 21:00:45',NULL,NULL),(688,3,19,'Estradiol','A','admin','2019-11-01 21:00:45',NULL,NULL),(689,3,20,'Sales de hierro (Sulfato ferroso)','A','admin','2019-11-01 21:00:45',NULL,NULL),(690,3,33,'Sales de hierro (Sulfato ferroso)','A','admin','2019-11-01 21:00:45',NULL,NULL),(691,3,26,'Gabapentina','A','admin','2019-11-01 21:00:45',NULL,NULL),(692,3,20,'Tiamina (Vitamina B1)','A','admin','2019-11-01 21:00:45',NULL,NULL),(693,3,20,'Nitrofurantoína','A','admin','2019-11-01 21:00:45',NULL,NULL),(694,3,54,'Oxicodona','A','admin','2019-11-01 21:00:45',NULL,NULL),(695,3,52,'Ranitidina','A','admin','2019-11-01 21:00:45',NULL,NULL),(696,3,41,'Anestésico local oftálmico','A','admin','2019-11-01 21:00:45',NULL,NULL),(697,3,20,'Zidovudina','A','admin','2019-11-01 21:00:45',NULL,NULL),(698,3,20,'Tenofovir + Emtricitabina','A','admin','2019-11-01 21:00:45',NULL,NULL),(699,3,20,'Tenofovir disoproxilo','A','admin','2019-11-01 21:00:45',NULL,NULL),(700,3,40,'Vacuna antirrábica','A','admin','2019-11-01 21:00:46',NULL,NULL),(701,3,24,'Vacuna antimeningococo (B + C)','A','admin','2019-11-01 21:00:46',NULL,NULL),(702,3,19,'Medroxiprogesterona + estrógenos equinos conjugados','A','admin','2019-11-01 21:00:46',NULL,NULL),(703,3,20,'Levomepromazina','A','admin','2019-11-01 21:00:46',NULL,NULL),(704,3,24,'Inmunoglobulina anti D','A','admin','2019-11-01 21:00:46',NULL,NULL),(705,3,20,'Gabapentina','A','admin','2019-11-01 21:00:46',NULL,NULL),(706,3,48,'Clorhexidina','A','admin','2019-11-01 21:00:46',NULL,NULL),(707,3,33,'Difenhidramina','A','admin','2019-11-01 21:00:46',NULL,NULL),(708,3,19,'Bosentano','A','admin','2019-11-01 21:00:46',NULL,NULL),(709,3,75,'Imiglucerasa','A','admin','2019-11-01 21:00:46',NULL,NULL),(710,3,20,'Levetiracetam','A','admin','2019-11-01 21:00:46',NULL,NULL),(711,3,19,'Levetiracetam','A','admin','2019-11-01 21:00:46',NULL,NULL),(712,3,32,'Levetiracetam','A','admin','2019-11-01 21:00:46',NULL,NULL),(713,3,20,'Hierro (óxido de hierro polimaltosado) + ácido fólico','A','admin','2019-11-01 21:00:46',NULL,NULL),(714,3,21,'Ranibizumab','A','admin','2019-11-01 21:00:46',NULL,NULL),(715,3,26,'Nilotinib','A','admin','2019-11-01 21:00:46',NULL,NULL),(716,3,26,'Tacrolimo','A','admin','2019-11-01 21:00:47',NULL,NULL),(717,3,39,'Tacrolimo','A','admin','2019-11-01 21:00:47',NULL,NULL),(718,3,26,'Miglustad','A','admin','2019-11-01 21:00:47',NULL,NULL),(719,3,75,'Agalsidasa beta','A','admin','2019-11-01 21:00:47',NULL,NULL),(720,3,24,'Bortezomib','A','admin','2019-11-01 21:00:47',NULL,NULL),(721,3,20,'Clobazam','A','admin','2019-11-01 21:00:47',NULL,NULL),(722,3,21,'Vinorelbina','A','admin','2019-11-01 21:00:47',NULL,NULL),(723,3,57,'Fórmula excenta de lisina y baja en triptófano','A','admin','2019-11-01 21:00:47',NULL,NULL),(724,3,57,'Fórmula hidrolizada libre de áminoácidos y proteínas','A','admin','2019-11-01 21:00:47',NULL,NULL),(725,3,20,'Sildenafil','A','admin','2019-11-01 21:00:47',NULL,NULL),(726,3,19,'Sildenafil','A','admin','2019-11-01 21:00:47',NULL,NULL),(727,3,21,'Triamcinolona','A','admin','2019-11-01 21:00:47',NULL,NULL),(728,3,76,'Tocilizumab','A','admin','2019-11-01 21:00:47',NULL,NULL),(729,3,77,'Indacaterol','A','admin','2019-11-01 21:00:47',NULL,NULL),(730,3,24,'Somatotropina','A','admin','2019-11-01 21:00:47',NULL,NULL),(731,3,24,'Dexrazoxano','A','admin','2019-11-01 21:00:47',NULL,NULL),(732,3,26,'Fingolimod','A','admin','2019-11-01 21:00:47',NULL,NULL),(733,3,19,'Erlotinib','A','admin','2019-11-01 21:00:47',NULL,NULL),(734,3,20,'Glicósidos del senna','A','admin','2019-11-01 21:00:48',NULL,NULL),(735,3,19,'Glicósidos del senna','A','admin','2019-11-01 21:00:48',NULL,NULL),(736,3,62,'Fluticasona','A','admin','2019-11-01 21:00:48',NULL,NULL),(737,3,24,'Alteplasa','A','admin','2019-11-01 21:00:48',NULL,NULL),(738,3,21,'Fosfato de Potasio','A','admin','2019-11-01 21:00:48',NULL,NULL),(739,3,75,'Inmunoglobulina humana normal','A','admin','2019-11-01 21:00:48',NULL,NULL),(740,3,26,'Ácido trans-retinoico (ATRA)','A','admin','2019-11-01 21:00:48',NULL,NULL),(741,3,78,'Trióxido de arsénico','A','admin','2019-11-01 21:00:48',NULL,NULL),(742,3,60,'Etonogestrel','A','admin','2019-11-01 21:00:48',NULL,NULL),(743,3,24,'Ganciclovir','A','admin','2019-11-01 21:00:48',NULL,NULL),(744,3,21,'Adalimumab','A','admin','2019-11-01 21:00:48',NULL,NULL),(745,3,24,'Inmunoglobulina antitimocítica (conejo)','A','admin','2019-11-01 21:00:48',NULL,NULL),(746,3,54,'Fenitoína','A','admin','2019-11-01 21:00:48',NULL,NULL),(747,3,79,'Suero antiofídico polivalente (faboterápico)','A','admin','2019-11-01 21:00:48',NULL,NULL),(748,3,19,'Ritonavir','A','admin','2019-11-01 21:00:48',NULL,NULL),(749,3,80,'Inmunoglobulina Humana Normal para administración Extravascular','A','admin','2019-11-01 21:00:48',NULL,NULL),(750,3,81,'Fosfolípidos naturales (Surfactante pulmonar)','A','admin','2019-11-01 21:00:48',NULL,NULL),(751,3,21,'Sugammadex','A','admin','2019-11-01 21:00:48',NULL,NULL),(752,3,62,'Salmeterol + Fluticasona','A','admin','2019-11-01 21:00:48',NULL,NULL),(753,3,82,'Estradiol','A','admin','2019-11-01 21:00:48',NULL,NULL),(754,3,39,'Sulfato de Bario, Medios de contraste para rayos x, con agentes de suspensión','A','admin','2019-11-01 21:00:49',NULL,NULL),(755,3,39,'Sulfato de Bario, Medios de contraste para rayos x, sin agentes de suspensión','A','admin','2019-11-01 21:00:49',NULL,NULL),(756,3,63,'Sulfato de Bario, Medios de contraste para rayos x, sin agentes de suspensión','A','admin','2019-11-01 21:00:49',NULL,NULL),(757,3,83,'Sulfato de Bario, Medios de contraste para rayos x, sin agentes de suspensión','A','admin','2019-11-01 21:00:49',NULL,NULL),(758,3,84,'Alcohol antiséptico','A','admin','2019-11-01 21:00:49',NULL,NULL),(759,3,84,'Agua Oxigenada','A','admin','2019-11-01 21:00:49',NULL,NULL),(760,3,84,'Gluconato de Clorhexidina','A','admin','2019-11-01 21:00:49',NULL,NULL),(761,3,85,'Fosfolípidos naturales (Surfactante pulmonar)','A','admin','2019-11-01 21:00:49',NULL,NULL);

/*Table structure for table `pr_detalle_tarifario` */

DROP TABLE IF EXISTS `pr_detalle_tarifario`;

CREATE TABLE `pr_detalle_tarifario` (
  `id_detalle_tarifario` bigint(20) NOT NULL AUTO_INCREMENT,
  `id_tarifario` bigint(20) DEFAULT NULL,
  `id_empresa` bigint(20) DEFAULT NULL,
  `id_surcusal` bigint(20) DEFAULT NULL,
  `id_prestacion` bigint(20) DEFAULT NULL,
  `id_unidad_servicio` bigint(20) DEFAULT NULL,
  `valor_costo` double(10,7) DEFAULT NULL,
  `valor_min_venta` double(10,7) DEFAULT NULL,
  `valor_venta` double(10,7) DEFAULT NULL,
  `valor_descuento` double(10,7) DEFAULT NULL,
  `estado` varchar(45) DEFAULT NULL,
  `usuario_creacion` varchar(20) DEFAULT NULL,
  `fecha_creacion` datetime DEFAULT NULL,
  `usuario_actualizacion` varchar(20) DEFAULT NULL,
  `fecha_actualizacion` datetime DEFAULT NULL,
  PRIMARY KEY (`id_detalle_tarifario`),
  KEY `id_tarifario` (`id_tarifario`,`id_empresa`,`id_surcusal`),
  CONSTRAINT `pr_detalle_tarifario_ibfk_1` FOREIGN KEY (`id_tarifario`, `id_empresa`, `id_surcusal`) REFERENCES `pr_tarifario` (`id_tarifario`, `id_empresa`, `id_surcusal`)
) ENGINE=InnoDB AUTO_INCREMENT=7 DEFAULT CHARSET=utf8;

/*Data for the table `pr_detalle_tarifario` */

insert  into `pr_detalle_tarifario`(`id_detalle_tarifario`,`id_tarifario`,`id_empresa`,`id_surcusal`,`id_prestacion`,`id_unidad_servicio`,`valor_costo`,`valor_min_venta`,`valor_venta`,`valor_descuento`,`estado`,`usuario_creacion`,`fecha_creacion`,`usuario_actualizacion`,`fecha_actualizacion`) values (1,1,1,1,1,1,NULL,NULL,1.5000000,0.0000000,'I','admin',NULL,NULL,NULL),(2,1,1,1,2,1,NULL,NULL,1.0000000,0.0000000,'A','admin',NULL,NULL,NULL),(3,1,1,1,1,1,NULL,NULL,2.0000000,0.0000000,'A','admin',NULL,NULL,NULL),(4,1,1,1,3,1,NULL,NULL,2.0000000,0.0000000,'A','admin',NULL,NULL,NULL),(5,1,1,1,4,1,0.5000000,0.5500000,1.0000000,0.0000000,'I','admin',NULL,NULL,NULL),(6,1,1,1,4,1,0.5000000,0.6500000,1.0000000,0.0000000,'A','admin',NULL,NULL,NULL);

/*Table structure for table `pr_empaque` */

DROP TABLE IF EXISTS `pr_empaque`;

CREATE TABLE `pr_empaque` (
  `id` bigint(20) NOT NULL AUTO_INCREMENT,
  `nombre_empaque` varchar(20) DEFAULT NULL,
  `estado` char(2) DEFAULT NULL,
  `usuario_creacion` varchar(20) DEFAULT NULL,
  `fecha_creacion` datetime DEFAULT NULL,
  `usuario_actualizacion` varchar(20) DEFAULT NULL,
  `fecha_actualizacion` datetime DEFAULT NULL,
  PRIMARY KEY (`id`)
) ENGINE=InnoDB AUTO_INCREMENT=4 DEFAULT CHARSET=latin1;

/*Data for the table `pr_empaque` */

insert  into `pr_empaque`(`id`,`nombre_empaque`,`estado`,`usuario_creacion`,`fecha_creacion`,`usuario_actualizacion`,`fecha_actualizacion`) values (1,'CAJA','A','admin','2019-11-01 16:13:11','admin','2019-11-01 16:13:17'),(2,'PACK','A','admin','2019-11-01 16:13:37','admin','2019-11-01 16:13:43'),(3,'UNIDAD','A','admin','2019-12-12 18:13:20',NULL,NULL);

/*Table structure for table `pr_fabricante` */

DROP TABLE IF EXISTS `pr_fabricante`;

CREATE TABLE `pr_fabricante` (
  `id_fabricante` bigint(20) NOT NULL AUTO_INCREMENT,
  `nombre` varchar(70) DEFAULT NULL,
  `estado` char(2) DEFAULT NULL,
  `usuario_creacion` varchar(20) DEFAULT NULL,
  `fecha_creacion` datetime DEFAULT NULL,
  `usuario_actualizacion` varchar(20) DEFAULT NULL,
  `fecha_actualizacion` datetime DEFAULT NULL,
  PRIMARY KEY (`id_fabricante`)
) ENGINE=InnoDB DEFAULT CHARSET=latin1;

/*Data for the table `pr_fabricante` */

/*Table structure for table `pr_grupos` */

DROP TABLE IF EXISTS `pr_grupos`;

CREATE TABLE `pr_grupos` (
  `id_grupo` bigint(20) NOT NULL AUTO_INCREMENT,
  `id_empresa` bigint(20) DEFAULT NULL,
  `nombre` varchar(60) DEFAULT NULL,
  `estado` char(2) DEFAULT NULL,
  `usuario_creacion` varchar(20) DEFAULT NULL,
  `fecha_creacion` datetime DEFAULT NULL,
  `usuario_actualizacion` varchar(20) DEFAULT NULL,
  `fecha_actualizacion` datetime DEFAULT NULL,
  PRIMARY KEY (`id_grupo`),
  KEY `fk_empresa_grupo$1` (`id_empresa`),
  CONSTRAINT `fk_empresa_grupo$1` FOREIGN KEY (`id_empresa`) REFERENCES `se_empresa` (`id_empresa`)
) ENGINE=InnoDB AUTO_INCREMENT=4 DEFAULT CHARSET=utf8;

/*Data for the table `pr_grupos` */

insert  into `pr_grupos`(`id_grupo`,`id_empresa`,`nombre`,`estado`,`usuario_creacion`,`fecha_creacion`,`usuario_actualizacion`,`fecha_actualizacion`) values (1,1,'ALIMENTOS','A',NULL,'2019-11-01 14:01:22',NULL,'2019-11-01 14:13:11'),(2,1,'BEBIDAS','A',NULL,'2019-11-01 14:01:52',NULL,'2019-11-01 14:13:34'),(3,1,'MEDICINAS','A',NULL,'2019-11-01 14:02:24',NULL,'2019-11-01 14:02:24');

/*Table structure for table `pr_medidas` */

DROP TABLE IF EXISTS `pr_medidas`;

CREATE TABLE `pr_medidas` (
  `id_articulo` bigint(20) NOT NULL,
  `id_grupo` bigint(20) NOT NULL,
  `id_subgrupo` bigint(20) NOT NULL,
  `id_tipo_presentacion` bigint(20) NOT NULL,
  `id_tipo_medidas` bigint(20) NOT NULL,
  `estado` char(2) DEFAULT NULL,
  `usuario_creacion` varchar(20) DEFAULT NULL,
  `fecha_creacion` datetime DEFAULT NULL,
  `usuario_actualizacion` varchar(20) DEFAULT NULL,
  `fecha_actualizacion` datetime DEFAULT NULL,
  PRIMARY KEY (`id_articulo`,`id_grupo`,`id_subgrupo`,`id_tipo_presentacion`,`id_tipo_medidas`),
  KEY `fk_tipoPre_medi$2` (`id_tipo_presentacion`),
  KEY `fk_tipoMed_medi$3_idx` (`id_tipo_medidas`),
  CONSTRAINT `fk_articulo_medid$1` FOREIGN KEY (`id_articulo`, `id_grupo`, `id_subgrupo`) REFERENCES `pr_articulo` (`id_articulo`, `id_grupo`, `id_subgrupo`) ON DELETE NO ACTION ON UPDATE NO ACTION,
  CONSTRAINT `fk_tipoMed_medi$3` FOREIGN KEY (`id_tipo_medidas`) REFERENCES `pr_tipo_medidas` (`id_tipo_medidas`) ON DELETE NO ACTION ON UPDATE NO ACTION,
  CONSTRAINT `fk_tipoPre_medi$2` FOREIGN KEY (`id_tipo_presentacion`) REFERENCES `pr_tipo_presentacion` (`id_tipo_presentacion`)
) ENGINE=InnoDB DEFAULT CHARSET=utf8;

/*Data for the table `pr_medidas` */

insert  into `pr_medidas`(`id_articulo`,`id_grupo`,`id_subgrupo`,`id_tipo_presentacion`,`id_tipo_medidas`,`estado`,`usuario_creacion`,`fecha_creacion`,`usuario_actualizacion`,`fecha_actualizacion`) values (1,2,2,1,6,'A','admin','2019-12-12 18:12:41',NULL,NULL),(2,3,19,7,7,'A','admin','2019-11-03 13:33:38',NULL,NULL),(2,3,19,17,84,'A','admin','2019-11-03 13:33:38',NULL,NULL),(2,3,19,353,7,'A','admin','2019-11-03 13:34:57',NULL,NULL),(3,3,20,8,8,'A','admin','2019-11-03 13:33:38',NULL,NULL),(4,3,21,9,9,'A','admin','2019-11-03 13:33:38',NULL,NULL),(4,3,21,9,10,'A','admin','2019-11-03 13:33:38',NULL,NULL),(5,3,22,9,9,'A','admin','2019-11-03 13:33:38',NULL,NULL),(5,3,22,9,10,'A','admin','2019-11-03 13:33:38',NULL,NULL),(6,3,23,8,12,'A','admin','2019-11-03 13:33:38',NULL,NULL),(6,3,23,8,13,'A','admin','2019-11-03 13:33:38',NULL,NULL),(6,3,23,8,14,'A','admin','2019-11-03 13:33:38',NULL,NULL),(6,3,23,10,11,'A','admin','2019-11-03 13:33:38',NULL,NULL),(6,3,23,11,8,'A','admin','2019-11-03 13:33:38',NULL,NULL),(6,3,23,12,15,'A','admin','2019-11-03 13:33:38',NULL,NULL),(7,3,20,8,12,'A','admin','2019-11-03 13:33:39',NULL,NULL),(7,3,20,8,13,'A','admin','2019-11-03 13:33:39',NULL,NULL),(7,3,20,8,14,'A','admin','2019-11-03 13:33:39',NULL,NULL),(7,3,20,10,11,'A','admin','2019-11-03 13:33:38',NULL,NULL),(7,3,20,11,8,'A','admin','2019-11-03 13:33:39',NULL,NULL),(7,3,20,12,15,'A','admin','2019-11-03 13:33:39',NULL,NULL),(8,3,24,8,12,'A','admin','2019-11-03 13:33:39',NULL,NULL),(8,3,24,8,13,'A','admin','2019-11-03 13:33:39',NULL,NULL),(8,3,24,8,14,'A','admin','2019-11-03 13:33:39',NULL,NULL),(8,3,24,10,11,'A','admin','2019-11-03 13:33:39',NULL,NULL),(8,3,24,11,8,'A','admin','2019-11-03 13:33:39',NULL,NULL),(8,3,24,12,15,'A','admin','2019-11-03 13:33:39',NULL,NULL),(9,3,25,8,12,'A','admin','2019-11-03 13:33:39',NULL,NULL),(9,3,25,8,13,'A','admin','2019-11-03 13:33:39',NULL,NULL),(9,3,25,8,14,'A','admin','2019-11-03 13:33:39',NULL,NULL),(9,3,25,10,11,'A','admin','2019-11-03 13:33:39',NULL,NULL),(9,3,25,11,8,'A','admin','2019-11-03 13:33:39',NULL,NULL),(9,3,25,12,15,'A','admin','2019-11-03 13:33:39',NULL,NULL),(10,3,26,8,12,'A','admin','2019-11-03 13:33:39',NULL,NULL),(10,3,26,8,13,'A','admin','2019-11-03 13:33:40',NULL,NULL),(10,3,26,8,14,'A','admin','2019-11-03 13:33:40',NULL,NULL),(10,3,26,10,11,'A','admin','2019-11-03 13:33:39',NULL,NULL),(10,3,26,11,8,'A','admin','2019-11-03 13:33:40',NULL,NULL),(10,3,26,12,15,'A','admin','2019-11-03 13:33:40',NULL,NULL),(11,3,27,8,12,'A','admin','2019-11-03 13:33:40',NULL,NULL),(11,3,27,8,13,'A','admin','2019-11-03 13:33:40',NULL,NULL),(11,3,27,8,14,'A','admin','2019-11-03 13:33:40',NULL,NULL),(11,3,27,10,11,'A','admin','2019-11-03 13:33:40',NULL,NULL),(11,3,27,11,8,'A','admin','2019-11-03 13:33:40',NULL,NULL),(11,3,27,12,15,'A','admin','2019-11-03 13:33:40',NULL,NULL),(12,3,19,8,12,'A','admin','2019-11-03 13:33:40',NULL,NULL),(12,3,19,8,13,'A','admin','2019-11-03 13:33:40',NULL,NULL),(12,3,19,8,14,'A','admin','2019-11-03 13:33:40',NULL,NULL),(12,3,19,10,11,'A','admin','2019-11-03 13:33:40',NULL,NULL),(12,3,19,11,8,'A','admin','2019-11-03 13:33:40',NULL,NULL),(12,3,19,12,15,'A','admin','2019-11-03 13:33:40',NULL,NULL),(13,3,28,8,16,'A','admin','2019-11-03 13:33:40',NULL,NULL),(13,3,28,8,17,'A','admin','2019-11-03 13:33:40',NULL,NULL),(13,3,28,13,16,'A','admin','2019-11-03 13:33:40',NULL,NULL),(14,3,20,8,16,'A','admin','2019-11-03 13:33:40',NULL,NULL),(14,3,20,8,17,'A','admin','2019-11-03 13:33:40',NULL,NULL),(14,3,20,13,16,'A','admin','2019-11-03 13:33:40',NULL,NULL),(15,3,19,8,16,'A','admin','2019-11-03 13:33:41',NULL,NULL),(15,3,19,8,17,'A','admin','2019-11-03 13:33:41',NULL,NULL),(15,3,19,13,16,'A','admin','2019-11-03 13:33:41',NULL,NULL),(16,3,29,8,16,'A','admin','2019-11-03 13:33:41',NULL,NULL),(16,3,29,8,17,'A','admin','2019-11-03 13:33:41',NULL,NULL),(16,3,29,13,16,'A','admin','2019-11-03 13:33:41',NULL,NULL),(17,3,19,8,18,'A','admin','2019-11-03 13:33:41',NULL,NULL),(18,3,20,8,18,'A','admin','2019-11-03 13:33:41',NULL,NULL),(19,3,21,14,9,'A','admin','2019-11-03 13:33:41',NULL,NULL),(20,3,20,15,19,'A','admin','2019-11-03 13:33:41',NULL,NULL),(20,3,20,15,20,'A','admin','2019-11-03 13:33:41',NULL,NULL),(21,3,30,16,21,'A','admin','2019-11-03 13:33:41',NULL,NULL),(22,3,31,17,13,'A','admin','2019-11-03 13:33:41',NULL,NULL),(23,3,19,8,8,'A','admin','2019-11-03 13:33:41',NULL,NULL),(23,3,19,8,16,'A','admin','2019-11-03 13:33:41',NULL,NULL),(23,3,19,18,9,'A','admin','2019-11-03 13:33:41',NULL,NULL),(24,3,21,8,8,'A','admin','2019-11-03 13:33:41',NULL,NULL),(24,3,21,8,16,'A','admin','2019-11-03 13:33:41',NULL,NULL),(24,3,21,18,9,'A','admin','2019-11-03 13:33:41',NULL,NULL),(25,3,19,15,16,'A','admin','2019-11-03 13:33:41',NULL,NULL),(25,3,19,17,22,'A','admin','2019-11-03 13:33:41',NULL,NULL),(26,3,32,15,16,'A','admin','2019-11-03 13:33:41',NULL,NULL),(26,3,32,17,22,'A','admin','2019-11-03 13:33:42',NULL,NULL),(27,3,32,17,23,'A','admin','2019-11-03 13:33:42',NULL,NULL),(27,3,32,19,24,'A','admin','2019-11-03 13:33:42',NULL,NULL),(28,3,33,17,23,'A','admin','2019-11-03 13:33:42',NULL,NULL),(28,3,33,19,24,'A','admin','2019-11-03 13:33:42',NULL,NULL),(29,3,24,20,25,'A','admin','2019-11-03 13:33:42',NULL,NULL),(30,3,24,21,26,'A','admin','2019-11-03 13:33:42',NULL,NULL),(31,3,34,12,27,'A','admin','2019-11-03 13:33:42',NULL,NULL),(32,3,21,22,28,'A','admin','2019-11-03 13:33:42',NULL,NULL),(33,3,21,23,29,'A','admin','2019-11-03 13:34:02',NULL,NULL),(33,3,21,23,30,'A','admin','2019-11-03 13:34:02',NULL,NULL),(34,3,21,24,31,'A','admin','2019-11-03 13:34:02',NULL,NULL),(35,3,23,8,14,'A','admin','2019-11-03 13:33:42',NULL,NULL),(35,3,23,25,32,'A','admin','2019-11-03 13:34:02',NULL,NULL),(35,3,23,26,14,'A','admin','2019-11-03 13:34:02',NULL,NULL),(36,3,29,8,14,'A','admin','2019-11-03 13:33:42',NULL,NULL),(36,3,29,25,32,'A','admin','2019-11-03 13:34:02',NULL,NULL),(36,3,29,26,14,'A','admin','2019-11-03 13:34:02',NULL,NULL),(37,3,20,8,14,'A','admin','2019-11-03 13:33:42',NULL,NULL),(37,3,20,25,32,'A','admin','2019-11-03 13:34:03',NULL,NULL),(37,3,20,26,14,'A','admin','2019-11-03 13:34:03',NULL,NULL),(38,3,35,27,33,'A','admin','2019-11-03 13:34:03',NULL,NULL),(39,3,20,8,7,'A','admin','2019-11-03 13:33:42',NULL,NULL),(39,3,20,8,17,'A','admin','2019-11-03 13:33:42',NULL,NULL),(40,3,20,8,34,'A','admin','2019-11-03 13:33:42',NULL,NULL),(40,3,20,8,35,'A','admin','2019-11-03 13:33:42',NULL,NULL),(40,3,20,8,36,'A','admin','2019-11-03 13:33:42',NULL,NULL),(41,3,19,8,34,'A','admin','2019-11-03 13:33:42',NULL,NULL),(41,3,19,8,35,'A','admin','2019-11-03 13:33:42',NULL,NULL),(41,3,19,8,36,'A','admin','2019-11-03 13:33:42',NULL,NULL),(42,3,36,8,34,'A','admin','2019-11-03 13:33:42',NULL,NULL),(42,3,36,8,35,'A','admin','2019-11-03 13:33:42',NULL,NULL),(42,3,36,8,36,'A','admin','2019-11-03 13:33:43',NULL,NULL),(43,3,37,28,37,'A','admin','2019-11-03 13:34:03',NULL,NULL),(44,3,24,29,16,'A','admin','2019-11-03 13:34:03',NULL,NULL),(45,3,38,22,38,'A','admin','2019-11-03 13:33:43',NULL,NULL),(45,3,38,30,39,'A','admin','2019-11-03 13:34:03',NULL,NULL),(46,3,21,31,40,'A','admin','2019-11-03 13:34:03',NULL,NULL),(46,3,21,32,41,'A','admin','2019-11-03 13:34:03',NULL,NULL),(46,3,21,32,42,'A','admin','2019-11-03 13:34:03',NULL,NULL),(47,3,21,33,43,'A','admin','2019-11-03 13:34:03',NULL,NULL),(48,3,19,8,12,'A','admin','2019-11-03 13:33:43',NULL,NULL),(48,3,19,9,38,'A','admin','2019-11-03 13:33:43',NULL,NULL),(49,3,21,8,12,'A','admin','2019-11-03 13:33:43',NULL,NULL),(49,3,21,9,38,'A','admin','2019-11-03 13:33:43',NULL,NULL),(50,3,20,8,12,'A','admin','2019-11-03 13:33:43',NULL,NULL),(50,3,20,9,38,'A','admin','2019-11-03 13:33:43',NULL,NULL),(51,3,20,8,44,'A','admin','2019-11-03 13:33:43',NULL,NULL),(51,3,20,8,45,'A','admin','2019-11-03 13:33:43',NULL,NULL),(52,3,19,8,44,'A','admin','2019-11-03 13:33:43',NULL,NULL),(52,3,19,8,45,'A','admin','2019-11-03 13:33:43',NULL,NULL),(53,3,20,8,19,'A','admin','2019-11-03 13:33:43',NULL,NULL),(53,3,20,8,44,'A','admin','2019-11-03 13:33:43',NULL,NULL),(54,3,39,8,16,'A','admin','2019-11-03 13:33:43',NULL,NULL),(54,3,39,34,9,'A','admin','2019-11-03 13:34:03',NULL,NULL),(54,3,39,35,24,'A','admin','2019-11-03 13:34:03',NULL,NULL),(54,3,39,36,16,'A','admin','2019-11-03 13:34:03',NULL,NULL),(55,3,19,8,16,'A','admin','2019-11-03 13:33:43',NULL,NULL),(55,3,19,34,9,'A','admin','2019-11-03 13:34:03',NULL,NULL),(55,3,19,35,24,'A','admin','2019-11-03 13:34:03',NULL,NULL),(55,3,19,36,16,'A','admin','2019-11-03 13:34:03',NULL,NULL),(56,3,20,8,16,'A','admin','2019-11-03 13:33:43',NULL,NULL),(56,3,20,34,9,'A','admin','2019-11-03 13:34:03',NULL,NULL),(56,3,20,35,24,'A','admin','2019-11-03 13:34:03',NULL,NULL),(56,3,20,36,16,'A','admin','2019-11-03 13:34:03',NULL,NULL),(57,3,26,8,16,'A','admin','2019-11-03 13:33:43',NULL,NULL),(57,3,26,34,9,'A','admin','2019-11-03 13:34:03',NULL,NULL),(57,3,26,35,24,'A','admin','2019-11-03 13:34:03',NULL,NULL),(57,3,26,36,16,'A','admin','2019-11-03 13:34:03',NULL,NULL),(58,3,39,10,46,'A','admin','2019-11-03 13:33:43',NULL,NULL),(58,3,39,11,48,'A','admin','2019-11-03 13:33:43',NULL,NULL),(58,3,39,37,47,'A','admin','2019-11-03 13:34:03',NULL,NULL),(58,3,39,38,49,'A','admin','2019-11-03 13:34:04',NULL,NULL),(59,3,24,10,46,'A','admin','2019-11-03 13:33:43',NULL,NULL),(59,3,24,11,48,'A','admin','2019-11-03 13:33:43',NULL,NULL),(59,3,24,37,47,'A','admin','2019-11-03 13:34:04',NULL,NULL),(59,3,24,38,49,'A','admin','2019-11-03 13:34:04',NULL,NULL),(60,3,19,10,46,'A','admin','2019-11-03 13:33:43',NULL,NULL),(60,3,19,11,48,'A','admin','2019-11-03 13:33:43',NULL,NULL),(60,3,19,37,47,'A','admin','2019-11-03 13:34:04',NULL,NULL),(60,3,19,38,49,'A','admin','2019-11-03 13:34:04',NULL,NULL),(61,3,24,39,16,'A','admin','2019-11-03 13:34:04',NULL,NULL),(61,3,24,39,50,'A','admin','2019-11-03 13:34:04',NULL,NULL),(62,3,19,40,51,'A','admin','2019-11-03 13:34:04',NULL,NULL),(62,3,19,40,52,'A','admin','2019-11-03 13:34:04',NULL,NULL),(62,3,19,41,53,'A','admin','2019-11-03 13:34:04',NULL,NULL),(62,3,19,365,52,'A','admin','2019-11-03 13:34:59',NULL,NULL),(63,3,20,40,51,'A','admin','2019-11-03 13:34:04',NULL,NULL),(63,3,20,40,52,'A','admin','2019-11-03 13:34:04',NULL,NULL),(63,3,20,41,53,'A','admin','2019-11-03 13:34:04',NULL,NULL),(63,3,20,365,52,'A','admin','2019-11-03 13:34:59',NULL,NULL),(64,3,24,40,51,'A','admin','2019-11-03 13:34:04',NULL,NULL),(64,3,24,40,52,'A','admin','2019-11-03 13:34:04',NULL,NULL),(64,3,24,41,53,'A','admin','2019-11-03 13:34:04',NULL,NULL),(64,3,24,365,52,'A','admin','2019-11-03 13:35:00',NULL,NULL),(65,3,24,29,54,'A','admin','2019-11-03 13:34:04',NULL,NULL),(66,3,40,42,55,'A','admin','2019-11-03 13:34:04',NULL,NULL),(67,3,20,8,56,'A','admin','2019-11-03 13:33:43',NULL,NULL),(68,3,24,43,57,'A','admin','2019-11-03 13:34:09',NULL,NULL),(69,3,26,17,12,'A','admin','2019-11-03 13:33:44',NULL,NULL),(69,3,26,17,58,'A','admin','2019-11-03 13:33:44',NULL,NULL),(70,3,20,8,17,'A','admin','2019-11-03 13:33:44',NULL,NULL),(70,3,20,8,54,'A','admin','2019-11-03 13:33:44',NULL,NULL),(71,3,21,44,59,'A','admin','2019-11-03 13:34:09',NULL,NULL),(71,3,21,45,60,'A','admin','2019-11-03 13:34:09',NULL,NULL),(71,3,21,45,61,'A','admin','2019-11-03 13:34:09',NULL,NULL),(72,3,41,44,59,'A','admin','2019-11-03 13:34:09',NULL,NULL),(72,3,41,45,60,'A','admin','2019-11-03 13:34:09',NULL,NULL),(72,3,41,45,61,'A','admin','2019-11-03 13:34:09',NULL,NULL),(73,3,24,8,54,'A','admin','2019-11-03 13:33:44',NULL,NULL),(73,3,24,29,17,'A','admin','2019-11-03 13:34:04',NULL,NULL),(74,3,20,8,54,'A','admin','2019-11-03 13:33:44',NULL,NULL),(74,3,20,29,17,'A','admin','2019-11-03 13:34:04',NULL,NULL),(75,3,26,8,8,'A','admin','2019-11-03 13:33:44',NULL,NULL),(75,3,26,8,16,'A','admin','2019-11-03 13:33:44',NULL,NULL),(75,3,26,46,11,'A','admin','2019-11-03 13:34:09',NULL,NULL),(76,3,19,8,8,'A','admin','2019-11-03 13:33:44',NULL,NULL),(76,3,19,8,16,'A','admin','2019-11-03 13:33:44',NULL,NULL),(76,3,19,46,11,'A','admin','2019-11-03 13:34:09',NULL,NULL),(77,3,39,8,8,'A','admin','2019-11-03 13:33:44',NULL,NULL),(77,3,39,8,16,'A','admin','2019-11-03 13:33:44',NULL,NULL),(77,3,39,46,11,'A','admin','2019-11-03 13:34:09',NULL,NULL),(78,3,24,47,62,'A','admin','2019-11-03 13:34:09',NULL,NULL),(78,3,24,127,44,'A','admin','2019-11-03 13:34:25',NULL,NULL),(79,3,42,48,63,'A','admin','2019-11-03 13:34:09',NULL,NULL),(79,3,42,48,64,'A','admin','2019-11-03 13:34:09',NULL,NULL),(80,3,24,49,65,'A','admin','2019-11-03 13:34:09',NULL,NULL),(80,3,24,49,66,'A','admin','2019-11-03 13:34:09',NULL,NULL),(81,3,24,11,69,'A','admin','2019-11-03 13:33:44',NULL,NULL),(81,3,24,39,67,'A','admin','2019-11-03 13:34:04',NULL,NULL),(81,3,24,49,68,'A','admin','2019-11-03 13:34:09',NULL,NULL),(82,3,20,8,17,'A','admin','2019-11-03 13:33:44',NULL,NULL),(82,3,20,17,54,'A','admin','2019-11-03 13:33:44',NULL,NULL),(83,3,21,50,70,'A','admin','2019-11-03 13:34:09',NULL,NULL),(83,3,21,51,71,'A','admin','2019-11-03 13:34:10',NULL,NULL),(83,3,21,52,71,'A','admin','2019-11-03 13:34:10',NULL,NULL),(83,3,21,53,27,'A','admin','2019-11-03 13:34:10',NULL,NULL),(83,3,21,53,71,'A','admin','2019-11-03 13:34:10',NULL,NULL),(83,3,21,336,27,'A','admin','2019-11-03 13:34:55',NULL,NULL),(84,3,43,50,70,'A','admin','2019-11-03 13:34:10',NULL,NULL),(84,3,43,51,71,'A','admin','2019-11-03 13:34:10',NULL,NULL),(84,3,43,52,71,'A','admin','2019-11-03 13:34:10',NULL,NULL),(84,3,43,53,27,'A','admin','2019-11-03 13:34:10',NULL,NULL),(84,3,43,53,71,'A','admin','2019-11-03 13:34:10',NULL,NULL),(84,3,43,336,27,'A','admin','2019-11-03 13:34:55',NULL,NULL),(85,3,44,50,70,'A','admin','2019-11-03 13:34:10',NULL,NULL),(85,3,44,51,71,'A','admin','2019-11-03 13:34:10',NULL,NULL),(85,3,44,52,71,'A','admin','2019-11-03 13:34:10',NULL,NULL),(85,3,44,53,27,'A','admin','2019-11-03 13:34:10',NULL,NULL),(85,3,44,53,71,'A','admin','2019-11-03 13:34:10',NULL,NULL),(85,3,44,336,27,'A','admin','2019-11-03 13:34:55',NULL,NULL),(86,3,30,50,70,'A','admin','2019-11-03 13:34:10',NULL,NULL),(86,3,30,51,71,'A','admin','2019-11-03 13:34:10',NULL,NULL),(86,3,30,52,71,'A','admin','2019-11-03 13:34:10',NULL,NULL),(86,3,30,53,27,'A','admin','2019-11-03 13:34:10',NULL,NULL),(86,3,30,53,71,'A','admin','2019-11-03 13:34:10',NULL,NULL),(86,3,30,336,27,'A','admin','2019-11-03 13:34:55',NULL,NULL),(87,3,21,54,43,'A','admin','2019-11-03 13:34:10',NULL,NULL),(88,3,21,8,25,'A','admin','2019-11-03 13:33:44',NULL,NULL),(88,3,21,8,73,'A','admin','2019-11-03 13:33:44',NULL,NULL),(88,3,21,50,72,'A','admin','2019-11-03 13:34:10',NULL,NULL),(89,3,20,8,25,'A','admin','2019-11-03 13:33:44',NULL,NULL),(89,3,20,8,73,'A','admin','2019-11-03 13:33:44',NULL,NULL),(89,3,20,50,72,'A','admin','2019-11-03 13:34:10',NULL,NULL),(90,3,24,55,74,'A','admin','2019-11-03 13:34:10',NULL,NULL),(91,3,21,56,75,'A','admin','2019-11-03 13:34:10',NULL,NULL),(91,3,21,57,61,'A','admin','2019-11-03 13:34:10',NULL,NULL),(92,3,21,58,75,'A','admin','2019-11-03 13:34:10',NULL,NULL),(92,3,21,59,61,'A','admin','2019-11-03 13:34:11',NULL,NULL),(93,3,45,8,77,'A','admin','2019-11-03 13:33:44',NULL,NULL),(93,3,45,50,78,'A','admin','2019-11-03 13:34:11',NULL,NULL),(93,3,45,60,76,'A','admin','2019-11-03 13:34:11',NULL,NULL),(94,3,46,8,77,'A','admin','2019-11-03 13:33:44',NULL,NULL),(94,3,46,50,78,'A','admin','2019-11-03 13:34:11',NULL,NULL),(94,3,46,60,76,'A','admin','2019-11-03 13:34:11',NULL,NULL),(95,3,21,8,77,'A','admin','2019-11-03 13:33:44',NULL,NULL),(95,3,21,50,78,'A','admin','2019-11-03 13:34:11',NULL,NULL),(95,3,21,60,76,'A','admin','2019-11-03 13:34:11',NULL,NULL),(96,3,21,50,79,'A','admin','2019-11-03 13:34:11',NULL,NULL),(97,3,20,15,36,'A','admin','2019-11-03 13:33:44',NULL,NULL),(98,3,20,8,16,'A','admin','2019-11-03 13:33:45',NULL,NULL),(98,3,20,15,16,'A','admin','2019-11-03 13:33:45',NULL,NULL),(99,3,29,8,16,'A','admin','2019-11-03 13:33:45',NULL,NULL),(99,3,29,15,16,'A','admin','2019-11-03 13:33:45',NULL,NULL),(100,3,21,33,40,'A','admin','2019-11-03 13:34:04',NULL,NULL),(101,3,44,61,80,'A','admin','2019-11-03 13:34:11',NULL,NULL),(102,3,26,8,81,'A','admin','2019-11-03 13:33:45',NULL,NULL),(103,3,19,8,16,'A','admin','2019-11-03 13:33:45',NULL,NULL),(103,3,19,15,16,'A','admin','2019-11-03 13:33:45',NULL,NULL),(104,3,24,29,82,'A','admin','2019-11-03 13:34:04',NULL,NULL),(105,3,36,8,14,'A','admin','2019-11-03 13:33:45',NULL,NULL),(105,3,36,19,32,'A','admin','2019-11-03 13:33:45',NULL,NULL),(105,3,36,36,12,'A','admin','2019-11-03 13:34:04',NULL,NULL),(105,3,36,36,14,'A','admin','2019-11-03 13:34:04',NULL,NULL),(106,3,23,8,14,'A','admin','2019-11-03 13:33:45',NULL,NULL),(106,3,23,19,32,'A','admin','2019-11-03 13:33:45',NULL,NULL),(106,3,23,36,12,'A','admin','2019-11-03 13:34:05',NULL,NULL),(106,3,23,36,14,'A','admin','2019-11-03 13:34:04',NULL,NULL),(107,3,20,8,14,'A','admin','2019-11-03 13:33:45',NULL,NULL),(107,3,20,19,32,'A','admin','2019-11-03 13:33:45',NULL,NULL),(107,3,20,36,12,'A','admin','2019-11-03 13:34:05',NULL,NULL),(107,3,20,36,14,'A','admin','2019-11-03 13:34:05',NULL,NULL),(108,3,19,8,14,'A','admin','2019-11-03 13:33:45',NULL,NULL),(108,3,19,19,32,'A','admin','2019-11-03 13:33:45',NULL,NULL),(108,3,19,36,12,'A','admin','2019-11-03 13:34:05',NULL,NULL),(108,3,19,36,14,'A','admin','2019-11-03 13:34:05',NULL,NULL),(109,3,24,29,58,'A','admin','2019-11-03 13:34:05',NULL,NULL),(109,3,24,29,83,'A','admin','2019-11-03 13:34:05',NULL,NULL),(109,3,24,62,84,'A','admin','2019-11-03 13:34:11',NULL,NULL),(110,3,21,29,58,'A','admin','2019-11-03 13:34:05',NULL,NULL),(110,3,21,29,83,'A','admin','2019-11-03 13:34:05',NULL,NULL),(110,3,21,62,84,'A','admin','2019-11-03 13:34:11',NULL,NULL),(111,3,20,8,45,'A','admin','2019-11-03 13:33:45',NULL,NULL),(111,3,20,8,85,'A','admin','2019-11-03 13:33:45',NULL,NULL),(111,3,20,8,86,'A','admin','2019-11-03 13:33:45',NULL,NULL),(112,3,24,29,18,'A','admin','2019-11-03 13:34:05',NULL,NULL),(112,3,24,29,54,'A','admin','2019-11-03 13:34:05',NULL,NULL),(113,3,39,8,16,'A','admin','2019-11-03 13:33:45',NULL,NULL),(113,3,39,63,24,'A','admin','2019-11-03 13:34:12',NULL,NULL),(114,3,26,8,16,'A','admin','2019-11-03 13:33:45',NULL,NULL),(114,3,26,63,24,'A','admin','2019-11-03 13:34:12',NULL,NULL),(115,3,24,11,82,'A','admin','2019-11-03 13:33:45',NULL,NULL),(116,3,24,11,82,'A','admin','2019-11-03 13:33:45',NULL,NULL),(117,3,24,64,16,'A','admin','2019-11-03 13:34:12',NULL,NULL),(117,3,24,64,87,'A','admin','2019-11-03 13:34:12',NULL,NULL),(118,3,24,11,87,'A','admin','2019-11-03 13:33:45',NULL,NULL),(118,3,24,29,16,'A','admin','2019-11-03 13:34:05',NULL,NULL),(119,3,24,29,16,'A','admin','2019-11-03 13:34:05',NULL,NULL),(119,3,24,29,82,'A','admin','2019-11-03 13:34:05',NULL,NULL),(119,3,24,36,54,'A','admin','2019-11-03 13:34:05',NULL,NULL),(120,3,20,29,16,'A','admin','2019-11-03 13:34:05',NULL,NULL),(120,3,20,29,82,'A','admin','2019-11-03 13:34:05',NULL,NULL),(120,3,20,36,54,'A','admin','2019-11-03 13:34:05',NULL,NULL),(121,3,26,65,8,'A','admin','2019-11-03 13:34:12',NULL,NULL),(122,3,26,8,17,'A','admin','2019-11-03 13:33:45',NULL,NULL),(122,3,26,8,45,'A','admin','2019-11-03 13:33:46',NULL,NULL),(122,3,26,8,54,'A','admin','2019-11-03 13:33:45',NULL,NULL),(122,3,26,18,257,'A','admin','2019-11-03 13:33:46',NULL,NULL),(122,3,26,66,9,'A','admin','2019-11-03 13:34:12',NULL,NULL),(123,3,32,8,17,'A','admin','2019-11-03 13:33:46',NULL,NULL),(123,3,32,8,45,'A','admin','2019-11-03 13:33:46',NULL,NULL),(123,3,32,8,54,'A','admin','2019-11-03 13:33:46',NULL,NULL),(123,3,32,18,257,'A','admin','2019-11-03 13:33:46',NULL,NULL),(123,3,32,66,9,'A','admin','2019-11-03 13:34:12',NULL,NULL),(124,3,41,8,16,'A','admin','2019-11-03 13:33:46',NULL,NULL),(124,3,41,36,16,'A','admin','2019-11-03 13:34:05',NULL,NULL),(124,3,41,65,16,'A','admin','2019-11-03 13:34:12',NULL,NULL),(124,3,41,67,88,'A','admin','2019-11-03 13:34:12',NULL,NULL),(124,3,41,68,89,'A','admin','2019-11-03 13:34:12',NULL,NULL),(125,3,36,8,16,'A','admin','2019-11-03 13:33:46',NULL,NULL),(125,3,36,36,16,'A','admin','2019-11-03 13:34:05',NULL,NULL),(125,3,36,65,16,'A','admin','2019-11-03 13:34:12',NULL,NULL),(125,3,36,67,88,'A','admin','2019-11-03 13:34:12',NULL,NULL),(125,3,36,68,89,'A','admin','2019-11-03 13:34:12',NULL,NULL),(126,3,38,8,16,'A','admin','2019-11-03 13:33:46',NULL,NULL),(126,3,38,36,16,'A','admin','2019-11-03 13:34:05',NULL,NULL),(126,3,38,65,16,'A','admin','2019-11-03 13:34:12',NULL,NULL),(126,3,38,67,88,'A','admin','2019-11-03 13:34:12',NULL,NULL),(126,3,38,68,89,'A','admin','2019-11-03 13:34:13',NULL,NULL),(127,3,26,8,16,'A','admin','2019-11-03 13:33:46',NULL,NULL),(127,3,26,36,16,'A','admin','2019-11-03 13:34:05',NULL,NULL),(127,3,26,65,16,'A','admin','2019-11-03 13:34:13',NULL,NULL),(127,3,26,67,88,'A','admin','2019-11-03 13:34:13',NULL,NULL),(127,3,26,68,89,'A','admin','2019-11-03 13:34:13',NULL,NULL),(128,3,19,8,16,'A','admin','2019-11-03 13:33:46',NULL,NULL),(128,3,19,36,16,'A','admin','2019-11-03 13:34:05',NULL,NULL),(128,3,19,65,16,'A','admin','2019-11-03 13:34:13',NULL,NULL),(128,3,19,67,88,'A','admin','2019-11-03 13:34:13',NULL,NULL),(128,3,19,68,89,'A','admin','2019-11-03 13:34:13',NULL,NULL),(129,3,21,11,44,'A','admin','2019-11-03 13:33:46',NULL,NULL),(129,3,21,11,54,'A','admin','2019-11-03 13:33:46',NULL,NULL),(129,3,21,69,90,'A','admin','2019-11-03 13:34:13',NULL,NULL),(129,3,21,70,59,'A','admin','2019-11-03 13:34:13',NULL,NULL),(130,3,24,11,44,'A','admin','2019-11-03 13:33:46',NULL,NULL),(130,3,24,11,54,'A','admin','2019-11-03 13:33:46',NULL,NULL),(130,3,24,69,90,'A','admin','2019-11-03 13:34:13',NULL,NULL),(130,3,24,70,59,'A','admin','2019-11-03 13:34:13',NULL,NULL),(131,3,24,11,16,'A','admin','2019-11-03 13:33:46',NULL,NULL),(131,3,24,11,17,'A','admin','2019-11-03 13:33:46',NULL,NULL),(131,3,24,11,82,'A','admin','2019-11-03 13:33:46',NULL,NULL),(132,3,20,8,16,'A','admin','2019-11-03 13:33:46',NULL,NULL),(132,3,20,11,16,'A','admin','2019-11-03 13:33:46',NULL,NULL),(132,3,20,71,91,'A','admin','2019-11-03 13:34:13',NULL,NULL),(132,3,20,72,24,'A','admin','2019-11-03 13:34:13',NULL,NULL),(133,3,39,8,16,'A','admin','2019-11-03 13:33:46',NULL,NULL),(133,3,39,11,16,'A','admin','2019-11-03 13:33:46',NULL,NULL),(133,3,39,71,91,'A','admin','2019-11-03 13:34:13',NULL,NULL),(133,3,39,72,24,'A','admin','2019-11-03 13:34:13',NULL,NULL),(134,3,24,8,16,'A','admin','2019-11-03 13:33:46',NULL,NULL),(134,3,24,11,16,'A','admin','2019-11-03 13:33:46',NULL,NULL),(134,3,24,71,91,'A','admin','2019-11-03 13:34:13',NULL,NULL),(134,3,24,72,24,'A','admin','2019-11-03 13:34:13',NULL,NULL),(135,3,19,8,16,'A','admin','2019-11-03 13:33:46',NULL,NULL),(135,3,19,11,16,'A','admin','2019-11-03 13:33:47',NULL,NULL),(135,3,19,71,91,'A','admin','2019-11-03 13:34:13',NULL,NULL),(135,3,19,72,24,'A','admin','2019-11-03 13:34:13',NULL,NULL),(136,3,26,8,7,'A','admin','2019-11-03 13:33:47',NULL,NULL),(136,3,26,73,92,'A','admin','2019-11-03 13:34:13',NULL,NULL),(137,3,38,8,7,'A','admin','2019-11-03 13:33:47',NULL,NULL),(137,3,38,73,92,'A','admin','2019-11-03 13:34:13',NULL,NULL),(138,3,26,36,17,'A','admin','2019-11-03 13:34:05',NULL,NULL),(139,3,20,8,54,'A','admin','2019-11-03 13:33:47',NULL,NULL),(140,3,20,8,20,'A','admin','2019-11-03 13:33:47',NULL,NULL),(140,3,20,8,36,'A','admin','2019-11-03 13:33:47',NULL,NULL),(140,3,20,8,73,'A','admin','2019-11-03 13:33:47',NULL,NULL),(140,3,20,74,93,'A','admin','2019-11-03 13:34:13',NULL,NULL),(141,3,25,8,20,'A','admin','2019-11-03 13:33:47',NULL,NULL),(141,3,25,8,36,'A','admin','2019-11-03 13:33:47',NULL,NULL),(141,3,25,8,73,'A','admin','2019-11-03 13:33:47',NULL,NULL),(141,3,25,74,93,'A','admin','2019-11-03 13:34:13',NULL,NULL),(142,3,32,8,20,'A','admin','2019-11-03 13:33:47',NULL,NULL),(142,3,32,8,36,'A','admin','2019-11-03 13:33:47',NULL,NULL),(142,3,32,8,73,'A','admin','2019-11-03 13:33:47',NULL,NULL),(142,3,32,74,93,'A','admin','2019-11-03 13:34:13',NULL,NULL),(143,3,19,8,7,'A','admin','2019-11-03 13:33:47',NULL,NULL),(143,3,19,36,94,'A','admin','2019-11-03 13:34:06',NULL,NULL),(144,3,20,36,73,'A','admin','2019-11-03 13:34:06',NULL,NULL),(145,3,41,12,60,'A','admin','2019-11-03 13:33:47',NULL,NULL),(145,3,41,67,61,'A','admin','2019-11-03 13:34:14',NULL,NULL),(145,3,41,67,246,'A','admin','2019-11-03 13:34:14',NULL,NULL),(146,3,27,12,60,'A','admin','2019-11-03 13:33:47',NULL,NULL),(146,3,27,67,61,'A','admin','2019-11-03 13:34:14',NULL,NULL),(146,3,27,67,246,'A','admin','2019-11-03 13:34:14',NULL,NULL),(147,3,20,8,8,'A','admin','2019-11-03 13:33:47',NULL,NULL),(147,3,20,222,116,'A','admin','2019-11-03 13:34:41',NULL,NULL),(148,3,20,8,45,'A','admin','2019-11-03 13:33:47',NULL,NULL),(148,3,20,22,95,'A','admin','2019-11-03 13:33:47',NULL,NULL),(148,3,20,36,17,'A','admin','2019-11-03 13:34:06',NULL,NULL),(149,3,19,8,45,'A','admin','2019-11-03 13:33:47',NULL,NULL),(149,3,19,22,95,'A','admin','2019-11-03 13:33:47',NULL,NULL),(149,3,19,36,17,'A','admin','2019-11-03 13:34:06',NULL,NULL),(150,3,21,8,45,'A','admin','2019-11-03 13:33:47',NULL,NULL),(150,3,21,22,95,'A','admin','2019-11-03 13:33:47',NULL,NULL),(150,3,21,36,17,'A','admin','2019-11-03 13:34:06',NULL,NULL),(151,3,20,8,45,'A','admin','2019-11-03 13:33:47',NULL,NULL),(151,3,20,8,54,'A','admin','2019-11-03 13:33:47',NULL,NULL),(152,3,47,75,16,'A','admin','2019-11-03 13:34:14',NULL,NULL),(152,3,47,76,60,'A','admin','2019-11-03 13:34:14',NULL,NULL),(152,3,47,77,60,'A','admin','2019-11-03 13:34:14',NULL,NULL),(152,3,47,78,21,'A','admin','2019-11-03 13:34:14',NULL,NULL),(152,3,47,79,16,'A','admin','2019-11-03 13:34:14',NULL,NULL),(152,3,47,80,60,'A','admin','2019-11-03 13:34:14',NULL,NULL),(152,3,47,81,17,'A','admin','2019-11-03 13:34:14',NULL,NULL),(152,3,47,82,12,'A','admin','2019-11-03 13:34:14',NULL,NULL),(152,3,47,83,12,'A','admin','2019-11-03 13:34:14',NULL,NULL),(152,3,47,83,17,'A','admin','2019-11-03 13:34:14',NULL,NULL),(153,3,48,75,16,'A','admin','2019-11-03 13:34:14',NULL,NULL),(153,3,48,76,60,'A','admin','2019-11-03 13:34:14',NULL,NULL),(153,3,48,77,60,'A','admin','2019-11-03 13:34:14',NULL,NULL),(153,3,48,78,21,'A','admin','2019-11-03 13:34:14',NULL,NULL),(153,3,48,79,16,'A','admin','2019-11-03 13:34:14',NULL,NULL),(153,3,48,80,60,'A','admin','2019-11-03 13:34:14',NULL,NULL),(153,3,48,81,17,'A','admin','2019-11-03 13:34:14',NULL,NULL),(153,3,48,82,12,'A','admin','2019-11-03 13:34:14',NULL,NULL),(153,3,48,83,12,'A','admin','2019-11-03 13:34:14',NULL,NULL),(153,3,48,83,17,'A','admin','2019-11-03 13:34:14',NULL,NULL),(154,3,49,75,16,'A','admin','2019-11-03 13:34:14',NULL,NULL),(154,3,49,76,60,'A','admin','2019-11-03 13:34:15',NULL,NULL),(154,3,49,77,60,'A','admin','2019-11-03 13:34:15',NULL,NULL),(154,3,49,78,21,'A','admin','2019-11-03 13:34:15',NULL,NULL),(154,3,49,79,16,'A','admin','2019-11-03 13:34:15',NULL,NULL),(154,3,49,80,60,'A','admin','2019-11-03 13:34:15',NULL,NULL),(154,3,49,81,17,'A','admin','2019-11-03 13:34:15',NULL,NULL),(154,3,49,82,12,'A','admin','2019-11-03 13:34:15',NULL,NULL),(154,3,49,83,12,'A','admin','2019-11-03 13:34:15',NULL,NULL),(154,3,49,83,17,'A','admin','2019-11-03 13:34:15',NULL,NULL),(155,3,50,75,16,'A','admin','2019-11-03 13:34:15',NULL,NULL),(155,3,50,76,60,'A','admin','2019-11-03 13:34:15',NULL,NULL),(155,3,50,77,60,'A','admin','2019-11-03 13:34:15',NULL,NULL),(155,3,50,78,21,'A','admin','2019-11-03 13:34:15',NULL,NULL),(155,3,50,79,16,'A','admin','2019-11-03 13:34:15',NULL,NULL),(155,3,50,80,60,'A','admin','2019-11-03 13:34:15',NULL,NULL),(155,3,50,81,17,'A','admin','2019-11-03 13:34:15',NULL,NULL),(155,3,50,82,12,'A','admin','2019-11-03 13:34:15',NULL,NULL),(155,3,50,83,12,'A','admin','2019-11-03 13:34:15',NULL,NULL),(155,3,50,83,17,'A','admin','2019-11-03 13:34:15',NULL,NULL),(156,3,30,75,16,'A','admin','2019-11-03 13:34:15',NULL,NULL),(156,3,30,76,60,'A','admin','2019-11-03 13:34:15',NULL,NULL),(156,3,30,77,60,'A','admin','2019-11-03 13:34:15',NULL,NULL),(156,3,30,78,21,'A','admin','2019-11-03 13:34:15',NULL,NULL),(156,3,30,79,16,'A','admin','2019-11-03 13:34:16',NULL,NULL),(156,3,30,80,60,'A','admin','2019-11-03 13:34:16',NULL,NULL),(156,3,30,81,17,'A','admin','2019-11-03 13:34:16',NULL,NULL),(156,3,30,82,12,'A','admin','2019-11-03 13:34:16',NULL,NULL),(156,3,30,83,12,'A','admin','2019-11-03 13:34:16',NULL,NULL),(156,3,30,83,17,'A','admin','2019-11-03 13:34:16',NULL,NULL),(157,3,20,19,96,'A','admin','2019-11-03 13:33:48',NULL,NULL),(157,3,20,36,44,'A','admin','2019-11-03 13:34:06',NULL,NULL),(157,3,20,36,206,'A','admin','2019-11-03 13:34:06',NULL,NULL),(158,3,33,19,96,'A','admin','2019-11-03 13:33:48',NULL,NULL),(158,3,33,36,44,'A','admin','2019-11-03 13:34:06',NULL,NULL),(158,3,33,36,206,'A','admin','2019-11-03 13:34:06',NULL,NULL),(159,3,20,84,36,'A','admin','2019-11-03 13:34:20',NULL,NULL),(160,3,24,85,17,'A','admin','2019-11-03 13:34:20',NULL,NULL),(161,3,51,86,31,'A','admin','2019-11-03 13:34:20',NULL,NULL),(162,3,52,8,31,'A','admin','2019-11-03 13:33:48',NULL,NULL),(162,3,52,87,97,'A','admin','2019-11-03 13:34:20',NULL,NULL),(163,3,19,8,31,'A','admin','2019-11-03 13:33:48',NULL,NULL),(163,3,19,87,97,'A','admin','2019-11-03 13:34:20',NULL,NULL),(164,3,21,8,31,'A','admin','2019-11-03 13:33:48',NULL,NULL),(164,3,21,87,97,'A','admin','2019-11-03 13:34:20',NULL,NULL),(165,3,26,8,31,'A','admin','2019-11-03 13:33:48',NULL,NULL),(165,3,26,87,97,'A','admin','2019-11-03 13:34:20',NULL,NULL),(166,3,23,10,98,'A','admin','2019-11-03 13:33:48',NULL,NULL),(166,3,23,88,99,'A','admin','2019-11-03 13:34:20',NULL,NULL),(166,3,23,88,100,'A','admin','2019-11-03 13:34:20',NULL,NULL),(167,3,20,10,98,'A','admin','2019-11-03 13:33:48',NULL,NULL),(167,3,20,88,99,'A','admin','2019-11-03 13:34:20',NULL,NULL),(167,3,20,88,100,'A','admin','2019-11-03 13:34:20',NULL,NULL),(168,3,24,89,12,'A','admin','2019-11-03 13:34:20',NULL,NULL),(168,3,24,89,17,'A','admin','2019-11-03 13:34:20',NULL,NULL),(169,3,24,29,36,'A','admin','2019-11-03 13:34:06',NULL,NULL),(170,3,24,90,62,'A','admin','2019-11-03 13:34:20',NULL,NULL),(171,3,19,17,14,'A','admin','2019-11-03 13:33:48',NULL,NULL),(171,3,19,17,101,'A','admin','2019-11-03 13:33:48',NULL,NULL),(172,3,21,29,62,'A','admin','2019-11-03 13:34:06',NULL,NULL),(172,3,21,91,89,'A','admin','2019-11-03 13:34:20',NULL,NULL),(173,3,25,79,8,'A','admin','2019-11-03 13:34:16',NULL,NULL),(173,3,25,79,16,'A','admin','2019-11-03 13:34:16',NULL,NULL),(173,3,25,79,102,'A','admin','2019-11-03 13:34:16',NULL,NULL),(174,3,35,50,104,'A','admin','2019-11-03 13:34:11',NULL,NULL),(174,3,35,92,103,'A','admin','2019-11-03 13:34:21',NULL,NULL),(175,3,21,50,104,'A','admin','2019-11-03 13:34:11',NULL,NULL),(175,3,21,92,103,'A','admin','2019-11-03 13:34:21',NULL,NULL),(176,3,53,67,59,'A','admin','2019-11-03 13:34:16',NULL,NULL),(176,3,53,79,25,'A','admin','2019-11-03 13:34:16',NULL,NULL),(176,3,53,79,213,'A','admin','2019-11-03 13:34:16',NULL,NULL),(176,3,53,93,70,'A','admin','2019-11-03 13:34:21',NULL,NULL),(177,3,21,67,59,'A','admin','2019-11-03 13:34:16',NULL,NULL),(177,3,21,79,25,'A','admin','2019-11-03 13:34:16',NULL,NULL),(177,3,21,79,213,'A','admin','2019-11-03 13:34:16',NULL,NULL),(177,3,21,93,70,'A','admin','2019-11-03 13:34:21',NULL,NULL),(178,3,53,67,105,'A','admin','2019-11-03 13:34:16',NULL,NULL),(178,3,53,94,105,'A','admin','2019-11-03 13:34:21',NULL,NULL),(179,3,27,67,105,'A','admin','2019-11-03 13:34:16',NULL,NULL),(179,3,27,94,105,'A','admin','2019-11-03 13:34:21',NULL,NULL),(180,3,21,95,40,'A','admin','2019-11-03 13:34:21',NULL,NULL),(180,3,21,96,37,'A','admin','2019-11-03 13:34:21',NULL,NULL),(180,3,21,97,106,'A','admin','2019-11-03 13:34:21',NULL,NULL),(181,3,21,97,107,'A','admin','2019-11-03 13:34:21',NULL,NULL),(182,3,20,17,263,'A','admin','2019-11-03 13:33:48',NULL,NULL),(182,3,20,79,19,'A','admin','2019-11-03 13:34:16',NULL,NULL),(182,3,20,79,44,'A','admin','2019-11-03 13:34:16',NULL,NULL),(182,3,20,98,72,'A','admin','2019-11-03 13:34:21',NULL,NULL),(183,3,21,17,263,'A','admin','2019-11-03 13:33:48',NULL,NULL),(183,3,21,79,19,'A','admin','2019-11-03 13:34:16',NULL,NULL),(183,3,21,79,44,'A','admin','2019-11-03 13:34:16',NULL,NULL),(183,3,21,98,72,'A','admin','2019-11-03 13:34:21',NULL,NULL),(184,3,41,8,54,'A','admin','2019-11-03 13:33:48',NULL,NULL),(184,3,41,9,43,'A','admin','2019-11-03 13:33:48',NULL,NULL),(184,3,41,67,27,'A','admin','2019-11-03 13:34:16',NULL,NULL),(185,3,21,8,54,'A','admin','2019-11-03 13:33:48',NULL,NULL),(185,3,21,9,43,'A','admin','2019-11-03 13:33:48',NULL,NULL),(185,3,21,67,27,'A','admin','2019-11-03 13:34:16',NULL,NULL),(186,3,36,8,54,'A','admin','2019-11-03 13:33:48',NULL,NULL),(186,3,36,9,43,'A','admin','2019-11-03 13:33:48',NULL,NULL),(186,3,36,67,27,'A','admin','2019-11-03 13:34:16',NULL,NULL),(187,3,52,8,54,'A','admin','2019-11-03 13:33:48',NULL,NULL),(187,3,52,9,43,'A','admin','2019-11-03 13:33:48',NULL,NULL),(187,3,52,67,27,'A','admin','2019-11-03 13:34:16',NULL,NULL),(188,3,19,8,54,'A','admin','2019-11-03 13:33:48',NULL,NULL),(188,3,19,9,43,'A','admin','2019-11-03 13:33:48',NULL,NULL),(188,3,19,67,27,'A','admin','2019-11-03 13:34:16',NULL,NULL),(189,3,26,51,91,'A','admin','2019-11-03 13:34:11',NULL,NULL),(189,3,26,99,16,'A','admin','2019-11-03 13:34:21',NULL,NULL),(189,3,26,100,24,'A','admin','2019-11-03 13:34:21',NULL,NULL),(190,3,39,51,91,'A','admin','2019-11-03 13:34:11',NULL,NULL),(190,3,39,99,16,'A','admin','2019-11-03 13:34:21',NULL,NULL),(190,3,39,100,24,'A','admin','2019-11-03 13:34:21',NULL,NULL),(191,3,29,17,17,'A','admin','2019-11-03 13:33:48',NULL,NULL),(192,3,21,8,54,'A','admin','2019-11-03 13:33:48',NULL,NULL),(192,3,21,101,38,'A','admin','2019-11-03 13:34:21',NULL,NULL),(192,3,21,367,275,'A','admin','2019-11-03 13:35:00',NULL,NULL),(193,3,20,79,108,'A','admin','2019-11-03 13:34:16',NULL,NULL),(193,3,20,79,111,'A','admin','2019-11-03 13:34:17',NULL,NULL),(193,3,20,102,109,'A','admin','2019-11-03 13:34:21',NULL,NULL),(193,3,20,103,110,'A','admin','2019-11-03 13:34:21',NULL,NULL),(194,3,32,79,108,'A','admin','2019-11-03 13:34:17',NULL,NULL),(194,3,32,79,111,'A','admin','2019-11-03 13:34:17',NULL,NULL),(194,3,32,102,109,'A','admin','2019-11-03 13:34:21',NULL,NULL),(194,3,32,103,110,'A','admin','2019-11-03 13:34:21',NULL,NULL),(195,3,21,79,108,'A','admin','2019-11-03 13:34:17',NULL,NULL),(195,3,21,79,111,'A','admin','2019-11-03 13:34:17',NULL,NULL),(195,3,21,102,109,'A','admin','2019-11-03 13:34:21',NULL,NULL),(195,3,21,103,110,'A','admin','2019-11-03 13:34:21',NULL,NULL),(196,3,36,8,112,'A','admin','2019-11-03 13:33:48',NULL,NULL),(196,3,36,8,113,'A','admin','2019-11-03 13:33:48',NULL,NULL),(196,3,36,8,114,'A','admin','2019-11-03 13:33:49',NULL,NULL),(196,3,36,79,113,'A','admin','2019-11-03 13:34:17',NULL,NULL),(196,3,36,104,45,'A','admin','2019-11-03 13:34:21',NULL,NULL),(196,3,36,105,112,'A','admin','2019-11-03 13:34:23',NULL,NULL),(197,3,24,8,112,'A','admin','2019-11-03 13:33:49',NULL,NULL),(197,3,24,8,113,'A','admin','2019-11-03 13:33:49',NULL,NULL),(197,3,24,8,114,'A','admin','2019-11-03 13:33:49',NULL,NULL),(197,3,24,79,113,'A','admin','2019-11-03 13:34:17',NULL,NULL),(197,3,24,104,45,'A','admin','2019-11-03 13:34:22',NULL,NULL),(197,3,24,105,112,'A','admin','2019-11-03 13:34:23',NULL,NULL),(198,3,54,8,112,'A','admin','2019-11-03 13:33:49',NULL,NULL),(198,3,54,8,113,'A','admin','2019-11-03 13:33:49',NULL,NULL),(198,3,54,8,114,'A','admin','2019-11-03 13:33:49',NULL,NULL),(198,3,54,79,113,'A','admin','2019-11-03 13:34:17',NULL,NULL),(198,3,54,104,45,'A','admin','2019-11-03 13:34:22',NULL,NULL),(198,3,54,105,112,'A','admin','2019-11-03 13:34:23',NULL,NULL),(199,3,20,8,112,'A','admin','2019-11-03 13:33:49',NULL,NULL),(199,3,20,8,113,'A','admin','2019-11-03 13:33:49',NULL,NULL),(199,3,20,8,114,'A','admin','2019-11-03 13:33:49',NULL,NULL),(199,3,20,79,113,'A','admin','2019-11-03 13:34:17',NULL,NULL),(199,3,20,104,45,'A','admin','2019-11-03 13:34:22',NULL,NULL),(199,3,20,105,112,'A','admin','2019-11-03 13:34:23',NULL,NULL),(200,3,20,36,54,'A','admin','2019-11-03 13:34:06',NULL,NULL),(201,3,21,9,9,'A','admin','2019-11-03 13:33:49',NULL,NULL),(202,3,20,84,16,'A','admin','2019-11-03 13:34:22',NULL,NULL),(203,3,21,18,38,'A','admin','2019-11-03 13:33:49',NULL,NULL),(204,3,21,106,115,'A','admin','2019-11-03 13:34:23',NULL,NULL),(204,3,21,107,116,'A','admin','2019-11-03 13:34:23',NULL,NULL),(205,3,21,18,116,'A','admin','2019-11-03 13:33:49',NULL,NULL),(206,3,20,8,25,'A','admin','2019-11-03 13:33:49',NULL,NULL),(206,3,20,8,73,'A','admin','2019-11-03 13:33:49',NULL,NULL),(207,3,20,79,17,'A','admin','2019-11-03 13:34:17',NULL,NULL),(208,3,24,29,44,'A','admin','2019-11-03 13:34:06',NULL,NULL),(208,3,24,29,54,'A','admin','2019-11-03 13:34:06',NULL,NULL),(209,3,26,17,12,'A','admin','2019-11-03 13:33:49',NULL,NULL),(209,3,26,17,54,'A','admin','2019-11-03 13:33:49',NULL,NULL),(209,3,26,17,172,'A','admin','2019-11-03 13:33:49',NULL,NULL),(209,3,26,359,101,'A','admin','2019-11-03 13:34:57',NULL,NULL),(209,3,26,363,12,'A','admin','2019-11-03 13:35:00',NULL,NULL),(210,3,21,50,117,'A','admin','2019-11-03 13:34:11',NULL,NULL),(211,3,32,8,12,'A','admin','2019-11-03 13:33:49',NULL,NULL),(211,3,32,17,84,'A','admin','2019-11-03 13:33:49',NULL,NULL),(212,3,26,8,12,'A','admin','2019-11-03 13:33:49',NULL,NULL),(212,3,26,17,84,'A','admin','2019-11-03 13:33:49',NULL,NULL),(213,3,55,32,40,'A','admin','2019-11-03 13:34:06',NULL,NULL),(213,3,55,108,118,'A','admin','2019-11-03 13:34:23',NULL,NULL),(214,3,21,65,19,'A','admin','2019-11-03 13:34:17',NULL,NULL),(214,3,21,65,62,'A','admin','2019-11-03 13:34:17',NULL,NULL),(214,3,21,88,19,'A','admin','2019-11-03 13:34:22',NULL,NULL),(214,3,21,88,44,'A','admin','2019-11-03 13:34:22',NULL,NULL),(214,3,21,109,119,'A','admin','2019-11-03 13:34:23',NULL,NULL),(214,3,21,110,44,'A','admin','2019-11-03 13:34:24',NULL,NULL),(214,3,21,110,62,'A','admin','2019-11-03 13:34:23',NULL,NULL),(215,3,20,65,19,'A','admin','2019-11-03 13:34:17',NULL,NULL),(215,3,20,65,62,'A','admin','2019-11-03 13:34:17',NULL,NULL),(215,3,20,88,19,'A','admin','2019-11-03 13:34:22',NULL,NULL),(215,3,20,88,44,'A','admin','2019-11-03 13:34:22',NULL,NULL),(215,3,20,109,119,'A','admin','2019-11-03 13:34:23',NULL,NULL),(215,3,20,110,44,'A','admin','2019-11-03 13:34:24',NULL,NULL),(215,3,20,110,62,'A','admin','2019-11-03 13:34:23',NULL,NULL),(216,3,19,65,19,'A','admin','2019-11-03 13:34:17',NULL,NULL),(216,3,19,65,62,'A','admin','2019-11-03 13:34:17',NULL,NULL),(216,3,19,88,19,'A','admin','2019-11-03 13:34:22',NULL,NULL),(216,3,19,88,44,'A','admin','2019-11-03 13:34:22',NULL,NULL),(216,3,19,109,119,'A','admin','2019-11-03 13:34:24',NULL,NULL),(216,3,19,110,44,'A','admin','2019-11-03 13:34:24',NULL,NULL),(216,3,19,110,62,'A','admin','2019-11-03 13:34:24',NULL,NULL),(217,3,21,111,120,'A','admin','2019-11-03 13:34:24',NULL,NULL),(217,3,21,112,121,'A','admin','2019-11-03 13:34:24',NULL,NULL),(217,3,21,113,122,'A','admin','2019-11-03 13:34:24',NULL,NULL),(217,3,21,114,123,'A','admin','2019-11-03 13:34:24',NULL,NULL),(217,3,21,114,124,'A','admin','2019-11-03 13:34:24',NULL,NULL),(218,3,21,115,59,'A','admin','2019-11-03 13:34:24',NULL,NULL),(219,3,21,29,44,'A','admin','2019-11-03 13:34:06',NULL,NULL),(219,3,21,29,54,'A','admin','2019-11-03 13:34:06',NULL,NULL),(219,3,21,116,89,'A','admin','2019-11-03 13:34:24',NULL,NULL),(220,3,24,29,44,'A','admin','2019-11-03 13:34:06',NULL,NULL),(220,3,24,29,54,'A','admin','2019-11-03 13:34:06',NULL,NULL),(220,3,24,116,89,'A','admin','2019-11-03 13:34:24',NULL,NULL),(221,3,27,8,8,'A','admin','2019-11-03 13:33:49',NULL,NULL),(221,3,27,36,16,'A','admin','2019-11-03 13:34:06',NULL,NULL),(221,3,27,51,125,'A','admin','2019-11-03 13:34:11',NULL,NULL),(221,3,27,117,61,'A','admin','2019-11-03 13:34:24',NULL,NULL),(221,3,27,118,11,'A','admin','2019-11-03 13:34:24',NULL,NULL),(222,3,20,8,8,'A','admin','2019-11-03 13:33:49',NULL,NULL),(222,3,20,36,16,'A','admin','2019-11-03 13:34:06',NULL,NULL),(222,3,20,51,125,'A','admin','2019-11-03 13:34:11',NULL,NULL),(222,3,20,117,61,'A','admin','2019-11-03 13:34:24',NULL,NULL),(222,3,20,118,11,'A','admin','2019-11-03 13:34:24',NULL,NULL),(223,3,39,8,8,'A','admin','2019-11-03 13:33:49',NULL,NULL),(223,3,39,36,16,'A','admin','2019-11-03 13:34:06',NULL,NULL),(223,3,39,51,125,'A','admin','2019-11-03 13:34:11',NULL,NULL),(223,3,39,117,61,'A','admin','2019-11-03 13:34:24',NULL,NULL),(223,3,39,118,11,'A','admin','2019-11-03 13:34:24',NULL,NULL),(224,3,19,8,8,'A','admin','2019-11-03 13:33:49',NULL,NULL),(224,3,19,36,16,'A','admin','2019-11-03 13:34:06',NULL,NULL),(224,3,19,51,125,'A','admin','2019-11-03 13:34:11',NULL,NULL),(224,3,19,117,61,'A','admin','2019-11-03 13:34:24',NULL,NULL),(224,3,19,118,11,'A','admin','2019-11-03 13:34:24',NULL,NULL),(225,3,21,119,126,'A','admin','2019-11-03 13:34:24',NULL,NULL),(225,3,21,120,127,'A','admin','2019-11-03 13:34:25',NULL,NULL),(225,3,21,121,128,'A','admin','2019-11-03 13:34:25',NULL,NULL),(225,3,21,122,127,'A','admin','2019-11-03 13:34:25',NULL,NULL),(225,3,21,347,57,'A','admin','2019-11-03 13:34:57',NULL,NULL),(226,3,56,119,126,'A','admin','2019-11-03 13:34:24',NULL,NULL),(226,3,56,120,127,'A','admin','2019-11-03 13:34:25',NULL,NULL),(226,3,56,121,128,'A','admin','2019-11-03 13:34:25',NULL,NULL),(226,3,56,122,127,'A','admin','2019-11-03 13:34:25',NULL,NULL),(226,3,56,347,57,'A','admin','2019-11-03 13:34:57',NULL,NULL),(227,3,20,8,129,'A','admin','2019-11-03 13:33:50',NULL,NULL),(228,3,20,8,17,'A','admin','2019-11-03 13:33:50',NULL,NULL),(228,3,20,8,45,'A','admin','2019-11-03 13:33:50',NULL,NULL),(229,3,20,60,292,'A','admin','2019-11-03 13:34:11',NULL,NULL),(229,3,20,105,20,'A','admin','2019-11-03 13:34:24',NULL,NULL),(230,3,21,123,130,'A','admin','2019-11-03 13:34:25',NULL,NULL),(231,3,24,89,82,'A','admin','2019-11-03 13:34:22',NULL,NULL),(232,3,24,29,131,'A','admin','2019-11-03 13:34:06',NULL,NULL),(233,3,49,16,132,'A','admin','2019-11-03 13:33:50',NULL,NULL),(234,3,20,124,14,'A','admin','2019-11-03 13:34:25',NULL,NULL),(235,3,24,11,45,'A','admin','2019-11-03 13:33:50',NULL,NULL),(235,3,24,89,54,'A','admin','2019-11-03 13:34:22',NULL,NULL),(235,3,24,125,45,'A','admin','2019-11-03 13:34:25',NULL,NULL),(235,3,24,125,54,'A','admin','2019-11-03 13:34:25',NULL,NULL),(235,3,24,226,45,'A','admin','2019-11-03 13:34:41',NULL,NULL),(236,3,21,11,45,'A','admin','2019-11-03 13:33:50',NULL,NULL),(236,3,21,89,54,'A','admin','2019-11-03 13:34:22',NULL,NULL),(236,3,21,125,45,'A','admin','2019-11-03 13:34:26',NULL,NULL),(236,3,21,125,54,'A','admin','2019-11-03 13:34:25',NULL,NULL),(236,3,21,226,45,'A','admin','2019-11-03 13:34:41',NULL,NULL),(237,3,19,82,8,'A','admin','2019-11-03 13:34:17',NULL,NULL),(237,3,19,84,8,'A','admin','2019-11-03 13:34:22',NULL,NULL),(237,3,19,124,16,'A','admin','2019-11-03 13:34:25',NULL,NULL),(238,3,21,18,79,'A','admin','2019-11-03 13:33:50',NULL,NULL),(238,3,21,124,54,'A','admin','2019-11-03 13:34:26',NULL,NULL),(239,3,20,17,12,'A','admin','2019-11-03 13:33:50',NULL,NULL),(239,3,20,17,17,'A','admin','2019-11-03 13:33:50',NULL,NULL),(240,3,20,79,34,'A','admin','2019-11-03 13:34:17',NULL,NULL),(240,3,20,79,133,'A','admin','2019-11-03 13:34:17',NULL,NULL),(241,3,20,8,45,'A','admin','2019-11-03 13:33:50',NULL,NULL),(242,3,24,126,55,'A','admin','2019-11-03 13:34:26',NULL,NULL),(242,3,24,127,134,'A','admin','2019-11-03 13:34:26',NULL,NULL),(242,3,24,127,266,'A','admin','2019-11-03 13:34:26',NULL,NULL),(243,3,24,29,267,'A','admin','2019-11-03 13:34:06',NULL,NULL),(243,3,24,126,26,'A','admin','2019-11-03 13:34:26',NULL,NULL),(243,3,24,126,55,'A','admin','2019-11-03 13:34:26',NULL,NULL),(243,3,24,128,135,'A','admin','2019-11-03 13:34:26',NULL,NULL),(244,3,21,17,17,'A','admin','2019-11-03 13:33:50',NULL,NULL),(244,3,21,129,38,'A','admin','2019-11-03 13:34:26',NULL,NULL),(244,3,21,130,91,'A','admin','2019-11-03 13:34:26',NULL,NULL),(244,3,21,402,17,'A','admin','2019-11-03 13:35:02',NULL,NULL),(245,3,23,17,17,'A','admin','2019-11-03 13:33:50',NULL,NULL),(245,3,23,129,38,'A','admin','2019-11-03 13:34:26',NULL,NULL),(245,3,23,130,91,'A','admin','2019-11-03 13:34:26',NULL,NULL),(245,3,23,402,17,'A','admin','2019-11-03 13:35:02',NULL,NULL),(246,3,26,17,17,'A','admin','2019-11-03 13:33:50',NULL,NULL),(246,3,26,129,38,'A','admin','2019-11-03 13:34:26',NULL,NULL),(246,3,26,130,91,'A','admin','2019-11-03 13:34:26',NULL,NULL),(246,3,26,402,17,'A','admin','2019-11-03 13:35:02',NULL,NULL),(247,3,20,22,117,'A','admin','2019-11-03 13:33:50',NULL,NULL),(247,3,20,79,17,'A','admin','2019-11-03 13:34:17',NULL,NULL),(247,3,20,351,268,'A','admin','2019-11-03 13:34:57',NULL,NULL),(248,3,21,22,117,'A','admin','2019-11-03 13:33:50',NULL,NULL),(248,3,21,79,17,'A','admin','2019-11-03 13:34:17',NULL,NULL),(248,3,21,351,268,'A','admin','2019-11-03 13:34:57',NULL,NULL),(249,3,45,33,137,'A','admin','2019-11-03 13:34:06',NULL,NULL),(249,3,45,60,136,'A','admin','2019-11-03 13:34:11',NULL,NULL),(250,3,21,33,137,'A','admin','2019-11-03 13:34:06',NULL,NULL),(250,3,21,60,136,'A','admin','2019-11-03 13:34:11',NULL,NULL),(251,3,21,131,138,'A','admin','2019-11-03 13:34:26',NULL,NULL),(252,3,21,50,84,'A','admin','2019-11-03 13:34:11',NULL,NULL),(253,3,21,105,58,'A','admin','2019-11-03 13:34:24',NULL,NULL),(253,3,21,132,89,'A','admin','2019-11-03 13:34:26',NULL,NULL),(253,3,21,133,58,'A','admin','2019-11-03 13:34:26',NULL,NULL),(253,3,21,352,58,'A','admin','2019-11-03 13:34:57',NULL,NULL),(254,3,20,105,58,'A','admin','2019-11-03 13:34:25',NULL,NULL),(254,3,20,132,89,'A','admin','2019-11-03 13:34:26',NULL,NULL),(254,3,20,133,58,'A','admin','2019-11-03 13:34:26',NULL,NULL),(254,3,20,352,58,'A','admin','2019-11-03 13:34:57',NULL,NULL),(255,3,26,105,58,'A','admin','2019-11-03 13:34:25',NULL,NULL),(255,3,26,132,89,'A','admin','2019-11-03 13:34:26',NULL,NULL),(255,3,26,133,58,'A','admin','2019-11-03 13:34:26',NULL,NULL),(255,3,26,352,58,'A','admin','2019-11-03 13:34:57',NULL,NULL),(256,3,24,134,54,'A','admin','2019-11-03 13:34:26',NULL,NULL),(257,3,20,8,139,'A','admin','2019-11-03 13:33:50',NULL,NULL),(258,3,21,135,140,'A','admin','2019-11-03 13:34:27',NULL,NULL),(259,3,53,67,27,'A','admin','2019-11-03 13:34:17',NULL,NULL),(260,3,21,52,37,'A','admin','2019-11-03 13:34:12',NULL,NULL),(260,3,21,136,38,'A','admin','2019-11-03 13:34:27',NULL,NULL),(260,3,21,137,43,'A','admin','2019-11-03 13:34:27',NULL,NULL),(261,3,34,52,37,'A','admin','2019-11-03 13:34:12',NULL,NULL),(261,3,34,136,38,'A','admin','2019-11-03 13:34:27',NULL,NULL),(261,3,34,137,43,'A','admin','2019-11-03 13:34:27',NULL,NULL),(262,3,26,83,62,'A','admin','2019-11-03 13:34:17',NULL,NULL),(263,3,19,83,62,'A','admin','2019-11-03 13:34:17',NULL,NULL),(264,3,20,83,62,'A','admin','2019-11-03 13:34:18',NULL,NULL),(265,3,21,138,84,'A','admin','2019-11-03 13:34:27',NULL,NULL),(265,3,21,139,141,'A','admin','2019-11-03 13:34:27',NULL,NULL),(266,3,20,138,84,'A','admin','2019-11-03 13:34:27',NULL,NULL),(266,3,20,139,141,'A','admin','2019-11-03 13:34:27',NULL,NULL),(267,3,21,50,142,'A','admin','2019-11-03 13:34:12',NULL,NULL),(268,3,23,140,31,'A','admin','2019-11-03 13:34:27',NULL,NULL),(268,3,23,141,31,'A','admin','2019-11-03 13:34:28',NULL,NULL),(269,3,57,140,31,'A','admin','2019-11-03 13:34:28',NULL,NULL),(269,3,57,141,31,'A','admin','2019-11-03 13:34:28',NULL,NULL),(270,3,21,22,84,'A','admin','2019-11-03 13:33:50',NULL,NULL),(270,3,21,83,143,'A','admin','2019-11-03 13:34:18',NULL,NULL),(271,3,20,22,84,'A','admin','2019-11-03 13:33:50',NULL,NULL),(271,3,20,83,143,'A','admin','2019-11-03 13:34:18',NULL,NULL),(272,3,24,142,12,'A','admin','2019-11-03 13:34:28',NULL,NULL),(272,3,24,142,82,'A','admin','2019-11-03 13:34:28',NULL,NULL),(273,3,20,83,101,'A','admin','2019-11-03 13:34:18',NULL,NULL),(274,3,19,83,101,'A','admin','2019-11-03 13:34:18',NULL,NULL),(275,3,21,143,84,'A','admin','2019-11-03 13:34:28',NULL,NULL),(275,3,21,143,144,'A','admin','2019-11-03 13:34:28',NULL,NULL),(275,3,21,143,145,'A','admin','2019-11-03 13:34:28',NULL,NULL),(275,3,21,144,116,'A','admin','2019-11-03 13:34:28',NULL,NULL),(276,3,20,83,19,'A','admin','2019-11-03 13:34:18',NULL,NULL),(277,3,58,79,147,'A','admin','2019-11-03 13:34:18',NULL,NULL),(277,3,58,83,146,'A','admin','2019-11-03 13:34:18',NULL,NULL),(278,3,24,145,20,'A','admin','2019-11-03 13:34:28',NULL,NULL),(279,3,20,79,8,'A','admin','2019-11-03 13:34:18',NULL,NULL),(279,3,20,79,16,'A','admin','2019-11-03 13:34:18',NULL,NULL),(279,3,20,79,102,'A','admin','2019-11-03 13:34:18',NULL,NULL),(280,3,21,144,38,'A','admin','2019-11-03 13:34:28',NULL,NULL),(281,3,21,79,19,'A','admin','2019-11-03 13:34:18',NULL,NULL),(281,3,21,79,44,'A','admin','2019-11-03 13:34:18',NULL,NULL),(281,3,21,83,19,'A','admin','2019-11-03 13:34:18',NULL,NULL),(281,3,21,144,72,'A','admin','2019-11-03 13:34:28',NULL,NULL),(281,3,21,146,89,'A','admin','2019-11-03 13:34:28',NULL,NULL),(282,3,32,79,19,'A','admin','2019-11-03 13:34:18',NULL,NULL),(282,3,32,79,44,'A','admin','2019-11-03 13:34:18',NULL,NULL),(282,3,32,83,19,'A','admin','2019-11-03 13:34:18',NULL,NULL),(282,3,32,144,72,'A','admin','2019-11-03 13:34:28',NULL,NULL),(282,3,32,146,89,'A','admin','2019-11-03 13:34:28',NULL,NULL),(283,3,20,79,19,'A','admin','2019-11-03 13:34:18',NULL,NULL),(283,3,20,79,44,'A','admin','2019-11-03 13:34:18',NULL,NULL),(283,3,20,83,19,'A','admin','2019-11-03 13:34:18',NULL,NULL),(283,3,20,144,72,'A','admin','2019-11-03 13:34:28',NULL,NULL),(283,3,20,146,89,'A','admin','2019-11-03 13:34:28',NULL,NULL),(284,3,21,147,148,'A','admin','2019-11-03 13:34:28',NULL,NULL),(285,3,20,148,54,'A','admin','2019-11-03 13:34:28',NULL,NULL),(285,3,20,149,79,'A','admin','2019-11-03 13:34:28',NULL,NULL),(286,3,19,148,54,'A','admin','2019-11-03 13:34:28',NULL,NULL),(286,3,19,149,79,'A','admin','2019-11-03 13:34:28',NULL,NULL),(287,3,21,148,54,'A','admin','2019-11-03 13:34:28',NULL,NULL),(287,3,21,149,79,'A','admin','2019-11-03 13:34:28',NULL,NULL),(288,3,33,17,9,'A','admin','2019-11-03 13:33:50',NULL,NULL),(289,3,20,12,61,'A','admin','2019-11-03 13:33:50',NULL,NULL),(289,3,20,17,60,'A','admin','2019-11-03 13:33:50',NULL,NULL),(289,3,20,150,19,'A','admin','2019-11-03 13:34:28',NULL,NULL),(289,3,20,150,44,'A','admin','2019-11-03 13:34:28',NULL,NULL),(289,3,20,151,61,'A','admin','2019-11-03 13:34:28',NULL,NULL),(289,3,20,152,60,'A','admin','2019-11-03 13:34:29',NULL,NULL),(289,3,20,365,62,'A','admin','2019-11-03 13:35:00',NULL,NULL),(290,3,43,12,61,'A','admin','2019-11-03 13:33:50',NULL,NULL),(290,3,43,17,60,'A','admin','2019-11-03 13:33:50',NULL,NULL),(290,3,43,150,19,'A','admin','2019-11-03 13:34:29',NULL,NULL),(290,3,43,150,44,'A','admin','2019-11-03 13:34:29',NULL,NULL),(290,3,43,151,61,'A','admin','2019-11-03 13:34:29',NULL,NULL),(290,3,43,152,60,'A','admin','2019-11-03 13:34:29',NULL,NULL),(290,3,43,365,62,'A','admin','2019-11-03 13:35:00',NULL,NULL),(291,3,30,12,61,'A','admin','2019-11-03 13:33:50',NULL,NULL),(291,3,30,17,60,'A','admin','2019-11-03 13:33:50',NULL,NULL),(291,3,30,150,19,'A','admin','2019-11-03 13:34:29',NULL,NULL),(291,3,30,150,44,'A','admin','2019-11-03 13:34:29',NULL,NULL),(291,3,30,151,61,'A','admin','2019-11-03 13:34:29',NULL,NULL),(291,3,30,152,60,'A','admin','2019-11-03 13:34:29',NULL,NULL),(291,3,30,365,62,'A','admin','2019-11-03 13:35:00',NULL,NULL),(292,3,24,153,16,'A','admin','2019-11-03 13:34:29',NULL,NULL),(292,3,24,154,17,'A','admin','2019-11-03 13:34:29',NULL,NULL),(293,3,20,149,89,'A','admin','2019-11-03 13:34:29',NULL,NULL),(293,3,20,155,19,'A','admin','2019-11-03 13:34:29',NULL,NULL),(293,3,20,155,149,'A','admin','2019-11-03 13:34:29',NULL,NULL),(294,3,21,149,89,'A','admin','2019-11-03 13:34:29',NULL,NULL),(294,3,21,155,19,'A','admin','2019-11-03 13:34:29',NULL,NULL),(294,3,21,155,149,'A','admin','2019-11-03 13:34:29',NULL,NULL),(295,3,26,156,16,'A','admin','2019-11-03 13:34:29',NULL,NULL),(296,3,57,157,150,'A','admin','2019-11-03 13:34:30',NULL,NULL),(297,3,19,158,14,'A','admin','2019-11-03 13:34:30',NULL,NULL),(297,3,19,159,11,'A','admin','2019-11-03 13:34:30',NULL,NULL),(298,3,23,158,14,'A','admin','2019-11-03 13:34:30',NULL,NULL),(298,3,23,159,11,'A','admin','2019-11-03 13:34:30',NULL,NULL),(299,3,20,158,14,'A','admin','2019-11-03 13:34:30',NULL,NULL),(299,3,20,159,11,'A','admin','2019-11-03 13:34:30',NULL,NULL),(300,3,21,160,59,'A','admin','2019-11-03 13:34:30',NULL,NULL),(301,3,24,160,151,'A','admin','2019-11-03 13:34:30',NULL,NULL),(302,3,19,8,17,'A','admin','2019-11-03 13:33:50',NULL,NULL),(302,3,19,161,14,'A','admin','2019-11-03 13:34:30',NULL,NULL),(302,3,19,162,14,'A','admin','2019-11-03 13:34:30',NULL,NULL),(303,3,26,8,17,'A','admin','2019-11-03 13:33:51',NULL,NULL),(303,3,26,161,14,'A','admin','2019-11-03 13:34:30',NULL,NULL),(303,3,26,162,14,'A','admin','2019-11-03 13:34:30',NULL,NULL),(304,3,20,8,17,'A','admin','2019-11-03 13:33:51',NULL,NULL),(304,3,20,161,14,'A','admin','2019-11-03 13:34:30',NULL,NULL),(304,3,20,162,14,'A','admin','2019-11-03 13:34:30',NULL,NULL),(305,3,24,163,152,'A','admin','2019-11-03 13:34:30',NULL,NULL),(305,3,24,245,152,'A','admin','2019-11-03 13:34:45',NULL,NULL),(306,3,24,164,17,'A','admin','2019-11-03 13:34:30',NULL,NULL),(307,3,21,165,111,'A','admin','2019-11-03 13:34:31',NULL,NULL),(307,3,21,165,153,'A','admin','2019-11-03 13:34:30',NULL,NULL),(307,3,21,166,111,'A','admin','2019-11-03 13:34:30',NULL,NULL),(307,3,21,166,154,'A','admin','2019-11-03 13:34:31',NULL,NULL),(308,3,21,122,270,'A','admin','2019-11-03 13:34:27',NULL,NULL),(308,3,21,167,26,'A','admin','2019-11-03 13:34:31',NULL,NULL),(308,3,21,167,55,'A','admin','2019-11-03 13:34:31',NULL,NULL),(309,3,21,168,155,'A','admin','2019-11-03 13:34:31',NULL,NULL),(309,3,21,169,156,'A','admin','2019-11-03 13:34:31',NULL,NULL),(309,3,21,170,157,'A','admin','2019-11-03 13:34:31',NULL,NULL),(309,3,21,226,45,'A','admin','2019-11-03 13:34:41',NULL,NULL),(309,3,21,396,9,'A','admin','2019-11-03 13:35:02',NULL,NULL),(309,3,21,397,23,'A','admin','2019-11-03 13:35:02',NULL,NULL),(309,3,21,405,288,'A','admin','2019-11-03 13:35:02',NULL,NULL),(310,3,24,168,155,'A','admin','2019-11-03 13:34:31',NULL,NULL),(310,3,24,169,156,'A','admin','2019-11-03 13:34:31',NULL,NULL),(310,3,24,170,157,'A','admin','2019-11-03 13:34:31',NULL,NULL),(310,3,24,226,45,'A','admin','2019-11-03 13:34:41',NULL,NULL),(310,3,24,396,9,'A','admin','2019-11-03 13:35:02',NULL,NULL),(310,3,24,397,23,'A','admin','2019-11-03 13:35:02',NULL,NULL),(310,3,24,405,288,'A','admin','2019-11-03 13:35:02',NULL,NULL),(311,3,21,171,158,'A','admin','2019-11-03 13:34:31',NULL,NULL),(312,3,40,171,158,'A','admin','2019-11-03 13:34:31',NULL,NULL),(313,3,21,171,158,'A','admin','2019-11-03 13:34:31',NULL,NULL),(314,3,40,171,158,'A','admin','2019-11-03 13:34:31',NULL,NULL),(315,3,21,172,129,'A','admin','2019-11-03 13:34:31',NULL,NULL),(315,3,21,173,159,'A','admin','2019-11-03 13:34:31',NULL,NULL),(315,3,21,174,65,'A','admin','2019-11-03 13:34:31',NULL,NULL),(315,3,21,174,129,'A','admin','2019-11-03 13:34:31',NULL,NULL),(315,3,21,174,160,'A','admin','2019-11-03 13:34:31',NULL,NULL),(315,3,21,175,161,'A','admin','2019-11-03 13:34:31',NULL,NULL),(315,3,21,175,162,'A','admin','2019-11-03 13:34:31',NULL,NULL),(316,3,24,172,129,'A','admin','2019-11-03 13:34:31',NULL,NULL),(316,3,24,173,159,'A','admin','2019-11-03 13:34:31',NULL,NULL),(316,3,24,174,65,'A','admin','2019-11-03 13:34:32',NULL,NULL),(316,3,24,174,129,'A','admin','2019-11-03 13:34:31',NULL,NULL),(316,3,24,174,160,'A','admin','2019-11-03 13:34:32',NULL,NULL),(316,3,24,175,161,'A','admin','2019-11-03 13:34:32',NULL,NULL),(316,3,24,175,162,'A','admin','2019-11-03 13:34:32',NULL,NULL),(317,3,21,167,165,'A','admin','2019-11-03 13:34:32',NULL,NULL),(317,3,21,174,164,'A','admin','2019-11-03 13:34:32',NULL,NULL),(317,3,21,176,163,'A','admin','2019-11-03 13:34:32',NULL,NULL),(317,3,21,177,164,'A','admin','2019-11-03 13:34:36',NULL,NULL),(318,3,24,167,165,'A','admin','2019-11-03 13:34:32',NULL,NULL),(318,3,24,174,164,'A','admin','2019-11-03 13:34:32',NULL,NULL),(318,3,24,176,163,'A','admin','2019-11-03 13:34:32',NULL,NULL),(318,3,24,177,164,'A','admin','2019-11-03 13:34:37',NULL,NULL),(319,3,21,167,166,'A','admin','2019-11-03 13:34:32',NULL,NULL),(320,3,42,178,167,'A','admin','2019-11-03 13:34:37',NULL,NULL),(320,3,42,179,168,'A','admin','2019-11-03 13:34:37',NULL,NULL),(321,3,35,178,167,'A','admin','2019-11-03 13:34:37',NULL,NULL),(321,3,35,179,168,'A','admin','2019-11-03 13:34:37',NULL,NULL),(322,3,21,160,79,'A','admin','2019-11-03 13:34:32',NULL,NULL),(323,3,20,158,7,'A','admin','2019-11-03 13:34:32',NULL,NULL),(323,3,20,158,17,'A','admin','2019-11-03 13:34:32',NULL,NULL),(324,3,20,8,62,'A','admin','2019-11-03 13:33:51',NULL,NULL),(325,3,32,8,17,'A','admin','2019-11-03 13:33:51',NULL,NULL),(325,3,32,180,84,'A','admin','2019-11-03 13:34:37',NULL,NULL),(326,3,26,8,17,'A','admin','2019-11-03 13:33:51',NULL,NULL),(326,3,26,180,84,'A','admin','2019-11-03 13:34:37',NULL,NULL),(327,3,32,158,170,'A','admin','2019-11-03 13:34:32',NULL,NULL),(327,3,32,181,169,'A','admin','2019-11-03 13:34:37',NULL,NULL),(328,3,20,158,170,'A','admin','2019-11-03 13:34:32',NULL,NULL),(328,3,20,181,169,'A','admin','2019-11-03 13:34:37',NULL,NULL),(329,3,21,182,171,'A','admin','2019-11-03 13:34:37',NULL,NULL),(330,3,21,183,172,'A','admin','2019-11-03 13:34:37',NULL,NULL),(331,3,32,184,173,'A','admin','2019-11-03 13:34:37',NULL,NULL),(332,3,59,185,21,'A','admin','2019-11-03 13:34:37',NULL,NULL),(333,3,41,186,174,'A','admin','2019-11-03 13:34:37',NULL,NULL),(334,3,59,187,28,'A','admin','2019-11-03 13:34:37',NULL,NULL),(335,3,41,188,175,'A','admin','2019-11-03 13:34:37',NULL,NULL),(336,3,41,189,176,'A','admin','2019-11-03 13:34:37',NULL,NULL),(337,3,41,190,61,'A','admin','2019-11-03 13:34:37',NULL,NULL),(337,3,41,191,88,'A','admin','2019-11-03 13:34:37',NULL,NULL),(338,3,59,190,61,'A','admin','2019-11-03 13:34:37',NULL,NULL),(338,3,59,191,88,'A','admin','2019-11-03 13:34:37',NULL,NULL),(339,3,41,186,70,'A','admin','2019-11-03 13:34:37',NULL,NULL),(340,3,41,190,38,'A','admin','2019-11-03 13:34:37',NULL,NULL),(340,3,41,192,28,'A','admin','2019-11-03 13:34:37',NULL,NULL),(341,3,19,193,58,'A','admin','2019-11-03 13:34:37',NULL,NULL),(341,3,19,194,177,'A','admin','2019-11-03 13:34:38',NULL,NULL),(341,3,19,355,58,'A','admin','2019-11-03 13:34:57',NULL,NULL),(342,3,32,193,58,'A','admin','2019-11-03 13:34:37',NULL,NULL),(342,3,32,194,177,'A','admin','2019-11-03 13:34:38',NULL,NULL),(342,3,32,355,58,'A','admin','2019-11-03 13:34:57',NULL,NULL),(343,3,19,158,178,'A','admin','2019-11-03 13:34:32',NULL,NULL),(344,3,20,158,178,'A','admin','2019-11-03 13:34:32',NULL,NULL),(345,3,25,8,17,'A','admin','2019-11-03 13:33:51',NULL,NULL),(345,3,25,8,45,'A','admin','2019-11-03 13:33:51',NULL,NULL),(345,3,25,8,54,'A','admin','2019-11-03 13:33:51',NULL,NULL),(345,3,25,158,17,'A','admin','2019-11-03 13:34:32',NULL,NULL),(345,3,25,158,45,'A','admin','2019-11-03 13:34:32',NULL,NULL),(345,3,25,158,54,'A','admin','2019-11-03 13:34:32',NULL,NULL),(346,3,20,8,17,'A','admin','2019-11-03 13:33:51',NULL,NULL),(346,3,20,8,45,'A','admin','2019-11-03 13:33:51',NULL,NULL),(346,3,20,8,54,'A','admin','2019-11-03 13:33:51',NULL,NULL),(346,3,20,158,17,'A','admin','2019-11-03 13:34:33',NULL,NULL),(346,3,20,158,45,'A','admin','2019-11-03 13:34:33',NULL,NULL),(346,3,20,158,54,'A','admin','2019-11-03 13:34:32',NULL,NULL),(347,3,41,195,37,'A','admin','2019-11-03 13:34:38',NULL,NULL),(348,3,19,8,149,'A','admin','2019-11-03 13:33:51',NULL,NULL),(349,3,24,167,179,'A','admin','2019-11-03 13:34:33',NULL,NULL),(349,3,24,196,179,'A','admin','2019-11-03 13:34:38',NULL,NULL),(349,3,24,196,180,'A','admin','2019-11-03 13:34:38',NULL,NULL),(349,3,24,196,181,'A','admin','2019-11-03 13:34:38',NULL,NULL),(349,3,24,197,72,'A','admin','2019-11-03 13:34:38',NULL,NULL),(350,3,21,167,179,'A','admin','2019-11-03 13:34:33',NULL,NULL),(350,3,21,196,179,'A','admin','2019-11-03 13:34:38',NULL,NULL),(350,3,21,196,180,'A','admin','2019-11-03 13:34:38',NULL,NULL),(350,3,21,196,181,'A','admin','2019-11-03 13:34:38',NULL,NULL),(350,3,21,197,72,'A','admin','2019-11-03 13:34:38',NULL,NULL),(351,3,40,167,179,'A','admin','2019-11-03 13:34:33',NULL,NULL),(351,3,40,196,179,'A','admin','2019-11-03 13:34:38',NULL,NULL),(351,3,40,196,180,'A','admin','2019-11-03 13:34:38',NULL,NULL),(351,3,40,196,181,'A','admin','2019-11-03 13:34:38',NULL,NULL),(351,3,40,197,72,'A','admin','2019-11-03 13:34:38',NULL,NULL),(352,3,19,17,182,'A','admin','2019-11-03 13:33:51',NULL,NULL),(352,3,19,36,182,'A','admin','2019-11-03 13:34:07',NULL,NULL),(352,3,19,198,183,'A','admin','2019-11-03 13:34:38',NULL,NULL),(353,3,20,17,182,'A','admin','2019-11-03 13:33:51',NULL,NULL),(353,3,20,36,182,'A','admin','2019-11-03 13:34:07',NULL,NULL),(353,3,20,198,183,'A','admin','2019-11-03 13:34:38',NULL,NULL),(354,3,19,8,8,'A','admin','2019-11-03 13:33:51',NULL,NULL),(354,3,19,158,16,'A','admin','2019-11-03 13:34:33',NULL,NULL),(354,3,19,199,184,'A','admin','2019-11-03 13:34:38',NULL,NULL),(355,3,21,8,8,'A','admin','2019-11-03 13:33:51',NULL,NULL),(355,3,21,158,16,'A','admin','2019-11-03 13:34:33',NULL,NULL),(355,3,21,199,184,'A','admin','2019-11-03 13:34:38',NULL,NULL),(356,3,21,8,45,'A','admin','2019-11-03 13:33:51',NULL,NULL),(356,3,21,158,17,'A','admin','2019-11-03 13:34:33',NULL,NULL),(356,3,21,200,43,'A','admin','2019-11-03 13:34:38',NULL,NULL),(356,3,21,201,116,'A','admin','2019-11-03 13:34:38',NULL,NULL),(357,3,19,8,45,'A','admin','2019-11-03 13:33:51',NULL,NULL),(357,3,19,158,17,'A','admin','2019-11-03 13:34:33',NULL,NULL),(357,3,19,200,43,'A','admin','2019-11-03 13:34:38',NULL,NULL),(357,3,19,201,116,'A','admin','2019-11-03 13:34:39',NULL,NULL),(358,3,32,8,45,'A','admin','2019-11-03 13:33:51',NULL,NULL),(358,3,32,158,17,'A','admin','2019-11-03 13:34:33',NULL,NULL),(358,3,32,200,43,'A','admin','2019-11-03 13:34:39',NULL,NULL),(358,3,32,201,116,'A','admin','2019-11-03 13:34:39',NULL,NULL),(359,3,52,8,133,'A','admin','2019-11-03 13:33:51',NULL,NULL),(359,3,52,8,185,'A','admin','2019-11-03 13:33:51',NULL,NULL),(359,3,52,8,271,'A','admin','2019-11-03 13:33:51',NULL,NULL),(359,3,52,105,133,'A','admin','2019-11-03 13:34:25',NULL,NULL),(359,3,52,202,58,'A','admin','2019-11-03 13:34:39',NULL,NULL),(360,3,20,8,133,'A','admin','2019-11-03 13:33:51',NULL,NULL),(360,3,20,8,185,'A','admin','2019-11-03 13:33:51',NULL,NULL),(360,3,20,8,271,'A','admin','2019-11-03 13:33:52',NULL,NULL),(360,3,20,105,133,'A','admin','2019-11-03 13:34:25',NULL,NULL),(360,3,20,202,58,'A','admin','2019-11-03 13:34:39',NULL,NULL),(361,3,60,8,133,'A','admin','2019-11-03 13:33:52',NULL,NULL),(361,3,60,8,185,'A','admin','2019-11-03 13:33:52',NULL,NULL),(361,3,60,8,271,'A','admin','2019-11-03 13:33:52',NULL,NULL),(361,3,60,105,133,'A','admin','2019-11-03 13:34:25',NULL,NULL),(361,3,60,202,58,'A','admin','2019-11-03 13:34:39',NULL,NULL),(362,3,19,8,186,'A','admin','2019-11-03 13:33:52',NULL,NULL),(363,3,52,8,186,'A','admin','2019-11-03 13:33:52',NULL,NULL),(364,3,20,158,77,'A','admin','2019-11-03 13:34:33',NULL,NULL),(364,3,20,158,188,'A','admin','2019-11-03 13:34:33',NULL,NULL),(364,3,20,158,189,'A','admin','2019-11-03 13:34:33',NULL,NULL),(364,3,20,158,190,'A','admin','2019-11-03 13:34:33',NULL,NULL),(364,3,20,198,191,'A','admin','2019-11-03 13:34:39',NULL,NULL),(364,3,20,203,139,'A','admin','2019-11-03 13:34:39',NULL,NULL),(364,3,20,203,187,'A','admin','2019-11-03 13:34:39',NULL,NULL),(365,3,30,12,21,'A','admin','2019-11-03 13:33:52',NULL,NULL),(365,3,30,12,37,'A','admin','2019-11-03 13:33:52',NULL,NULL),(365,3,30,204,21,'A','admin','2019-11-03 13:34:39',NULL,NULL),(365,3,30,205,40,'A','admin','2019-11-03 13:34:39',NULL,NULL),(365,3,30,206,21,'A','admin','2019-11-03 13:34:39',NULL,NULL),(365,3,30,356,37,'A','admin','2019-11-03 13:34:57',NULL,NULL),(365,3,30,358,37,'A','admin','2019-11-03 13:34:57',NULL,NULL),(366,3,61,12,21,'A','admin','2019-11-03 13:33:52',NULL,NULL),(366,3,61,12,37,'A','admin','2019-11-03 13:33:52',NULL,NULL),(366,3,61,204,21,'A','admin','2019-11-03 13:34:39',NULL,NULL),(366,3,61,205,40,'A','admin','2019-11-03 13:34:39',NULL,NULL),(366,3,61,206,21,'A','admin','2019-11-03 13:34:39',NULL,NULL),(366,3,61,356,37,'A','admin','2019-11-03 13:34:57',NULL,NULL),(366,3,61,358,37,'A','admin','2019-11-03 13:34:57',NULL,NULL),(367,3,48,12,21,'A','admin','2019-11-03 13:33:52',NULL,NULL),(367,3,48,12,37,'A','admin','2019-11-03 13:33:52',NULL,NULL),(367,3,48,204,21,'A','admin','2019-11-03 13:34:39',NULL,NULL),(367,3,48,205,40,'A','admin','2019-11-03 13:34:39',NULL,NULL),(367,3,48,206,21,'A','admin','2019-11-03 13:34:39',NULL,NULL),(367,3,48,356,37,'A','admin','2019-11-03 13:34:57',NULL,NULL),(367,3,48,358,37,'A','admin','2019-11-03 13:34:57',NULL,NULL),(368,3,34,12,21,'A','admin','2019-11-03 13:33:52',NULL,NULL),(368,3,34,12,37,'A','admin','2019-11-03 13:33:52',NULL,NULL),(368,3,34,204,21,'A','admin','2019-11-03 13:34:39',NULL,NULL),(368,3,34,205,40,'A','admin','2019-11-03 13:34:39',NULL,NULL),(368,3,34,206,21,'A','admin','2019-11-03 13:34:39',NULL,NULL),(368,3,34,356,37,'A','admin','2019-11-03 13:34:57',NULL,NULL),(368,3,34,358,37,'A','admin','2019-11-03 13:34:58',NULL,NULL),(369,3,21,207,192,'A','admin','2019-11-03 13:34:39',NULL,NULL),(370,3,21,208,21,'A','admin','2019-11-03 13:34:40',NULL,NULL),(371,3,21,158,101,'A','admin','2019-11-03 13:34:33',NULL,NULL),(371,3,21,209,89,'A','admin','2019-11-03 13:34:40',NULL,NULL),(372,3,19,158,101,'A','admin','2019-11-03 13:34:33',NULL,NULL),(372,3,19,209,89,'A','admin','2019-11-03 13:34:40',NULL,NULL),(373,3,20,210,7,'A','admin','2019-11-03 13:34:40',NULL,NULL),(374,3,26,211,73,'A','admin','2019-11-03 13:34:40',NULL,NULL),(375,3,19,212,193,'A','admin','2019-11-03 13:34:41',NULL,NULL),(375,3,19,213,194,'A','admin','2019-11-03 13:34:41',NULL,NULL),(375,3,19,214,195,'A','admin','2019-11-03 13:34:41',NULL,NULL),(376,3,32,212,193,'A','admin','2019-11-03 13:34:41',NULL,NULL),(376,3,32,213,194,'A','admin','2019-11-03 13:34:41',NULL,NULL),(376,3,32,214,195,'A','admin','2019-11-03 13:34:41',NULL,NULL),(377,3,33,158,44,'A','admin','2019-11-03 13:34:33',NULL,NULL),(377,3,33,215,196,'A','admin','2019-11-03 13:34:41',NULL,NULL),(377,3,33,216,44,'A','admin','2019-11-03 13:34:42',NULL,NULL),(378,3,19,158,44,'A','admin','2019-11-03 13:34:33',NULL,NULL),(378,3,19,215,196,'A','admin','2019-11-03 13:34:42',NULL,NULL),(378,3,19,216,44,'A','admin','2019-11-03 13:34:42',NULL,NULL),(379,3,20,158,44,'A','admin','2019-11-03 13:34:33',NULL,NULL),(379,3,20,215,196,'A','admin','2019-11-03 13:34:42',NULL,NULL),(379,3,20,216,44,'A','admin','2019-11-03 13:34:42',NULL,NULL),(380,3,19,8,17,'A','admin','2019-11-03 13:33:52',NULL,NULL),(380,3,19,8,54,'A','admin','2019-11-03 13:33:52',NULL,NULL),(380,3,19,36,54,'A','admin','2019-11-03 13:34:07',NULL,NULL),(381,3,20,8,17,'A','admin','2019-11-03 13:33:52',NULL,NULL),(381,3,20,8,54,'A','admin','2019-11-03 13:33:52',NULL,NULL),(381,3,20,36,54,'A','admin','2019-11-03 13:34:07',NULL,NULL),(382,3,23,217,31,'A','admin','2019-11-03 13:34:42',NULL,NULL),(383,3,21,33,118,'A','admin','2019-11-03 13:34:07',NULL,NULL),(384,3,21,218,118,'A','admin','2019-11-03 13:34:42',NULL,NULL),(385,3,20,8,197,'A','admin','2019-11-03 13:33:52',NULL,NULL),(386,3,21,219,198,'A','admin','2019-11-03 13:34:42',NULL,NULL),(387,3,20,212,73,'A','admin','2019-11-03 13:34:42',NULL,NULL),(388,3,21,73,9,'A','admin','2019-11-03 13:34:18',NULL,NULL),(389,3,20,220,54,'A','admin','2019-11-03 13:34:42',NULL,NULL),(390,3,24,221,16,'A','admin','2019-11-03 13:34:42',NULL,NULL),(390,3,24,221,82,'A','admin','2019-11-03 13:34:42',NULL,NULL),(391,3,21,222,72,'A','admin','2019-11-03 13:34:42',NULL,NULL),(392,3,19,8,16,'A','admin','2019-11-03 13:33:52',NULL,NULL),(392,3,19,8,52,'A','admin','2019-11-03 13:33:52',NULL,NULL),(392,3,19,8,82,'A','admin','2019-11-03 13:33:52',NULL,NULL),(392,3,19,8,199,'A','admin','2019-11-03 13:33:52',NULL,NULL),(392,3,19,36,16,'A','admin','2019-11-03 13:34:07',NULL,NULL),(392,3,19,36,199,'A','admin','2019-11-03 13:34:07',NULL,NULL),(393,3,20,8,16,'A','admin','2019-11-03 13:33:52',NULL,NULL),(393,3,20,8,52,'A','admin','2019-11-03 13:33:52',NULL,NULL),(393,3,20,8,82,'A','admin','2019-11-03 13:33:52',NULL,NULL),(393,3,20,8,199,'A','admin','2019-11-03 13:33:53',NULL,NULL),(393,3,20,36,16,'A','admin','2019-11-03 13:34:07',NULL,NULL),(393,3,20,36,199,'A','admin','2019-11-03 13:34:07',NULL,NULL),(394,3,36,8,16,'A','admin','2019-11-03 13:33:53',NULL,NULL),(394,3,36,8,52,'A','admin','2019-11-03 13:33:53',NULL,NULL),(394,3,36,8,82,'A','admin','2019-11-03 13:33:53',NULL,NULL),(394,3,36,8,199,'A','admin','2019-11-03 13:33:53',NULL,NULL),(394,3,36,36,16,'A','admin','2019-11-03 13:34:07',NULL,NULL),(394,3,36,36,199,'A','admin','2019-11-03 13:34:07',NULL,NULL),(395,3,19,8,200,'A','admin','2019-11-03 13:33:53',NULL,NULL),(395,3,19,8,201,'A','admin','2019-11-03 13:33:53',NULL,NULL),(395,3,19,8,202,'A','admin','2019-11-03 13:33:53',NULL,NULL),(396,3,20,8,200,'A','admin','2019-11-03 13:33:53',NULL,NULL),(396,3,20,8,201,'A','admin','2019-11-03 13:33:53',NULL,NULL),(396,3,20,8,202,'A','admin','2019-11-03 13:33:53',NULL,NULL),(397,3,20,65,8,'A','admin','2019-11-03 13:34:18',NULL,NULL),(397,3,20,124,16,'A','admin','2019-11-03 13:34:27',NULL,NULL),(398,3,52,8,189,'A','admin','2019-11-03 13:33:53',NULL,NULL),(398,3,52,222,203,'A','admin','2019-11-03 13:34:42',NULL,NULL),(399,3,21,8,189,'A','admin','2019-11-03 13:33:53',NULL,NULL),(399,3,21,222,203,'A','admin','2019-11-03 13:34:42',NULL,NULL),(400,3,40,160,145,'A','admin','2019-11-03 13:34:33',NULL,NULL),(400,3,40,223,116,'A','admin','2019-11-03 13:34:42',NULL,NULL),(401,3,24,224,16,'A','admin','2019-11-03 13:34:42',NULL,NULL),(401,3,24,224,102,'A','admin','2019-11-03 13:34:42',NULL,NULL),(402,3,21,8,44,'A','admin','2019-11-03 13:33:53',NULL,NULL),(402,3,21,225,72,'A','admin','2019-11-03 13:34:42',NULL,NULL),(403,3,20,8,44,'A','admin','2019-11-03 13:33:53',NULL,NULL),(403,3,20,225,72,'A','admin','2019-11-03 13:34:42',NULL,NULL),(404,3,24,160,16,'A','admin','2019-11-03 13:34:33',NULL,NULL),(404,3,24,198,149,'A','admin','2019-11-03 13:34:40',NULL,NULL),(404,3,24,226,54,'A','admin','2019-11-03 13:34:42',NULL,NULL),(404,3,24,227,43,'A','admin','2019-11-03 13:34:42',NULL,NULL),(405,3,20,160,16,'A','admin','2019-11-03 13:34:33',NULL,NULL),(405,3,20,198,149,'A','admin','2019-11-03 13:34:40',NULL,NULL),(405,3,20,226,54,'A','admin','2019-11-03 13:34:42',NULL,NULL),(405,3,20,227,43,'A','admin','2019-11-03 13:34:42',NULL,NULL),(406,3,21,160,16,'A','admin','2019-11-03 13:34:34',NULL,NULL),(406,3,21,198,149,'A','admin','2019-11-03 13:34:40',NULL,NULL),(406,3,21,226,54,'A','admin','2019-11-03 13:34:43',NULL,NULL),(406,3,21,227,43,'A','admin','2019-11-03 13:34:43',NULL,NULL),(407,3,26,8,16,'A','admin','2019-11-03 13:33:53',NULL,NULL),(407,3,26,8,82,'A','admin','2019-11-03 13:33:53',NULL,NULL),(407,3,26,158,8,'A','admin','2019-11-03 13:34:34',NULL,NULL),(407,3,26,158,16,'A','admin','2019-11-03 13:34:34',NULL,NULL),(407,3,26,211,16,'A','admin','2019-11-03 13:34:40',NULL,NULL),(407,3,26,228,24,'A','admin','2019-11-03 13:34:43',NULL,NULL),(407,3,26,229,91,'A','admin','2019-11-03 13:34:44',NULL,NULL),(407,3,26,230,72,'A','admin','2019-11-03 13:34:44',NULL,NULL),(407,3,26,334,16,'A','admin','2019-11-03 13:34:55',NULL,NULL),(408,3,23,8,16,'A','admin','2019-11-03 13:33:53',NULL,NULL),(408,3,23,8,82,'A','admin','2019-11-03 13:33:53',NULL,NULL),(408,3,23,158,8,'A','admin','2019-11-03 13:34:34',NULL,NULL),(408,3,23,158,16,'A','admin','2019-11-03 13:34:34',NULL,NULL),(408,3,23,211,16,'A','admin','2019-11-03 13:34:40',NULL,NULL),(408,3,23,228,24,'A','admin','2019-11-03 13:34:43',NULL,NULL),(408,3,23,229,91,'A','admin','2019-11-03 13:34:44',NULL,NULL),(408,3,23,230,72,'A','admin','2019-11-03 13:34:44',NULL,NULL),(408,3,23,334,16,'A','admin','2019-11-03 13:34:55',NULL,NULL),(409,3,20,8,16,'A','admin','2019-11-03 13:33:53',NULL,NULL),(409,3,20,8,82,'A','admin','2019-11-03 13:33:53',NULL,NULL),(409,3,20,158,8,'A','admin','2019-11-03 13:34:34',NULL,NULL),(409,3,20,158,16,'A','admin','2019-11-03 13:34:34',NULL,NULL),(409,3,20,211,16,'A','admin','2019-11-03 13:34:40',NULL,NULL),(409,3,20,228,24,'A','admin','2019-11-03 13:34:43',NULL,NULL),(409,3,20,229,91,'A','admin','2019-11-03 13:34:44',NULL,NULL),(409,3,20,230,72,'A','admin','2019-11-03 13:34:44',NULL,NULL),(409,3,20,334,16,'A','admin','2019-11-03 13:34:55',NULL,NULL),(410,3,47,8,16,'A','admin','2019-11-03 13:33:53',NULL,NULL),(410,3,47,8,82,'A','admin','2019-11-03 13:33:53',NULL,NULL),(410,3,47,158,8,'A','admin','2019-11-03 13:34:34',NULL,NULL),(410,3,47,158,16,'A','admin','2019-11-03 13:34:34',NULL,NULL),(410,3,47,211,16,'A','admin','2019-11-03 13:34:40',NULL,NULL),(410,3,47,228,24,'A','admin','2019-11-03 13:34:43',NULL,NULL),(410,3,47,229,91,'A','admin','2019-11-03 13:34:44',NULL,NULL),(410,3,47,230,72,'A','admin','2019-11-03 13:34:44',NULL,NULL),(410,3,47,334,16,'A','admin','2019-11-03 13:34:55',NULL,NULL),(411,3,21,8,16,'A','admin','2019-11-03 13:33:53',NULL,NULL),(411,3,21,8,82,'A','admin','2019-11-03 13:33:53',NULL,NULL),(411,3,21,158,8,'A','admin','2019-11-03 13:34:34',NULL,NULL),(411,3,21,158,16,'A','admin','2019-11-03 13:34:34',NULL,NULL),(411,3,21,211,16,'A','admin','2019-11-03 13:34:40',NULL,NULL),(411,3,21,228,24,'A','admin','2019-11-03 13:34:43',NULL,NULL),(411,3,21,229,91,'A','admin','2019-11-03 13:34:44',NULL,NULL),(411,3,21,230,72,'A','admin','2019-11-03 13:34:44',NULL,NULL),(411,3,21,334,16,'A','admin','2019-11-03 13:34:55',NULL,NULL),(412,3,50,8,16,'A','admin','2019-11-03 13:33:53',NULL,NULL),(412,3,50,8,82,'A','admin','2019-11-03 13:33:54',NULL,NULL),(412,3,50,158,8,'A','admin','2019-11-03 13:34:34',NULL,NULL),(412,3,50,158,16,'A','admin','2019-11-03 13:34:34',NULL,NULL),(412,3,50,211,16,'A','admin','2019-11-03 13:34:40',NULL,NULL),(412,3,50,228,24,'A','admin','2019-11-03 13:34:43',NULL,NULL),(412,3,50,229,91,'A','admin','2019-11-03 13:34:44',NULL,NULL),(412,3,50,230,72,'A','admin','2019-11-03 13:34:44',NULL,NULL),(412,3,50,334,16,'A','admin','2019-11-03 13:34:55',NULL,NULL),(413,3,19,158,8,'A','admin','2019-11-03 13:34:34',NULL,NULL),(413,3,19,158,16,'A','admin','2019-11-03 13:34:34',NULL,NULL),(413,3,19,158,204,'A','admin','2019-11-03 13:34:34',NULL,NULL),(413,3,19,158,205,'A','admin','2019-11-03 13:34:34',NULL,NULL),(414,3,26,158,8,'A','admin','2019-11-03 13:34:34',NULL,NULL),(414,3,26,158,16,'A','admin','2019-11-03 13:34:34',NULL,NULL),(414,3,26,158,204,'A','admin','2019-11-03 13:34:34',NULL,NULL),(414,3,26,158,205,'A','admin','2019-11-03 13:34:34',NULL,NULL),(415,3,21,231,72,'A','admin','2019-11-03 13:34:44',NULL,NULL),(415,3,21,232,59,'A','admin','2019-11-03 13:34:44',NULL,NULL),(416,3,20,233,154,'A','admin','2019-11-03 13:34:44',NULL,NULL),(417,3,24,160,62,'A','admin','2019-11-03 13:34:34',NULL,NULL),(418,3,21,234,89,'A','admin','2019-11-03 13:34:44',NULL,NULL),(419,3,62,235,63,'A','admin','2019-11-03 13:34:44',NULL,NULL),(420,3,32,17,79,'A','admin','2019-11-03 13:33:54',NULL,NULL),(420,3,32,17,89,'A','admin','2019-11-03 13:33:54',NULL,NULL),(420,3,32,36,44,'A','admin','2019-11-03 13:34:07',NULL,NULL),(420,3,32,36,206,'A','admin','2019-11-03 13:34:07',NULL,NULL),(420,3,32,198,44,'A','admin','2019-11-03 13:34:40',NULL,NULL),(420,3,32,198,114,'A','admin','2019-11-03 13:34:40',NULL,NULL),(420,3,32,236,84,'A','admin','2019-11-03 13:34:44',NULL,NULL),(420,3,32,335,79,'A','admin','2019-11-03 13:34:55',NULL,NULL),(421,3,21,17,79,'A','admin','2019-11-03 13:33:54',NULL,NULL),(421,3,21,17,89,'A','admin','2019-11-03 13:33:54',NULL,NULL),(421,3,21,36,44,'A','admin','2019-11-03 13:34:07',NULL,NULL),(421,3,21,36,206,'A','admin','2019-11-03 13:34:07',NULL,NULL),(421,3,21,198,44,'A','admin','2019-11-03 13:34:40',NULL,NULL),(421,3,21,198,114,'A','admin','2019-11-03 13:34:40',NULL,NULL),(421,3,21,236,84,'A','admin','2019-11-03 13:34:44',NULL,NULL),(421,3,21,335,79,'A','admin','2019-11-03 13:34:55',NULL,NULL),(422,3,54,17,79,'A','admin','2019-11-03 13:33:54',NULL,NULL),(422,3,54,17,89,'A','admin','2019-11-03 13:33:54',NULL,NULL),(422,3,54,36,44,'A','admin','2019-11-03 13:34:07',NULL,NULL),(422,3,54,36,206,'A','admin','2019-11-03 13:34:07',NULL,NULL),(422,3,54,198,44,'A','admin','2019-11-03 13:34:40',NULL,NULL),(422,3,54,198,114,'A','admin','2019-11-03 13:34:40',NULL,NULL),(422,3,54,236,84,'A','admin','2019-11-03 13:34:44',NULL,NULL),(422,3,54,335,79,'A','admin','2019-11-03 13:34:55',NULL,NULL),(423,3,26,17,207,'A','admin','2019-11-03 13:33:54',NULL,NULL),(424,3,32,190,208,'A','admin','2019-11-03 13:34:37',NULL,NULL),(424,3,32,237,208,'A','admin','2019-11-03 13:34:44',NULL,NULL),(425,3,33,190,208,'A','admin','2019-11-03 13:34:38',NULL,NULL),(425,3,33,237,208,'A','admin','2019-11-03 13:34:44',NULL,NULL),(426,3,21,238,209,'A','admin','2019-11-03 13:34:44',NULL,NULL),(427,3,21,239,90,'A','admin','2019-11-03 13:34:44',NULL,NULL),(428,3,63,240,177,'A','admin','2019-11-03 13:34:45',NULL,NULL),(428,3,63,241,12,'A','admin','2019-11-03 13:34:45',NULL,NULL),(429,3,20,240,177,'A','admin','2019-11-03 13:34:45',NULL,NULL),(429,3,20,241,12,'A','admin','2019-11-03 13:34:45',NULL,NULL),(430,3,19,240,177,'A','admin','2019-11-03 13:34:45',NULL,NULL),(430,3,19,241,12,'A','admin','2019-11-03 13:34:45',NULL,NULL),(431,3,26,8,44,'A','admin','2019-11-03 13:33:54',NULL,NULL),(431,3,26,242,44,'A','admin','2019-11-03 13:34:45',NULL,NULL),(432,3,20,8,44,'A','admin','2019-11-03 13:33:54',NULL,NULL),(432,3,20,242,44,'A','admin','2019-11-03 13:34:45',NULL,NULL),(433,3,19,8,44,'A','admin','2019-11-03 13:33:54',NULL,NULL),(433,3,19,242,44,'A','admin','2019-11-03 13:34:45',NULL,NULL),(434,3,36,8,44,'A','admin','2019-11-03 13:33:54',NULL,NULL),(434,3,36,242,44,'A','admin','2019-11-03 13:34:45',NULL,NULL),(435,3,63,243,210,'A','admin','2019-11-03 13:34:45',NULL,NULL),(436,3,63,8,17,'A','admin','2019-11-03 13:33:54',NULL,NULL),(436,3,63,158,17,'A','admin','2019-11-03 13:34:34',NULL,NULL),(436,3,63,244,211,'A','admin','2019-11-03 13:34:45',NULL,NULL),(437,3,26,8,17,'A','admin','2019-11-03 13:33:54',NULL,NULL),(437,3,26,158,17,'A','admin','2019-11-03 13:34:34',NULL,NULL),(437,3,26,244,211,'A','admin','2019-11-03 13:34:45',NULL,NULL),(438,3,21,221,72,'A','admin','2019-11-03 13:34:43',NULL,NULL),(439,3,24,245,54,'A','admin','2019-11-03 13:34:45',NULL,NULL),(440,3,21,246,59,'A','admin','2019-11-03 13:34:45',NULL,NULL),(441,3,24,239,140,'A','admin','2019-11-03 13:34:45',NULL,NULL),(441,3,24,247,62,'A','admin','2019-11-03 13:34:45',NULL,NULL),(441,3,24,337,206,'A','admin','2019-11-03 13:34:55',NULL,NULL),(442,3,21,239,140,'A','admin','2019-11-03 13:34:45',NULL,NULL),(442,3,21,247,62,'A','admin','2019-11-03 13:34:46',NULL,NULL),(442,3,21,337,206,'A','admin','2019-11-03 13:34:55',NULL,NULL),(443,3,21,248,212,'A','admin','2019-11-03 13:34:46',NULL,NULL),(444,3,26,11,143,'A','admin','2019-11-03 13:33:54',NULL,NULL),(444,3,26,38,62,'A','admin','2019-11-03 13:34:07',NULL,NULL),(444,3,26,65,62,'A','admin','2019-11-03 13:34:18',NULL,NULL),(444,3,26,157,96,'A','admin','2019-11-03 13:34:35',NULL,NULL),(444,3,26,249,143,'A','admin','2019-11-03 13:34:46',NULL,NULL),(445,3,24,11,143,'A','admin','2019-11-03 13:33:54',NULL,NULL),(445,3,24,38,62,'A','admin','2019-11-03 13:34:07',NULL,NULL),(445,3,24,65,62,'A','admin','2019-11-03 13:34:18',NULL,NULL),(445,3,24,157,96,'A','admin','2019-11-03 13:34:35',NULL,NULL),(445,3,24,249,143,'A','admin','2019-11-03 13:34:46',NULL,NULL),(446,3,21,8,25,'A','admin','2019-11-03 13:33:54',NULL,NULL),(446,3,21,8,213,'A','admin','2019-11-03 13:33:54',NULL,NULL),(446,3,21,250,89,'A','admin','2019-11-03 13:34:46',NULL,NULL),(447,3,19,8,25,'A','admin','2019-11-03 13:33:54',NULL,NULL),(447,3,19,8,213,'A','admin','2019-11-03 13:33:54',NULL,NULL),(447,3,19,250,89,'A','admin','2019-11-03 13:34:46',NULL,NULL),(448,3,26,8,94,'A','admin','2019-11-03 13:33:54',NULL,NULL),(449,3,24,245,82,'A','admin','2019-11-03 13:34:46',NULL,NULL),(450,3,24,251,17,'A','admin','2019-11-03 13:34:46',NULL,NULL),(450,3,24,251,54,'A','admin','2019-11-03 13:34:46',NULL,NULL),(450,3,24,338,72,'A','admin','2019-11-03 13:34:55',NULL,NULL),(451,3,36,8,19,'A','admin','2019-11-03 13:33:54',NULL,NULL),(451,3,36,17,44,'A','admin','2019-11-03 13:33:54',NULL,NULL),(451,3,36,17,62,'A','admin','2019-11-03 13:33:54',NULL,NULL),(451,3,36,17,143,'A','admin','2019-11-03 13:33:54',NULL,NULL),(451,3,36,339,19,'A','admin','2019-11-03 13:34:56',NULL,NULL),(452,3,64,252,214,'A','admin','2019-11-03 13:34:46',NULL,NULL),(453,3,21,50,215,'A','admin','2019-11-03 13:34:12',NULL,NULL),(454,3,21,253,169,'A','admin','2019-11-03 13:34:46',NULL,NULL),(455,3,21,254,89,'A','admin','2019-11-03 13:34:46',NULL,NULL),(456,3,33,36,17,'A','admin','2019-11-03 13:34:07',NULL,NULL),(456,3,33,88,16,'A','admin','2019-11-03 13:34:22',NULL,NULL),(456,3,33,255,216,'A','admin','2019-11-03 13:34:47',NULL,NULL),(456,3,33,256,9,'A','admin','2019-11-03 13:34:47',NULL,NULL),(456,3,33,257,217,'A','admin','2019-11-03 13:34:47',NULL,NULL),(456,3,33,257,256,'A','admin','2019-11-03 13:34:47',NULL,NULL),(456,3,33,341,255,'A','admin','2019-11-03 13:34:58',NULL,NULL),(456,3,33,342,7,'A','admin','2019-11-03 13:34:58',NULL,NULL),(456,3,33,343,84,'A','admin','2019-11-03 13:34:58',NULL,NULL),(457,3,58,36,17,'A','admin','2019-11-03 13:34:07',NULL,NULL),(457,3,58,88,16,'A','admin','2019-11-03 13:34:22',NULL,NULL),(457,3,58,255,216,'A','admin','2019-11-03 13:34:47',NULL,NULL),(457,3,58,256,9,'A','admin','2019-11-03 13:34:47',NULL,NULL),(457,3,58,257,217,'A','admin','2019-11-03 13:34:47',NULL,NULL),(457,3,58,257,256,'A','admin','2019-11-03 13:34:47',NULL,NULL),(457,3,58,341,255,'A','admin','2019-11-03 13:34:58',NULL,NULL),(457,3,58,342,7,'A','admin','2019-11-03 13:34:58',NULL,NULL),(457,3,58,343,84,'A','admin','2019-11-03 13:34:58',NULL,NULL),(458,3,32,36,17,'A','admin','2019-11-03 13:34:07',NULL,NULL),(458,3,32,88,16,'A','admin','2019-11-03 13:34:22',NULL,NULL),(458,3,32,255,216,'A','admin','2019-11-03 13:34:47',NULL,NULL),(458,3,32,256,9,'A','admin','2019-11-03 13:34:48',NULL,NULL),(458,3,32,257,217,'A','admin','2019-11-03 13:34:48',NULL,NULL),(458,3,32,257,256,'A','admin','2019-11-03 13:34:48',NULL,NULL),(458,3,32,341,255,'A','admin','2019-11-03 13:34:58',NULL,NULL),(458,3,32,342,7,'A','admin','2019-11-03 13:34:58',NULL,NULL),(458,3,32,343,84,'A','admin','2019-11-03 13:34:58',NULL,NULL),(459,3,20,36,17,'A','admin','2019-11-03 13:34:07',NULL,NULL),(459,3,20,88,16,'A','admin','2019-11-03 13:34:22',NULL,NULL),(459,3,20,255,216,'A','admin','2019-11-03 13:34:48',NULL,NULL),(459,3,20,256,9,'A','admin','2019-11-03 13:34:48',NULL,NULL),(459,3,20,257,217,'A','admin','2019-11-03 13:34:48',NULL,NULL),(459,3,20,257,256,'A','admin','2019-11-03 13:34:48',NULL,NULL),(459,3,20,341,255,'A','admin','2019-11-03 13:34:58',NULL,NULL),(459,3,20,342,7,'A','admin','2019-11-03 13:34:58',NULL,NULL),(459,3,20,343,84,'A','admin','2019-11-03 13:34:58',NULL,NULL),(460,3,21,258,218,'A','admin','2019-11-03 13:34:48',NULL,NULL),(461,3,21,259,219,'A','admin','2019-11-03 13:34:48',NULL,NULL),(462,3,24,251,16,'A','admin','2019-11-03 13:34:46',NULL,NULL),(463,3,20,210,8,'A','admin','2019-11-03 13:34:40',NULL,NULL),(463,3,20,210,102,'A','admin','2019-11-03 13:34:40',NULL,NULL),(464,3,30,260,60,'A','admin','2019-11-03 13:34:48',NULL,NULL),(464,3,30,261,60,'A','admin','2019-11-03 13:34:48',NULL,NULL),(465,3,48,260,60,'A','admin','2019-11-03 13:34:48',NULL,NULL),(465,3,48,261,60,'A','admin','2019-11-03 13:34:48',NULL,NULL),(466,3,30,17,37,'A','admin','2019-11-03 13:33:54',NULL,NULL),(466,3,30,17,40,'A','admin','2019-11-03 13:33:55',NULL,NULL),(466,3,30,262,37,'A','admin','2019-11-03 13:34:48',NULL,NULL),(466,3,30,263,40,'A','admin','2019-11-03 13:34:48',NULL,NULL),(466,3,30,344,37,'A','admin','2019-11-03 13:34:58',NULL,NULL),(466,3,30,344,40,'A','admin','2019-11-03 13:34:58',NULL,NULL),(467,3,43,17,37,'A','admin','2019-11-03 13:33:55',NULL,NULL),(467,3,43,17,40,'A','admin','2019-11-03 13:33:55',NULL,NULL),(467,3,43,262,37,'A','admin','2019-11-03 13:34:48',NULL,NULL),(467,3,43,263,40,'A','admin','2019-11-03 13:34:48',NULL,NULL),(467,3,43,344,37,'A','admin','2019-11-03 13:34:58',NULL,NULL),(467,3,43,344,40,'A','admin','2019-11-03 13:34:58',NULL,NULL),(468,3,24,251,220,'A','admin','2019-11-03 13:34:46',NULL,NULL),(469,3,20,36,16,'A','admin','2019-11-03 13:34:07',NULL,NULL),(470,3,20,17,114,'A','admin','2019-11-03 13:33:55',NULL,NULL),(471,3,20,264,45,'A','admin','2019-11-03 13:34:48',NULL,NULL),(472,3,21,226,15,'A','admin','2019-11-03 13:34:43',NULL,NULL),(473,3,31,265,221,'A','admin','2019-11-03 13:34:48',NULL,NULL),(474,3,21,33,222,'A','admin','2019-11-03 13:34:07',NULL,NULL),(475,3,53,8,19,'A','admin','2019-11-03 13:33:55',NULL,NULL),(475,3,53,266,60,'A','admin','2019-11-03 13:34:48',NULL,NULL),(475,3,53,266,223,'A','admin','2019-11-03 13:34:48',NULL,NULL),(475,3,53,345,62,'A','admin','2019-11-03 13:34:58',NULL,NULL),(476,3,20,8,19,'A','admin','2019-11-03 13:33:55',NULL,NULL),(476,3,20,266,60,'A','admin','2019-11-03 13:34:48',NULL,NULL),(476,3,20,266,223,'A','admin','2019-11-03 13:34:48',NULL,NULL),(476,3,20,345,62,'A','admin','2019-11-03 13:34:58',NULL,NULL),(477,3,19,8,19,'A','admin','2019-11-03 13:33:55',NULL,NULL),(477,3,19,8,62,'A','admin','2019-11-03 13:33:55',NULL,NULL),(478,3,20,8,19,'A','admin','2019-11-03 13:33:55',NULL,NULL),(478,3,20,8,62,'A','admin','2019-11-03 13:33:55',NULL,NULL),(479,3,20,8,141,'A','admin','2019-11-03 13:33:55',NULL,NULL),(479,3,20,8,179,'A','admin','2019-11-03 13:33:55',NULL,NULL),(480,3,26,267,54,'A','admin','2019-11-03 13:34:48',NULL,NULL),(481,3,30,268,224,'A','admin','2019-11-03 13:34:48',NULL,NULL),(482,3,44,269,225,'A','admin','2019-11-03 13:34:48',NULL,NULL),(483,3,30,269,226,'A','admin','2019-11-03 13:34:49',NULL,NULL),(484,3,65,270,227,'A','admin','2019-11-03 13:34:49',NULL,NULL),(485,3,26,8,17,'A','admin','2019-11-03 13:33:55',NULL,NULL),(486,3,66,221,79,'A','admin','2019-11-03 13:34:43',NULL,NULL),(486,3,66,271,84,'A','admin','2019-11-03 13:34:49',NULL,NULL),(487,3,20,7,44,'A','admin','2019-11-03 13:33:55',NULL,NULL),(487,3,20,7,143,'A','admin','2019-11-03 13:33:55',NULL,NULL),(487,3,20,7,228,'A','admin','2019-11-03 13:33:55',NULL,NULL),(487,3,20,200,59,'A','admin','2019-11-03 13:34:40',NULL,NULL),(488,3,21,272,229,'A','admin','2019-11-03 13:34:49',NULL,NULL),(489,3,19,8,7,'A','admin','2019-11-03 13:33:55',NULL,NULL),(489,3,19,8,12,'A','admin','2019-11-03 13:33:55',NULL,NULL),(489,3,19,8,17,'A','admin','2019-11-03 13:33:55',NULL,NULL),(489,3,19,8,45,'A','admin','2019-11-03 13:33:55',NULL,NULL),(490,3,19,273,14,'A','admin','2019-11-03 13:34:49',NULL,NULL),(491,3,21,65,58,'A','admin','2019-11-03 13:34:18',NULL,NULL),(491,3,21,254,43,'A','admin','2019-11-03 13:34:46',NULL,NULL),(491,3,21,264,58,'A','admin','2019-11-03 13:34:49',NULL,NULL),(491,3,21,274,58,'A','admin','2019-11-03 13:34:49',NULL,NULL),(492,3,20,65,58,'A','admin','2019-11-03 13:34:18',NULL,NULL),(492,3,20,254,43,'A','admin','2019-11-03 13:34:46',NULL,NULL),(492,3,20,264,58,'A','admin','2019-11-03 13:34:49',NULL,NULL),(492,3,20,274,58,'A','admin','2019-11-03 13:34:49',NULL,NULL),(493,3,19,65,58,'A','admin','2019-11-03 13:34:19',NULL,NULL),(493,3,19,254,43,'A','admin','2019-11-03 13:34:46',NULL,NULL),(493,3,19,264,58,'A','admin','2019-11-03 13:34:49',NULL,NULL),(493,3,19,274,58,'A','admin','2019-11-03 13:34:49',NULL,NULL),(494,3,24,163,19,'A','admin','2019-11-03 13:34:35',NULL,NULL),(494,3,24,163,73,'A','admin','2019-11-03 13:34:35',NULL,NULL),(495,3,26,8,230,'A','admin','2019-11-03 13:33:55',NULL,NULL),(496,3,23,8,7,'A','admin','2019-11-03 13:33:55',NULL,NULL),(496,3,23,275,32,'A','admin','2019-11-03 13:34:49',NULL,NULL),(497,3,26,8,7,'A','admin','2019-11-03 13:33:55',NULL,NULL),(497,3,26,275,32,'A','admin','2019-11-03 13:34:49',NULL,NULL),(498,3,19,8,231,'A','admin','2019-11-03 13:33:55',NULL,NULL),(498,3,19,8,258,'A','admin','2019-11-03 13:33:55',NULL,NULL),(498,3,19,139,259,'A','admin','2019-11-03 13:34:29',NULL,NULL),(498,3,19,158,231,'A','admin','2019-11-03 13:34:35',NULL,NULL),(499,3,26,8,231,'A','admin','2019-11-03 13:33:56',NULL,NULL),(499,3,26,8,258,'A','admin','2019-11-03 13:33:56',NULL,NULL),(499,3,26,139,259,'A','admin','2019-11-03 13:34:29',NULL,NULL),(499,3,26,158,231,'A','admin','2019-11-03 13:34:35',NULL,NULL),(500,3,19,8,232,'A','admin','2019-11-03 13:33:56',NULL,NULL),(501,3,21,276,31,'A','admin','2019-11-03 13:34:50',NULL,NULL),(502,3,24,8,20,'A','admin','2019-11-03 13:33:56',NULL,NULL),(502,3,24,8,73,'A','admin','2019-11-03 13:33:56',NULL,NULL),(502,3,24,264,20,'A','admin','2019-11-03 13:34:49',NULL,NULL),(502,3,24,264,73,'A','admin','2019-11-03 13:34:49',NULL,NULL),(502,3,24,277,45,'A','admin','2019-11-03 13:34:50',NULL,NULL),(502,3,24,278,233,'A','admin','2019-11-03 13:34:50',NULL,NULL),(502,3,24,279,59,'A','admin','2019-11-03 13:34:51',NULL,NULL),(503,3,19,8,20,'A','admin','2019-11-03 13:33:56',NULL,NULL),(503,3,19,8,73,'A','admin','2019-11-03 13:33:56',NULL,NULL),(503,3,19,264,20,'A','admin','2019-11-03 13:34:49',NULL,NULL),(503,3,19,264,73,'A','admin','2019-11-03 13:34:49',NULL,NULL),(503,3,19,277,45,'A','admin','2019-11-03 13:34:50',NULL,NULL),(503,3,19,278,233,'A','admin','2019-11-03 13:34:51',NULL,NULL),(503,3,19,279,59,'A','admin','2019-11-03 13:34:51',NULL,NULL),(504,3,20,8,20,'A','admin','2019-11-03 13:33:56',NULL,NULL),(504,3,20,8,73,'A','admin','2019-11-03 13:33:56',NULL,NULL),(504,3,20,264,20,'A','admin','2019-11-03 13:34:49',NULL,NULL),(504,3,20,264,73,'A','admin','2019-11-03 13:34:49',NULL,NULL),(504,3,20,277,45,'A','admin','2019-11-03 13:34:51',NULL,NULL),(504,3,20,278,233,'A','admin','2019-11-03 13:34:51',NULL,NULL),(504,3,20,279,59,'A','admin','2019-11-03 13:34:51',NULL,NULL),(505,3,32,8,20,'A','admin','2019-11-03 13:33:56',NULL,NULL),(505,3,32,8,73,'A','admin','2019-11-03 13:33:56',NULL,NULL),(505,3,32,264,20,'A','admin','2019-11-03 13:34:49',NULL,NULL),(505,3,32,264,73,'A','admin','2019-11-03 13:34:49',NULL,NULL),(505,3,32,277,45,'A','admin','2019-11-03 13:34:51',NULL,NULL),(505,3,32,278,233,'A','admin','2019-11-03 13:34:51',NULL,NULL),(505,3,32,279,59,'A','admin','2019-11-03 13:34:51',NULL,NULL),(506,3,26,28,17,'A','admin','2019-11-03 13:34:07',NULL,NULL),(506,3,26,403,17,'A','admin','2019-11-03 13:35:02',NULL,NULL),(507,3,67,280,84,'A','admin','2019-11-03 13:34:51',NULL,NULL),(508,3,21,281,84,'A','admin','2019-11-03 13:34:51',NULL,NULL),(509,3,42,282,234,'A','admin','2019-11-03 13:34:51',NULL,NULL),(509,3,42,283,72,'A','admin','2019-11-03 13:34:51',NULL,NULL),(510,3,68,282,234,'A','admin','2019-11-03 13:34:51',NULL,NULL),(510,3,68,283,72,'A','admin','2019-11-03 13:34:51',NULL,NULL),(511,3,21,18,32,'A','admin','2019-11-03 13:33:56',NULL,NULL),(512,3,52,84,54,'A','admin','2019-11-03 13:34:22',NULL,NULL),(512,3,52,284,43,'A','admin','2019-11-03 13:34:51',NULL,NULL),(512,3,52,361,54,'A','admin','2019-11-03 13:35:00',NULL,NULL),(512,3,52,362,177,'A','admin','2019-11-03 13:35:00',NULL,NULL),(513,3,32,84,54,'A','admin','2019-11-03 13:34:22',NULL,NULL),(513,3,32,284,43,'A','admin','2019-11-03 13:34:51',NULL,NULL),(513,3,32,361,54,'A','admin','2019-11-03 13:35:00',NULL,NULL),(513,3,32,362,177,'A','admin','2019-11-03 13:35:00',NULL,NULL),(514,3,57,157,31,'A','admin','2019-11-03 13:34:35',NULL,NULL),(515,3,19,8,12,'A','admin','2019-11-03 13:33:56',NULL,NULL),(515,3,19,17,12,'A','admin','2019-11-03 13:33:56',NULL,NULL),(515,3,19,285,16,'A','admin','2019-11-03 13:34:51',NULL,NULL),(516,3,20,8,19,'A','admin','2019-11-03 13:33:56',NULL,NULL),(517,3,20,8,17,'A','admin','2019-11-03 13:33:56',NULL,NULL),(517,3,20,8,54,'A','admin','2019-11-03 13:33:56',NULL,NULL),(517,3,20,36,17,'A','admin','2019-11-03 13:34:08',NULL,NULL),(517,3,20,158,17,'A','admin','2019-11-03 13:34:35',NULL,NULL),(517,3,20,158,54,'A','admin','2019-11-03 13:34:35',NULL,NULL),(517,3,20,274,54,'A','admin','2019-11-03 13:34:49',NULL,NULL),(518,3,26,8,17,'A','admin','2019-11-03 13:33:56',NULL,NULL),(518,3,26,8,54,'A','admin','2019-11-03 13:33:56',NULL,NULL),(518,3,26,36,17,'A','admin','2019-11-03 13:34:08',NULL,NULL),(518,3,26,158,17,'A','admin','2019-11-03 13:34:35',NULL,NULL),(518,3,26,158,54,'A','admin','2019-11-03 13:34:35',NULL,NULL),(518,3,26,274,54,'A','admin','2019-11-03 13:34:49',NULL,NULL),(519,3,35,286,59,'A','admin','2019-11-03 13:34:51',NULL,NULL),(520,3,20,8,62,'A','admin','2019-11-03 13:33:56',NULL,NULL),(520,3,20,8,143,'A','admin','2019-11-03 13:33:56',NULL,NULL),(520,3,20,287,143,'A','admin','2019-11-03 13:34:51',NULL,NULL),(520,3,20,288,62,'A','admin','2019-11-03 13:34:51',NULL,NULL),(521,3,19,8,62,'A','admin','2019-11-03 13:33:56',NULL,NULL),(521,3,19,8,143,'A','admin','2019-11-03 13:33:56',NULL,NULL),(521,3,19,287,143,'A','admin','2019-11-03 13:34:51',NULL,NULL),(521,3,19,288,62,'A','admin','2019-11-03 13:34:51',NULL,NULL),(522,3,52,8,20,'A','admin','2019-11-03 13:33:56',NULL,NULL),(523,3,21,33,235,'A','admin','2019-11-03 13:34:08',NULL,NULL),(524,3,21,33,236,'A','admin','2019-11-03 13:34:08',NULL,NULL),(524,3,21,289,237,'A','admin','2019-11-03 13:34:52',NULL,NULL),(525,3,69,290,238,'A','admin','2019-11-03 13:34:52',NULL,NULL),(525,3,69,290,239,'A','admin','2019-11-03 13:34:52',NULL,NULL),(525,3,69,290,240,'A','admin','2019-11-03 13:34:52',NULL,NULL),(526,3,24,226,31,'A','admin','2019-11-03 13:34:43',NULL,NULL),(526,3,24,291,31,'A','admin','2019-11-03 13:34:52',NULL,NULL),(526,3,24,292,241,'A','admin','2019-11-03 13:34:52',NULL,NULL),(526,3,24,293,242,'A','admin','2019-11-03 13:34:52',NULL,NULL),(527,3,21,226,31,'A','admin','2019-11-03 13:34:43',NULL,NULL),(527,3,21,291,31,'A','admin','2019-11-03 13:34:52',NULL,NULL),(527,3,21,292,241,'A','admin','2019-11-03 13:34:52',NULL,NULL),(527,3,21,293,242,'A','admin','2019-11-03 13:34:52',NULL,NULL),(528,3,20,139,16,'A','admin','2019-11-03 13:34:27',NULL,NULL),(529,3,30,294,60,'A','admin','2019-11-03 13:34:52',NULL,NULL),(530,3,20,84,16,'A','admin','2019-11-03 13:34:22',NULL,NULL),(530,3,20,295,16,'A','admin','2019-11-03 13:34:53',NULL,NULL),(531,3,32,17,84,'A','admin','2019-11-03 13:33:57',NULL,NULL),(531,3,32,17,89,'A','admin','2019-11-03 13:33:56',NULL,NULL),(531,3,32,296,72,'A','admin','2019-11-03 13:34:53',NULL,NULL),(532,3,26,7,45,'A','admin','2019-11-03 13:33:57',NULL,NULL),(532,3,26,7,54,'A','admin','2019-11-03 13:33:57',NULL,NULL),(532,3,26,7,85,'A','admin','2019-11-03 13:33:57',NULL,NULL),(533,3,21,222,79,'A','admin','2019-11-03 13:34:43',NULL,NULL),(534,3,20,8,17,'A','admin','2019-11-03 13:33:57',NULL,NULL),(534,3,20,297,17,'A','admin','2019-11-03 13:34:53',NULL,NULL),(535,3,20,8,44,'A','admin','2019-11-03 13:33:57',NULL,NULL),(535,3,20,15,62,'A','admin','2019-11-03 13:33:57',NULL,NULL),(536,3,26,8,243,'A','admin','2019-11-03 13:33:57',NULL,NULL),(537,3,54,8,243,'A','admin','2019-11-03 13:33:57',NULL,NULL),(538,3,36,8,243,'A','admin','2019-11-03 13:33:57',NULL,NULL),(539,3,26,298,8,'A','admin','2019-11-03 13:34:53',NULL,NULL),(539,3,26,298,17,'A','admin','2019-11-03 13:34:53',NULL,NULL),(539,3,26,298,62,'A','admin','2019-11-03 13:34:53',NULL,NULL),(540,3,19,285,244,'A','admin','2019-11-03 13:34:52',NULL,NULL),(541,3,19,285,245,'A','admin','2019-11-03 13:34:52',NULL,NULL),(542,3,19,285,7,'A','admin','2019-11-03 13:34:52',NULL,NULL),(543,3,20,8,8,'A','admin','2019-11-03 13:33:57',NULL,NULL),(543,3,20,274,8,'A','admin','2019-11-03 13:34:49',NULL,NULL),(543,3,20,299,60,'A','admin','2019-11-03 13:34:53',NULL,NULL),(544,3,30,8,8,'A','admin','2019-11-03 13:33:57',NULL,NULL),(544,3,30,274,8,'A','admin','2019-11-03 13:34:49',NULL,NULL),(544,3,30,299,60,'A','admin','2019-11-03 13:34:53',NULL,NULL),(545,3,21,300,39,'A','admin','2019-11-03 13:34:53',NULL,NULL),(546,3,20,8,19,'A','admin','2019-11-03 13:33:57',NULL,NULL),(547,3,21,8,54,'A','admin','2019-11-03 13:33:57',NULL,NULL),(547,3,21,301,38,'A','admin','2019-11-03 13:34:53',NULL,NULL),(548,3,41,302,61,'A','admin','2019-11-03 13:34:53',NULL,NULL),(548,3,41,303,246,'A','admin','2019-11-03 13:34:53',NULL,NULL),(549,3,19,8,58,'A','admin','2019-11-03 13:33:57',NULL,NULL),(549,3,19,36,82,'A','admin','2019-11-03 13:34:08',NULL,NULL),(549,3,19,65,58,'A','admin','2019-11-03 13:34:19',NULL,NULL),(549,3,19,264,82,'A','admin','2019-11-03 13:34:49',NULL,NULL),(550,3,20,8,58,'A','admin','2019-11-03 13:33:57',NULL,NULL),(550,3,20,36,82,'A','admin','2019-11-03 13:34:08',NULL,NULL),(550,3,20,65,58,'A','admin','2019-11-03 13:34:19',NULL,NULL),(550,3,20,264,82,'A','admin','2019-11-03 13:34:49',NULL,NULL),(551,3,70,8,58,'A','admin','2019-11-03 13:33:57',NULL,NULL),(551,3,70,36,82,'A','admin','2019-11-03 13:34:08',NULL,NULL),(551,3,70,65,58,'A','admin','2019-11-03 13:34:19',NULL,NULL),(551,3,70,264,82,'A','admin','2019-11-03 13:34:49',NULL,NULL),(552,3,47,8,58,'A','admin','2019-11-03 13:33:57',NULL,NULL),(552,3,47,36,82,'A','admin','2019-11-03 13:34:08',NULL,NULL),(552,3,47,65,58,'A','admin','2019-11-03 13:34:19',NULL,NULL),(552,3,47,264,82,'A','admin','2019-11-03 13:34:49',NULL,NULL),(553,3,20,65,143,'A','admin','2019-11-03 13:34:19',NULL,NULL),(554,3,24,245,151,'A','admin','2019-11-03 13:34:46',NULL,NULL),(555,3,71,304,247,'A','admin','2019-11-03 13:34:53',NULL,NULL),(556,3,21,305,110,'A','admin','2019-11-03 13:34:53',NULL,NULL),(557,3,27,266,88,'A','admin','2019-11-03 13:34:49',NULL,NULL),(557,3,27,306,88,'A','admin','2019-11-03 13:34:53',NULL,NULL),(557,3,27,307,248,'A','admin','2019-11-03 13:34:53',NULL,NULL),(557,3,27,308,88,'A','admin','2019-11-03 13:34:53',NULL,NULL),(558,3,41,266,88,'A','admin','2019-11-03 13:34:49',NULL,NULL),(558,3,41,306,88,'A','admin','2019-11-03 13:34:53',NULL,NULL),(558,3,41,307,248,'A','admin','2019-11-03 13:34:53',NULL,NULL),(558,3,41,308,88,'A','admin','2019-11-03 13:34:53',NULL,NULL),(559,3,35,266,88,'A','admin','2019-11-03 13:34:50',NULL,NULL),(559,3,35,306,88,'A','admin','2019-11-03 13:34:53',NULL,NULL),(559,3,35,307,248,'A','admin','2019-11-03 13:34:53',NULL,NULL),(559,3,35,308,88,'A','admin','2019-11-03 13:34:54',NULL,NULL),(560,3,59,266,88,'A','admin','2019-11-03 13:34:50',NULL,NULL),(560,3,59,306,88,'A','admin','2019-11-03 13:34:54',NULL,NULL),(560,3,59,307,248,'A','admin','2019-11-03 13:34:54',NULL,NULL),(560,3,59,308,88,'A','admin','2019-11-03 13:34:54',NULL,NULL),(561,3,53,266,88,'A','admin','2019-11-03 13:34:50',NULL,NULL),(561,3,53,306,88,'A','admin','2019-11-03 13:34:54',NULL,NULL),(561,3,53,307,248,'A','admin','2019-11-03 13:34:54',NULL,NULL),(561,3,53,308,88,'A','admin','2019-11-03 13:34:54',NULL,NULL),(562,3,24,169,250,'A','admin','2019-11-03 13:34:35',NULL,NULL),(562,3,24,245,249,'A','admin','2019-11-03 13:34:46',NULL,NULL),(563,3,40,309,31,'A','admin','2019-11-03 13:34:54',NULL,NULL),(564,3,40,309,31,'A','admin','2019-11-03 13:34:54',NULL,NULL),(565,3,40,310,251,'A','admin','2019-11-03 13:34:54',NULL,NULL),(566,3,32,8,54,'A','admin','2019-11-03 13:33:57',NULL,NULL),(566,3,32,285,9,'A','admin','2019-11-03 13:34:52',NULL,NULL),(566,3,32,311,38,'A','admin','2019-11-03 13:34:54',NULL,NULL),(567,3,19,8,54,'A','admin','2019-11-03 13:33:57',NULL,NULL),(567,3,19,285,9,'A','admin','2019-11-03 13:34:52',NULL,NULL),(567,3,19,311,38,'A','admin','2019-11-03 13:34:54',NULL,NULL),(568,3,36,8,54,'A','admin','2019-11-03 13:33:57',NULL,NULL),(568,3,36,285,9,'A','admin','2019-11-03 13:34:52',NULL,NULL),(568,3,36,311,38,'A','admin','2019-11-03 13:34:54',NULL,NULL),(569,3,26,8,54,'A','admin','2019-11-03 13:33:57',NULL,NULL),(569,3,26,285,9,'A','admin','2019-11-03 13:34:52',NULL,NULL),(569,3,26,311,38,'A','admin','2019-11-03 13:34:54',NULL,NULL),(570,3,21,8,54,'A','admin','2019-11-03 13:33:57',NULL,NULL),(570,3,21,285,9,'A','admin','2019-11-03 13:34:52',NULL,NULL),(570,3,21,311,38,'A','admin','2019-11-03 13:34:54',NULL,NULL),(571,3,24,312,252,'A','admin','2019-11-03 13:34:54',NULL,NULL),(572,3,24,166,279,'A','admin','2019-11-03 13:34:35',NULL,NULL),(572,3,24,313,180,'A','admin','2019-11-03 13:34:54',NULL,NULL),(573,3,37,306,253,'A','admin','2019-11-03 13:34:54',NULL,NULL),(574,3,41,314,60,'A','admin','2019-11-03 13:34:54',NULL,NULL),(575,3,30,315,37,'A','admin','2019-11-03 13:34:54',NULL,NULL),(575,3,30,316,40,'A','admin','2019-11-03 13:34:54',NULL,NULL),(575,3,30,317,37,'A','admin','2019-11-03 13:34:54',NULL,NULL),(575,3,30,317,40,'A','admin','2019-11-03 13:34:54',NULL,NULL),(576,3,43,315,37,'A','admin','2019-11-03 13:34:54',NULL,NULL),(576,3,43,316,40,'A','admin','2019-11-03 13:34:54',NULL,NULL),(576,3,43,317,37,'A','admin','2019-11-03 13:34:55',NULL,NULL),(576,3,43,317,40,'A','admin','2019-11-03 13:34:54',NULL,NULL),(577,3,24,318,31,'A','admin','2019-11-03 13:34:55',NULL,NULL),(578,3,40,319,31,'A','admin','2019-11-03 13:34:55',NULL,NULL),(579,3,40,320,31,'A','admin','2019-11-03 13:34:55',NULL,NULL),(579,3,40,321,31,'A','admin','2019-11-03 13:34:55',NULL,NULL),(580,3,21,320,31,'A','admin','2019-11-03 13:34:55',NULL,NULL),(580,3,21,321,31,'A','admin','2019-11-03 13:34:55',NULL,NULL),(581,3,23,322,31,'A','admin','2019-11-03 13:34:55',NULL,NULL),(582,3,23,323,31,'A','admin','2019-11-03 13:34:55',NULL,NULL),(583,3,24,324,31,'A','admin','2019-11-03 13:34:56',NULL,NULL),(583,3,24,364,31,'A','admin','2019-11-03 13:35:00',NULL,NULL),(584,3,24,325,31,'A','admin','2019-11-03 13:34:56',NULL,NULL),(585,3,24,326,31,'A','admin','2019-11-03 13:34:56',NULL,NULL),(586,3,24,327,31,'A','admin','2019-11-03 13:34:56',NULL,NULL),(587,3,20,28,83,'A','admin','2019-11-03 13:34:08',NULL,NULL),(588,3,19,28,83,'A','admin','2019-11-03 13:34:08',NULL,NULL),(589,3,24,251,16,'A','admin','2019-11-03 13:34:46',NULL,NULL),(589,3,24,251,82,'A','admin','2019-11-03 13:34:46',NULL,NULL),(590,3,21,328,59,'A','admin','2019-11-03 13:34:56',NULL,NULL),(591,3,21,221,59,'A','admin','2019-11-03 13:34:43',NULL,NULL),(591,3,21,245,20,'A','admin','2019-11-03 13:34:46',NULL,NULL),(592,3,24,221,59,'A','admin','2019-11-03 13:34:43',NULL,NULL),(592,3,24,245,20,'A','admin','2019-11-03 13:34:46',NULL,NULL),(593,3,24,8,12,'A','admin','2019-11-03 13:33:57',NULL,NULL),(593,3,24,329,12,'A','admin','2019-11-03 13:34:56',NULL,NULL),(594,3,19,8,12,'A','admin','2019-11-03 13:33:57',NULL,NULL),(594,3,19,329,12,'A','admin','2019-11-03 13:34:56',NULL,NULL),(595,3,20,8,19,'A','admin','2019-11-03 13:33:57',NULL,NULL),(596,3,19,8,7,'A','admin','2019-11-03 13:33:58',NULL,NULL),(596,3,19,28,17,'A','admin','2019-11-03 13:34:08',NULL,NULL),(596,3,19,84,7,'A','admin','2019-11-03 13:34:22',NULL,NULL),(596,3,19,330,7,'A','admin','2019-11-03 13:34:56',NULL,NULL),(596,3,19,331,177,'A','admin','2019-11-03 13:34:56',NULL,NULL),(596,3,19,332,84,'A','admin','2019-11-03 13:34:56',NULL,NULL),(597,3,26,8,7,'A','admin','2019-11-03 13:33:58',NULL,NULL),(597,3,26,28,17,'A','admin','2019-11-03 13:34:08',NULL,NULL),(597,3,26,84,7,'A','admin','2019-11-03 13:34:22',NULL,NULL),(597,3,26,330,7,'A','admin','2019-11-03 13:34:56',NULL,NULL),(597,3,26,331,177,'A','admin','2019-11-03 13:34:56',NULL,NULL),(597,3,26,332,84,'A','admin','2019-11-03 13:34:56',NULL,NULL),(598,3,32,8,7,'A','admin','2019-11-03 13:33:58',NULL,NULL),(598,3,32,28,17,'A','admin','2019-11-03 13:34:08',NULL,NULL),(598,3,32,84,7,'A','admin','2019-11-03 13:34:22',NULL,NULL),(598,3,32,330,7,'A','admin','2019-11-03 13:34:56',NULL,NULL),(598,3,32,331,177,'A','admin','2019-11-03 13:34:56',NULL,NULL),(598,3,32,332,84,'A','admin','2019-11-03 13:34:56',NULL,NULL),(599,3,72,8,7,'A','admin','2019-11-03 13:33:58',NULL,NULL),(599,3,72,28,17,'A','admin','2019-11-03 13:34:08',NULL,NULL),(599,3,72,84,7,'A','admin','2019-11-03 13:34:22',NULL,NULL),(599,3,72,330,7,'A','admin','2019-11-03 13:34:56',NULL,NULL),(599,3,72,331,177,'A','admin','2019-11-03 13:34:56',NULL,NULL),(599,3,72,332,84,'A','admin','2019-11-03 13:34:56',NULL,NULL),(600,3,19,8,231,'A','admin','2019-11-03 13:33:58',NULL,NULL),(600,3,19,17,231,'A','admin','2019-11-03 13:33:58',NULL,NULL),(601,3,19,333,254,'A','admin','2019-11-03 13:34:56',NULL,NULL),(601,3,19,360,273,'A','admin','2019-11-03 13:35:00',NULL,NULL),(602,3,19,8,16,'A','admin','2019-11-03 13:33:58',NULL,NULL),(602,3,19,8,82,'A','admin','2019-11-03 13:33:58',NULL,NULL),(602,3,19,158,8,'A','admin','2019-11-03 13:34:35',NULL,NULL),(602,3,19,158,16,'A','admin','2019-11-03 13:34:35',NULL,NULL),(602,3,19,211,16,'A','admin','2019-11-03 13:34:40',NULL,NULL),(602,3,19,228,24,'A','admin','2019-11-03 13:34:43',NULL,NULL),(602,3,19,229,91,'A','admin','2019-11-03 13:34:45',NULL,NULL),(602,3,19,230,72,'A','admin','2019-11-03 13:34:45',NULL,NULL),(602,3,19,334,16,'A','admin','2019-11-03 13:34:56',NULL,NULL),(603,3,26,158,44,'A','admin','2019-11-03 13:34:35',NULL,NULL),(603,3,26,158,54,'A','admin','2019-11-03 13:34:35',NULL,NULL),(604,3,20,17,79,'A','admin','2019-11-03 13:33:58',NULL,NULL),(604,3,20,17,89,'A','admin','2019-11-03 13:33:58',NULL,NULL),(604,3,20,36,44,'A','admin','2019-11-03 13:34:08',NULL,NULL),(604,3,20,36,206,'A','admin','2019-11-03 13:34:08',NULL,NULL),(604,3,20,198,44,'A','admin','2019-11-03 13:34:40',NULL,NULL),(604,3,20,198,114,'A','admin','2019-11-03 13:34:41',NULL,NULL),(604,3,20,236,84,'A','admin','2019-11-03 13:34:45',NULL,NULL),(604,3,20,335,79,'A','admin','2019-11-03 13:34:56',NULL,NULL),(605,3,54,8,17,'A','admin','2019-11-03 13:33:58',NULL,NULL),(605,3,54,158,17,'A','admin','2019-11-03 13:34:35',NULL,NULL),(605,3,54,244,211,'A','admin','2019-11-03 13:34:46',NULL,NULL),(606,3,39,11,143,'A','admin','2019-11-03 13:33:58',NULL,NULL),(606,3,39,38,62,'A','admin','2019-11-03 13:34:08',NULL,NULL),(606,3,39,65,62,'A','admin','2019-11-03 13:34:19',NULL,NULL),(606,3,39,157,96,'A','admin','2019-11-03 13:34:35',NULL,NULL),(606,3,39,249,143,'A','admin','2019-11-03 13:34:46',NULL,NULL),(607,3,72,251,17,'A','admin','2019-11-03 13:34:47',NULL,NULL),(607,3,72,251,54,'A','admin','2019-11-03 13:34:46',NULL,NULL),(607,3,72,338,72,'A','admin','2019-11-03 13:34:56',NULL,NULL),(608,3,20,8,19,'A','admin','2019-11-03 13:33:58',NULL,NULL),(608,3,20,17,44,'A','admin','2019-11-03 13:33:58',NULL,NULL),(608,3,20,17,62,'A','admin','2019-11-03 13:33:58',NULL,NULL),(608,3,20,17,143,'A','admin','2019-11-03 13:33:58',NULL,NULL),(608,3,20,339,19,'A','admin','2019-11-03 13:34:56',NULL,NULL),(609,3,57,340,31,'A','admin','2019-11-03 13:34:56',NULL,NULL),(610,3,19,8,45,'A','admin','2019-11-03 13:33:58',NULL,NULL),(610,3,19,8,85,'A','admin','2019-11-03 13:33:58',NULL,NULL),(610,3,19,8,86,'A','admin','2019-11-03 13:33:58',NULL,NULL),(611,3,72,36,17,'A','admin','2019-11-03 13:34:08',NULL,NULL),(611,3,72,88,16,'A','admin','2019-11-03 13:34:23',NULL,NULL),(611,3,72,255,216,'A','admin','2019-11-03 13:34:50',NULL,NULL),(611,3,72,256,9,'A','admin','2019-11-03 13:34:50',NULL,NULL),(611,3,72,257,217,'A','admin','2019-11-03 13:34:50',NULL,NULL),(611,3,72,257,256,'A','admin','2019-11-03 13:34:50',NULL,NULL),(611,3,72,341,255,'A','admin','2019-11-03 13:34:58',NULL,NULL),(611,3,72,342,7,'A','admin','2019-11-03 13:34:58',NULL,NULL),(611,3,72,343,84,'A','admin','2019-11-03 13:34:59',NULL,NULL),(612,3,34,17,37,'A','admin','2019-11-03 13:33:58',NULL,NULL),(612,3,34,17,40,'A','admin','2019-11-03 13:33:58',NULL,NULL),(612,3,34,262,37,'A','admin','2019-11-03 13:34:50',NULL,NULL),(612,3,34,263,40,'A','admin','2019-11-03 13:34:50',NULL,NULL),(612,3,34,344,37,'A','admin','2019-11-03 13:34:59',NULL,NULL),(612,3,34,344,40,'A','admin','2019-11-03 13:34:59',NULL,NULL),(613,3,20,84,17,'A','admin','2019-11-03 13:34:23',NULL,NULL),(613,3,20,226,92,'A','admin','2019-11-03 13:34:43',NULL,NULL),(614,3,21,84,17,'A','admin','2019-11-03 13:34:23',NULL,NULL),(614,3,21,226,92,'A','admin','2019-11-03 13:34:43',NULL,NULL),(615,3,21,8,17,'A','admin','2019-11-03 13:33:58',NULL,NULL),(615,3,21,8,45,'A','admin','2019-11-03 13:33:58',NULL,NULL),(615,3,21,8,54,'A','admin','2019-11-03 13:33:58',NULL,NULL),(615,3,21,18,257,'A','admin','2019-11-03 13:33:58',NULL,NULL),(615,3,21,66,9,'A','admin','2019-11-03 13:34:19',NULL,NULL),(616,3,21,222,38,'A','admin','2019-11-03 13:34:43',NULL,NULL),(617,3,20,8,101,'A','admin','2019-11-03 13:33:58',NULL,NULL),(618,3,21,7,44,'A','admin','2019-11-03 13:33:59',NULL,NULL),(618,3,21,7,143,'A','admin','2019-11-03 13:33:58',NULL,NULL),(618,3,21,7,228,'A','admin','2019-11-03 13:33:59',NULL,NULL),(618,3,21,200,59,'A','admin','2019-11-03 13:34:41',NULL,NULL),(619,3,21,222,198,'A','admin','2019-11-03 13:34:43',NULL,NULL),(620,3,21,8,8,'A','admin','2019-11-03 13:33:59',NULL,NULL),(620,3,21,222,116,'A','admin','2019-11-03 13:34:43',NULL,NULL),(621,3,20,8,231,'A','admin','2019-11-03 13:33:59',NULL,NULL),(621,3,20,8,258,'A','admin','2019-11-03 13:33:59',NULL,NULL),(621,3,20,139,259,'A','admin','2019-11-03 13:34:29',NULL,NULL),(621,3,20,158,231,'A','admin','2019-11-03 13:34:35',NULL,NULL),(622,3,52,139,260,'A','admin','2019-11-03 13:34:29',NULL,NULL),(622,3,52,158,260,'A','admin','2019-11-03 13:34:35',NULL,NULL),(622,3,52,158,261,'A','admin','2019-11-03 13:34:35',NULL,NULL),(623,3,20,8,262,'A','admin','2019-11-03 13:33:59',NULL,NULL),(624,3,19,8,17,'A','admin','2019-11-03 13:33:59',NULL,NULL),(624,3,19,8,54,'A','admin','2019-11-03 13:33:59',NULL,NULL),(624,3,19,36,17,'A','admin','2019-11-03 13:34:08',NULL,NULL),(624,3,19,158,17,'A','admin','2019-11-03 13:34:35',NULL,NULL),(624,3,19,158,54,'A','admin','2019-11-03 13:34:35',NULL,NULL),(624,3,19,274,54,'A','admin','2019-11-03 13:34:50',NULL,NULL),(625,3,19,84,16,'A','admin','2019-11-03 13:34:23',NULL,NULL),(625,3,19,295,16,'A','admin','2019-11-03 13:34:53',NULL,NULL),(626,3,19,79,7,'A','admin','2019-11-03 13:34:19',NULL,NULL),(626,3,19,81,7,'A','admin','2019-11-03 13:34:19',NULL,NULL),(626,3,19,365,7,'A','admin','2019-11-03 13:35:00',NULL,NULL),(627,3,20,8,17,'A','admin','2019-11-03 13:33:59',NULL,NULL),(628,3,56,29,62,'A','admin','2019-11-03 13:34:08',NULL,NULL),(628,3,56,91,89,'A','admin','2019-11-03 13:34:23',NULL,NULL),(629,3,20,67,59,'A','admin','2019-11-03 13:34:19',NULL,NULL),(629,3,20,79,25,'A','admin','2019-11-03 13:34:19',NULL,NULL),(629,3,20,79,213,'A','admin','2019-11-03 13:34:19',NULL,NULL),(629,3,20,93,70,'A','admin','2019-11-03 13:34:23',NULL,NULL),(630,3,33,17,263,'A','admin','2019-11-03 13:33:59',NULL,NULL),(630,3,33,79,19,'A','admin','2019-11-03 13:34:19',NULL,NULL),(630,3,33,79,44,'A','admin','2019-11-03 13:34:19',NULL,NULL),(630,3,33,98,72,'A','admin','2019-11-03 13:34:23',NULL,NULL),(631,3,40,89,57,'A','admin','2019-11-03 13:34:23',NULL,NULL),(632,3,19,8,17,'A','admin','2019-11-03 13:33:59',NULL,NULL),(632,3,19,297,17,'A','admin','2019-11-03 13:34:53',NULL,NULL),(633,3,19,8,8,'A','admin','2019-11-03 13:33:59',NULL,NULL),(633,3,19,274,8,'A','admin','2019-11-03 13:34:50',NULL,NULL),(633,3,19,299,60,'A','admin','2019-11-03 13:34:53',NULL,NULL),(634,3,46,79,19,'A','admin','2019-11-03 13:34:19',NULL,NULL),(635,3,19,8,133,'A','admin','2019-11-03 13:33:59',NULL,NULL),(635,3,19,8,185,'A','admin','2019-11-03 13:33:59',NULL,NULL),(635,3,19,8,271,'A','admin','2019-11-03 13:33:59',NULL,NULL),(635,3,19,105,133,'A','admin','2019-11-03 13:34:25',NULL,NULL),(635,3,19,202,58,'A','admin','2019-11-03 13:34:41',NULL,NULL),(636,3,19,8,25,'A','admin','2019-11-03 13:33:59',NULL,NULL),(636,3,19,8,73,'A','admin','2019-11-03 13:33:59',NULL,NULL),(637,3,32,17,12,'A','admin','2019-11-03 13:33:59',NULL,NULL),(637,3,32,17,54,'A','admin','2019-11-03 13:33:59',NULL,NULL),(637,3,32,17,172,'A','admin','2019-11-03 13:33:59',NULL,NULL),(637,3,32,359,101,'A','admin','2019-11-03 13:34:59',NULL,NULL),(637,3,32,363,12,'A','admin','2019-11-03 13:35:00',NULL,NULL),(638,3,22,346,264,'A','admin','2019-11-03 13:34:59',NULL,NULL),(639,3,19,8,129,'A','admin','2019-11-03 13:33:59',NULL,NULL),(640,3,40,348,31,'A','admin','2019-11-03 13:34:59',NULL,NULL),(641,3,19,8,17,'A','admin','2019-11-03 13:33:59',NULL,NULL),(641,3,19,8,45,'A','admin','2019-11-03 13:33:59',NULL,NULL),(642,3,20,349,265,'A','admin','2019-11-03 13:34:59',NULL,NULL),(643,3,40,245,31,'A','admin','2019-11-03 13:34:47',NULL,NULL),(643,3,40,350,31,'A','admin','2019-11-03 13:34:59',NULL,NULL),(644,3,20,82,8,'A','admin','2019-11-03 13:34:19',NULL,NULL),(644,3,20,84,8,'A','admin','2019-11-03 13:34:23',NULL,NULL),(644,3,20,124,16,'A','admin','2019-11-03 13:34:27',NULL,NULL),(645,3,26,18,79,'A','admin','2019-11-03 13:34:00',NULL,NULL),(645,3,26,124,54,'A','admin','2019-11-03 13:34:27',NULL,NULL),(646,3,19,8,45,'A','admin','2019-11-03 13:34:00',NULL,NULL),(647,3,40,309,31,'A','admin','2019-11-03 13:34:55',NULL,NULL),(648,3,32,22,117,'A','admin','2019-11-03 13:34:00',NULL,NULL),(648,3,32,79,17,'A','admin','2019-11-03 13:34:19',NULL,NULL),(648,3,32,351,268,'A','admin','2019-11-03 13:34:59',NULL,NULL),(649,3,19,8,19,'A','admin','2019-11-03 13:34:00',NULL,NULL),(650,3,19,105,58,'A','admin','2019-11-03 13:34:25',NULL,NULL),(650,3,19,132,89,'A','admin','2019-11-03 13:34:27',NULL,NULL),(650,3,19,133,58,'A','admin','2019-11-03 13:34:27',NULL,NULL),(650,3,19,352,58,'A','admin','2019-11-03 13:34:59',NULL,NULL),(651,3,20,139,8,'A','admin','2019-11-03 13:34:27',NULL,NULL),(651,3,20,139,102,'A','admin','2019-11-03 13:34:29',NULL,NULL),(652,3,20,8,231,'A','admin','2019-11-03 13:34:00',NULL,NULL),(652,3,20,17,231,'A','admin','2019-11-03 13:34:00',NULL,NULL),(653,3,19,83,19,'A','admin','2019-11-03 13:34:19',NULL,NULL),(654,3,19,79,19,'A','admin','2019-11-03 13:34:19',NULL,NULL),(654,3,19,79,44,'A','admin','2019-11-03 13:34:19',NULL,NULL),(654,3,19,83,19,'A','admin','2019-11-03 13:34:19',NULL,NULL),(654,3,19,144,72,'A','admin','2019-11-03 13:34:29',NULL,NULL),(654,3,19,146,89,'A','admin','2019-11-03 13:34:30',NULL,NULL),(655,3,20,7,7,'A','admin','2019-11-03 13:34:00',NULL,NULL),(655,3,20,17,84,'A','admin','2019-11-03 13:34:00',NULL,NULL),(655,3,20,353,7,'A','admin','2019-11-03 13:34:59',NULL,NULL),(656,3,32,7,7,'A','admin','2019-11-03 13:34:00',NULL,NULL),(656,3,32,17,84,'A','admin','2019-11-03 13:34:00',NULL,NULL),(656,3,32,353,7,'A','admin','2019-11-03 13:34:59',NULL,NULL),(657,3,20,8,8,'A','admin','2019-11-03 13:34:00',NULL,NULL),(657,3,20,8,16,'A','admin','2019-11-03 13:34:00',NULL,NULL),(657,3,20,18,9,'A','admin','2019-11-03 13:34:00',NULL,NULL),(658,3,21,354,59,'A','admin','2019-11-03 13:34:59',NULL,NULL),(659,3,19,8,54,'A','admin','2019-11-03 13:34:00',NULL,NULL),(659,3,19,29,17,'A','admin','2019-11-03 13:34:09',NULL,NULL),(660,3,19,8,19,'A','admin','2019-11-03 13:34:00',NULL,NULL),(660,3,19,8,44,'A','admin','2019-11-03 13:34:00',NULL,NULL),(661,3,19,8,17,'A','admin','2019-11-03 13:34:00',NULL,NULL),(661,3,19,8,54,'A','admin','2019-11-03 13:34:00',NULL,NULL),(662,3,21,166,269,'A','admin','2019-11-03 13:34:35',NULL,NULL),(662,3,21,226,274,'A','admin','2019-11-03 13:34:43',NULL,NULL),(663,3,20,8,8,'A','admin','2019-11-03 13:34:00',NULL,NULL),(663,3,20,8,16,'A','admin','2019-11-03 13:34:00',NULL,NULL),(663,3,20,46,11,'A','admin','2019-11-03 13:34:12',NULL,NULL),(664,3,20,8,16,'A','admin','2019-11-03 13:34:00',NULL,NULL),(664,3,20,36,16,'A','admin','2019-11-03 13:34:09',NULL,NULL),(664,3,20,65,16,'A','admin','2019-11-03 13:34:19',NULL,NULL),(664,3,20,67,88,'A','admin','2019-11-03 13:34:19',NULL,NULL),(664,3,20,68,89,'A','admin','2019-11-03 13:34:19',NULL,NULL),(665,3,21,149,38,'A','admin','2019-11-03 13:34:30',NULL,NULL),(666,3,19,8,25,'A','admin','2019-11-03 13:34:00',NULL,NULL),(666,3,19,8,73,'A','admin','2019-11-03 13:34:00',NULL,NULL),(666,3,19,50,72,'A','admin','2019-11-03 13:34:12',NULL,NULL),(667,3,19,8,16,'A','admin','2019-11-03 13:34:00',NULL,NULL),(667,3,19,15,16,'A','admin','2019-11-03 13:34:00',NULL,NULL),(668,3,20,193,58,'A','admin','2019-11-03 13:34:38',NULL,NULL),(668,3,20,194,177,'A','admin','2019-11-03 13:34:41',NULL,NULL),(668,3,20,355,58,'A','admin','2019-11-03 13:34:59',NULL,NULL),(669,3,73,17,182,'A','admin','2019-11-03 13:34:01',NULL,NULL),(669,3,73,36,182,'A','admin','2019-11-03 13:34:09',NULL,NULL),(669,3,73,198,183,'A','admin','2019-11-03 13:34:41',NULL,NULL),(670,3,20,8,16,'A','admin','2019-11-03 13:34:01',NULL,NULL),(670,3,20,15,16,'A','admin','2019-11-03 13:34:01',NULL,NULL),(671,3,74,12,21,'A','admin','2019-11-03 13:34:01',NULL,NULL),(671,3,74,12,37,'A','admin','2019-11-03 13:34:01',NULL,NULL),(671,3,74,204,21,'A','admin','2019-11-03 13:34:41',NULL,NULL),(671,3,74,205,40,'A','admin','2019-11-03 13:34:41',NULL,NULL),(671,3,74,206,21,'A','admin','2019-11-03 13:34:41',NULL,NULL),(671,3,74,356,37,'A','admin','2019-11-03 13:34:59',NULL,NULL),(671,3,74,358,37,'A','admin','2019-11-03 13:34:59',NULL,NULL),(672,3,75,163,152,'A','admin','2019-11-03 13:34:36',NULL,NULL),(672,3,75,245,152,'A','admin','2019-11-03 13:34:47',NULL,NULL),(673,3,59,357,272,'A','admin','2019-11-03 13:34:59',NULL,NULL),(674,3,20,8,8,'A','admin','2019-11-03 13:34:01',NULL,NULL),(674,3,20,158,16,'A','admin','2019-11-03 13:34:36',NULL,NULL),(674,3,20,199,184,'A','admin','2019-11-03 13:34:41',NULL,NULL),(675,3,65,12,21,'A','admin','2019-11-03 13:34:01',NULL,NULL),(675,3,65,12,37,'A','admin','2019-11-03 13:34:01',NULL,NULL),(675,3,65,204,21,'A','admin','2019-11-03 13:34:41',NULL,NULL),(675,3,65,205,40,'A','admin','2019-11-03 13:34:41',NULL,NULL),(675,3,65,206,21,'A','admin','2019-11-03 13:34:41',NULL,NULL),(675,3,65,356,37,'A','admin','2019-11-03 13:34:59',NULL,NULL),(675,3,65,358,37,'A','admin','2019-11-03 13:34:59',NULL,NULL),(676,3,19,17,12,'A','admin','2019-11-03 13:34:01',NULL,NULL),(676,3,19,17,54,'A','admin','2019-11-03 13:34:01',NULL,NULL),(676,3,19,17,172,'A','admin','2019-11-03 13:34:01',NULL,NULL),(676,3,19,359,101,'A','admin','2019-11-03 13:34:59',NULL,NULL),(676,3,19,363,12,'A','admin','2019-11-03 13:35:00',NULL,NULL),(677,3,20,17,12,'A','admin','2019-11-03 13:34:01',NULL,NULL),(677,3,20,17,54,'A','admin','2019-11-03 13:34:01',NULL,NULL),(677,3,20,17,172,'A','admin','2019-11-03 13:34:01',NULL,NULL),(677,3,20,359,101,'A','admin','2019-11-03 13:34:59',NULL,NULL),(677,3,20,363,12,'A','admin','2019-11-03 13:35:00',NULL,NULL),(678,3,24,89,31,'A','admin','2019-11-03 13:34:23',NULL,NULL),(679,3,54,11,143,'A','admin','2019-11-03 13:34:01',NULL,NULL),(679,3,54,38,62,'A','admin','2019-11-03 13:34:09',NULL,NULL),(679,3,54,65,62,'A','admin','2019-11-03 13:34:19',NULL,NULL),(679,3,54,157,96,'A','admin','2019-11-03 13:34:36',NULL,NULL),(679,3,54,249,143,'A','admin','2019-11-03 13:34:47',NULL,NULL),(680,3,75,11,143,'A','admin','2019-11-03 13:34:01',NULL,NULL),(680,3,75,38,62,'A','admin','2019-11-03 13:34:09',NULL,NULL),(680,3,75,65,62,'A','admin','2019-11-03 13:34:20',NULL,NULL),(680,3,75,157,96,'A','admin','2019-11-03 13:34:36',NULL,NULL),(680,3,75,249,143,'A','admin','2019-11-03 13:34:47',NULL,NULL),(681,3,26,8,54,'A','admin','2019-11-03 13:34:01',NULL,NULL),(681,3,26,101,38,'A','admin','2019-11-03 13:34:23',NULL,NULL),(681,3,26,367,275,'A','admin','2019-11-03 13:35:00',NULL,NULL),(682,3,52,8,230,'A','admin','2019-11-03 13:34:01',NULL,NULL),(683,3,20,139,260,'A','admin','2019-11-03 13:34:30',NULL,NULL),(683,3,20,158,260,'A','admin','2019-11-03 13:34:36',NULL,NULL),(683,3,20,158,261,'A','admin','2019-11-03 13:34:36',NULL,NULL),(684,3,29,8,262,'A','admin','2019-11-03 13:34:01',NULL,NULL),(685,3,26,8,12,'A','admin','2019-11-03 13:34:01',NULL,NULL),(685,3,26,17,12,'A','admin','2019-11-03 13:34:01',NULL,NULL),(685,3,26,285,16,'A','admin','2019-11-03 13:34:52',NULL,NULL),(686,3,50,8,58,'A','admin','2019-11-03 13:34:01',NULL,NULL),(686,3,50,36,82,'A','admin','2019-11-03 13:34:09',NULL,NULL),(686,3,50,65,58,'A','admin','2019-11-03 13:34:20',NULL,NULL),(686,3,50,264,82,'A','admin','2019-11-03 13:34:50',NULL,NULL),(687,3,20,333,254,'A','admin','2019-11-03 13:34:57',NULL,NULL),(687,3,20,360,273,'A','admin','2019-11-03 13:35:00',NULL,NULL),(688,3,19,60,292,'A','admin','2019-11-03 13:34:12',NULL,NULL),(688,3,19,105,20,'A','admin','2019-11-03 13:34:25',NULL,NULL),(689,3,20,84,54,'A','admin','2019-11-03 13:34:23',NULL,NULL),(689,3,20,284,43,'A','admin','2019-11-03 13:34:52',NULL,NULL),(689,3,20,361,54,'A','admin','2019-11-03 13:35:00',NULL,NULL),(689,3,20,362,177,'A','admin','2019-11-03 13:35:00',NULL,NULL),(690,3,33,84,54,'A','admin','2019-11-03 13:34:23',NULL,NULL),(690,3,33,284,43,'A','admin','2019-11-03 13:34:52',NULL,NULL),(690,3,33,361,54,'A','admin','2019-11-03 13:35:00',NULL,NULL),(690,3,33,362,177,'A','admin','2019-11-03 13:35:00',NULL,NULL),(691,3,26,79,7,'A','admin','2019-11-03 13:34:20',NULL,NULL),(691,3,26,81,7,'A','admin','2019-11-03 13:34:20',NULL,NULL),(691,3,26,365,7,'A','admin','2019-11-03 13:35:00',NULL,NULL),(692,3,20,8,54,'A','admin','2019-11-03 13:34:01',NULL,NULL),(692,3,20,301,38,'A','admin','2019-11-03 13:34:53',NULL,NULL),(693,3,20,8,17,'A','admin','2019-11-03 13:34:01',NULL,NULL),(693,3,20,158,17,'A','admin','2019-11-03 13:34:36',NULL,NULL),(693,3,20,244,211,'A','admin','2019-11-03 13:34:47',NULL,NULL),(694,3,54,8,19,'A','admin','2019-11-03 13:34:02',NULL,NULL),(694,3,54,17,44,'A','admin','2019-11-03 13:34:01',NULL,NULL),(694,3,54,17,62,'A','admin','2019-11-03 13:34:02',NULL,NULL),(694,3,54,17,143,'A','admin','2019-11-03 13:34:01',NULL,NULL),(694,3,54,339,19,'A','admin','2019-11-03 13:34:57',NULL,NULL),(695,3,52,65,58,'A','admin','2019-11-03 13:34:20',NULL,NULL),(695,3,52,254,43,'A','admin','2019-11-03 13:34:47',NULL,NULL),(695,3,52,264,58,'A','admin','2019-11-03 13:34:50',NULL,NULL),(695,3,52,274,58,'A','admin','2019-11-03 13:34:50',NULL,NULL),(696,3,41,186,61,'A','admin','2019-11-03 13:34:38',NULL,NULL),(696,3,41,190,61,'A','admin','2019-11-03 13:34:38',NULL,NULL),(697,3,20,8,7,'A','admin','2019-11-03 13:34:02',NULL,NULL),(697,3,20,28,17,'A','admin','2019-11-03 13:34:09',NULL,NULL),(697,3,20,84,7,'A','admin','2019-11-03 13:34:23',NULL,NULL),(697,3,20,330,7,'A','admin','2019-11-03 13:34:57',NULL,NULL),(697,3,20,331,177,'A','admin','2019-11-03 13:34:57',NULL,NULL),(697,3,20,332,84,'A','admin','2019-11-03 13:34:57',NULL,NULL),(698,3,20,285,244,'A','admin','2019-11-03 13:34:52',NULL,NULL),(699,3,20,285,7,'A','admin','2019-11-03 13:34:52',NULL,NULL),(700,3,40,324,31,'A','admin','2019-11-03 13:34:57',NULL,NULL),(700,3,40,364,31,'A','admin','2019-11-03 13:35:00',NULL,NULL),(701,3,24,245,31,'A','admin','2019-11-03 13:34:47',NULL,NULL),(701,3,24,350,31,'A','admin','2019-11-03 13:34:59',NULL,NULL),(702,3,19,8,197,'A','admin','2019-11-03 13:34:02',NULL,NULL),(703,3,20,8,45,'A','admin','2019-11-03 13:34:02',NULL,NULL),(703,3,20,158,17,'A','admin','2019-11-03 13:34:36',NULL,NULL),(703,3,20,200,43,'A','admin','2019-11-03 13:34:41',NULL,NULL),(703,3,20,201,116,'A','admin','2019-11-03 13:34:41',NULL,NULL),(704,3,24,165,111,'A','admin','2019-11-03 13:34:36',NULL,NULL),(704,3,24,165,153,'A','admin','2019-11-03 13:34:36',NULL,NULL),(704,3,24,166,111,'A','admin','2019-11-03 13:34:36',NULL,NULL),(704,3,24,166,154,'A','admin','2019-11-03 13:34:36',NULL,NULL),(705,3,20,79,7,'A','admin','2019-11-03 13:34:20',NULL,NULL),(705,3,20,81,7,'A','admin','2019-11-03 13:34:20',NULL,NULL),(705,3,20,365,7,'A','admin','2019-11-03 13:35:00',NULL,NULL),(706,3,48,366,21,'A','admin','2019-11-03 13:35:00',NULL,NULL),(707,3,33,8,54,'A','admin','2019-11-03 13:34:02',NULL,NULL),(707,3,33,101,38,'A','admin','2019-11-03 13:34:23',NULL,NULL),(707,3,33,367,275,'A','admin','2019-11-03 13:35:01',NULL,NULL),(708,3,19,368,102,'A','admin','2019-11-03 13:35:01',NULL,NULL),(708,3,19,368,276,'A','admin','2019-11-03 13:35:01',NULL,NULL),(709,3,75,369,277,'A','admin','2019-11-03 13:35:01',NULL,NULL),(710,3,20,139,16,'A','admin','2019-11-03 13:34:27',NULL,NULL),(710,3,20,370,16,'A','admin','2019-11-03 13:35:01',NULL,NULL),(710,3,20,371,82,'A','admin','2019-11-03 13:35:01',NULL,NULL),(710,3,20,372,82,'A','admin','2019-11-03 13:35:01',NULL,NULL),(710,3,20,373,9,'A','admin','2019-11-03 13:35:01',NULL,NULL),(711,3,19,139,16,'A','admin','2019-11-03 13:34:27',NULL,NULL),(711,3,19,370,16,'A','admin','2019-11-03 13:35:01',NULL,NULL),(711,3,19,371,82,'A','admin','2019-11-03 13:35:01',NULL,NULL),(711,3,19,372,82,'A','admin','2019-11-03 13:35:01',NULL,NULL),(711,3,19,373,9,'A','admin','2019-11-03 13:35:01',NULL,NULL),(712,3,32,139,16,'A','admin','2019-11-03 13:34:27',NULL,NULL),(712,3,32,370,16,'A','admin','2019-11-03 13:35:01',NULL,NULL),(712,3,32,371,82,'A','admin','2019-11-03 13:35:01',NULL,NULL),(712,3,32,372,82,'A','admin','2019-11-03 13:35:01',NULL,NULL),(712,3,32,373,9,'A','admin','2019-11-03 13:35:01',NULL,NULL),(713,3,20,374,262,'A','admin','2019-11-03 13:35:01',NULL,NULL),(714,3,21,375,84,'A','admin','2019-11-03 13:35:01',NULL,NULL),(715,3,26,376,58,'A','admin','2019-11-03 13:35:01',NULL,NULL),(715,3,26,377,12,'A','admin','2019-11-03 13:35:01',NULL,NULL),(716,3,26,79,36,'A','admin','2019-11-03 13:34:20',NULL,NULL),(716,3,26,378,20,'A','admin','2019-11-03 13:35:01',NULL,NULL),(716,3,26,379,19,'A','admin','2019-11-03 13:35:01',NULL,NULL),(716,3,26,380,59,'A','admin','2019-11-03 13:35:01',NULL,NULL),(717,3,39,79,36,'A','admin','2019-11-03 13:34:20',NULL,NULL),(717,3,39,378,20,'A','admin','2019-11-03 13:35:01',NULL,NULL),(717,3,39,379,19,'A','admin','2019-11-03 13:35:01',NULL,NULL),(717,3,39,380,59,'A','admin','2019-11-03 13:35:01',NULL,NULL),(718,3,26,79,17,'A','admin','2019-11-03 13:34:20',NULL,NULL),(719,3,75,164,278,'A','admin','2019-11-03 13:34:36',NULL,NULL),(720,3,24,381,279,'A','admin','2019-11-03 13:35:01',NULL,NULL),(721,3,20,382,44,'A','admin','2019-11-03 13:35:01',NULL,NULL),(722,3,21,383,84,'A','admin','2019-11-03 13:35:02',NULL,NULL),(723,3,57,384,31,'A','admin','2019-11-03 13:35:02',NULL,NULL),(724,3,57,385,31,'A','admin','2019-11-03 13:35:02',NULL,NULL),(725,3,20,139,54,'A','admin','2019-11-03 13:34:30',NULL,NULL),(726,3,19,139,54,'A','admin','2019-11-03 13:34:30',NULL,NULL),(727,3,21,386,84,'A','admin','2019-11-03 13:35:02',NULL,NULL),(728,3,76,387,79,'A','admin','2019-11-03 13:35:02',NULL,NULL),(729,3,77,388,153,'A','admin','2019-11-03 13:35:02',NULL,NULL),(729,3,77,388,280,'A','admin','2019-11-03 13:35:02',NULL,NULL),(730,3,24,389,213,'A','admin','2019-11-03 13:35:02',NULL,NULL),(730,3,24,389,281,'A','admin','2019-11-03 13:35:02',NULL,NULL),(731,3,24,226,16,'A','admin','2019-11-03 13:34:43',NULL,NULL),(732,3,26,390,36,'A','admin','2019-11-03 13:35:02',NULL,NULL),(733,3,19,345,58,'A','admin','2019-11-03 13:34:59',NULL,NULL),(734,3,20,391,282,'A','admin','2019-11-03 13:35:02',NULL,NULL),(734,3,20,392,282,'A','admin','2019-11-03 13:35:02',NULL,NULL),(735,3,19,391,282,'A','admin','2019-11-03 13:35:02',NULL,NULL),(735,3,19,392,282,'A','admin','2019-11-03 13:35:02',NULL,NULL),(736,3,62,393,111,'A','admin','2019-11-03 13:35:02',NULL,NULL),(736,3,62,393,283,'A','admin','2019-11-03 13:35:02',NULL,NULL),(736,3,62,394,284,'A','admin','2019-11-03 13:35:02',NULL,NULL),(737,3,24,17,54,'A','admin','2019-11-03 13:34:02',NULL,NULL),(738,3,21,395,285,'A','admin','2019-11-03 13:35:03',NULL,NULL),(739,3,75,168,155,'A','admin','2019-11-03 13:34:36',NULL,NULL),(739,3,75,169,156,'A','admin','2019-11-03 13:34:36',NULL,NULL),(739,3,75,170,157,'A','admin','2019-11-03 13:34:36',NULL,NULL),(739,3,75,226,45,'A','admin','2019-11-03 13:34:44',NULL,NULL),(739,3,75,396,9,'A','admin','2019-11-03 13:35:03',NULL,NULL),(739,3,75,397,23,'A','admin','2019-11-03 13:35:03',NULL,NULL),(739,3,75,405,288,'A','admin','2019-11-03 13:35:03',NULL,NULL),(740,3,26,398,44,'A','admin','2019-11-03 13:35:03',NULL,NULL),(741,3,78,399,59,'A','admin','2019-11-03 13:35:03',NULL,NULL),(742,3,60,400,286,'A','admin','2019-11-03 13:35:03',NULL,NULL),(743,3,24,166,16,'A','admin','2019-11-03 13:34:36',NULL,NULL),(744,3,21,401,143,'A','admin','2019-11-03 13:35:03',NULL,NULL),(745,3,24,166,45,'A','admin','2019-11-03 13:34:36',NULL,NULL),(746,3,54,17,17,'A','admin','2019-11-03 13:34:02',NULL,NULL),(746,3,54,129,38,'A','admin','2019-11-03 13:34:27',NULL,NULL),(746,3,54,130,91,'A','admin','2019-11-03 13:34:27',NULL,NULL),(746,3,54,402,17,'A','admin','2019-11-03 13:35:03',NULL,NULL),(747,3,79,86,287,'A','admin','2019-11-03 13:34:23',NULL,NULL),(748,3,19,28,17,'A','admin','2019-11-03 13:34:09',NULL,NULL),(748,3,19,403,17,'A','admin','2019-11-03 13:35:03',NULL,NULL),(749,3,80,404,9,'A','admin','2019-11-03 13:35:03',NULL,NULL),(750,3,81,17,289,'A','admin','2019-11-03 13:34:02',NULL,NULL),(750,3,81,406,294,'A','admin','2019-11-03 13:35:03',NULL,NULL),(751,3,21,164,9,'A','admin','2019-11-03 13:34:36',NULL,NULL),(752,3,62,17,290,'A','admin','2019-11-03 13:34:02',NULL,NULL),(752,3,62,17,291,'A','admin','2019-11-03 13:34:02',NULL,NULL),(753,3,82,60,292,'A','admin','2019-11-03 13:34:12',NULL,NULL),(753,3,82,105,20,'A','admin','2019-11-03 13:34:25',NULL,NULL),(754,3,39,157,293,'A','admin','2019-11-03 13:34:36',NULL,NULL),(755,3,39,17,293,'A','admin','2019-11-03 13:34:02',NULL,NULL),(755,3,39,157,293,'A','admin','2019-11-03 13:34:36',NULL,NULL),(756,3,63,17,293,'A','admin','2019-11-03 13:34:02',NULL,NULL),(756,3,63,157,293,'A','admin','2019-11-03 13:34:36',NULL,NULL),(757,3,83,17,293,'A','admin','2019-11-03 13:34:02',NULL,NULL),(757,3,83,157,293,'A','admin','2019-11-03 13:34:36',NULL,NULL),(758,3,84,17,293,'A','admin','2019-11-03 13:34:02',NULL,NULL),(759,3,84,17,293,'A','admin','2019-11-03 13:34:02',NULL,NULL),(760,3,84,17,293,'A','admin','2019-11-03 13:34:02',NULL,NULL),(761,3,85,17,289,'A','admin','2019-11-03 13:34:02',NULL,NULL),(761,3,85,406,294,'A','admin','2019-11-03 13:35:03',NULL,NULL);

/*Table structure for table `pr_prestaciones` */

DROP TABLE IF EXISTS `pr_prestaciones`;

CREATE TABLE `pr_prestaciones` (
  `id_prestacion` bigint(20) NOT NULL AUTO_INCREMENT,
  `id_tipo_prestacion` bigint(20) DEFAULT NULL,
  `id_empresa` bigint(20) DEFAULT NULL,
  `id_poducto` bigint(20) DEFAULT NULL,
  `nombre_prestacion` varchar(500) DEFAULT NULL,
  `estado` char(2) DEFAULT NULL,
  `aplica_iva` char(2) DEFAULT NULL,
  `usuario_creacion` varchar(20) DEFAULT NULL,
  `fecha_creacion` datetime DEFAULT NULL,
  `usuario_actualizacion` varchar(20) DEFAULT NULL,
  `fecha_actualizacion` datetime DEFAULT NULL,
  PRIMARY KEY (`id_prestacion`),
  KEY `id_empresa` (`id_empresa`),
  KEY `id_tipo_prestacion` (`id_tipo_prestacion`),
  CONSTRAINT `pr_prestaciones_ibfk_1` FOREIGN KEY (`id_empresa`) REFERENCES `se_empresa` (`id_empresa`),
  CONSTRAINT `pr_prestaciones_ibfk_3` FOREIGN KEY (`id_tipo_prestacion`) REFERENCES `pr_tipo_prestacion` (`id_tipo_prestacion`)
) ENGINE=InnoDB AUTO_INCREMENT=5 DEFAULT CHARSET=utf8;

/*Data for the table `pr_prestaciones` */

insert  into `pr_prestaciones`(`id_prestacion`,`id_tipo_prestacion`,`id_empresa`,`id_poducto`,`nombre_prestacion`,`estado`,`aplica_iva`,`usuario_creacion`,`fecha_creacion`,`usuario_actualizacion`,`fecha_actualizacion`) values (1,2,1,1,'Tableta recubierta Abacavir En Caja x 1 frasco, Caja x blísteres De 300 mg','A','NO','admin','2019-11-07 15:47:10',NULL,NULL),(2,1,1,NULL,'ENTRAGA A DOMICILIO','A','SI','admin','2019-11-07 15:47:28',NULL,NULL),(3,2,1,2,'Tableta Acetazolamida En Caja x blísteres De 250 mg','A','NO','admin','2019-11-07 16:00:33',NULL,NULL),(4,2,1,1030,'BEBIDAS REFRESCANTES CON O SIN GAS  GASEOSAS EN COCA- COLA BOTELLA 3 LITROS DE 3 L','A','SI','admin','2019-12-12 18:44:50',NULL,NULL);

/*Table structure for table `pr_producto_bodega` */

DROP TABLE IF EXISTS `pr_producto_bodega`;

CREATE TABLE `pr_producto_bodega` (
  `id_producto_bodega` bigint(11) NOT NULL AUTO_INCREMENT,
  `id_producto` bigint(11) NOT NULL,
  `id_bodega` bigint(11) DEFAULT NULL,
  `id_tipo_bodega` bigint(11) DEFAULT NULL,
  `id_empresa` bigint(11) DEFAULT NULL,
  `id_sucursal` bigint(11) DEFAULT NULL,
  `stock_minimo` bigint(11) DEFAULT NULL,
  `stock_maximo` bigint(11) DEFAULT NULL,
  `estado` varchar(2) DEFAULT NULL,
  `usuario_creacion` varchar(20) DEFAULT NULL,
  `fecha_creacion` datetime DEFAULT NULL,
  `usuario_actualizacion` varchar(20) DEFAULT NULL,
  `fecha_actualizacion` datetime DEFAULT NULL,
  PRIMARY KEY (`id_producto_bodega`,`id_producto`),
  KEY `id_bodega` (`id_bodega`,`id_tipo_bodega`,`id_empresa`,`id_sucursal`),
  CONSTRAINT `pr_producto_bodega_ibfk_1` FOREIGN KEY (`id_bodega`, `id_tipo_bodega`, `id_empresa`, `id_sucursal`) REFERENCES `in_bodega` (`id_bodega`, `id_tipo_bodega`, `id_empresa`, `id_sucursal`)
) ENGINE=InnoDB AUTO_INCREMENT=4 DEFAULT CHARSET=latin1;

/*Data for the table `pr_producto_bodega` */

insert  into `pr_producto_bodega`(`id_producto_bodega`,`id_producto`,`id_bodega`,`id_tipo_bodega`,`id_empresa`,`id_sucursal`,`stock_minimo`,`stock_maximo`,`estado`,`usuario_creacion`,`fecha_creacion`,`usuario_actualizacion`,`fecha_actualizacion`) values (1,1030,1,1,1,1,10,90,'A','admin','2019-12-12 18:12:27',NULL,NULL),(2,1,1,1,1,1,10,100,'A','admin','2019-12-12 18:28:36',NULL,NULL),(3,2,1,1,1,1,1,90,'A','admin','2019-12-12 18:29:35',NULL,NULL);

/*Table structure for table `pr_productos` */

DROP TABLE IF EXISTS `pr_productos`;

CREATE TABLE `pr_productos` (
  `id_producto` bigint(20) NOT NULL AUTO_INCREMENT,
  `codigo_barra` text,
  `id_empresa` bigint(20) NOT NULL,
  `id_articulo` bigint(20) NOT NULL,
  `id_grupo` bigint(20) NOT NULL,
  `id_subgrupo` bigint(20) NOT NULL,
  `id_tipo_presentacion` bigint(20) DEFAULT NULL,
  `id_tipo_medidas` bigint(20) DEFAULT NULL,
  `cod_fabricante` bigint(20) DEFAULT NULL,
  `descontinuado` char(2) DEFAULT NULL,
  `nombre_producto` varchar(999) DEFAULT NULL,
  `registro_sanitario_local` text,
  `registro_sanitario_extranjero` text,
  `receta` char(3) DEFAULT NULL,
  `estado` char(2) DEFAULT NULL,
  `usuario_creacion` varchar(20) DEFAULT NULL,
  `fecha_creacion` datetime DEFAULT NULL,
  `usuario_actualizacion` varchar(20) DEFAULT NULL,
  `fecha_actualizacion` datetime DEFAULT NULL,
  `unidad_empaque_compra` double DEFAULT NULL,
  `medida_empaque_compra` bigint(20) DEFAULT NULL,
  `cantidad_por_empaque_compra` double DEFAULT NULL,
  `medida_por_empaque_compra` bigint(20) DEFAULT NULL,
  `unidad_empaque_venta` double DEFAULT NULL,
  `medida_empaque_venta` bigint(20) DEFAULT NULL,
  `cantidad_por_empaque_venta` double DEFAULT NULL,
  `medida_por_empaque_venta` bigint(20) DEFAULT NULL,
  `id_proveedor` bigint(20) DEFAULT NULL,
  PRIMARY KEY (`id_producto`,`id_empresa`,`id_articulo`,`id_grupo`,`id_subgrupo`),
  KEY `fk_tipo_presentacion$2` (`id_tipo_presentacion`),
  KEY `fk_empresa$6` (`id_empresa`),
  KEY `fk_medida_product$1` (`id_articulo`,`id_grupo`,`id_subgrupo`,`id_tipo_presentacion`,`id_tipo_medidas`),
  KEY `fk_fabricant$3_idx` (`cod_fabricante`),
  KEY `medida_empaque_compra` (`medida_empaque_compra`),
  KEY `medida_por_empaque_compra` (`medida_por_empaque_compra`),
  KEY `medida_empaque_venta` (`medida_empaque_venta`),
  KEY `medida_por_empaque_venta` (`medida_por_empaque_venta`),
  KEY `id_proveedor` (`id_proveedor`),
  CONSTRAINT `fk_empresa$6` FOREIGN KEY (`id_empresa`) REFERENCES `se_empresa` (`id_empresa`),
  CONSTRAINT `fk_fabricant$3` FOREIGN KEY (`cod_fabricante`) REFERENCES `pr_fabricante` (`id_fabricante`) ON DELETE NO ACTION ON UPDATE NO ACTION,
  CONSTRAINT `fk_medida_product$1` FOREIGN KEY (`id_articulo`, `id_grupo`, `id_subgrupo`, `id_tipo_presentacion`, `id_tipo_medidas`) REFERENCES `pr_medidas` (`id_articulo`, `id_grupo`, `id_subgrupo`, `id_tipo_presentacion`, `id_tipo_medidas`),
  CONSTRAINT `pr_productos_ibfk_1` FOREIGN KEY (`medida_empaque_compra`) REFERENCES `pr_empaque` (`id`),
  CONSTRAINT `pr_productos_ibfk_2` FOREIGN KEY (`medida_por_empaque_compra`) REFERENCES `pr_empaque` (`id`),
  CONSTRAINT `pr_productos_ibfk_3` FOREIGN KEY (`medida_empaque_venta`) REFERENCES `pr_empaque` (`id`),
  CONSTRAINT `pr_productos_ibfk_4` FOREIGN KEY (`medida_por_empaque_venta`) REFERENCES `pr_empaque` (`id`),
  CONSTRAINT `pr_productos_ibfk_5` FOREIGN KEY (`id_proveedor`) REFERENCES `co_proveedores` (`id_proveedor`)
) ENGINE=InnoDB AUTO_INCREMENT=1031 DEFAULT CHARSET=utf8;

/*Data for the table `pr_productos` */

insert  into `pr_productos`(`id_producto`,`codigo_barra`,`id_empresa`,`id_articulo`,`id_grupo`,`id_subgrupo`,`id_tipo_presentacion`,`id_tipo_medidas`,`cod_fabricante`,`descontinuado`,`nombre_producto`,`registro_sanitario_local`,`registro_sanitario_extranjero`,`receta`,`estado`,`usuario_creacion`,`fecha_creacion`,`usuario_actualizacion`,`fecha_actualizacion`,`unidad_empaque_compra`,`medida_empaque_compra`,`cantidad_por_empaque_compra`,`medida_por_empaque_compra`,`unidad_empaque_venta`,`medida_empaque_venta`,`cantidad_por_empaque_venta`,`medida_por_empaque_venta`,`id_proveedor`) values (1,NULL,1,2,3,19,7,7,NULL,'NO','Tableta recubierta Abacavir En Caja x 1 frasco, Caja x blísteres De 300 mg',NULL,NULL,'NO','A','admin','2019-11-03 15:21:13','admin','2019-12-12 18:28:36',1,1,20,3,1,3,1,3,1),(2,NULL,1,3,3,20,8,8,NULL,'NO','Tableta Acetazolamida En Caja x blísteres De 250 mg',NULL,NULL,'NO','A','admin','2019-11-03 15:21:13','admin','2019-12-12 18:29:35',1,1,20,3,1,3,1,3,1),(3,NULL,1,4,3,21,9,9,NULL,NULL,'Solución inyectable Acetilcisteína En Caja x ampollas de 3 mL De 100 mg/mL',NULL,NULL,NULL,'A','admin','2019-11-03 15:21:14',NULL,NULL,NULL,NULL,NULL,NULL,NULL,NULL,NULL,NULL,NULL),(4,NULL,1,5,3,22,9,10,NULL,NULL,'Solución inhalatoria Acetilcisteína En Caja x ampollas de 3 mL De 300 mg/3 mL',NULL,NULL,NULL,'A','admin','2019-11-03 15:21:14',NULL,NULL,NULL,NULL,NULL,NULL,NULL,NULL,NULL,NULL,NULL),(5,NULL,1,6,3,23,10,11,NULL,NULL,'Suspensión Aciclovir En Caja x frasco de 100 ó 120 mL De 200 mg/5 mL',NULL,NULL,NULL,'A','admin','2019-11-03 15:21:14',NULL,NULL,NULL,NULL,NULL,NULL,NULL,NULL,NULL,NULL,NULL),(6,NULL,1,7,3,20,8,12,NULL,NULL,'Tableta Aciclovir En Caja x blísteres De 200 mg',NULL,NULL,NULL,'A','admin','2019-11-03 15:21:14',NULL,NULL,NULL,NULL,NULL,NULL,NULL,NULL,NULL,NULL,NULL),(7,NULL,1,8,3,24,11,8,NULL,NULL,'Polvo para inyección Aciclovir En Caja x viales De 250 mg',NULL,NULL,NULL,'A','admin','2019-11-03 15:21:14',NULL,NULL,NULL,NULL,NULL,NULL,NULL,NULL,NULL,NULL,NULL),(8,NULL,1,7,3,20,8,13,NULL,NULL,'Tableta Aciclovir En Caja x blísteres De 800 mg',NULL,NULL,NULL,'A','admin','2019-11-03 15:21:14',NULL,NULL,NULL,NULL,NULL,NULL,NULL,NULL,NULL,NULL,NULL),(9,NULL,1,7,3,20,8,14,NULL,NULL,'Tableta Aciclovir En Caja x blísteres De 400 mg',NULL,NULL,NULL,'A','admin','2019-11-03 15:21:14',NULL,NULL,NULL,NULL,NULL,NULL,NULL,NULL,NULL,NULL,NULL),(10,NULL,1,9,3,25,8,14,NULL,NULL,'Tableta dispersable Aciclovir En Caja x blísteres De 400 mg',NULL,NULL,NULL,'A','admin','2019-11-03 15:21:14',NULL,NULL,NULL,NULL,NULL,NULL,NULL,NULL,NULL,NULL,NULL),(11,NULL,1,10,3,26,8,12,NULL,NULL,'Cápsula Aciclovir En Caja x blísteres De 200 mg',NULL,NULL,NULL,'A','admin','2019-11-03 15:21:14',NULL,NULL,NULL,NULL,NULL,NULL,NULL,NULL,NULL,NULL,NULL),(12,NULL,1,11,3,27,12,15,NULL,NULL,'Ungüento oftálmico Aciclovir En Caja x tubo De 3.00%',NULL,NULL,NULL,'A','admin','2019-11-03 15:21:14',NULL,NULL,NULL,NULL,NULL,NULL,NULL,NULL,NULL,NULL,NULL),(13,NULL,1,12,3,19,8,12,NULL,NULL,'Tableta recubierta Aciclovir En Caja x blísteres De 200 mg',NULL,NULL,NULL,'A','admin','2019-11-03 15:21:14',NULL,NULL,NULL,NULL,NULL,NULL,NULL,NULL,NULL,NULL,NULL),(14,NULL,1,13,3,28,13,16,NULL,NULL,'Tableta efervescente Ácido acetil salicílico En Caja x sobres ó ristra De 500 mg',NULL,NULL,NULL,'A','admin','2019-11-03 15:21:14',NULL,NULL,NULL,NULL,NULL,NULL,NULL,NULL,NULL,NULL,NULL),(15,NULL,1,14,3,20,8,17,NULL,NULL,'Tableta Ácido acetil salicílico En Caja x blísteres De 100 mg',NULL,NULL,NULL,'A','admin','2019-11-03 15:21:14',NULL,NULL,NULL,NULL,NULL,NULL,NULL,NULL,NULL,NULL,NULL),(16,NULL,1,15,3,19,8,17,NULL,NULL,'Tableta recubierta Ácido acetil salicílico En Caja x blísteres De 100 mg',NULL,NULL,NULL,'A','admin','2019-11-03 15:21:14',NULL,NULL,NULL,NULL,NULL,NULL,NULL,NULL,NULL,NULL,NULL),(17,NULL,1,16,3,29,8,16,NULL,NULL,'Tableta masticable Ácido acetil salicílico En Caja x blísteres De 500 mg',NULL,NULL,NULL,'A','admin','2019-11-03 15:21:14',NULL,NULL,NULL,NULL,NULL,NULL,NULL,NULL,NULL,NULL,NULL),(18,NULL,1,14,3,20,8,16,NULL,NULL,'Tableta Ácido acetil salicílico En Caja x blísteres De 500 mg',NULL,NULL,NULL,'A','admin','2019-11-03 15:21:14',NULL,NULL,NULL,NULL,NULL,NULL,NULL,NULL,NULL,NULL,NULL),(19,NULL,1,17,3,19,8,18,NULL,NULL,'Tableta recubierta Ácido alendrónico En Caja x blísteres De 70 mg',NULL,NULL,NULL,'A','admin','2019-11-03 15:21:14',NULL,NULL,NULL,NULL,NULL,NULL,NULL,NULL,NULL,NULL,NULL),(20,NULL,1,18,3,20,8,18,NULL,NULL,'Tableta Ácido alendrónico En Caja x blísteres De 70 mg',NULL,NULL,NULL,'A','admin','2019-11-03 15:21:14',NULL,NULL,NULL,NULL,NULL,NULL,NULL,NULL,NULL,NULL,NULL),(21,NULL,1,19,3,21,14,9,NULL,NULL,'Solución inyectable Ácido ascórbico (vitamina C) En Caja x ampollas de 5mL De 100 mg/mL',NULL,NULL,NULL,'A','admin','2019-11-03 15:21:14',NULL,NULL,NULL,NULL,NULL,NULL,NULL,NULL,NULL,NULL,NULL),(22,NULL,1,20,3,20,15,19,NULL,NULL,'Tableta Ácido fólico En Caja x blísteres, Caja x frasco De 5 mg',NULL,NULL,NULL,'A','admin','2019-11-03 15:21:14',NULL,NULL,NULL,NULL,NULL,NULL,NULL,NULL,NULL,NULL,NULL),(23,NULL,1,20,3,20,15,20,NULL,NULL,'Tableta Ácido fólico En Caja x blísteres, Caja x frasco De 1 mg',NULL,NULL,NULL,'A','admin','2019-11-03 15:21:14',NULL,NULL,NULL,NULL,NULL,NULL,NULL,NULL,NULL,NULL,NULL),(24,NULL,1,21,3,30,16,21,NULL,NULL,'Crema Acido fusídico En Caja x tubo de 15 g De 2.00%',NULL,NULL,NULL,'A','admin','2019-11-03 15:21:14',NULL,NULL,NULL,NULL,NULL,NULL,NULL,NULL,NULL,NULL,NULL),(25,NULL,1,22,3,31,17,13,NULL,NULL,'Granulado Ácido aminosalicílico En Caja x frasco De 800 mg',NULL,NULL,NULL,'A','admin','2019-11-03 15:21:14',NULL,NULL,NULL,NULL,NULL,NULL,NULL,NULL,NULL,NULL,NULL),(26,NULL,1,23,3,19,8,8,NULL,NULL,'Tableta recubierta Ácido tranexámico En Caja x blísteres De 250 mg',NULL,NULL,NULL,'A','admin','2019-11-03 15:21:14',NULL,NULL,NULL,NULL,NULL,NULL,NULL,NULL,NULL,NULL,NULL),(27,NULL,1,23,3,19,8,16,NULL,NULL,'Tableta recubierta Ácido tranexámico En Caja x blísteres De 500 mg',NULL,NULL,NULL,'A','admin','2019-11-03 15:21:14',NULL,NULL,NULL,NULL,NULL,NULL,NULL,NULL,NULL,NULL,NULL),(28,NULL,1,24,3,21,18,9,NULL,NULL,'Solución inyectable Ácido tranexámico En Caja x ampollas de 5 mL De 100 mg/mL',NULL,NULL,NULL,'A','admin','2019-11-03 15:21:15',NULL,NULL,NULL,NULL,NULL,NULL,NULL,NULL,NULL,NULL,NULL),(29,NULL,1,25,3,19,15,16,NULL,NULL,'Tableta recubierta Ácido valpróico En Caja x blísteres, Caja x frasco De 500 mg',NULL,NULL,NULL,'A','admin','2019-11-03 15:21:15',NULL,NULL,NULL,NULL,NULL,NULL,NULL,NULL,NULL,NULL,NULL),(30,NULL,1,26,3,32,17,22,NULL,NULL,'Solución oral Ácido valpróico En Caja x frasco De 375 mg/mL',NULL,NULL,NULL,'A','admin','2019-11-03 15:21:15',NULL,NULL,NULL,NULL,NULL,NULL,NULL,NULL,NULL,NULL,NULL),(31,NULL,1,27,3,32,17,23,NULL,NULL,'Solución oral Ácido valpróico (Sal sódica) En Caja x frasco De 200 mg/mL',NULL,NULL,NULL,'A','admin','2019-11-03 15:21:15',NULL,NULL,NULL,NULL,NULL,NULL,NULL,NULL,NULL,NULL,NULL),(32,NULL,1,28,3,33,19,24,NULL,NULL,'Jarabe Ácido valpróico (sal sódica) En Caja x frasco de 120 mL De 250 mg/5 mL',NULL,NULL,NULL,'A','admin','2019-11-03 15:21:15',NULL,NULL,NULL,NULL,NULL,NULL,NULL,NULL,NULL,NULL,NULL),(33,NULL,1,29,3,24,20,25,NULL,NULL,'Polvo para inyección Ácido zolendrónico En Caja x  vial con o sin disolvente De 4 mg',NULL,NULL,NULL,'A','admin','2019-11-03 15:21:15',NULL,NULL,NULL,NULL,NULL,NULL,NULL,NULL,NULL,NULL,NULL),(34,NULL,1,30,3,24,21,26,NULL,NULL,'Polvo para inyección Actividad de desvío del Inhibidor del factor VIII En Caja x 1 vial + disolvente vial de 20mL + kit para reconstitución De 500 UI',NULL,NULL,NULL,'A','admin','2019-11-03 15:21:15',NULL,NULL,NULL,NULL,NULL,NULL,NULL,NULL,NULL,NULL,NULL),(35,NULL,1,31,3,34,12,27,NULL,NULL,'Gel Adapaleno En Caja x tubo De 0,001',NULL,NULL,NULL,'A','admin','2019-11-03 15:21:15',NULL,NULL,NULL,NULL,NULL,NULL,NULL,NULL,NULL,NULL,NULL),(36,NULL,1,32,3,21,22,28,NULL,NULL,'Solución inyectable Adenosina En Caja x ampollas de 2 mL De 3 mg/mL',NULL,NULL,NULL,'A','admin','2019-11-03 15:21:15',NULL,NULL,NULL,NULL,NULL,NULL,NULL,NULL,NULL,NULL,NULL),(37,NULL,1,33,3,21,23,29,NULL,NULL,'Solución inyectable Agente gelatina En Frasco x 500 mL De 0,035',NULL,NULL,NULL,'A','admin','2019-11-03 15:21:15',NULL,NULL,NULL,NULL,NULL,NULL,NULL,NULL,NULL,NULL,NULL),(38,NULL,1,33,3,21,23,30,NULL,NULL,'Solución inyectable Agente gelatina En Frasco x 500 mL De 4.00%',NULL,NULL,NULL,'A','admin','2019-11-03 15:21:15',NULL,NULL,NULL,NULL,NULL,NULL,NULL,NULL,NULL,NULL,NULL),(39,NULL,1,34,3,21,24,31,NULL,NULL,'Solución inyectable Agua para inyección En Caja x ampollas de 2, 3, 5 ó 10 mL, Bolsa de 250 ó 3000 mL De ___',NULL,NULL,NULL,'A','admin','2019-11-03 15:21:15',NULL,NULL,NULL,NULL,NULL,NULL,NULL,NULL,NULL,NULL,NULL),(40,NULL,1,35,3,23,25,32,NULL,NULL,'Suspensión Albendazol En Caja x frascos de 20 mL De 100 mg/5 mL',NULL,NULL,NULL,'A','admin','2019-11-03 15:21:15',NULL,NULL,NULL,NULL,NULL,NULL,NULL,NULL,NULL,NULL,NULL),(41,NULL,1,36,3,29,26,14,NULL,NULL,'Tableta masticable Albendazol En Caja x blisteres/sobres De 400 mg',NULL,NULL,NULL,'A','admin','2019-11-03 15:21:15',NULL,NULL,NULL,NULL,NULL,NULL,NULL,NULL,NULL,NULL,NULL),(42,NULL,1,37,3,20,8,14,NULL,NULL,'Tableta Albendazol En Caja x blísteres De 400 mg',NULL,NULL,NULL,'A','admin','2019-11-03 15:21:15',NULL,NULL,NULL,NULL,NULL,NULL,NULL,NULL,NULL,NULL,NULL),(43,NULL,1,38,3,35,27,33,NULL,NULL,'Solución para inhalación Alfa dornasa En Caja x ampollas de 2,5 mL De 2,5 mg/2,5 mL (2 500 UI)',NULL,NULL,NULL,'A','admin','2019-11-03 15:21:15',NULL,NULL,NULL,NULL,NULL,NULL,NULL,NULL,NULL,NULL,NULL),(44,NULL,1,39,3,20,8,17,NULL,NULL,'Tableta Alopurinol En Caja x blísteres De 100 mg',NULL,NULL,NULL,'A','admin','2019-11-03 15:21:15',NULL,NULL,NULL,NULL,NULL,NULL,NULL,NULL,NULL,NULL,NULL),(45,NULL,1,39,3,20,8,7,NULL,NULL,'Tableta Alopurinol En Caja x blísteres De 300 mg',NULL,NULL,NULL,'A','admin','2019-11-03 15:21:15',NULL,NULL,NULL,NULL,NULL,NULL,NULL,NULL,NULL,NULL,NULL),(46,NULL,1,40,3,20,8,34,NULL,NULL,'Tableta Alprazolam En Caja x blísteres De 0,50 mg',NULL,NULL,NULL,'A','admin','2019-11-03 15:21:15',NULL,NULL,NULL,NULL,NULL,NULL,NULL,NULL,NULL,NULL,NULL),(47,NULL,1,40,3,20,8,35,NULL,NULL,'Tableta Alprazolam En Caja x blísteres De 0,25 mg',NULL,NULL,NULL,'A','admin','2019-11-03 15:21:15',NULL,NULL,NULL,NULL,NULL,NULL,NULL,NULL,NULL,NULL,NULL),(48,NULL,1,41,3,19,8,35,NULL,NULL,'Tableta recubierta Alprazolam En Caja x blísteres De 0,25 mg',NULL,NULL,NULL,'A','admin','2019-11-03 15:21:15',NULL,NULL,NULL,NULL,NULL,NULL,NULL,NULL,NULL,NULL,NULL),(49,NULL,1,41,3,19,8,34,NULL,NULL,'Tableta recubierta Alprazolam En Caja x blísteres De 0,50 mg',NULL,NULL,NULL,'A','admin','2019-11-03 15:21:15',NULL,NULL,NULL,NULL,NULL,NULL,NULL,NULL,NULL,NULL,NULL),(50,NULL,1,42,3,36,8,36,NULL,NULL,'Tableta de liberación prolongada Alprazolam En Caja x blísteres De 0,5 mg',NULL,NULL,NULL,'A','admin','2019-11-03 15:21:15',NULL,NULL,NULL,NULL,NULL,NULL,NULL,NULL,NULL,NULL,NULL),(51,NULL,1,43,3,37,28,37,NULL,NULL,'Emulsión Alquitrán de hulla En Caja x frascos De 5.00%',NULL,NULL,NULL,'A','admin','2019-11-03 15:21:15',NULL,NULL,NULL,NULL,NULL,NULL,NULL,NULL,NULL,NULL,NULL),(52,NULL,1,44,3,24,29,16,NULL,NULL,'Polvo para inyección Amifostina En Caja x vial De 500 mg',NULL,NULL,NULL,'A','admin','2019-11-03 15:21:15',NULL,NULL,NULL,NULL,NULL,NULL,NULL,NULL,NULL,NULL,NULL),(53,NULL,1,45,3,38,22,38,NULL,NULL,'Solución para inyección Amikacina En Caja x ampollas de 2 mL De 50 mg/mL',NULL,NULL,NULL,'A','admin','2019-11-03 15:21:16',NULL,NULL,NULL,NULL,NULL,NULL,NULL,NULL,NULL,NULL,NULL),(54,NULL,1,45,3,38,30,39,NULL,NULL,'Solución para inyección Amikacina En Caja x ampollas de 2, 4 mL De 250 mg/mL',NULL,NULL,NULL,'A','admin','2019-11-03 15:21:16',NULL,NULL,NULL,NULL,NULL,NULL,NULL,NULL,NULL,NULL,NULL),(55,NULL,1,46,3,21,31,40,NULL,NULL,'Solución inyectable Aminoácidos En Caja x Frasco/Funda de 100 mL, 250 mL, Frasco de 500 mL. De 10.00%',NULL,NULL,NULL,'A','admin','2019-11-03 15:21:16',NULL,NULL,NULL,NULL,NULL,NULL,NULL,NULL,NULL,NULL,NULL),(56,NULL,1,46,3,21,32,41,NULL,NULL,'Solución inyectable Aminoácidos En Frasco/Funda de 500 mL De 15.00%',NULL,NULL,NULL,'A','admin','2019-11-03 15:21:16',NULL,NULL,NULL,NULL,NULL,NULL,NULL,NULL,NULL,NULL,NULL),(57,NULL,1,46,3,21,32,42,NULL,NULL,'Solución inyectable Aminoácidos En Frasco/Funda de 500 mL De 0,085',NULL,NULL,NULL,'A','admin','2019-11-03 15:21:16',NULL,NULL,NULL,NULL,NULL,NULL,NULL,NULL,NULL,NULL,NULL),(58,NULL,1,47,3,21,33,43,NULL,NULL,'Solución inyectable Aminofilina En Caja x ampollas de 10 mL De 25 mg/mL',NULL,NULL,NULL,'A','admin','2019-11-03 15:21:16',NULL,NULL,NULL,NULL,NULL,NULL,NULL,NULL,NULL,NULL,NULL),(59,NULL,1,48,3,19,8,12,NULL,NULL,'Tableta recubierta Amiodarona En Caja x blísteres De 200 mg',NULL,NULL,NULL,'A','admin','2019-11-03 15:21:16',NULL,NULL,NULL,NULL,NULL,NULL,NULL,NULL,NULL,NULL,NULL),(60,NULL,1,49,3,21,9,38,NULL,NULL,'Solución inyectable Amiodarona En Caja x ampollas de 3 mL De 50 mg/mL',NULL,NULL,NULL,'A','admin','2019-11-03 15:21:16',NULL,NULL,NULL,NULL,NULL,NULL,NULL,NULL,NULL,NULL,NULL),(61,NULL,1,50,3,20,8,12,NULL,NULL,'Tableta Amiodarona En Caja x blísteres De 200 mg',NULL,NULL,NULL,'A','admin','2019-11-03 15:21:16',NULL,NULL,NULL,NULL,NULL,NULL,NULL,NULL,NULL,NULL,NULL),(62,NULL,1,51,3,20,8,44,NULL,NULL,'Tableta Amitriptilina En Caja x blísteres De 10 mg',NULL,NULL,NULL,'A','admin','2019-11-03 15:21:16',NULL,NULL,NULL,NULL,NULL,NULL,NULL,NULL,NULL,NULL,NULL),(63,NULL,1,51,3,20,8,45,NULL,NULL,'Tableta Amitriptilina En Caja x blísteres De 25 mg',NULL,NULL,NULL,'A','admin','2019-11-03 15:21:16',NULL,NULL,NULL,NULL,NULL,NULL,NULL,NULL,NULL,NULL,NULL),(64,NULL,1,52,3,19,8,45,NULL,NULL,'Tableta recubierta Amitriptilina En Caja x blísteres De 25 mg',NULL,NULL,NULL,'A','admin','2019-11-03 15:21:16',NULL,NULL,NULL,NULL,NULL,NULL,NULL,NULL,NULL,NULL,NULL),(65,NULL,1,53,3,20,8,44,NULL,NULL,'Tableta Amlodipina En Caja x blísteres De 10 mg',NULL,NULL,NULL,'A','admin','2019-11-03 15:21:16',NULL,NULL,NULL,NULL,NULL,NULL,NULL,NULL,NULL,NULL,NULL),(66,NULL,1,53,3,20,8,19,NULL,NULL,'Tableta Amlodipina En Caja x blísteres De 5 mg',NULL,NULL,NULL,'A','admin','2019-11-03 15:21:16',NULL,NULL,NULL,NULL,NULL,NULL,NULL,NULL,NULL,NULL,NULL),(67,NULL,1,54,3,39,34,9,NULL,NULL,'Polvo para suspensión Amoxicilina En Caja x frasco de 100 ó 120 mL + dosificador De 100 mg/mL',NULL,NULL,NULL,'A','admin','2019-11-03 15:21:16',NULL,NULL,NULL,NULL,NULL,NULL,NULL,NULL,NULL,NULL,NULL),(68,NULL,1,55,3,19,8,16,NULL,NULL,'Tableta recubierta Amoxicilina En Caja x blísteres De 500 mg',NULL,NULL,NULL,'A','admin','2019-11-03 15:21:16',NULL,NULL,NULL,NULL,NULL,NULL,NULL,NULL,NULL,NULL,NULL),(69,NULL,1,56,3,20,8,16,NULL,NULL,'Tableta Amoxicilina En Caja x blísteres De 500 mg',NULL,NULL,NULL,'A','admin','2019-11-03 15:21:16',NULL,NULL,NULL,NULL,NULL,NULL,NULL,NULL,NULL,NULL,NULL),(70,NULL,1,54,3,39,35,24,NULL,NULL,'Polvo para suspensión Amoxicilina En Caja x frasco para reconstituír de 100 ó 120 mL De 250 mg/5 mL',NULL,NULL,NULL,'A','admin','2019-11-03 15:21:16',NULL,NULL,NULL,NULL,NULL,NULL,NULL,NULL,NULL,NULL,NULL),(71,NULL,1,57,3,26,36,16,NULL,NULL,'Cápsula Amoxicilina En Caja x blísteres/ristras De 500 mg',NULL,NULL,NULL,'A','admin','2019-11-03 15:21:16',NULL,NULL,NULL,NULL,NULL,NULL,NULL,NULL,NULL,NULL,NULL),(72,NULL,1,58,3,39,10,46,NULL,NULL,'Polvo para suspensión Amoxicilina + ácido clavulánico En Caja x frasco de 100 ó 120 mL De 125 mg + 31,25 mg/5 mL',NULL,NULL,NULL,'A','admin','2019-11-03 15:21:16',NULL,NULL,NULL,NULL,NULL,NULL,NULL,NULL,NULL,NULL,NULL),(73,NULL,1,58,3,39,37,47,NULL,NULL,'Polvo para suspensión Amoxicilina + ácido clavulánico En Caja x 1 frasco de 100 ó 120 mL De 250 mg + 62,5 mg/5 mL',NULL,NULL,NULL,'A','admin','2019-11-03 15:21:16',NULL,NULL,NULL,NULL,NULL,NULL,NULL,NULL,NULL,NULL,NULL),(74,NULL,1,59,3,24,11,48,NULL,NULL,'Polvo para inyección Amoxicilina + ácido clavulánico En Caja x viales De 1 g + 200 mg',NULL,NULL,NULL,'A','admin','2019-11-03 15:21:16',NULL,NULL,NULL,NULL,NULL,NULL,NULL,NULL,NULL,NULL,NULL),(75,NULL,1,60,3,19,38,49,NULL,NULL,'Tableta recubierta Amoxicilina + ácido clavulánico En Caja x blísteres/ristras, Caja x frasco De 500 mg + 125 mg',NULL,NULL,NULL,'A','admin','2019-11-03 15:21:16',NULL,NULL,NULL,NULL,NULL,NULL,NULL,NULL,NULL,NULL,NULL),(76,NULL,1,61,3,24,39,50,NULL,NULL,'Polvo para inyección Ampicilina En Caja x viales + disolvente De 1000 mg',NULL,NULL,NULL,'A','admin','2019-11-03 15:21:16',NULL,NULL,NULL,NULL,NULL,NULL,NULL,NULL,NULL,NULL,NULL),(77,NULL,1,61,3,24,39,16,NULL,NULL,'Polvo para inyección Ampicilina En Caja x viales + disolvente De 500 mg',NULL,NULL,NULL,'A','admin','2019-11-03 15:21:16',NULL,NULL,NULL,NULL,NULL,NULL,NULL,NULL,NULL,NULL,NULL),(78,NULL,1,62,3,19,40,51,NULL,NULL,'Tableta recubierta Ampicilina + sulbactam (sultamicilina) En Caja x 1 blíster/blísteres De 375 mg',NULL,NULL,NULL,'A','admin','2019-11-03 15:21:16',NULL,NULL,NULL,NULL,NULL,NULL,NULL,NULL,NULL,NULL,NULL),(79,NULL,1,63,3,20,40,52,NULL,NULL,'Tableta Ampicilina + sulbactam (sultamicilina) En Caja x 1 blíster/blísteres De 750 mg',NULL,NULL,NULL,'A','admin','2019-11-03 15:21:17',NULL,NULL,NULL,NULL,NULL,NULL,NULL,NULL,NULL,NULL,NULL),(80,NULL,1,64,3,24,41,53,NULL,NULL,'Polvo para inyección Ampicilina + sulbactam (sultamicilina) En Caja x viales + diluyente De 1000 mg + 500 mg',NULL,NULL,NULL,'A','admin','2019-11-03 15:21:17',NULL,NULL,NULL,NULL,NULL,NULL,NULL,NULL,NULL,NULL,NULL),(81,NULL,1,65,3,24,29,54,NULL,NULL,'Polvo para inyección Amfotericina B En Caja x vial De 50 mg',NULL,NULL,NULL,'A','admin','2019-11-03 15:21:17',NULL,NULL,NULL,NULL,NULL,NULL,NULL,NULL,NULL,NULL,NULL),(82,NULL,1,66,3,40,42,55,NULL,NULL,'Suspensión inyectable Antitoxina tetánica humana En Caja x jeringas prellenadas de 0,5 mL o 1 mL De 250 UI',NULL,NULL,NULL,'A','admin','2019-11-03 15:21:17',NULL,NULL,NULL,NULL,NULL,NULL,NULL,NULL,NULL,NULL,NULL),(83,NULL,1,67,3,20,8,56,NULL,NULL,'Tableta Artemeter + Lumefantrina En Caja x blísteres De 20 mg + 120 mg',NULL,NULL,NULL,'A','admin','2019-11-03 15:21:17',NULL,NULL,NULL,NULL,NULL,NULL,NULL,NULL,NULL,NULL,NULL),(84,NULL,1,68,3,24,43,57,NULL,NULL,'Polvo para inyección Asparaginasa En Caja x frasco vial De 10 000 UI',NULL,NULL,NULL,'A','admin','2019-11-03 15:21:17',NULL,NULL,NULL,NULL,NULL,NULL,NULL,NULL,NULL,NULL,NULL),(85,NULL,1,69,3,26,17,12,NULL,NULL,'Cápsula Atazanavir En Caja x frasco De 200 mg',NULL,NULL,NULL,'A','admin','2019-11-03 15:21:17',NULL,NULL,NULL,NULL,NULL,NULL,NULL,NULL,NULL,NULL,NULL),(86,NULL,1,69,3,26,17,58,NULL,NULL,'Cápsula Atazanavir En Caja x frasco De 150 mg',NULL,NULL,NULL,'A','admin','2019-11-03 15:21:17',NULL,NULL,NULL,NULL,NULL,NULL,NULL,NULL,NULL,NULL,NULL),(87,NULL,1,70,3,20,8,17,NULL,NULL,'Tableta Atenolol En Caja x blísteres De 100 mg',NULL,NULL,NULL,'A','admin','2019-11-03 15:21:17',NULL,NULL,NULL,NULL,NULL,NULL,NULL,NULL,NULL,NULL,NULL),(88,NULL,1,70,3,20,8,54,NULL,NULL,'Tableta Atenolol En Caja x blísteres De 50 mg',NULL,NULL,NULL,'A','admin','2019-11-03 15:21:17',NULL,NULL,NULL,NULL,NULL,NULL,NULL,NULL,NULL,NULL,NULL),(89,NULL,1,71,3,21,44,59,NULL,NULL,'Solución inyectable Atropina En Cajas x ampollas de 1 mL De 1 mg/mL',NULL,NULL,NULL,'A','admin','2019-11-03 15:21:17',NULL,NULL,NULL,NULL,NULL,NULL,NULL,NULL,NULL,NULL,NULL),(90,NULL,1,72,3,41,45,60,NULL,NULL,'Solución oftálmica Atropina En Caja x frasco gotero de 5 ó 10 mL De 1.00%',NULL,NULL,NULL,'A','admin','2019-11-03 15:21:17',NULL,NULL,NULL,NULL,NULL,NULL,NULL,NULL,NULL,NULL,NULL),(91,NULL,1,72,3,41,45,61,NULL,NULL,'Solución oftálmica Atropina En Caja x frasco gotero de 5 ó 10 mL De 0,005',NULL,NULL,NULL,'A','admin','2019-11-03 15:21:17',NULL,NULL,NULL,NULL,NULL,NULL,NULL,NULL,NULL,NULL,NULL),(92,NULL,1,73,3,24,29,17,NULL,NULL,'Polvo para inyección Azatioprina En Caja x vial De 100 mg',NULL,NULL,NULL,'A','admin','2019-11-03 15:21:17',NULL,NULL,NULL,NULL,NULL,NULL,NULL,NULL,NULL,NULL,NULL),(93,NULL,1,74,3,20,8,54,NULL,NULL,'Tableta Azatioprina En Caja x blísteres De 50 mg',NULL,NULL,NULL,'A','admin','2019-11-03 15:21:17',NULL,NULL,NULL,NULL,NULL,NULL,NULL,NULL,NULL,NULL,NULL),(94,NULL,1,75,3,26,8,16,NULL,NULL,'Cápsula Azitromicina En Caja x blísteres De 500 mg',NULL,NULL,NULL,'A','admin','2019-11-03 15:21:17',NULL,NULL,NULL,NULL,NULL,NULL,NULL,NULL,NULL,NULL,NULL),(95,NULL,1,76,3,19,8,16,NULL,NULL,'Tableta recubierta Azitromicina En Caja x blísteres De 500 mg',NULL,NULL,NULL,'A','admin','2019-11-03 15:21:17',NULL,NULL,NULL,NULL,NULL,NULL,NULL,NULL,NULL,NULL,NULL),(96,NULL,1,77,3,39,46,11,NULL,NULL,'Polvo para suspensión Azitromicina En Caja x frasco de 15 ó 30 mL De 200 mg/5 mL',NULL,NULL,NULL,'A','admin','2019-11-03 15:21:17',NULL,NULL,NULL,NULL,NULL,NULL,NULL,NULL,NULL,NULL,NULL),(97,NULL,1,78,3,24,47,62,NULL,NULL,'Polvo para inyección Basiliximab En Caja x vial + disolvente ampolla de 5 mL De 20 mg',NULL,NULL,NULL,'A','admin','2019-11-03 15:21:17',NULL,NULL,NULL,NULL,NULL,NULL,NULL,NULL,NULL,NULL,NULL),(98,NULL,1,79,3,42,48,63,NULL,NULL,'Aerosol Beclometasona En Caja x frasco de 200 dosis con atomizador De 50 mcg/dosis',NULL,NULL,NULL,'A','admin','2019-11-03 15:21:17',NULL,NULL,NULL,NULL,NULL,NULL,NULL,NULL,NULL,NULL,NULL),(99,NULL,1,79,3,42,48,64,NULL,NULL,'Aerosol Beclometasona En Caja x frasco de 200 dosis con atomizador De 250 mcg/dosis',NULL,NULL,NULL,'A','admin','2019-11-03 15:21:17',NULL,NULL,NULL,NULL,NULL,NULL,NULL,NULL,NULL,NULL,NULL),(100,NULL,1,80,3,24,49,65,NULL,NULL,'Polvo para inyección Bencilpenicilina (Penicilina G cristalina) En Caja x viales con o sin disolvente De 5 000 000 UI',NULL,NULL,NULL,'A','admin','2019-11-03 15:21:17',NULL,NULL,NULL,NULL,NULL,NULL,NULL,NULL,NULL,NULL,NULL),(101,NULL,1,80,3,24,49,66,NULL,NULL,'Polvo para inyección Bencilpenicilina (Penicilina G cristalina) En Caja x viales con o sin disolvente De 1 000 000 UI',NULL,NULL,NULL,'A','admin','2019-11-03 15:21:17',NULL,NULL,NULL,NULL,NULL,NULL,NULL,NULL,NULL,NULL,NULL),(102,NULL,1,81,3,24,39,67,NULL,NULL,'Polvo para inyección Bencilpenicilina benzatínica (penicilina G benzatínica) En Caja x viales + disolvente De 2 400 000 UI',NULL,NULL,NULL,'A','admin','2019-11-03 15:21:18',NULL,NULL,NULL,NULL,NULL,NULL,NULL,NULL,NULL,NULL,NULL),(103,NULL,1,81,3,24,49,68,NULL,NULL,'Polvo para inyección Bencilpenicilina benzatínica (penicilina G benzatínica) En Caja x viales con o sin disolvente De 600 000 UI',NULL,NULL,NULL,'A','admin','2019-11-03 15:21:18',NULL,NULL,NULL,NULL,NULL,NULL,NULL,NULL,NULL,NULL,NULL),(104,NULL,1,81,3,24,11,69,NULL,NULL,'Polvo para inyección Bencilpenicilina benzatínica (penicilina G benzatínica) En Caja x viales De 1 200 000 UI',NULL,NULL,NULL,'A','admin','2019-11-03 15:21:18',NULL,NULL,NULL,NULL,NULL,NULL,NULL,NULL,NULL,NULL,NULL),(105,NULL,1,82,3,20,17,54,NULL,NULL,'Tableta Benznidazol En Caja x frasco De 50 mg',NULL,NULL,NULL,'A','admin','2019-11-03 15:21:18',NULL,NULL,NULL,NULL,NULL,NULL,NULL,NULL,NULL,NULL,NULL),(106,NULL,1,83,3,21,50,70,NULL,NULL,'Solución inyectable Betametasona En Caja x ampollas de 1 mL De 4 mg/mL',NULL,NULL,NULL,'A','admin','2019-11-03 15:21:18',NULL,NULL,NULL,NULL,NULL,NULL,NULL,NULL,NULL,NULL,NULL),(107,NULL,1,84,3,43,51,71,NULL,NULL,'Loción Betametasona En Caja x frasco de 60 mL De 0,0005',NULL,NULL,NULL,'A','admin','2019-11-03 15:21:18',NULL,NULL,NULL,NULL,NULL,NULL,NULL,NULL,NULL,NULL,NULL),(108,NULL,1,85,3,44,52,71,NULL,NULL,'Ungüento Betametasona En Caja x tubo de 30 g De 0,0005',NULL,NULL,NULL,'A','admin','2019-11-03 15:21:18',NULL,NULL,NULL,NULL,NULL,NULL,NULL,NULL,NULL,NULL,NULL),(109,NULL,1,86,3,30,53,27,NULL,NULL,'Crema Betametasona En Caja x tubo mínimo de 20 g De 0,001',NULL,NULL,NULL,'A','admin','2019-11-03 15:21:18',NULL,NULL,NULL,NULL,NULL,NULL,NULL,NULL,NULL,NULL,NULL),(110,NULL,1,86,3,30,53,71,NULL,NULL,'Crema Betametasona En Caja x tubo mínimo de 20 g De 0,0005',NULL,NULL,NULL,'A','admin','2019-11-03 15:21:18',NULL,NULL,NULL,NULL,NULL,NULL,NULL,NULL,NULL,NULL,NULL),(111,NULL,1,87,3,21,54,43,NULL,NULL,'Solución inyectable Bevacizumab En Caja x vial de 4 mL ó 16 mL De 25 mg/mL',NULL,NULL,NULL,'A','admin','2019-11-03 15:21:18',NULL,NULL,NULL,NULL,NULL,NULL,NULL,NULL,NULL,NULL,NULL),(112,NULL,1,88,3,21,50,72,NULL,NULL,'Solución inyectable Biperideno En Caja x ampollas de 1 mL De 5 mg/mL',NULL,NULL,NULL,'A','admin','2019-11-03 15:21:18',NULL,NULL,NULL,NULL,NULL,NULL,NULL,NULL,NULL,NULL,NULL),(113,NULL,1,89,3,20,8,73,NULL,NULL,'Tableta Biperideno En Caja x blísteres De 2 mg',NULL,NULL,NULL,'A','admin','2019-11-03 15:21:18',NULL,NULL,NULL,NULL,NULL,NULL,NULL,NULL,NULL,NULL,NULL),(114,NULL,1,90,3,24,55,74,NULL,NULL,'Polvo para inyección Bleomicina En Caja x vial + diluyente De 15 UI',NULL,NULL,NULL,'A','admin','2019-11-03 15:21:18',NULL,NULL,NULL,NULL,NULL,NULL,NULL,NULL,NULL,NULL,NULL),(115,NULL,1,91,3,21,56,75,NULL,NULL,'Solución inyectable Bupivacaína hiperbárica En Caja x viales/ampoulepack de 4 mL De 0,0075',NULL,NULL,NULL,'A','admin','2019-11-03 15:21:18',NULL,NULL,NULL,NULL,NULL,NULL,NULL,NULL,NULL,NULL,NULL),(116,NULL,1,91,3,21,57,61,NULL,NULL,'Solución inyectable Bupivacaína hiperbárica En Caja x ampoulepack/ ampollas de 3 o 4 mL. De 0,005',NULL,NULL,NULL,'A','admin','2019-11-03 15:21:18',NULL,NULL,NULL,NULL,NULL,NULL,NULL,NULL,NULL,NULL,NULL),(117,NULL,1,92,3,21,58,75,NULL,NULL,'Solución inyectable Bupivacaína sin epinefrina En Caja x ampoulepack de 10 mL De 0,0075',NULL,NULL,NULL,'A','admin','2019-11-03 15:21:18',NULL,NULL,NULL,NULL,NULL,NULL,NULL,NULL,NULL,NULL,NULL),(118,NULL,1,92,3,21,59,61,NULL,NULL,'Solución inyectable Bupivacaína sin epinefrina En Caja x viales/Ampoulepack de 10 ó 20 mL De 0,005',NULL,NULL,NULL,'A','admin','2019-11-03 15:21:18',NULL,NULL,NULL,NULL,NULL,NULL,NULL,NULL,NULL,NULL,NULL),(119,NULL,1,93,3,45,60,76,NULL,NULL,'Parche transdérmico Buprenorfina En Caja x parches De 20mg (35 mcg/h)',NULL,NULL,NULL,'A','admin','2019-11-03 15:21:18',NULL,NULL,NULL,NULL,NULL,NULL,NULL,NULL,NULL,NULL,NULL),(120,NULL,1,94,3,46,8,77,NULL,NULL,'Tableta sublingual Buprenorfina En Caja x blísteres De 0,2 mg',NULL,NULL,NULL,'A','admin','2019-11-03 15:21:18',NULL,NULL,NULL,NULL,NULL,NULL,NULL,NULL,NULL,NULL,NULL),(121,NULL,1,95,3,21,50,78,NULL,NULL,'Solución inyectable Buprenorfina En Caja x ampollas de 1 mL De 0,3 mg/mL',NULL,NULL,NULL,'A','admin','2019-11-03 15:21:18',NULL,NULL,NULL,NULL,NULL,NULL,NULL,NULL,NULL,NULL,NULL),(122,NULL,1,96,3,21,50,79,NULL,NULL,'Solución inyectable Butilescopolamina En Caja x ampollas de 1 mL De 20 mg/mL',NULL,NULL,NULL,'A','admin','2019-11-03 15:21:18',NULL,NULL,NULL,NULL,NULL,NULL,NULL,NULL,NULL,NULL,NULL),(123,NULL,1,97,3,20,15,36,NULL,NULL,'Tableta Cabergolina En Caja x blísteres, Caja x frasco De 0,5 mg',NULL,NULL,NULL,'A','admin','2019-11-03 15:21:18',NULL,NULL,NULL,NULL,NULL,NULL,NULL,NULL,NULL,NULL,NULL),(124,NULL,1,98,3,20,15,16,NULL,NULL,'Tableta Calcio (Carbonato de Calcio) En Caja x blísteres, Caja x frasco De 500 mg',NULL,NULL,NULL,'A','admin','2019-11-03 15:21:18',NULL,NULL,NULL,NULL,NULL,NULL,NULL,NULL,NULL,NULL,NULL),(125,NULL,1,99,3,29,8,16,NULL,NULL,'Tableta masticable Calcio (Carbonato de Calcio) En Caja x blísteres De 500 mg',NULL,NULL,NULL,'A','admin','2019-11-03 15:21:18',NULL,NULL,NULL,NULL,NULL,NULL,NULL,NULL,NULL,NULL,NULL),(126,NULL,1,100,3,21,33,40,NULL,NULL,'Solución inyectable Calcio gluconato En Caja x ampollas de 10 mL De 10.00%',NULL,NULL,NULL,'A','admin','2019-11-03 15:21:19',NULL,NULL,NULL,NULL,NULL,NULL,NULL,NULL,NULL,NULL,NULL),(127,NULL,1,101,3,44,61,80,NULL,NULL,'Ungüento Calcipotriol + betametasona dipropionato En Caja x  tubo de 30 g De (50 mcg + 0,5 mg)/g',NULL,NULL,NULL,'A','admin','2019-11-03 15:21:19',NULL,NULL,NULL,NULL,NULL,NULL,NULL,NULL,NULL,NULL,NULL),(128,NULL,1,102,3,26,8,81,NULL,NULL,'Cápsula Calcitriol En Caja x blísteres De 0,5 mcg',NULL,NULL,NULL,'A','admin','2019-11-03 15:21:19',NULL,NULL,NULL,NULL,NULL,NULL,NULL,NULL,NULL,NULL,NULL),(129,NULL,1,103,3,19,15,16,NULL,NULL,'Tableta recubierta Capecitabina En Caja x blísteres, Caja x frasco De 500 mg',NULL,NULL,NULL,'A','admin','2019-11-03 15:21:19',NULL,NULL,NULL,NULL,NULL,NULL,NULL,NULL,NULL,NULL,NULL),(130,NULL,1,104,3,24,29,82,NULL,NULL,'Polvo para inyección Capreomicina En Caja x vial De 1 000 mg',NULL,NULL,NULL,'A','admin','2019-11-03 15:21:19',NULL,NULL,NULL,NULL,NULL,NULL,NULL,NULL,NULL,NULL,NULL),(131,NULL,1,105,3,36,36,14,NULL,NULL,'Tableta de liberación prolongada Carbamazepina En Caja x blísteres/ristras De 400 mg',NULL,NULL,NULL,'A','admin','2019-11-03 15:21:19',NULL,NULL,NULL,NULL,NULL,NULL,NULL,NULL,NULL,NULL,NULL),(132,NULL,1,106,3,23,19,32,NULL,NULL,'Suspensión Carbamazepina En Caja x frasco de 120 mL De 100 mg/5 mL',NULL,NULL,NULL,'A','admin','2019-11-03 15:21:19',NULL,NULL,NULL,NULL,NULL,NULL,NULL,NULL,NULL,NULL,NULL),(133,NULL,1,107,3,20,36,12,NULL,NULL,'Tableta Carbamazepina En Caja x blísteres/ristras De 200 mg',NULL,NULL,NULL,'A','admin','2019-11-03 15:21:19',NULL,NULL,NULL,NULL,NULL,NULL,NULL,NULL,NULL,NULL,NULL),(134,NULL,1,108,3,19,8,14,NULL,NULL,'Tableta recubierta Carbamazepina En Caja x blísteres De 400 mg',NULL,NULL,NULL,'A','admin','2019-11-03 15:21:19',NULL,NULL,NULL,NULL,NULL,NULL,NULL,NULL,NULL,NULL,NULL),(135,NULL,1,109,3,24,29,83,NULL,NULL,'Polvo para inyección Carboplatino En Caja x vial De 450 mg',NULL,NULL,NULL,'A','admin','2019-11-03 15:21:19',NULL,NULL,NULL,NULL,NULL,NULL,NULL,NULL,NULL,NULL,NULL),(136,NULL,1,109,3,24,29,58,NULL,NULL,'Polvo para inyección Carboplatino En Caja x vial De 150 mg',NULL,NULL,NULL,'A','admin','2019-11-03 15:21:19',NULL,NULL,NULL,NULL,NULL,NULL,NULL,NULL,NULL,NULL,NULL),(137,NULL,1,110,3,21,62,84,NULL,NULL,'Solución inyectable Carboplatino En Caja x vial de 5, 15 ó 45 mL De 10 mg/mL',NULL,NULL,NULL,'A','admin','2019-11-03 15:21:19',NULL,NULL,NULL,NULL,NULL,NULL,NULL,NULL,NULL,NULL,NULL),(138,NULL,1,111,3,20,8,85,NULL,NULL,'Tableta Carvedilol En Caja x blísteres De 12,5 mg',NULL,NULL,NULL,'A','admin','2019-11-03 15:21:19',NULL,NULL,NULL,NULL,NULL,NULL,NULL,NULL,NULL,NULL,NULL),(139,NULL,1,111,3,20,8,86,NULL,NULL,'Tableta Carvedilol En Caja x blísteres De 6,25 mg',NULL,NULL,NULL,'A','admin','2019-11-03 15:21:19',NULL,NULL,NULL,NULL,NULL,NULL,NULL,NULL,NULL,NULL,NULL),(140,NULL,1,111,3,20,8,45,NULL,NULL,'Tableta Carvedilol En Caja x blísteres De 25 mg',NULL,NULL,NULL,'A','admin','2019-11-03 15:21:19',NULL,NULL,NULL,NULL,NULL,NULL,NULL,NULL,NULL,NULL,NULL),(141,NULL,1,112,3,24,29,54,NULL,NULL,'Polvo para inyección Caspofungina En Caja x vial De 50 mg',NULL,NULL,NULL,'A','admin','2019-11-03 15:21:19',NULL,NULL,NULL,NULL,NULL,NULL,NULL,NULL,NULL,NULL,NULL),(142,NULL,1,112,3,24,29,18,NULL,NULL,'Polvo para inyección Caspofungina En Caja x vial De 70 mg',NULL,NULL,NULL,'A','admin','2019-11-03 15:21:19',NULL,NULL,NULL,NULL,NULL,NULL,NULL,NULL,NULL,NULL,NULL),(143,NULL,1,113,3,39,63,24,NULL,NULL,'Polvo para suspensión Cefalexina En Caja x frasco de 60 mL, 100 ó 120 mL De 250 mg/5 mL',NULL,NULL,NULL,'A','admin','2019-11-03 15:21:19',NULL,NULL,NULL,NULL,NULL,NULL,NULL,NULL,NULL,NULL,NULL),(144,NULL,1,114,3,26,8,16,NULL,NULL,'Cápsula Cefalexina En Caja x blísteres De 500 mg',NULL,NULL,NULL,'A','admin','2019-11-03 15:21:19',NULL,NULL,NULL,NULL,NULL,NULL,NULL,NULL,NULL,NULL,NULL),(145,NULL,1,115,3,24,11,82,NULL,NULL,'Polvo para inyección Cefazolina En Caja x viales De 1 000 mg',NULL,NULL,NULL,'A','admin','2019-11-03 15:21:19',NULL,NULL,NULL,NULL,NULL,NULL,NULL,NULL,NULL,NULL,NULL),(146,NULL,1,116,3,24,11,82,NULL,NULL,'Polvo para inyección Cefepima En Caja x viales De 1 000 mg',NULL,NULL,NULL,'A','admin','2019-11-03 15:21:19',NULL,NULL,NULL,NULL,NULL,NULL,NULL,NULL,NULL,NULL,NULL),(147,NULL,1,117,3,24,64,87,NULL,NULL,'Polvo para inyección Ceftazidima En Caja x vial con ó sin disolvente De 1 000 mg (1 g)',NULL,NULL,NULL,'A','admin','2019-11-03 15:21:19',NULL,NULL,NULL,NULL,NULL,NULL,NULL,NULL,NULL,NULL,NULL),(148,NULL,1,117,3,24,64,16,NULL,NULL,'Polvo para inyección Ceftazidima En Caja x vial con ó sin disolvente De 500 mg',NULL,NULL,NULL,'A','admin','2019-11-03 15:21:19',NULL,NULL,NULL,NULL,NULL,NULL,NULL,NULL,NULL,NULL,NULL),(149,NULL,1,118,3,24,29,16,NULL,NULL,'Polvo para inyección Ceftriaxona En Caja x vial De 500 mg',NULL,NULL,NULL,'A','admin','2019-11-03 15:21:20',NULL,NULL,NULL,NULL,NULL,NULL,NULL,NULL,NULL,NULL,NULL),(150,NULL,1,118,3,24,11,87,NULL,NULL,'Polvo para inyección Ceftriaxona En Caja x viales De 1 000 mg (1 g)',NULL,NULL,NULL,'A','admin','2019-11-03 15:21:20',NULL,NULL,NULL,NULL,NULL,NULL,NULL,NULL,NULL,NULL,NULL),(151,NULL,1,119,3,24,29,82,NULL,NULL,'Polvo para inyección Ciclofosfamida En Caja x vial De 1 000 mg',NULL,NULL,NULL,'A','admin','2019-11-03 15:21:20',NULL,NULL,NULL,NULL,NULL,NULL,NULL,NULL,NULL,NULL,NULL),(152,NULL,1,120,3,20,36,54,NULL,NULL,'Tableta Ciclofosfamida En Caja x blísteres/ristras De 50 mg',NULL,NULL,NULL,'A','admin','2019-11-03 15:21:20',NULL,NULL,NULL,NULL,NULL,NULL,NULL,NULL,NULL,NULL,NULL),(153,NULL,1,119,3,24,29,16,NULL,NULL,'Polvo para inyección Ciclofosfamida En Caja x vial De 500 mg',NULL,NULL,NULL,'A','admin','2019-11-03 15:21:20',NULL,NULL,NULL,NULL,NULL,NULL,NULL,NULL,NULL,NULL,NULL),(154,NULL,1,121,3,26,65,8,NULL,NULL,'Cápsula Cicloserina En Caja x ristras De 250 mg',NULL,NULL,NULL,'A','admin','2019-11-03 15:21:20',NULL,NULL,NULL,NULL,NULL,NULL,NULL,NULL,NULL,NULL,NULL),(155,NULL,1,122,3,26,8,54,NULL,NULL,'Cápsula Ciclosporina En Caja x blísteres De 50 mg',NULL,NULL,NULL,'A','admin','2019-11-03 15:21:20',NULL,NULL,NULL,NULL,NULL,NULL,NULL,NULL,NULL,NULL,NULL),(156,NULL,1,122,3,26,8,17,NULL,NULL,'Cápsula Ciclosporina En Caja x blísteres De 100 mg',NULL,NULL,NULL,'A','admin','2019-11-03 15:21:20',NULL,NULL,NULL,NULL,NULL,NULL,NULL,NULL,NULL,NULL,NULL),(157,NULL,1,123,3,32,66,9,NULL,NULL,'Solución oral Ciclosporina En Caja x frasco de 50 mL De 100 mg/mL',NULL,NULL,NULL,'A','admin','2019-11-03 15:21:20',NULL,NULL,NULL,NULL,NULL,NULL,NULL,NULL,NULL,NULL,NULL),(158,NULL,1,122,3,26,8,45,NULL,NULL,'Cápsula Ciclosporina En Caja x blísteres De 25 mg',NULL,NULL,NULL,'A','admin','2019-11-03 15:21:20',NULL,NULL,NULL,NULL,NULL,NULL,NULL,NULL,NULL,NULL,NULL),(159,NULL,1,124,3,41,67,88,NULL,NULL,'Solución oftálmica Ciprofloxacina En Caja x frasco gotero de 5 mL De 0,003',NULL,NULL,NULL,'A','admin','2019-11-03 15:21:20',NULL,NULL,NULL,NULL,NULL,NULL,NULL,NULL,NULL,NULL,NULL),(160,NULL,1,125,3,36,65,16,NULL,NULL,'Tableta de liberación prolongada Ciprofloxacina En Caja x ristras De 500 mg',NULL,NULL,NULL,'A','admin','2019-11-03 15:21:20',NULL,NULL,NULL,NULL,NULL,NULL,NULL,NULL,NULL,NULL,NULL),(161,NULL,1,126,3,38,68,89,NULL,NULL,'Solución para inyección Ciprofloxacina En Caja x frasco/funda/vial de 100 mL De 2 mg/mL',NULL,NULL,NULL,'A','admin','2019-11-03 15:21:20',NULL,NULL,NULL,NULL,NULL,NULL,NULL,NULL,NULL,NULL,NULL),(162,NULL,1,127,3,26,8,16,NULL,NULL,'Cápsula Ciprofloxacina En Caja x blísteres De 500 mg',NULL,NULL,NULL,'A','admin','2019-11-03 15:21:20',NULL,NULL,NULL,NULL,NULL,NULL,NULL,NULL,NULL,NULL,NULL),(163,NULL,1,128,3,19,36,16,NULL,NULL,'Tableta recubierta Ciprofloxacina En Caja x blísteres/ristras De 500 mg',NULL,NULL,NULL,'A','admin','2019-11-03 15:21:20',NULL,NULL,NULL,NULL,NULL,NULL,NULL,NULL,NULL,NULL,NULL),(164,NULL,1,129,3,21,69,90,NULL,NULL,'Solución inyectable Cisplatino En Caja x viales de 10 ó 50 mL De 0,5 mg/mL',NULL,NULL,NULL,'A','admin','2019-11-03 15:21:20',NULL,NULL,NULL,NULL,NULL,NULL,NULL,NULL,NULL,NULL,NULL),(165,NULL,1,129,3,21,70,59,NULL,NULL,'Solución inyectable Cisplatino En Caja x viales de 50 mL De 1 mg/mL',NULL,NULL,NULL,'A','admin','2019-11-03 15:21:20',NULL,NULL,NULL,NULL,NULL,NULL,NULL,NULL,NULL,NULL,NULL),(166,NULL,1,130,3,24,11,44,NULL,NULL,'Polvo para inyección Cisplatino En Caja x viales De 10 mg',NULL,NULL,NULL,'A','admin','2019-11-03 15:21:20',NULL,NULL,NULL,NULL,NULL,NULL,NULL,NULL,NULL,NULL,NULL),(167,NULL,1,131,3,24,11,82,NULL,NULL,'Polvo para inyección Citarabina En Caja x viales De 1 000 mg',NULL,NULL,NULL,'A','admin','2019-11-03 15:21:20',NULL,NULL,NULL,NULL,NULL,NULL,NULL,NULL,NULL,NULL,NULL),(168,NULL,1,131,3,24,11,17,NULL,NULL,'Polvo para inyección Citarabina En Caja x viales De 100 mg',NULL,NULL,NULL,'A','admin','2019-11-03 15:21:20',NULL,NULL,NULL,NULL,NULL,NULL,NULL,NULL,NULL,NULL,NULL),(169,NULL,1,131,3,24,11,16,NULL,NULL,'Polvo para inyección Citarabina En Caja x viales De 500 mg',NULL,NULL,NULL,'A','admin','2019-11-03 15:21:20',NULL,NULL,NULL,NULL,NULL,NULL,NULL,NULL,NULL,NULL,NULL),(170,NULL,1,132,3,20,8,16,NULL,NULL,'Tableta Claritromicina En Caja x blísteres De 500 mg',NULL,NULL,NULL,'A','admin','2019-11-03 15:21:20',NULL,NULL,NULL,NULL,NULL,NULL,NULL,NULL,NULL,NULL,NULL),(171,NULL,1,133,3,39,71,91,NULL,NULL,'Polvo para suspensión Claritromicina En Caja x frasco de 50 ó 60 mL De 125 mg/5 mL',NULL,NULL,NULL,'A','admin','2019-11-03 15:21:20',NULL,NULL,NULL,NULL,NULL,NULL,NULL,NULL,NULL,NULL,NULL),(172,NULL,1,134,3,24,11,16,NULL,NULL,'Polvo para inyección Claritromicina En Caja x viales De 500 mg',NULL,NULL,NULL,'A','admin','2019-11-03 15:21:20',NULL,NULL,NULL,NULL,NULL,NULL,NULL,NULL,NULL,NULL,NULL),(173,NULL,1,133,3,39,72,24,NULL,NULL,'Polvo para suspensión Claritromicina En Caja x frasco de 50, 60 u 80 mL De 250 mg/5 mL',NULL,NULL,NULL,'A','admin','2019-11-03 15:21:20',NULL,NULL,NULL,NULL,NULL,NULL,NULL,NULL,NULL,NULL,NULL),(174,NULL,1,135,3,19,8,16,NULL,NULL,'Tableta recubierta Claritromicina En Caja x blísteres De 500 mg',NULL,NULL,NULL,'A','admin','2019-11-03 15:21:20',NULL,NULL,NULL,NULL,NULL,NULL,NULL,NULL,NULL,NULL,NULL),(175,NULL,1,136,3,26,8,7,NULL,NULL,'Cápsula Clindamicina En Caja x blísteres De 300 mg',NULL,NULL,NULL,'A','admin','2019-11-03 15:21:20',NULL,NULL,NULL,NULL,NULL,NULL,NULL,NULL,NULL,NULL,NULL),(176,NULL,1,137,3,38,73,92,NULL,NULL,'Solución para inyección Clindamicina En Caja x ampollas de 4 mL De 150 mg/mL',NULL,NULL,NULL,'A','admin','2019-11-03 15:21:21',NULL,NULL,NULL,NULL,NULL,NULL,NULL,NULL,NULL,NULL,NULL),(177,NULL,1,138,3,26,36,17,NULL,NULL,'Cápsula Clofazimina En Caja x blísteres/ristras De 100 mg',NULL,NULL,NULL,'A','admin','2019-11-03 15:21:21',NULL,NULL,NULL,NULL,NULL,NULL,NULL,NULL,NULL,NULL,NULL),(178,NULL,1,139,3,20,8,54,NULL,NULL,'Tableta Clomifeno En Caja x blísteres De 50 mg',NULL,NULL,NULL,'A','admin','2019-11-03 15:21:21',NULL,NULL,NULL,NULL,NULL,NULL,NULL,NULL,NULL,NULL,NULL),(179,NULL,1,140,3,20,8,36,NULL,NULL,'Tableta Clonazepam En Caja x blísteres De 0,5 mg',NULL,NULL,NULL,'A','admin','2019-11-03 15:21:21',NULL,NULL,NULL,NULL,NULL,NULL,NULL,NULL,NULL,NULL,NULL),(180,NULL,1,141,3,25,8,20,NULL,NULL,'Tableta dispersable Clonazepam En Caja x blísteres De 1 mg',NULL,NULL,NULL,'A','admin','2019-11-03 15:21:21',NULL,NULL,NULL,NULL,NULL,NULL,NULL,NULL,NULL,NULL,NULL),(181,NULL,1,142,3,32,74,93,NULL,NULL,'Solución oral Clonazepam En Caja x frasco de 10, 20 ó 30 mL De 2,5 mg/mL',NULL,NULL,NULL,'A','admin','2019-11-03 15:21:21',NULL,NULL,NULL,NULL,NULL,NULL,NULL,NULL,NULL,NULL,NULL),(182,NULL,1,140,3,20,8,73,NULL,NULL,'Tableta Clonazepam En Caja x blísteres De 2 mg',NULL,NULL,NULL,'A','admin','2019-11-03 15:21:21',NULL,NULL,NULL,NULL,NULL,NULL,NULL,NULL,NULL,NULL,NULL),(183,NULL,1,143,3,19,8,7,NULL,NULL,'Tableta recubierta Clopidogrel En Caja x blísteres De 300 mg',NULL,NULL,NULL,'A','admin','2019-11-03 15:21:21',NULL,NULL,NULL,NULL,NULL,NULL,NULL,NULL,NULL,NULL,NULL),(184,NULL,1,143,3,19,36,94,NULL,NULL,'Tableta recubierta Clopidogrel En Caja x blísteres/ristras De 75 mg',NULL,NULL,NULL,'A','admin','2019-11-03 15:21:21',NULL,NULL,NULL,NULL,NULL,NULL,NULL,NULL,NULL,NULL,NULL),(185,NULL,1,144,3,20,36,73,NULL,NULL,'Tableta Clorambucilo En Caja x blísteres/ristras De 2 mg',NULL,NULL,NULL,'A','admin','2019-11-03 15:21:21',NULL,NULL,NULL,NULL,NULL,NULL,NULL,NULL,NULL,NULL,NULL),(186,NULL,1,145,3,41,67,61,NULL,NULL,'Solución oftálmica Cloranfenicol En Caja x frasco gotero de 5 mL De 0,005',NULL,NULL,NULL,'A','admin','2019-11-03 15:21:21',NULL,NULL,NULL,NULL,NULL,NULL,NULL,NULL,NULL,NULL,NULL),(187,NULL,1,146,3,27,12,60,NULL,NULL,'Ungüento oftálmico Cloranfenicol En Caja x tubo De 1.00%',NULL,NULL,NULL,'A','admin','2019-11-03 15:21:21',NULL,NULL,NULL,NULL,NULL,NULL,NULL,NULL,NULL,NULL,NULL),(188,NULL,1,147,3,20,8,8,NULL,NULL,'Tableta Cloroquina En Caja x blísteres De 250 mg',NULL,NULL,NULL,'A','admin','2019-11-03 15:21:21',NULL,NULL,NULL,NULL,NULL,NULL,NULL,NULL,NULL,NULL,NULL),(189,NULL,1,148,3,20,8,45,NULL,NULL,'Tableta Clorpromazina En Caja x blísteres De 25 mg',NULL,NULL,NULL,'A','admin','2019-11-03 15:21:21',NULL,NULL,NULL,NULL,NULL,NULL,NULL,NULL,NULL,NULL,NULL),(190,NULL,1,149,3,19,36,17,NULL,NULL,'Tableta recubierta Clorpromazina En Caja x blísteres/ristras De 100 mg',NULL,NULL,NULL,'A','admin','2019-11-03 15:21:21',NULL,NULL,NULL,NULL,NULL,NULL,NULL,NULL,NULL,NULL,NULL),(191,NULL,1,150,3,21,22,95,NULL,NULL,'Solución inyectable Clorpromazina En Caja x ampollas de 2 mL De 25 mg/2 mL',NULL,NULL,NULL,'A','admin','2019-11-03 15:21:21',NULL,NULL,NULL,NULL,NULL,NULL,NULL,NULL,NULL,NULL,NULL),(192,NULL,1,151,3,20,8,54,NULL,NULL,'Tableta Clortalidona En Caja x blísteres De 50 mg',NULL,NULL,NULL,'A','admin','2019-11-03 15:21:21',NULL,NULL,NULL,NULL,NULL,NULL,NULL,NULL,NULL,NULL,NULL),(193,NULL,1,151,3,20,8,45,NULL,NULL,'Tableta Clortalidona En Caja x blísteres De 25 mg',NULL,NULL,NULL,'A','admin','2019-11-03 15:21:21',NULL,NULL,NULL,NULL,NULL,NULL,NULL,NULL,NULL,NULL,NULL),(194,NULL,1,152,3,47,75,16,NULL,NULL,'Óvulo Clotrimazol En Caja x bíster/bísteres De 500 mg',NULL,NULL,NULL,'A','admin','2019-11-03 15:21:21',NULL,NULL,NULL,NULL,NULL,NULL,NULL,NULL,NULL,NULL,NULL),(195,NULL,1,153,3,48,76,60,NULL,NULL,'Solución tópica Clotrimazol En Caja x frasco de 25 mL De 1.00%',NULL,NULL,NULL,'A','admin','2019-11-03 15:21:21',NULL,NULL,NULL,NULL,NULL,NULL,NULL,NULL,NULL,NULL,NULL),(196,NULL,1,154,3,49,77,60,NULL,NULL,'Crema vaginal Clotrimazol En Caja x tubo de 40 g + aplicadores De 1.00%',NULL,NULL,NULL,'A','admin','2019-11-03 15:21:21',NULL,NULL,NULL,NULL,NULL,NULL,NULL,NULL,NULL,NULL,NULL),(197,NULL,1,154,3,49,78,21,NULL,NULL,'Crema vaginal Clotrimazol En Caja x tubo 20 g  + aplicador De 2.00%',NULL,NULL,NULL,'A','admin','2019-11-03 15:21:21',NULL,NULL,NULL,NULL,NULL,NULL,NULL,NULL,NULL,NULL,NULL),(198,NULL,1,155,3,50,79,16,NULL,NULL,'Tableta vaginal Clotrimazol En Caja x blíster/blísteres De 500 mg',NULL,NULL,NULL,'A','admin','2019-11-03 15:21:21',NULL,NULL,NULL,NULL,NULL,NULL,NULL,NULL,NULL,NULL,NULL),(199,NULL,1,156,3,30,80,60,NULL,NULL,'Crema Clotrimazol En Caja x tubo de 20 ó 40 g De 1.00%',NULL,NULL,NULL,'A','admin','2019-11-03 15:21:21',NULL,NULL,NULL,NULL,NULL,NULL,NULL,NULL,NULL,NULL,NULL),(200,NULL,1,152,3,47,81,17,NULL,NULL,'Óvulo Clotrimazol En Caja x ristra/ ristras De 100 mg',NULL,NULL,NULL,'A','admin','2019-11-03 15:21:21',NULL,NULL,NULL,NULL,NULL,NULL,NULL,NULL,NULL,NULL,NULL),(201,NULL,1,152,3,47,82,12,NULL,NULL,'Óvulo Clotrimazol En Caja x ristra/ristras De 200 mg',NULL,NULL,NULL,'A','admin','2019-11-03 15:21:21',NULL,NULL,NULL,NULL,NULL,NULL,NULL,NULL,NULL,NULL,NULL),(202,NULL,1,155,3,50,83,17,NULL,NULL,'Tableta vaginal Clotrimazol En Caja x blíster/ blísteres De 100 mg',NULL,NULL,NULL,'A','admin','2019-11-03 15:21:22',NULL,NULL,NULL,NULL,NULL,NULL,NULL,NULL,NULL,NULL,NULL),(203,NULL,1,155,3,50,83,12,NULL,NULL,'Tableta vaginal Clotrimazol En Caja x blíster/ blísteres De 200 mg',NULL,NULL,NULL,'A','admin','2019-11-03 15:21:22',NULL,NULL,NULL,NULL,NULL,NULL,NULL,NULL,NULL,NULL,NULL),(204,NULL,1,157,3,20,36,44,NULL,NULL,'Tableta Codeína En Caja x blísteres/ristras De 10 mg',NULL,NULL,NULL,'A','admin','2019-11-03 15:21:22',NULL,NULL,NULL,NULL,NULL,NULL,NULL,NULL,NULL,NULL,NULL),(205,NULL,1,158,3,33,19,96,NULL,NULL,'Jarabe Codeína En Caja x frasco de 120 mL De 10 mg/5 mL',NULL,NULL,NULL,'A','admin','2019-11-03 15:21:22',NULL,NULL,NULL,NULL,NULL,NULL,NULL,NULL,NULL,NULL,NULL),(206,NULL,1,159,3,20,84,36,NULL,NULL,'Tableta Colchicina En Frasco De 0,5 mg',NULL,NULL,NULL,'A','admin','2019-11-03 15:21:22',NULL,NULL,NULL,NULL,NULL,NULL,NULL,NULL,NULL,NULL,NULL),(207,NULL,1,160,3,24,85,17,NULL,NULL,'Polvo para inyección Colistina En Caja x frasco ampolla + disolvente ampolla De 100 mg',NULL,NULL,NULL,'A','admin','2019-11-03 15:21:22',NULL,NULL,NULL,NULL,NULL,NULL,NULL,NULL,NULL,NULL,NULL),(208,NULL,1,161,3,51,86,31,NULL,NULL,'___ Complejo B En ___ De ___',NULL,NULL,NULL,'A','admin','2019-11-03 15:21:22',NULL,NULL,NULL,NULL,NULL,NULL,NULL,NULL,NULL,NULL,NULL),(209,NULL,1,162,3,52,8,31,NULL,NULL,'Gragea Complejo B (Vitaminas B1, B6, B12) En Caja x blísteres De ___',NULL,NULL,NULL,'A','admin','2019-11-03 15:21:22',NULL,NULL,NULL,NULL,NULL,NULL,NULL,NULL,NULL,NULL,NULL),(210,NULL,1,163,3,19,8,31,NULL,NULL,'Tableta recubierta Complejo B (Vitaminas B1, B6, B12) En Caja x blísteres De ___',NULL,NULL,NULL,'A','admin','2019-11-03 15:21:22',NULL,NULL,NULL,NULL,NULL,NULL,NULL,NULL,NULL,NULL,NULL),(211,NULL,1,164,3,21,87,97,NULL,NULL,'Solución inyectable Complejo B (Vitaminas B1, B6, B12) En Caja x ampollas, Caja x jeringa prellenada, de 2, 3, ó 10 mL De 100 mg, 100 mg, 1 mg',NULL,NULL,NULL,'A','admin','2019-11-03 15:21:22',NULL,NULL,NULL,NULL,NULL,NULL,NULL,NULL,NULL,NULL,NULL),(212,NULL,1,165,3,26,8,31,NULL,NULL,'Cápsula Complejo B (Vitaminas B1, B6, B12) En Caja x blísteres De ___',NULL,NULL,NULL,'A','admin','2019-11-03 15:21:22',NULL,NULL,NULL,NULL,NULL,NULL,NULL,NULL,NULL,NULL,NULL),(213,NULL,1,166,3,23,10,98,NULL,NULL,'Suspensión Cotrimoxazol (Sulfametoxazol + Trimetoprima) En Caja x frasco de 100 ó 120 mL De 200 mg + 40 mg/5 mL',NULL,NULL,NULL,'A','admin','2019-11-03 15:21:22',NULL,NULL,NULL,NULL,NULL,NULL,NULL,NULL,NULL,NULL,NULL),(214,NULL,1,167,3,20,88,99,NULL,NULL,'Tableta Cotrimoxazol (Sulfametoxazol + Trimetoprima) En Caja x ristras, Caja x blísteres De 400 mg + 80 mg',NULL,NULL,NULL,'A','admin','2019-11-03 15:21:22',NULL,NULL,NULL,NULL,NULL,NULL,NULL,NULL,NULL,NULL,NULL),(215,NULL,1,167,3,20,88,100,NULL,NULL,'Tableta Cotrimoxazol (Sulfametoxazol + Trimetoprima) En Caja x ristras, Caja x blísteres De 800 mg + 160 mg',NULL,NULL,NULL,'A','admin','2019-11-03 15:21:22',NULL,NULL,NULL,NULL,NULL,NULL,NULL,NULL,NULL,NULL,NULL),(216,NULL,1,168,3,24,89,12,NULL,NULL,'Polvo para inyección Dacarbazina En Caja x vial/viales De 200 mg',NULL,NULL,NULL,'A','admin','2019-11-03 15:21:22',NULL,NULL,NULL,NULL,NULL,NULL,NULL,NULL,NULL,NULL,NULL),(217,NULL,1,169,3,24,29,36,NULL,NULL,'Polvo para inyección Dactinomicina En Caja x vial De 0,5 mg',NULL,NULL,NULL,'A','admin','2019-11-03 15:21:22',NULL,NULL,NULL,NULL,NULL,NULL,NULL,NULL,NULL,NULL,NULL),(218,NULL,1,170,3,24,90,62,NULL,NULL,'Polvo para inyección Dantroleno En Caja x vial + diluyente ampolla De 20 mg',NULL,NULL,NULL,'A','admin','2019-11-03 15:21:22',NULL,NULL,NULL,NULL,NULL,NULL,NULL,NULL,NULL,NULL,NULL),(219,NULL,1,171,3,19,17,14,NULL,NULL,'Tableta recubierta Darunavir En Caja x frasco De 400 mg',NULL,NULL,NULL,'A','admin','2019-11-03 15:21:22',NULL,NULL,NULL,NULL,NULL,NULL,NULL,NULL,NULL,NULL,NULL),(220,NULL,1,171,3,19,17,101,NULL,NULL,'Tableta recubierta Darunavir En Caja x frasco De 600 mg',NULL,NULL,NULL,'A','admin','2019-11-03 15:21:22',NULL,NULL,NULL,NULL,NULL,NULL,NULL,NULL,NULL,NULL,NULL),(221,NULL,1,172,3,21,91,89,NULL,NULL,'Solución inyectable Daunorubicina En Caja x ampolla de 10 mL De 2 mg/mL',NULL,NULL,NULL,'A','admin','2019-11-03 15:21:22',NULL,NULL,NULL,NULL,NULL,NULL,NULL,NULL,NULL,NULL,NULL),(222,NULL,1,173,3,25,79,102,NULL,NULL,'Tableta dispersable Deferasirox En Caja x blister/blísteres De 125 mg',NULL,NULL,NULL,'A','admin','2019-11-03 15:21:22',NULL,NULL,NULL,NULL,NULL,NULL,NULL,NULL,NULL,NULL,NULL),(223,NULL,1,173,3,25,79,8,NULL,NULL,'Tableta dispersable Deferasirox En Caja x blister/blísteres De 250 mg',NULL,NULL,NULL,'A','admin','2019-11-03 15:21:22',NULL,NULL,NULL,NULL,NULL,NULL,NULL,NULL,NULL,NULL,NULL),(224,NULL,1,173,3,25,79,16,NULL,NULL,'Tableta dispersable Deferasirox En Caja x blister/blísteres De 500 mg',NULL,NULL,NULL,'A','admin','2019-11-03 15:21:22',NULL,NULL,NULL,NULL,NULL,NULL,NULL,NULL,NULL,NULL,NULL),(225,NULL,1,174,3,35,92,103,NULL,NULL,'Solución para inhalación Desmopresina En Caja x frasco spray De 10 mcg/0,1 mL',NULL,NULL,NULL,'A','admin','2019-11-03 15:21:22',NULL,NULL,NULL,NULL,NULL,NULL,NULL,NULL,NULL,NULL,NULL),(226,NULL,1,175,3,21,50,104,NULL,NULL,'Solución inyectable Desmopresina En Caja x ampollas de 1 mL De 15 mcg/mL',NULL,NULL,NULL,'A','admin','2019-11-03 15:21:22',NULL,NULL,NULL,NULL,NULL,NULL,NULL,NULL,NULL,NULL,NULL),(227,NULL,1,176,3,53,67,59,NULL,NULL,'Suspensión oftálmica Dexametasona En Caja x frasco gotero de 5 mL De 1 mg/mL',NULL,NULL,NULL,'A','admin','2019-11-03 15:21:22',NULL,NULL,NULL,NULL,NULL,NULL,NULL,NULL,NULL,NULL,NULL),(228,NULL,1,177,3,21,93,70,NULL,NULL,'Solución inyectable Dexametasona En Caja x ampollas de 1 mL, Caja x  ampollas de  2 mL De 4 mg/mL',NULL,NULL,NULL,'A','admin','2019-11-03 15:21:23',NULL,NULL,NULL,NULL,NULL,NULL,NULL,NULL,NULL,NULL,NULL),(229,NULL,1,178,3,53,67,105,NULL,NULL,'Suspensión oftálmica Dexametasona + Tobramicina En Caja x frasco gotero de 5 mL De 0,1 % + 0,3 %',NULL,NULL,NULL,'A','admin','2019-11-03 15:21:23',NULL,NULL,NULL,NULL,NULL,NULL,NULL,NULL,NULL,NULL,NULL),(230,NULL,1,179,3,27,94,105,NULL,NULL,'Ungüento oftálmico Dexametasona + Tobramicina En Caja x tubo de 3,5 g De 0,1 % + 0,3 %',NULL,NULL,NULL,'A','admin','2019-11-03 15:21:23',NULL,NULL,NULL,NULL,NULL,NULL,NULL,NULL,NULL,NULL,NULL),(231,NULL,1,180,3,21,95,40,NULL,NULL,'Solución inyectable Dextrosa en agua En Funda de 500 y 1000 mL De 10.00%',NULL,NULL,NULL,'A','admin','2019-11-03 15:21:23',NULL,NULL,NULL,NULL,NULL,NULL,NULL,NULL,NULL,NULL,NULL),(232,NULL,1,180,3,21,96,37,NULL,NULL,'Solución inyectable Dextrosa en agua En Funda de 100, 250, 500 y 1000 mL. De 5.00%',NULL,NULL,NULL,'A','admin','2019-11-03 15:21:23',NULL,NULL,NULL,NULL,NULL,NULL,NULL,NULL,NULL,NULL,NULL),(233,NULL,1,180,3,21,97,106,NULL,NULL,'Solución inyectable Dextrosa en agua En Funda de 500 ó 1000 mL De 50.00%',NULL,NULL,NULL,'A','admin','2019-11-03 15:21:23',NULL,NULL,NULL,NULL,NULL,NULL,NULL,NULL,NULL,NULL,NULL),(234,NULL,1,181,3,21,97,107,NULL,NULL,'Solución inyectable Dextrosa en solución salina En Funda de 500 ó 1000 mL De 5 % + 0,9 %',NULL,NULL,NULL,'A','admin','2019-11-03 15:21:23',NULL,NULL,NULL,NULL,NULL,NULL,NULL,NULL,NULL,NULL,NULL),(235,NULL,1,182,3,20,79,44,NULL,NULL,'Tableta Diazepam En Caja x blíster/blísteres De 10 mg',NULL,NULL,NULL,'A','admin','2019-11-03 15:21:23',NULL,NULL,NULL,NULL,NULL,NULL,NULL,NULL,NULL,NULL,NULL),(236,NULL,1,183,3,21,98,72,NULL,NULL,'Solución inyectable Diazepam En Caja x ampollas de 1 ó 2 mL De 5 mg/mL',NULL,NULL,NULL,'A','admin','2019-11-03 15:21:23',NULL,NULL,NULL,NULL,NULL,NULL,NULL,NULL,NULL,NULL,NULL),(237,NULL,1,182,3,20,79,19,NULL,NULL,'Tableta Diazepam En Caja x blíster/blísteres De 5 mg',NULL,NULL,NULL,'A','admin','2019-11-03 15:21:23',NULL,NULL,NULL,NULL,NULL,NULL,NULL,NULL,NULL,NULL,NULL),(238,NULL,1,184,3,41,67,27,NULL,NULL,'Solución oftálmica Diclofenaco En Caja x frasco gotero de 5 mL De 0,001',NULL,NULL,NULL,'A','admin','2019-11-03 15:21:23',NULL,NULL,NULL,NULL,NULL,NULL,NULL,NULL,NULL,NULL,NULL),(239,NULL,1,185,3,21,9,43,NULL,NULL,'Solución inyectable Diclofenaco En Caja x ampollas de 3 mL De 25 mg/mL',NULL,NULL,NULL,'A','admin','2019-11-03 15:21:23',NULL,NULL,NULL,NULL,NULL,NULL,NULL,NULL,NULL,NULL,NULL),(240,NULL,1,186,3,36,8,54,NULL,NULL,'Tableta de liberación prolongada Diclofenaco En Caja x blísteres De 50 mg',NULL,NULL,NULL,'A','admin','2019-11-03 15:21:23',NULL,NULL,NULL,NULL,NULL,NULL,NULL,NULL,NULL,NULL,NULL),(241,NULL,1,187,3,52,8,54,NULL,NULL,'Gragea Diclofenaco En Caja x blísteres De 50 mg',NULL,NULL,NULL,'A','admin','2019-11-03 15:21:23',NULL,NULL,NULL,NULL,NULL,NULL,NULL,NULL,NULL,NULL,NULL),(242,NULL,1,188,3,19,8,54,NULL,NULL,'Tableta recubierta Diclofenaco En Caja x blísteres De 50 mg',NULL,NULL,NULL,'A','admin','2019-11-03 15:21:23',NULL,NULL,NULL,NULL,NULL,NULL,NULL,NULL,NULL,NULL,NULL),(243,NULL,1,189,3,26,99,16,NULL,NULL,'Cápsula Dicloxacilina En Caja x blísteres , Caja x ristras De 500 mg',NULL,NULL,NULL,'A','admin','2019-11-03 15:21:23',NULL,NULL,NULL,NULL,NULL,NULL,NULL,NULL,NULL,NULL,NULL),(244,NULL,1,190,3,39,51,91,NULL,NULL,'Polvo para suspensión Dicloxacilina En Caja x frasco de 60 mL De 125 mg/5 mL',NULL,NULL,NULL,'A','admin','2019-11-03 15:21:23',NULL,NULL,NULL,NULL,NULL,NULL,NULL,NULL,NULL,NULL,NULL),(245,NULL,1,190,3,39,100,24,NULL,NULL,'Polvo para suspensión Dicloxacilina En Caja x frasco de 60, 80 mL De 250 mg/5 mL',NULL,NULL,NULL,'A','admin','2019-11-03 15:21:23',NULL,NULL,NULL,NULL,NULL,NULL,NULL,NULL,NULL,NULL,NULL),(246,NULL,1,191,3,29,17,17,NULL,NULL,'Tableta masticable Didanosina En Caja x frasco De 100 mg',NULL,NULL,NULL,'A','admin','2019-11-03 15:21:23',NULL,NULL,NULL,NULL,NULL,NULL,NULL,NULL,NULL,NULL,NULL),(247,NULL,1,192,3,21,101,38,NULL,NULL,'Solución inyectable Difenhidramina En Caja x ampollas de 1mL De 50 mg/mL',NULL,NULL,NULL,'A','admin','2019-11-03 15:21:23',NULL,NULL,NULL,NULL,NULL,NULL,NULL,NULL,NULL,NULL,NULL),(248,NULL,1,193,3,20,79,108,NULL,NULL,'Tableta Digoxina En Caja x blíster/blísteres De 62,5 mcg',NULL,NULL,NULL,'A','admin','2019-11-03 15:21:23',NULL,NULL,NULL,NULL,NULL,NULL,NULL,NULL,NULL,NULL,NULL),(249,NULL,1,194,3,32,102,109,NULL,NULL,'Solución oral Digoxina En Caja x frasco de  60 mL De 50 mcg/mL',NULL,NULL,NULL,'A','admin','2019-11-03 15:21:23',NULL,NULL,NULL,NULL,NULL,NULL,NULL,NULL,NULL,NULL,NULL),(250,NULL,1,195,3,21,103,110,NULL,NULL,'Solución inyectable Digoxina En Caja x ampolla/ampollas de 2 mL De 0,25 mg/mL',NULL,NULL,NULL,'A','admin','2019-11-03 15:21:24',NULL,NULL,NULL,NULL,NULL,NULL,NULL,NULL,NULL,NULL,NULL),(251,NULL,1,193,3,20,79,111,NULL,NULL,'Tableta Digoxina En Caja x blíster/blísteres De 250 mcg',NULL,NULL,NULL,'A','admin','2019-11-03 15:21:24',NULL,NULL,NULL,NULL,NULL,NULL,NULL,NULL,NULL,NULL,NULL),(252,NULL,1,196,3,36,8,112,NULL,NULL,'Tableta de liberación prolongada Diltiazem En Caja x blísteres De 90 mg',NULL,NULL,NULL,'A','admin','2019-11-03 15:21:24',NULL,NULL,NULL,NULL,NULL,NULL,NULL,NULL,NULL,NULL,NULL),(253,NULL,1,197,3,24,104,45,NULL,NULL,'Polvo para inyección Diltiazem En Caja x vial + ampolla con disolvente De 25 mg',NULL,NULL,NULL,'A','admin','2019-11-03 15:21:24',NULL,NULL,NULL,NULL,NULL,NULL,NULL,NULL,NULL,NULL,NULL),(254,NULL,1,198,3,54,79,113,NULL,NULL,'Cápsula de liberación prolongada Diltiazem En Caja x blíster/blísteres De 120 mg',NULL,NULL,NULL,'A','admin','2019-11-03 15:21:24',NULL,NULL,NULL,NULL,NULL,NULL,NULL,NULL,NULL,NULL,NULL),(255,NULL,1,196,3,36,8,113,NULL,NULL,'Tableta de liberación prolongada Diltiazem En Caja x blísteres De 120 mg',NULL,NULL,NULL,'A','admin','2019-11-03 15:21:24',NULL,NULL,NULL,NULL,NULL,NULL,NULL,NULL,NULL,NULL,NULL),(256,NULL,1,198,3,54,105,112,NULL,NULL,'Cápsula de liberación prolongada Diltiazem En Caja x blíster De 90 mg',NULL,NULL,NULL,'A','admin','2019-11-03 15:21:24',NULL,NULL,NULL,NULL,NULL,NULL,NULL,NULL,NULL,NULL,NULL),(257,NULL,1,199,3,20,8,114,NULL,NULL,'Tableta Diltiazem En Caja x blísteres De 60 mg',NULL,NULL,NULL,'A','admin','2019-11-03 15:21:24',NULL,NULL,NULL,NULL,NULL,NULL,NULL,NULL,NULL,NULL,NULL),(258,NULL,1,200,3,20,36,54,NULL,NULL,'Tableta Dimenhidrinato En Caja x blísteres/ristras De 50 mg',NULL,NULL,NULL,'A','admin','2019-11-03 15:21:24',NULL,NULL,NULL,NULL,NULL,NULL,NULL,NULL,NULL,NULL,NULL),(259,NULL,1,201,3,21,9,9,NULL,NULL,'Solución inyectable Dimercaprol En Caja x ampollas de 3 mL De 100 mg/mL',NULL,NULL,NULL,'A','admin','2019-11-03 15:21:24',NULL,NULL,NULL,NULL,NULL,NULL,NULL,NULL,NULL,NULL,NULL),(260,NULL,1,202,3,20,84,16,NULL,NULL,'Tableta Disulfiram En Frasco De 500 mg',NULL,NULL,NULL,'A','admin','2019-11-03 15:21:24',NULL,NULL,NULL,NULL,NULL,NULL,NULL,NULL,NULL,NULL,NULL),(261,NULL,1,203,3,21,18,38,NULL,NULL,'Solución inyectable Dobutamina En Caja x ampollas de 5 mL De 50 mg/mL',NULL,NULL,NULL,'A','admin','2019-11-03 15:21:24',NULL,NULL,NULL,NULL,NULL,NULL,NULL,NULL,NULL,NULL,NULL),(262,NULL,1,204,3,21,106,115,NULL,NULL,'Solución inyectable Docetaxel En Caja x frasco ampolla de 0,5 mL, Caja x frasco ampolla de 0,5 mL + disolvente de 1,5 mL, Caja x vial De 20 mg/0,5 mL',NULL,NULL,NULL,'A','admin','2019-11-03 15:21:24',NULL,NULL,NULL,NULL,NULL,NULL,NULL,NULL,NULL,NULL,NULL),(263,NULL,1,204,3,21,107,116,NULL,NULL,'Solución inyectable Docetaxel En Caja x vial de 2 mL con ó sin disolvente ampolla De 40 mg/mL',NULL,NULL,NULL,'A','admin','2019-11-03 15:21:24',NULL,NULL,NULL,NULL,NULL,NULL,NULL,NULL,NULL,NULL,NULL),(264,NULL,1,205,3,21,18,116,NULL,NULL,'Solución inyectable Dopamina En Caja x ampollas de 5 mL De 40 mg/mL',NULL,NULL,NULL,'A','admin','2019-11-03 15:21:24',NULL,NULL,NULL,NULL,NULL,NULL,NULL,NULL,NULL,NULL,NULL),(265,NULL,1,206,3,20,8,73,NULL,NULL,'Tableta Doxazocina En Caja x blísteres De 2 mg',NULL,NULL,NULL,'A','admin','2019-11-03 15:21:24',NULL,NULL,NULL,NULL,NULL,NULL,NULL,NULL,NULL,NULL,NULL),(266,NULL,1,206,3,20,8,25,NULL,NULL,'Tableta Doxazocina En Caja x blísteres De 4 mg',NULL,NULL,NULL,'A','admin','2019-11-03 15:21:24',NULL,NULL,NULL,NULL,NULL,NULL,NULL,NULL,NULL,NULL,NULL),(267,NULL,1,207,3,20,79,17,NULL,NULL,'Tableta Doxiciclina En Caja x blíster/blísteres De 100 mg',NULL,NULL,NULL,'A','admin','2019-11-03 15:21:24',NULL,NULL,NULL,NULL,NULL,NULL,NULL,NULL,NULL,NULL,NULL),(268,NULL,1,208,3,24,29,44,NULL,NULL,'Polvo para inyección Doxorubicina En Caja x vial De 10 mg',NULL,NULL,NULL,'A','admin','2019-11-03 15:21:24',NULL,NULL,NULL,NULL,NULL,NULL,NULL,NULL,NULL,NULL,NULL),(269,NULL,1,208,3,24,29,54,NULL,NULL,'Polvo para inyección Doxorubicina En Caja x vial De 50 mg',NULL,NULL,NULL,'A','admin','2019-11-03 15:21:24',NULL,NULL,NULL,NULL,NULL,NULL,NULL,NULL,NULL,NULL,NULL),(270,NULL,1,209,3,26,17,54,NULL,NULL,'Cápsula Efavirenz En Caja x frasco De 50 mg',NULL,NULL,NULL,'A','admin','2019-11-03 15:21:24',NULL,NULL,NULL,NULL,NULL,NULL,NULL,NULL,NULL,NULL,NULL),(271,NULL,1,209,3,26,17,12,NULL,NULL,'Cápsula Efavirenz En Caja x frasco De 200 mg',NULL,NULL,NULL,'A','admin','2019-11-03 15:21:25',NULL,NULL,NULL,NULL,NULL,NULL,NULL,NULL,NULL,NULL,NULL),(272,NULL,1,210,3,21,50,117,NULL,NULL,'Solución inyectable Efedrina En Caja x ampollas de 1 mL De 60 mg/mL',NULL,NULL,NULL,'A','admin','2019-11-03 15:21:25',NULL,NULL,NULL,NULL,NULL,NULL,NULL,NULL,NULL,NULL,NULL),(273,NULL,1,211,3,32,17,84,NULL,NULL,'Solución oral Emtricitabina En Caja x frasco De 10 mg/mL',NULL,NULL,NULL,'A','admin','2019-11-03 15:21:25',NULL,NULL,NULL,NULL,NULL,NULL,NULL,NULL,NULL,NULL,NULL),(274,NULL,1,212,3,26,8,12,NULL,NULL,'Cápsula Emtricitabina En Caja x blísteres De 200 mg',NULL,NULL,NULL,'A','admin','2019-11-03 15:21:25',NULL,NULL,NULL,NULL,NULL,NULL,NULL,NULL,NULL,NULL,NULL),(275,NULL,1,213,3,55,32,40,NULL,NULL,'Emulsión para infusión Emulsiones grasas (lípidos) En Frasco/funda de 500 mL De 10.00%',NULL,NULL,NULL,'A','admin','2019-11-03 15:21:25',NULL,NULL,NULL,NULL,NULL,NULL,NULL,NULL,NULL,NULL,NULL),(276,NULL,1,213,3,55,108,118,NULL,NULL,'Emulsión para infusión Emulsiones grasas (lípidos) En Frasco/funda x 500 mL, botella x 250 mL De 20.00%',NULL,NULL,NULL,'A','admin','2019-11-03 15:21:25',NULL,NULL,NULL,NULL,NULL,NULL,NULL,NULL,NULL,NULL,NULL),(277,NULL,1,214,3,21,109,119,NULL,NULL,'Solución inyectable Enalapril En Caja x ampolla de 2 mL De 1,25 mg/mL',NULL,NULL,NULL,'A','admin','2019-11-03 15:21:25',NULL,NULL,NULL,NULL,NULL,NULL,NULL,NULL,NULL,NULL,NULL),(278,NULL,1,215,3,20,88,19,NULL,NULL,'Tableta Enalapril En Caja x Ristras, Caja x blísteres De 5 mg',NULL,NULL,NULL,'A','admin','2019-11-03 15:21:25',NULL,NULL,NULL,NULL,NULL,NULL,NULL,NULL,NULL,NULL,NULL),(279,NULL,1,216,3,19,65,19,NULL,NULL,'Tableta recubierta Enalapril En Caja x ristras De 5 mg',NULL,NULL,NULL,'A','admin','2019-11-03 15:21:25',NULL,NULL,NULL,NULL,NULL,NULL,NULL,NULL,NULL,NULL,NULL),(280,NULL,1,215,3,20,110,62,NULL,NULL,'Tableta Enalapril En Caja x blísteres, Caja x ristras De 20 mg',NULL,NULL,NULL,'A','admin','2019-11-03 15:21:25',NULL,NULL,NULL,NULL,NULL,NULL,NULL,NULL,NULL,NULL,NULL),(281,NULL,1,216,3,19,65,62,NULL,NULL,'Tableta recubierta Enalapril En Caja x ristras De 20 mg',NULL,NULL,NULL,'A','admin','2019-11-03 15:21:25',NULL,NULL,NULL,NULL,NULL,NULL,NULL,NULL,NULL,NULL,NULL),(282,NULL,1,216,3,19,88,44,NULL,NULL,'Tableta recubierta Enalapril En Caja x ristras, Caja x blísteres De 10 mg',NULL,NULL,NULL,'A','admin','2019-11-03 15:21:25',NULL,NULL,NULL,NULL,NULL,NULL,NULL,NULL,NULL,NULL,NULL),(283,NULL,1,215,3,20,110,44,NULL,NULL,'Tableta Enalapril En Caja x blísteres, Caja x ristras De 10 mg',NULL,NULL,NULL,'A','admin','2019-11-03 15:21:25',NULL,NULL,NULL,NULL,NULL,NULL,NULL,NULL,NULL,NULL,NULL),(284,NULL,1,217,3,21,111,120,NULL,NULL,'Solución inyectable Enoxaparina En Caja x blísterpack con jeringas prellenadas de 0.2 mL De 2 000 UI (20 mg)',NULL,NULL,NULL,'A','admin','2019-11-03 15:21:25',NULL,NULL,NULL,NULL,NULL,NULL,NULL,NULL,NULL,NULL,NULL),(285,NULL,1,217,3,21,112,121,NULL,NULL,'Solución inyectable Enoxaparina En Caja x blísterpack con jeringas prellenadas de 0.4 mL De 4 000 UI (40 mg)',NULL,NULL,NULL,'A','admin','2019-11-03 15:21:25',NULL,NULL,NULL,NULL,NULL,NULL,NULL,NULL,NULL,NULL,NULL),(286,NULL,1,217,3,21,113,122,NULL,NULL,'Solución inyectable Enoxaparina En Caja x jeringas prellenadas de 0.6 mL De 6 000 UI (60 mg)',NULL,NULL,NULL,'A','admin','2019-11-03 15:21:25',NULL,NULL,NULL,NULL,NULL,NULL,NULL,NULL,NULL,NULL,NULL),(287,NULL,1,217,3,21,114,123,NULL,NULL,'Solución inyectable Enoxaparina En Caja x jeringas prellenadas De 8 000 UI (80 mg)',NULL,NULL,NULL,'A','admin','2019-11-03 15:21:25',NULL,NULL,NULL,NULL,NULL,NULL,NULL,NULL,NULL,NULL,NULL),(288,NULL,1,217,3,21,114,124,NULL,NULL,'Solución inyectable Enoxaparina En Caja x jeringas prellenadas De 10 000 UI (100 mg)',NULL,NULL,NULL,'A','admin','2019-11-03 15:21:25',NULL,NULL,NULL,NULL,NULL,NULL,NULL,NULL,NULL,NULL,NULL),(289,NULL,1,218,3,21,115,59,NULL,NULL,'Solución inyectable Epinefrina En Caja x ampollas de 1 mL, Caja x blísteres x ampollas de 1 mL De 1 mg/mL',NULL,NULL,NULL,'A','admin','2019-11-03 15:21:25',NULL,NULL,NULL,NULL,NULL,NULL,NULL,NULL,NULL,NULL,NULL),(290,NULL,1,219,3,21,116,89,NULL,NULL,'Solución inyectable Epirubicina En Caja x vial de 5 mL De 2 mg/mL',NULL,NULL,NULL,'A','admin','2019-11-03 15:21:25',NULL,NULL,NULL,NULL,NULL,NULL,NULL,NULL,NULL,NULL,NULL),(291,NULL,1,220,3,24,29,44,NULL,NULL,'Polvo para inyección Epirubicina En Caja x vial De 10 mg',NULL,NULL,NULL,'A','admin','2019-11-03 15:21:25',NULL,NULL,NULL,NULL,NULL,NULL,NULL,NULL,NULL,NULL,NULL),(292,NULL,1,220,3,24,29,54,NULL,NULL,'Polvo para inyección Epirubicina En Caja x vial De 50 mg',NULL,NULL,NULL,'A','admin','2019-11-03 15:21:25',NULL,NULL,NULL,NULL,NULL,NULL,NULL,NULL,NULL,NULL,NULL),(293,NULL,1,221,3,27,117,61,NULL,NULL,'Ungüento oftálmico Eritromicina En Caja x tubo de 3 g De 0,005',NULL,NULL,NULL,'A','admin','2019-11-03 15:21:25',NULL,NULL,NULL,NULL,NULL,NULL,NULL,NULL,NULL,NULL,NULL),(294,NULL,1,222,3,20,8,8,NULL,NULL,'Tableta Eritromicina En Caja x blísteres De 250 mg',NULL,NULL,NULL,'A','admin','2019-11-03 15:21:25',NULL,NULL,NULL,NULL,NULL,NULL,NULL,NULL,NULL,NULL,NULL),(295,NULL,1,223,3,39,51,125,NULL,NULL,'Polvo para suspensión Eritromicina En Caja x frasco de 60 mL De 400 mg/5 mL',NULL,NULL,NULL,'A','admin','2019-11-03 15:21:25',NULL,NULL,NULL,NULL,NULL,NULL,NULL,NULL,NULL,NULL,NULL),(296,NULL,1,224,3,19,36,16,NULL,NULL,'Tableta recubierta Eritromicina En Caja x blísteres/ristras De 500 mg',NULL,NULL,NULL,'A','admin','2019-11-03 15:21:25',NULL,NULL,NULL,NULL,NULL,NULL,NULL,NULL,NULL,NULL,NULL),(297,NULL,1,223,3,39,118,11,NULL,NULL,'Polvo para suspensión Eritromicina En Caja x frasco de 60, 80 y 100 mL De 200 mg/5 mL',NULL,NULL,NULL,'A','admin','2019-11-03 15:21:26',NULL,NULL,NULL,NULL,NULL,NULL,NULL,NULL,NULL,NULL,NULL),(298,NULL,1,225,3,21,119,126,NULL,NULL,'Solución inyectable Eritropoyetina En Caja x jeringa precargada de 0.4 mL, Caja x jeringas precargadas de 1 mL De 4 000 UI',NULL,NULL,NULL,'A','admin','2019-11-03 15:21:26',NULL,NULL,NULL,NULL,NULL,NULL,NULL,NULL,NULL,NULL,NULL),(299,NULL,1,225,3,21,120,127,NULL,NULL,'Solución inyectable Eritropoyetina En Caja x jeringa precargada de 1mL, Caja x jeringas precargadas de 0.3 mL, 0.5 mL De 2 000 UI',NULL,NULL,NULL,'A','admin','2019-11-03 15:21:26',NULL,NULL,NULL,NULL,NULL,NULL,NULL,NULL,NULL,NULL,NULL),(300,NULL,1,225,3,21,121,128,NULL,NULL,'Solución inyectable Eritropoyetina En Caja x jeringas precargadas De 5 000 UI',NULL,NULL,NULL,'A','admin','2019-11-03 15:21:26',NULL,NULL,NULL,NULL,NULL,NULL,NULL,NULL,NULL,NULL,NULL),(301,NULL,1,226,3,56,122,127,NULL,NULL,'Polvo inyectable Eritropoyetina En Caja X Jeringa prellenada De 2 000 UI',NULL,NULL,NULL,'A','admin','2019-11-03 15:21:26',NULL,NULL,NULL,NULL,NULL,NULL,NULL,NULL,NULL,NULL,NULL),(302,NULL,1,227,3,20,8,129,NULL,NULL,'Tableta Espiramicina En Caja x blisteres De 3 000 000 UI',NULL,NULL,NULL,'A','admin','2019-11-03 15:21:26',NULL,NULL,NULL,NULL,NULL,NULL,NULL,NULL,NULL,NULL,NULL),(303,NULL,1,228,3,20,8,17,NULL,NULL,'Tableta Espironolactona En Caja x blísteres De 100 mg',NULL,NULL,NULL,'A','admin','2019-11-03 15:21:26',NULL,NULL,NULL,NULL,NULL,NULL,NULL,NULL,NULL,NULL,NULL),(304,NULL,1,228,3,20,8,45,NULL,NULL,'Tableta Espironolactona En Caja x blísteres De 25 mg',NULL,NULL,NULL,'A','admin','2019-11-03 15:21:26',NULL,NULL,NULL,NULL,NULL,NULL,NULL,NULL,NULL,NULL,NULL),(305,NULL,1,229,3,20,105,20,NULL,NULL,'Tableta Estradiol En Caja x blíster De 1 mg',NULL,NULL,NULL,'A','admin','2019-11-03 15:21:26',NULL,NULL,NULL,NULL,NULL,NULL,NULL,NULL,NULL,NULL,NULL),(306,NULL,1,230,3,21,123,130,NULL,NULL,'Solución inyectable Estradiol + noretisterona En Caja x ampolla de 1 mL De 5 mg + 50 mg/mL',NULL,NULL,NULL,'A','admin','2019-11-03 15:21:26',NULL,NULL,NULL,NULL,NULL,NULL,NULL,NULL,NULL,NULL,NULL),(307,NULL,1,231,3,24,89,82,NULL,NULL,'Polvo para inyección Estreptomicina En Caja x vial/viales De 1 000 mg',NULL,NULL,NULL,'A','admin','2019-11-03 15:21:26',NULL,NULL,NULL,NULL,NULL,NULL,NULL,NULL,NULL,NULL,NULL),(308,NULL,1,232,3,24,29,131,NULL,NULL,'Polvo para inyección Estreptoquinasa En Caja x vial De 1 500 000 UI',NULL,NULL,NULL,'A','admin','2019-11-03 15:21:26',NULL,NULL,NULL,NULL,NULL,NULL,NULL,NULL,NULL,NULL,NULL),(309,NULL,1,233,3,49,16,132,NULL,NULL,'Crema vaginal Estriol En Caja x tubo de 15 g De 1 mg/g (0,1%)',NULL,NULL,NULL,'A','admin','2019-11-03 15:21:26',NULL,NULL,NULL,NULL,NULL,NULL,NULL,NULL,NULL,NULL,NULL),(310,NULL,1,234,3,20,124,14,NULL,NULL,'Tableta Etambutol En Caja x blíster/ristra De 400 mg',NULL,NULL,NULL,'A','admin','2019-11-03 15:21:26',NULL,NULL,NULL,NULL,NULL,NULL,NULL,NULL,NULL,NULL,NULL),(311,NULL,1,235,3,24,11,45,NULL,NULL,'Polvo para inyección Etanercept En Caja x viales De 25 mg',NULL,NULL,NULL,'A','admin','2019-11-03 15:21:26',NULL,NULL,NULL,NULL,NULL,NULL,NULL,NULL,NULL,NULL,NULL),(312,NULL,1,235,3,24,89,54,NULL,NULL,'Polvo para inyección Etanercept En Caja x vial/viales De 50 mg',NULL,NULL,NULL,'A','admin','2019-11-03 15:21:26',NULL,NULL,NULL,NULL,NULL,NULL,NULL,NULL,NULL,NULL,NULL),(313,NULL,1,236,3,21,125,54,NULL,NULL,'Solución inyectable Etanercept En Caja x jeringas de 1 mL De 50 mg',NULL,NULL,NULL,'A','admin','2019-11-03 15:21:26',NULL,NULL,NULL,NULL,NULL,NULL,NULL,NULL,NULL,NULL,NULL),(314,NULL,1,237,3,19,84,8,NULL,NULL,'Tableta recubierta Etionamida En frasco De 250 mg',NULL,NULL,NULL,'A','admin','2019-11-03 15:21:26',NULL,NULL,NULL,NULL,NULL,NULL,NULL,NULL,NULL,NULL,NULL),(315,NULL,1,238,3,21,18,79,NULL,NULL,'Solución inyectable Etopósido En Caja x ampollas de 5 mL De 20 mg/mL',NULL,NULL,NULL,'A','admin','2019-11-03 15:21:26',NULL,NULL,NULL,NULL,NULL,NULL,NULL,NULL,NULL,NULL,NULL),(316,NULL,1,239,3,20,17,17,NULL,NULL,'Tableta Etravirina En Caja x frasco De 100 mg',NULL,NULL,NULL,'A','admin','2019-11-03 15:21:26',NULL,NULL,NULL,NULL,NULL,NULL,NULL,NULL,NULL,NULL,NULL),(317,NULL,1,239,3,20,17,12,NULL,NULL,'Tableta Etravirina En Caja x frasco De 200 mg',NULL,NULL,NULL,'A','admin','2019-11-03 15:21:26',NULL,NULL,NULL,NULL,NULL,NULL,NULL,NULL,NULL,NULL,NULL),(318,NULL,1,240,3,20,79,34,NULL,NULL,'Tableta Everolimus En Caja x blíster/blísteres De 0,50 mg',NULL,NULL,NULL,'A','admin','2019-11-03 15:21:26',NULL,NULL,NULL,NULL,NULL,NULL,NULL,NULL,NULL,NULL,NULL),(319,NULL,1,240,3,20,79,133,NULL,NULL,'Tableta Everolimus En Caja x blíster/blísteres De 0,75 mg',NULL,NULL,NULL,'A','admin','2019-11-03 15:21:26',NULL,NULL,NULL,NULL,NULL,NULL,NULL,NULL,NULL,NULL,NULL),(320,NULL,1,241,3,20,8,45,NULL,NULL,'Tableta Exemestano En Caja x blísteres De 25 mg',NULL,NULL,NULL,'A','admin','2019-11-03 15:21:26',NULL,NULL,NULL,NULL,NULL,NULL,NULL,NULL,NULL,NULL,NULL),(321,NULL,1,242,3,24,126,55,NULL,NULL,'Polvo para inyección Factor IX de la Coagulación En Caja x vial + disolvente ampolla De 250 UI',NULL,NULL,NULL,'A','admin','2019-11-03 15:21:27',NULL,NULL,NULL,NULL,NULL,NULL,NULL,NULL,NULL,NULL,NULL),(322,NULL,1,242,3,24,127,134,NULL,NULL,'Polvo para inyección Factor IX de la Coagulación En Caja x vial + disolvente De 600 UI',NULL,NULL,NULL,'A','admin','2019-11-03 15:21:27',NULL,NULL,NULL,NULL,NULL,NULL,NULL,NULL,NULL,NULL,NULL),(323,NULL,1,243,3,24,128,135,NULL,NULL,'Polvo para inyección Factor VIII de la coagulación En Kit x vial + disolvente ampolla De 1 000 UI',NULL,NULL,NULL,'A','admin','2019-11-03 15:21:27',NULL,NULL,NULL,NULL,NULL,NULL,NULL,NULL,NULL,NULL,NULL),(324,NULL,1,243,3,24,126,26,NULL,NULL,'Polvo para inyección Factor VIII de la coagulación En Caja x vial + disolvente ampolla De 500 UI',NULL,NULL,NULL,'A','admin','2019-11-03 15:21:27',NULL,NULL,NULL,NULL,NULL,NULL,NULL,NULL,NULL,NULL,NULL),(325,NULL,1,243,3,24,126,55,NULL,NULL,'Polvo para inyección Factor VIII de la coagulación En Caja x vial + disolvente ampolla De 250 UI',NULL,NULL,NULL,'A','admin','2019-11-03 15:21:27',NULL,NULL,NULL,NULL,NULL,NULL,NULL,NULL,NULL,NULL,NULL),(326,NULL,1,244,3,21,129,38,NULL,NULL,'Solución inyectable Fenitoína En Caja x ampollas de 2 mL, 5 mL, 10 mL De 50 mg/mL',NULL,NULL,NULL,'A','admin','2019-11-03 15:21:27',NULL,NULL,NULL,NULL,NULL,NULL,NULL,NULL,NULL,NULL,NULL),(327,NULL,1,245,3,23,130,91,NULL,NULL,'Suspensión Fenitoína En Frasco de 120 mL De 125 mg/5 mL',NULL,NULL,NULL,'A','admin','2019-11-03 15:21:27',NULL,NULL,NULL,NULL,NULL,NULL,NULL,NULL,NULL,NULL,NULL),(328,NULL,1,246,3,26,17,17,NULL,NULL,'Cápsula Fenitoína En Caja x frasco De 100 mg',NULL,NULL,NULL,'A','admin','2019-11-03 15:21:27',NULL,NULL,NULL,NULL,NULL,NULL,NULL,NULL,NULL,NULL,NULL),(329,NULL,1,247,3,20,79,17,NULL,NULL,'Tableta Fenobarbital En Caja x blíster/blísteres De 100 mg',NULL,NULL,NULL,'A','admin','2019-11-03 15:21:27',NULL,NULL,NULL,NULL,NULL,NULL,NULL,NULL,NULL,NULL,NULL),(330,NULL,1,248,3,21,22,117,NULL,NULL,'Solución inyectable Fenobarbital En Caja x ampollas de 2 mL De 60 mg/mL',NULL,NULL,NULL,'A','admin','2019-11-03 15:21:27',NULL,NULL,NULL,NULL,NULL,NULL,NULL,NULL,NULL,NULL,NULL),(331,NULL,1,249,3,45,60,136,NULL,NULL,'Parche transdérmico Fentanilo En Caja x parches De 25 mcg/h',NULL,NULL,NULL,'A','admin','2019-11-03 15:21:27',NULL,NULL,NULL,NULL,NULL,NULL,NULL,NULL,NULL,NULL,NULL),(332,NULL,1,250,3,21,33,137,NULL,NULL,'Solución inyectable Fentanilo En Caja x ampollas de 10 mL De 0,5 mg/10 mL',NULL,NULL,NULL,'A','admin','2019-11-03 15:21:27',NULL,NULL,NULL,NULL,NULL,NULL,NULL,NULL,NULL,NULL,NULL),(333,NULL,1,251,3,21,131,138,NULL,NULL,'Solución inyectable Filgrastim En Caja x jeringa prellenada de 1 mL<br /> De 300 mcg/mL',NULL,NULL,NULL,'A','admin','2019-11-03 15:21:27',NULL,NULL,NULL,NULL,NULL,NULL,NULL,NULL,NULL,NULL,NULL),(334,NULL,1,252,3,21,50,84,NULL,NULL,'Solución inyectable Fitomenadiona (Vitamina K) En Caja x ampollas de 1 mL De 10 mg/mL',NULL,NULL,NULL,'A','admin','2019-11-03 15:21:27',NULL,NULL,NULL,NULL,NULL,NULL,NULL,NULL,NULL,NULL,NULL),(335,NULL,1,253,3,21,132,89,NULL,NULL,'Solución inyectable Fluconazol En Caja x frasco de 50 mL ó 100 mL De 2 mg/mL',NULL,NULL,NULL,'A','admin','2019-11-03 15:21:27',NULL,NULL,NULL,NULL,NULL,NULL,NULL,NULL,NULL,NULL,NULL),(336,NULL,1,254,3,20,133,58,NULL,NULL,'Tableta Fluconazol En Caja x blíster ,Caja x blísteres De 150 mg',NULL,NULL,NULL,'A','admin','2019-11-03 15:21:27',NULL,NULL,NULL,NULL,NULL,NULL,NULL,NULL,NULL,NULL,NULL),(337,NULL,1,255,3,26,105,58,NULL,NULL,'Cápsula Fluconazol En Caja x blíster De 150 mg',NULL,NULL,NULL,'A','admin','2019-11-03 15:21:27',NULL,NULL,NULL,NULL,NULL,NULL,NULL,NULL,NULL,NULL,NULL),(338,NULL,1,256,3,24,134,54,NULL,NULL,'Polvo para inyección Fludarabina En Caja x vial /viales De 50 mg',NULL,NULL,NULL,'A','admin','2019-11-03 15:21:27',NULL,NULL,NULL,NULL,NULL,NULL,NULL,NULL,NULL,NULL,NULL),(339,NULL,1,257,3,20,8,139,NULL,NULL,'Tableta Fludrocortisona En Caja x blísteres De 0,1 mg',NULL,NULL,NULL,'A','admin','2019-11-03 15:21:27',NULL,NULL,NULL,NULL,NULL,NULL,NULL,NULL,NULL,NULL,NULL),(340,NULL,1,258,3,21,135,140,NULL,NULL,'Solución inyectable Flumazenil En Caja x jeringa prellenada de 5 mL, Caja x ampollas de 5 mL De 0,1 mg/mL',NULL,NULL,NULL,'A','admin','2019-11-03 15:21:27',NULL,NULL,NULL,NULL,NULL,NULL,NULL,NULL,NULL,NULL,NULL),(341,NULL,1,259,3,53,67,27,NULL,NULL,'Suspensión oftálmica Fluorometalona En Caja x frasco gotero de 5 mL De 0,001',NULL,NULL,NULL,'A','admin','2019-11-03 15:21:27',NULL,NULL,NULL,NULL,NULL,NULL,NULL,NULL,NULL,NULL,NULL),(342,NULL,1,260,3,21,136,38,NULL,NULL,'Solución inyectable Fluoruracilo En Caja x vial/ viales x 5 mL y 10 mL De 50 mg/mL',NULL,NULL,NULL,'A','admin','2019-11-03 15:21:27',NULL,NULL,NULL,NULL,NULL,NULL,NULL,NULL,NULL,NULL,NULL),(343,NULL,1,260,3,21,137,43,NULL,NULL,'Solución inyectable Fluoruracilo En Caja x vial/ viales de 20 mL De 25 mg/mL',NULL,NULL,NULL,'A','admin','2019-11-03 15:21:28',NULL,NULL,NULL,NULL,NULL,NULL,NULL,NULL,NULL,NULL,NULL),(344,NULL,1,261,3,34,52,37,NULL,NULL,'Gel Fluoruracilo En Caja x tubo de 30 g De 5.00%',NULL,NULL,NULL,'A','admin','2019-11-03 15:21:28',NULL,NULL,NULL,NULL,NULL,NULL,NULL,NULL,NULL,NULL,NULL),(345,NULL,1,262,3,26,83,62,NULL,NULL,'Cápsula Fluoxetina En Caja x blíster/ blísteres De 20 mg',NULL,NULL,NULL,'A','admin','2019-11-03 15:21:28',NULL,NULL,NULL,NULL,NULL,NULL,NULL,NULL,NULL,NULL,NULL),(346,NULL,1,263,3,19,83,62,NULL,NULL,'Tableta recubierta Fluoxetina En Caja x blíster/ blísteres De 20 mg',NULL,NULL,NULL,'A','admin','2019-11-03 15:21:28',NULL,NULL,NULL,NULL,NULL,NULL,NULL,NULL,NULL,NULL,NULL),(347,NULL,1,264,3,20,83,62,NULL,NULL,'Tableta Fluoxetina En Caja x blíster/ blísteres De 20 mg',NULL,NULL,NULL,'A','admin','2019-11-03 15:21:28',NULL,NULL,NULL,NULL,NULL,NULL,NULL,NULL,NULL,NULL,NULL),(348,NULL,1,265,3,21,138,84,NULL,NULL,'Solución inyectable Folinato Cálcico En Caja x ampollas de 5 mL ó 10 mL. De 10 mg/mL',NULL,NULL,NULL,'A','admin','2019-11-03 15:21:28',NULL,NULL,NULL,NULL,NULL,NULL,NULL,NULL,NULL,NULL,NULL),(349,NULL,1,266,3,20,139,141,NULL,NULL,'Tableta Folinato Cálcico En Caja x blíster/blísteres. De 15 mg',NULL,NULL,NULL,'A','admin','2019-11-03 15:21:28',NULL,NULL,NULL,NULL,NULL,NULL,NULL,NULL,NULL,NULL,NULL),(350,NULL,1,267,3,21,50,142,NULL,NULL,'Solución inyectable Fomepizol En Caja x ampollas de 1 mL De 1 g/mL',NULL,NULL,NULL,'A','admin','2019-11-03 15:21:28',NULL,NULL,NULL,NULL,NULL,NULL,NULL,NULL,NULL,NULL,NULL),(351,NULL,1,268,3,23,140,31,NULL,NULL,'Suspensión Fórmula para nutrición enteral En Envase de 237 mL ó frasco de 1000 mL De ___',NULL,NULL,NULL,'A','admin','2019-11-03 15:21:28',NULL,NULL,NULL,NULL,NULL,NULL,NULL,NULL,NULL,NULL,NULL),(352,NULL,1,269,3,57,141,31,NULL,NULL,'Polvo Fórmula para nutrición enteral En Envase de 300g ó 400 g, Caja x sobres de 76 g. De ___',NULL,NULL,NULL,'A','admin','2019-11-03 15:21:28',NULL,NULL,NULL,NULL,NULL,NULL,NULL,NULL,NULL,NULL,NULL),(353,NULL,1,270,3,21,22,84,NULL,NULL,'Solución inyectable Furosemida En Caja x ampollas de 2 mL De 10 mg/mL',NULL,NULL,NULL,'A','admin','2019-11-03 15:21:28',NULL,NULL,NULL,NULL,NULL,NULL,NULL,NULL,NULL,NULL,NULL),(354,NULL,1,271,3,20,83,143,NULL,NULL,'Tableta Furosemida En Caja x blíster/ blísteres De 40 mg',NULL,NULL,NULL,'A','admin','2019-11-03 15:21:28',NULL,NULL,NULL,NULL,NULL,NULL,NULL,NULL,NULL,NULL,NULL),(355,NULL,1,272,3,24,142,82,NULL,NULL,'Polvo para inyección Gemcitabina En Caja x vial/ viales De 1 000 mg',NULL,NULL,NULL,'A','admin','2019-11-03 15:21:28',NULL,NULL,NULL,NULL,NULL,NULL,NULL,NULL,NULL,NULL,NULL),(356,NULL,1,272,3,24,142,12,NULL,NULL,'Polvo para inyección Gemcitabina En Caja x vial/ viales De 200 mg',NULL,NULL,NULL,'A','admin','2019-11-03 15:21:28',NULL,NULL,NULL,NULL,NULL,NULL,NULL,NULL,NULL,NULL,NULL),(357,NULL,1,273,3,20,83,101,NULL,NULL,'Tableta Genfibrozilo En Caja x blíster/ blísteres De 600 mg',NULL,NULL,NULL,'A','admin','2019-11-03 15:21:28',NULL,NULL,NULL,NULL,NULL,NULL,NULL,NULL,NULL,NULL,NULL),(358,NULL,1,274,3,19,83,101,NULL,NULL,'Tableta recubierta Gemfibrozilo En Caja x blíster/ blísteres De 600 mg',NULL,NULL,NULL,'A','admin','2019-11-03 15:21:28',NULL,NULL,NULL,NULL,NULL,NULL,NULL,NULL,NULL,NULL,NULL),(359,NULL,1,275,3,21,143,84,NULL,NULL,'Solución inyectable Gentamicina En Caja x ampolla/ ampollas de 2 mL De 10 mg/mL',NULL,NULL,NULL,'A','admin','2019-11-03 15:21:28',NULL,NULL,NULL,NULL,NULL,NULL,NULL,NULL,NULL,NULL,NULL),(360,NULL,1,275,3,21,143,144,NULL,NULL,'Solución inyectable Gentamicina En Caja x ampolla/ ampollas de 2 mL De 140 mg/mL',NULL,NULL,NULL,'A','admin','2019-11-03 15:21:28',NULL,NULL,NULL,NULL,NULL,NULL,NULL,NULL,NULL,NULL,NULL),(361,NULL,1,275,3,21,143,145,NULL,NULL,'Solución inyectable Gentamicina En Caja x ampolla/ ampollas de 2 mL De 80 mg/mL',NULL,NULL,NULL,'A','admin','2019-11-03 15:21:28',NULL,NULL,NULL,NULL,NULL,NULL,NULL,NULL,NULL,NULL,NULL),(362,NULL,1,275,3,21,144,116,NULL,NULL,'Solución inyectable Gentamicina En Caja x ampolla/ ampollas de 1 mL De 40 mg/mL',NULL,NULL,NULL,'A','admin','2019-11-03 15:21:28',NULL,NULL,NULL,NULL,NULL,NULL,NULL,NULL,NULL,NULL,NULL),(363,NULL,1,276,3,20,83,19,NULL,NULL,'Tableta Glibenclamida En Caja x blíster/ blísteres De 5 mg',NULL,NULL,NULL,'A','admin','2019-11-03 15:21:28',NULL,NULL,NULL,NULL,NULL,NULL,NULL,NULL,NULL,NULL,NULL),(364,NULL,1,277,3,58,83,146,NULL,NULL,'Supositorio Glicerol En Caja x blíster/ blísteres De 0,92 g',NULL,NULL,NULL,'A','admin','2019-11-03 15:21:28',NULL,NULL,NULL,NULL,NULL,NULL,NULL,NULL,NULL,NULL,NULL),(365,NULL,1,277,3,58,79,147,NULL,NULL,'Supositorio Glicerol En Caja x blister/blísteres De 3 g',NULL,NULL,NULL,'A','admin','2019-11-03 15:21:28',NULL,NULL,NULL,NULL,NULL,NULL,NULL,NULL,NULL,NULL,NULL),(366,NULL,1,278,3,24,145,20,NULL,NULL,'Polvo para inyección Glucagón En Caja x vial/ viales de 1 mg + disolvente De 1 mg',NULL,NULL,NULL,'A','admin','2019-11-03 15:21:28',NULL,NULL,NULL,NULL,NULL,NULL,NULL,NULL,NULL,NULL,NULL),(367,NULL,1,279,3,20,79,16,NULL,NULL,'Tableta Griseofulvina En Caja x blíster/blísteres De 500 mg',NULL,NULL,NULL,'A','admin','2019-11-03 15:21:28',NULL,NULL,NULL,NULL,NULL,NULL,NULL,NULL,NULL,NULL,NULL),(368,NULL,1,280,3,21,144,38,NULL,NULL,'Solución inyectable Haloperidol decanoato En Caja x ampolla/ ampollas de 1 mL De 50 mg/mL',NULL,NULL,NULL,'A','admin','2019-11-03 15:21:28',NULL,NULL,NULL,NULL,NULL,NULL,NULL,NULL,NULL,NULL,NULL),(369,NULL,1,281,3,21,144,72,NULL,NULL,'Solución inyectable Haloperidol En Caja x ampolla/ ampollas de 1 mL De 5 mg/mL',NULL,NULL,NULL,'A','admin','2019-11-03 15:21:29',NULL,NULL,NULL,NULL,NULL,NULL,NULL,NULL,NULL,NULL,NULL),(370,NULL,1,282,3,32,146,89,NULL,NULL,'Solución oral Haloperidol En Caja x frasco gotero, Caja x frasco + dosificador. De 2 mg/mL',NULL,NULL,NULL,'A','admin','2019-11-03 15:21:29',NULL,NULL,NULL,NULL,NULL,NULL,NULL,NULL,NULL,NULL,NULL),(371,NULL,1,283,3,20,83,19,NULL,NULL,'Tableta Haloperidol En Caja x blíster/ blísteres De 5 mg',NULL,NULL,NULL,'A','admin','2019-11-03 15:21:29',NULL,NULL,NULL,NULL,NULL,NULL,NULL,NULL,NULL,NULL,NULL),(372,NULL,1,284,3,21,147,148,NULL,NULL,'Solución inyectable Heparina no fraccionada En Caja x Frascos/viales de 5 mL, Caja x Frascos/viales de 10 mL De 5 000 UI/mL',NULL,NULL,NULL,'A','admin','2019-11-03 15:21:29',NULL,NULL,NULL,NULL,NULL,NULL,NULL,NULL,NULL,NULL,NULL),(373,NULL,1,285,3,20,148,54,NULL,NULL,'Tableta Hidralazina En Caja x blíster/ristras De 50 mg',NULL,NULL,NULL,'A','admin','2019-11-03 15:21:29',NULL,NULL,NULL,NULL,NULL,NULL,NULL,NULL,NULL,NULL,NULL),(374,NULL,1,286,3,19,148,54,NULL,NULL,'Tableta recubierta Hidralazina En Caja x blíster/ristras De 50 mg',NULL,NULL,NULL,'A','admin','2019-11-03 15:21:29',NULL,NULL,NULL,NULL,NULL,NULL,NULL,NULL,NULL,NULL,NULL),(375,NULL,1,287,3,21,149,79,NULL,NULL,'Solución inyectable Hidralazina En Caja x ampolla/ampollas. De 20 mg/mL',NULL,NULL,NULL,'A','admin','2019-11-03 15:21:29',NULL,NULL,NULL,NULL,NULL,NULL,NULL,NULL,NULL,NULL,NULL),(376,NULL,1,288,3,33,17,9,NULL,NULL,'Jarabe Hidrato de cloral En Caja x frasco De 100 mg/mL',NULL,NULL,NULL,'A','admin','2019-11-03 15:21:29',NULL,NULL,NULL,NULL,NULL,NULL,NULL,NULL,NULL,NULL,NULL),(377,NULL,1,289,3,20,150,19,NULL,NULL,'Tableta Hidrocortisona En Caja x blíster/blísteres, Frasco. De 5 mg',NULL,NULL,NULL,'A','admin','2019-11-03 15:21:29',NULL,NULL,NULL,NULL,NULL,NULL,NULL,NULL,NULL,NULL,NULL),(378,NULL,1,289,3,20,150,44,NULL,NULL,'Tableta Hidrocortisona En Caja x blíster/blísteres, Frasco. De 10 mg',NULL,NULL,NULL,'A','admin','2019-11-03 15:21:29',NULL,NULL,NULL,NULL,NULL,NULL,NULL,NULL,NULL,NULL,NULL),(379,NULL,1,290,3,43,17,60,NULL,NULL,'Loción Hidrocortisona En Caja x frasco De 1.00%',NULL,NULL,NULL,'A','admin','2019-11-03 15:21:29',NULL,NULL,NULL,NULL,NULL,NULL,NULL,NULL,NULL,NULL,NULL),(380,NULL,1,291,3,30,12,61,NULL,NULL,'Crema Hidrocortisona En Caja x tubo De 0,005',NULL,NULL,NULL,'A','admin','2019-11-03 15:21:29',NULL,NULL,NULL,NULL,NULL,NULL,NULL,NULL,NULL,NULL,NULL),(381,NULL,1,290,3,43,151,61,NULL,NULL,'Loción Hidrocortisona En Caja x frasco de 15 mL, 20 mL, 30 mL ó 60 mL. De 0,005',NULL,NULL,NULL,'A','admin','2019-11-03 15:21:29',NULL,NULL,NULL,NULL,NULL,NULL,NULL,NULL,NULL,NULL,NULL),(382,NULL,1,291,3,30,152,60,NULL,NULL,'Crema Hidrocortisona En Caja x tubo de 15 g, 20 g, ó 30 g De 1.00%',NULL,NULL,NULL,'A','admin','2019-11-03 15:21:29',NULL,NULL,NULL,NULL,NULL,NULL,NULL,NULL,NULL,NULL,NULL),(383,NULL,1,292,3,24,153,16,NULL,NULL,'Polvo para inyección Hidrocortisona, succinato sódico En Caja x frasco/vial + diluyente, Caja x frasco/vial. De 500 mg',NULL,NULL,NULL,'A','admin','2019-11-03 15:21:29',NULL,NULL,NULL,NULL,NULL,NULL,NULL,NULL,NULL,NULL,NULL),(384,NULL,1,292,3,24,154,17,NULL,NULL,'Polvo para inyección Hidrocortisona, succinato sódico En Caja x frascos/viales 2 mL De 100 mg',NULL,NULL,NULL,'A','admin','2019-11-03 15:21:29',NULL,NULL,NULL,NULL,NULL,NULL,NULL,NULL,NULL,NULL,NULL),(385,NULL,1,293,3,20,155,149,NULL,NULL,'Tableta Hidromorfona En Caja x blíster/blísteres, Caja x frasco. De 2,5 mg',NULL,NULL,NULL,'A','admin','2019-11-03 15:21:29',NULL,NULL,NULL,NULL,NULL,NULL,NULL,NULL,NULL,NULL,NULL),(386,NULL,1,293,3,20,155,19,NULL,NULL,'Tableta Hidromorfona En Caja x blíster/blísteres, Caja x frasco. De 5 mg',NULL,NULL,NULL,'A','admin','2019-11-03 15:21:29',NULL,NULL,NULL,NULL,NULL,NULL,NULL,NULL,NULL,NULL,NULL),(387,NULL,1,294,3,21,149,89,NULL,NULL,'Solución inyectable Hidromorfona En Caja x ampolla/ampollas. De 2 mg/mL',NULL,NULL,NULL,'A','admin','2019-11-03 15:21:29',NULL,NULL,NULL,NULL,NULL,NULL,NULL,NULL,NULL,NULL,NULL),(388,NULL,1,295,3,26,156,16,NULL,NULL,'Cápsula Hidroxicarbamida (Hidroxiurea) En Frasco, Caja x blísteres/ristras. De 500 mg',NULL,NULL,NULL,'A','admin','2019-11-03 15:21:29',NULL,NULL,NULL,NULL,NULL,NULL,NULL,NULL,NULL,NULL,NULL),(389,NULL,1,296,3,57,157,150,NULL,NULL,'Polvo Hierro, multivitaminas y minerales En Caja x sobres De 12,5 mg de hierro + 300 mcg de vitamina A + 160 mcg de ácido fólico + 30 mg de ácido ascórbico + 5 m',NULL,NULL,NULL,'A','admin','2019-11-03 15:21:30',NULL,NULL,NULL,NULL,NULL,NULL,NULL,NULL,NULL,NULL,NULL),(390,NULL,1,297,3,19,158,14,NULL,NULL,'Tableta recubierta Ibuprofeno En Caja x blísteres. De 400 mg',NULL,NULL,NULL,'A','admin','2019-11-03 15:21:30',NULL,NULL,NULL,NULL,NULL,NULL,NULL,NULL,NULL,NULL,NULL),(391,NULL,1,298,3,23,159,11,NULL,NULL,'Suspensión Ibuprofeno En Caja x frasco/frasco gotero/frasco gotero + dosificador. De 200 mg/5 mL',NULL,NULL,NULL,'A','admin','2019-11-03 15:21:30',NULL,NULL,NULL,NULL,NULL,NULL,NULL,NULL,NULL,NULL,NULL),(392,NULL,1,299,3,20,158,14,NULL,NULL,'Tableta Ibuprofeno En Caja x blísteres. De 400 mg',NULL,NULL,NULL,'A','admin','2019-11-03 15:21:30',NULL,NULL,NULL,NULL,NULL,NULL,NULL,NULL,NULL,NULL,NULL),(393,NULL,1,300,3,21,160,59,NULL,NULL,'Solución inyectable Idarrubicina En Caja x vial/frasco. De 1 mg/mL',NULL,NULL,NULL,'A','admin','2019-11-03 15:21:30',NULL,NULL,NULL,NULL,NULL,NULL,NULL,NULL,NULL,NULL,NULL),(394,NULL,1,301,3,24,160,151,NULL,NULL,'Polvo para inyección Ifosfamida En Caja x vial/frasco. De 1 g',NULL,NULL,NULL,'A','admin','2019-11-03 15:21:30',NULL,NULL,NULL,NULL,NULL,NULL,NULL,NULL,NULL,NULL,NULL),(395,NULL,1,302,3,19,161,14,NULL,NULL,'Tableta recubierta Imatinib En Caja x  blísteres De 400 mg',NULL,NULL,NULL,'A','admin','2019-11-03 15:21:30',NULL,NULL,NULL,NULL,NULL,NULL,NULL,NULL,NULL,NULL,NULL),(396,NULL,1,303,3,26,8,17,NULL,NULL,'Cápsula Imatinib En Caja x blísteres De 100 mg',NULL,NULL,NULL,'A','admin','2019-11-03 15:21:30',NULL,NULL,NULL,NULL,NULL,NULL,NULL,NULL,NULL,NULL,NULL),(397,NULL,1,304,3,20,162,14,NULL,NULL,'Tableta Imatinib En Caja x 10 blísteres de 10 unidades cada uno De 400 mg',NULL,NULL,NULL,'A','admin','2019-11-03 15:21:30',NULL,NULL,NULL,NULL,NULL,NULL,NULL,NULL,NULL,NULL,NULL),(398,NULL,1,305,3,24,163,152,NULL,NULL,'Polvo para inyección Imipenem + cilastatina En Caja x frascos/viales. De 500 mg + 500 mg',NULL,NULL,NULL,'A','admin','2019-11-03 15:21:30',NULL,NULL,NULL,NULL,NULL,NULL,NULL,NULL,NULL,NULL,NULL),(399,NULL,1,306,3,24,164,17,NULL,NULL,'Polvo para inyección Infliximab En Caja x vial. De 100 mg',NULL,NULL,NULL,'A','admin','2019-11-03 15:21:30',NULL,NULL,NULL,NULL,NULL,NULL,NULL,NULL,NULL,NULL,NULL),(400,NULL,1,307,3,21,165,153,NULL,NULL,'Solución inyectable Inmunoglobulina anti D En Caja x vial/frasco De 300 mcg',NULL,NULL,NULL,'A','admin','2019-11-03 15:21:30',NULL,NULL,NULL,NULL,NULL,NULL,NULL,NULL,NULL,NULL,NULL),(401,NULL,1,307,3,21,166,111,NULL,NULL,'Solución inyectable Inmunoglobulina anti D En Caja x frasco/vial De 250 mcg',NULL,NULL,NULL,'A','admin','2019-11-03 15:21:30',NULL,NULL,NULL,NULL,NULL,NULL,NULL,NULL,NULL,NULL,NULL),(402,NULL,1,307,3,21,166,154,NULL,NULL,'Solución inyectable Inmunoglobulina anti D En Caja x frasco/vial De 200 mcg',NULL,NULL,NULL,'A','admin','2019-11-03 15:21:30',NULL,NULL,NULL,NULL,NULL,NULL,NULL,NULL,NULL,NULL,NULL),(403,NULL,1,308,3,21,167,55,NULL,NULL,'Solución inyectable Inmunoglobulina antitetánica En Caja x jeringa prellenada. De 250 UI',NULL,NULL,NULL,'A','admin','2019-11-03 15:21:30',NULL,NULL,NULL,NULL,NULL,NULL,NULL,NULL,NULL,NULL,NULL),(404,NULL,1,308,3,21,167,26,NULL,NULL,'Solución inyectable Inmunoglobulina antitetánica En Caja x jeringa prellenada. De 500 UI',NULL,NULL,NULL,'A','admin','2019-11-03 15:21:30',NULL,NULL,NULL,NULL,NULL,NULL,NULL,NULL,NULL,NULL,NULL),(405,NULL,1,309,3,21,168,155,NULL,NULL,'Solución inyectable Inmunoglobulina humana normal En Caja x frasco/vial + disolvente De 0,10 g/mL',NULL,NULL,NULL,'A','admin','2019-11-03 15:21:30',NULL,NULL,NULL,NULL,NULL,NULL,NULL,NULL,NULL,NULL,NULL),(406,NULL,1,309,3,21,169,156,NULL,NULL,'Solución inyectable Inmunoglobulina humana normal En Caja x 1 frasco/vial. De 0,45 g/mL',NULL,NULL,NULL,'A','admin','2019-11-03 15:21:30',NULL,NULL,NULL,NULL,NULL,NULL,NULL,NULL,NULL,NULL,NULL),(407,NULL,1,310,3,24,170,157,NULL,NULL,'Polvo para inyección Inmunoglobulina humana normal En Caja x frasco x 5 ó 10 g De 45 g/100 g',NULL,NULL,NULL,'A','admin','2019-11-03 15:21:30',NULL,NULL,NULL,NULL,NULL,NULL,NULL,NULL,NULL,NULL,NULL),(408,NULL,1,311,3,21,171,158,NULL,NULL,'Solución inyectable Insulina de acción intermedia (NPH) En Caja x vial/frasco de 10 mL De 100 UI/mL',NULL,NULL,NULL,'A','admin','2019-11-03 15:21:30',NULL,NULL,NULL,NULL,NULL,NULL,NULL,NULL,NULL,NULL,NULL),(409,NULL,1,312,3,40,171,158,NULL,NULL,'Suspensión inyectable Insulina de acción intermedia (NPH) En Caja x vial/frasco de 10 mL De 100 UI/mL',NULL,NULL,NULL,'A','admin','2019-11-03 15:21:30',NULL,NULL,NULL,NULL,NULL,NULL,NULL,NULL,NULL,NULL,NULL),(410,NULL,1,313,3,21,171,158,NULL,NULL,'Solución inyectable Insulina de Acción Rápida En Caja x vial/frasco de 10 ml De 100 UI/mL',NULL,NULL,NULL,'A','admin','2019-11-03 15:21:30',NULL,NULL,NULL,NULL,NULL,NULL,NULL,NULL,NULL,NULL,NULL),(411,NULL,1,314,3,40,171,158,NULL,NULL,'Suspensión inyectable Insulina de Acción Rápida En Caja x vial/frasco de 10 mL De 100 UI/mL',NULL,NULL,NULL,'A','admin','2019-11-03 15:21:31',NULL,NULL,NULL,NULL,NULL,NULL,NULL,NULL,NULL,NULL,NULL),(412,NULL,1,315,3,21,172,129,NULL,NULL,'Solución inyectable Interferón alfa 2b En Caja x  viales/frasco De 3 000 000 UI',NULL,NULL,NULL,'A','admin','2019-11-03 15:21:31',NULL,NULL,NULL,NULL,NULL,NULL,NULL,NULL,NULL,NULL,NULL),(413,NULL,1,315,3,21,173,159,NULL,NULL,'Solución inyectable Interferón alfa 2b En Caja x viales/frasco De 30 000 000 UI',NULL,NULL,NULL,'A','admin','2019-11-03 15:21:31',NULL,NULL,NULL,NULL,NULL,NULL,NULL,NULL,NULL,NULL,NULL),(414,NULL,1,316,3,24,174,129,NULL,NULL,'Polvo para inyección Interferón alfa 2b En Caja x frasco/vial + disolvente, Caja x frasco/vial De 3 000 000 UI',NULL,NULL,NULL,'A','admin','2019-11-03 15:21:31',NULL,NULL,NULL,NULL,NULL,NULL,NULL,NULL,NULL,NULL,NULL),(415,NULL,1,316,3,24,174,65,NULL,NULL,'Polvo para inyección Interferón alfa 2b En Caja x frasco/vial + disolvente, Caja x frasco/vial De 5 000 000 UI',NULL,NULL,NULL,'A','admin','2019-11-03 15:21:31',NULL,NULL,NULL,NULL,NULL,NULL,NULL,NULL,NULL,NULL,NULL),(416,NULL,1,316,3,24,174,160,NULL,NULL,'Polvo para inyección Interferón alfa 2b En Caja x frasco/vial + disolvente, Caja x frasco/vial De 10 000 000 UI',NULL,NULL,NULL,'A','admin','2019-11-03 15:21:31',NULL,NULL,NULL,NULL,NULL,NULL,NULL,NULL,NULL,NULL,NULL),(417,NULL,1,315,3,21,175,161,NULL,NULL,'Solución inyectable Interferón alfa 2b En Caja x pluma multidosis de 1,2 mL. De 15 000 000 UI',NULL,NULL,NULL,'A','admin','2019-11-03 15:21:31',NULL,NULL,NULL,NULL,NULL,NULL,NULL,NULL,NULL,NULL,NULL),(418,NULL,1,315,3,21,175,162,NULL,NULL,'Solución inyectable Interferón alfa 2b En Caja x pluma multidosis de 1,2 mL. De 25 000 000 UI',NULL,NULL,NULL,'A','admin','2019-11-03 15:21:31',NULL,NULL,NULL,NULL,NULL,NULL,NULL,NULL,NULL,NULL,NULL),(419,NULL,1,317,3,21,176,163,NULL,NULL,'Solución inyectable Interferón Beta 1a En Caja x jeringa prellenada de 1,5 mL ó 0,5 mL. De 12 000 000 UI (44mcg)',NULL,NULL,NULL,'A','admin','2019-11-03 15:21:31',NULL,NULL,NULL,NULL,NULL,NULL,NULL,NULL,NULL,NULL,NULL),(420,NULL,1,318,3,24,174,164,NULL,NULL,'Polvo para inyección Interferón Beta 1a En Caja x frasco/vial + disolvente, Caja x frasco/vial De 6 000 000 UI  (30 mcg)',NULL,NULL,NULL,'A','admin','2019-11-03 15:21:31',NULL,NULL,NULL,NULL,NULL,NULL,NULL,NULL,NULL,NULL,NULL),(421,NULL,1,317,3,21,167,165,NULL,NULL,'Solución inyectable Interferón Beta 1a En Caja x jeringa prellenada. De 36 000 000 UI  (88 mcg)',NULL,NULL,NULL,'A','admin','2019-11-03 15:21:31',NULL,NULL,NULL,NULL,NULL,NULL,NULL,NULL,NULL,NULL,NULL),(422,NULL,1,319,3,21,167,166,NULL,NULL,'Solución inyectable Interferón Beta 1b En Caja x jeringa prellenada. De 8 000 000 UI  (250 mcg)',NULL,NULL,NULL,'A','admin','2019-11-03 15:21:31',NULL,NULL,NULL,NULL,NULL,NULL,NULL,NULL,NULL,NULL,NULL),(423,NULL,1,317,3,21,177,164,NULL,NULL,'Solución inyectable Interferón Beta 1a En Caja x jeringa prellenada de 0,5 mL. De 6 000 000 UI  (30 mcg)',NULL,NULL,NULL,'A','admin','2019-11-03 15:21:31',NULL,NULL,NULL,NULL,NULL,NULL,NULL,NULL,NULL,NULL,NULL),(424,NULL,1,320,3,42,178,167,NULL,NULL,'Aerosol Ipratropio bromuro En Caja x frasco inhalador (200 dosis) De 0,02 mg/dosis',NULL,NULL,NULL,'A','admin','2019-11-03 15:21:31',NULL,NULL,NULL,NULL,NULL,NULL,NULL,NULL,NULL,NULL,NULL),(425,NULL,1,321,3,35,179,168,NULL,NULL,'Solución para inhalación Ipratropio bromuro En Caja x frasco + dosificador. De 0,25 mg/mL (0,025 % )',NULL,NULL,NULL,'A','admin','2019-11-03 15:21:31',NULL,NULL,NULL,NULL,NULL,NULL,NULL,NULL,NULL,NULL,NULL),(426,NULL,1,322,3,21,160,79,NULL,NULL,'Solución inyectable Irinotecán En Caja x vial/frasco. De 20 mg/mL',NULL,NULL,NULL,'A','admin','2019-11-03 15:21:31',NULL,NULL,NULL,NULL,NULL,NULL,NULL,NULL,NULL,NULL,NULL),(427,NULL,1,323,3,20,158,7,NULL,NULL,'Tableta Isoniazida En Caja x blísteres. De 300 mg',NULL,NULL,NULL,'A','admin','2019-11-03 15:21:31',NULL,NULL,NULL,NULL,NULL,NULL,NULL,NULL,NULL,NULL,NULL),(428,NULL,1,323,3,20,158,17,NULL,NULL,'Tableta Isoniazida En Caja x blísteres. De 100 mg',NULL,NULL,NULL,'A','admin','2019-11-03 15:21:31',NULL,NULL,NULL,NULL,NULL,NULL,NULL,NULL,NULL,NULL,NULL),(429,NULL,1,324,3,20,8,62,NULL,NULL,'Tableta Isosorbida mononitrato En Caja x blísteres De 20 mg',NULL,NULL,NULL,'A','admin','2019-11-03 15:21:31',NULL,NULL,NULL,NULL,NULL,NULL,NULL,NULL,NULL,NULL,NULL),(430,NULL,1,325,3,32,180,84,NULL,NULL,'Solución oral Itraconazol En Caja x frasco, Frasco De 10 mg/mL',NULL,NULL,NULL,'A','admin','2019-11-03 15:21:31',NULL,NULL,NULL,NULL,NULL,NULL,NULL,NULL,NULL,NULL,NULL),(431,NULL,1,326,3,26,8,17,NULL,NULL,'Cápsula Itraconazol En Caja x blísteres De 100 mg',NULL,NULL,NULL,'A','admin','2019-11-03 15:21:31',NULL,NULL,NULL,NULL,NULL,NULL,NULL,NULL,NULL,NULL,NULL),(432,NULL,1,327,3,32,181,169,NULL,NULL,'Solución oral Ivermectina En Caja x frasco gotero de 5 mL, 10 mL, 30 mL ó 60 mL De 6 mg/mL',NULL,NULL,NULL,'A','admin','2019-11-03 15:21:31',NULL,NULL,NULL,NULL,NULL,NULL,NULL,NULL,NULL,NULL,NULL),(433,NULL,1,328,3,20,158,170,NULL,NULL,'Tableta Ivermectina En Caja x blísteres. De 6 mg',NULL,NULL,NULL,'A','admin','2019-11-03 15:21:31',NULL,NULL,NULL,NULL,NULL,NULL,NULL,NULL,NULL,NULL,NULL),(434,NULL,1,329,3,21,182,171,NULL,NULL,'Solución inyectable Kanamicina En Frasco ampolla de vidrio De 1 g/4 ml',NULL,NULL,NULL,'A','admin','2019-11-03 15:21:31',NULL,NULL,NULL,NULL,NULL,NULL,NULL,NULL,NULL,NULL,NULL),(435,NULL,1,330,3,21,183,172,NULL,NULL,'Solución inyectable Ketorolaco En Caja x ampollas de 1 mL, Caja x ampolla de 2 mL De 30 mg/mL',NULL,NULL,NULL,'A','admin','2019-11-03 15:21:32',NULL,NULL,NULL,NULL,NULL,NULL,NULL,NULL,NULL,NULL,NULL),(436,NULL,1,331,3,32,184,173,NULL,NULL,'Solución oral Lactulosa En Caja x frasco de 200 mL, 220 mL ó 240 mL, Caja x Frasco de 220 mL + dosificador, Frasco x 200 mL ó 2 De 65.00%',NULL,NULL,NULL,'A','admin','2019-11-03 15:21:32',NULL,NULL,NULL,NULL,NULL,NULL,NULL,NULL,NULL,NULL,NULL),(437,NULL,1,332,3,59,185,21,NULL,NULL,'Gel oftálmico Lágrimas artificiales y otros preparados inertes (Ácido poliacrílico) En Caja x tubo de 10 g De 2.00%',NULL,NULL,NULL,'A','admin','2019-11-03 15:21:32',NULL,NULL,NULL,NULL,NULL,NULL,NULL,NULL,NULL,NULL,NULL),(438,NULL,1,333,3,41,186,174,NULL,NULL,'Solución oftálmica Lágrimas artificiales y otros preparados inertes (Alcohol polivinílico) En Caja x frasco gotero de 15 mL De 14 mg/mL',NULL,NULL,NULL,'A','admin','2019-11-03 15:21:32',NULL,NULL,NULL,NULL,NULL,NULL,NULL,NULL,NULL,NULL,NULL),(439,NULL,1,334,3,59,187,28,NULL,NULL,'Gel oftálmico Lágrimas artificiales y otros preparados inertes (Carbomer) En Caja x tubo de 5 g ó 10 g De 3 mg/mL',NULL,NULL,NULL,'A','admin','2019-11-03 15:21:32',NULL,NULL,NULL,NULL,NULL,NULL,NULL,NULL,NULL,NULL,NULL),(440,NULL,1,335,3,41,188,175,NULL,NULL,'Solución oftálmica Lágrimas artificiales y otros preparados inertes (Dextrano 70 + Hipromelosa) En Caja x frasco gotero de 15 mL ó 20 mL. De 1 mg + 3 mg/mL',NULL,NULL,NULL,'A','admin','2019-11-03 15:21:32',NULL,NULL,NULL,NULL,NULL,NULL,NULL,NULL,NULL,NULL,NULL),(441,NULL,1,336,3,41,189,176,NULL,NULL,'Solución oftálmica Lágrimas artificiales y otros preparados inertes (Hialuronato sódico) En Caja x frascos unidosis de 0,5 mL. De 2 mg/0,5 mL',NULL,NULL,NULL,'A','admin','2019-11-03 15:21:32',NULL,NULL,NULL,NULL,NULL,NULL,NULL,NULL,NULL,NULL,NULL),(442,NULL,1,337,3,41,190,61,NULL,NULL,'Solución oftálmica Lágrimas artificiales y otros preparados inertes (Hipromelosa) En Caja x frasco gotero de 10 mL De 0,005',NULL,NULL,NULL,'A','admin','2019-11-03 15:21:32',NULL,NULL,NULL,NULL,NULL,NULL,NULL,NULL,NULL,NULL,NULL),(443,NULL,1,338,3,59,191,88,NULL,NULL,'Gel oftálmico Lágrimas artificiales y otros preparados inertes (Hipromelosa) En Caja x tubo 10 g De 0,003',NULL,NULL,NULL,'A','admin','2019-11-03 15:21:32',NULL,NULL,NULL,NULL,NULL,NULL,NULL,NULL,NULL,NULL,NULL),(444,NULL,1,339,3,41,186,70,NULL,NULL,'Solución oftálmica Lágrimas artificiales y otros preparados inertes (Polietilenglicol) En Caja x frasco gotero de 15 mL De 4 mg/mL',NULL,NULL,NULL,'A','admin','2019-11-03 15:21:32',NULL,NULL,NULL,NULL,NULL,NULL,NULL,NULL,NULL,NULL,NULL),(445,NULL,1,340,3,41,190,38,NULL,NULL,'Solución oftálmica Lágrimas artificiales y otros preparados inertes (Polividona) En Caja x frasco gotero de 10 mL De 50 mg/mL',NULL,NULL,NULL,'A','admin','2019-11-03 15:21:32',NULL,NULL,NULL,NULL,NULL,NULL,NULL,NULL,NULL,NULL,NULL),(446,NULL,1,340,3,41,192,28,NULL,NULL,'Solución oftálmica Lágrimas artificiales y otros preparados inertes (Polividona) En Caja x frasco gotero de 10 mL, 15 mL ó 20 mL De 3 mg/mL',NULL,NULL,NULL,'A','admin','2019-11-03 15:21:32',NULL,NULL,NULL,NULL,NULL,NULL,NULL,NULL,NULL,NULL,NULL),(447,NULL,1,341,3,19,193,58,NULL,NULL,'Tableta recubierta Lamivudina En Caja x frasco/Caja x blísteres. De 150 mg',NULL,NULL,NULL,'A','admin','2019-11-03 15:21:32',NULL,NULL,NULL,NULL,NULL,NULL,NULL,NULL,NULL,NULL,NULL),(448,NULL,1,342,3,32,194,177,NULL,NULL,'Solución oral Lamivudina En Caja x frasco + dosificador, Caja x frasco De 50 mg/5 mL',NULL,NULL,NULL,'A','admin','2019-11-03 15:21:32',NULL,NULL,NULL,NULL,NULL,NULL,NULL,NULL,NULL,NULL,NULL),(449,NULL,1,343,3,19,158,178,NULL,NULL,'Tableta recubierta Lamivudina + Abacavir En Caja x blísteres. De 300 mg + 600 mg',NULL,NULL,NULL,'A','admin','2019-11-03 15:21:32',NULL,NULL,NULL,NULL,NULL,NULL,NULL,NULL,NULL,NULL,NULL),(450,NULL,1,344,3,20,158,178,NULL,NULL,'Tableta Lamivudina + Abacavir En Caja x blísteres. De 300 mg + 600 mg',NULL,NULL,NULL,'A','admin','2019-11-03 15:21:32',NULL,NULL,NULL,NULL,NULL,NULL,NULL,NULL,NULL,NULL,NULL),(451,NULL,1,345,3,25,158,54,NULL,NULL,'Tableta dispersable Lamotrigina En Caja x blísteres. De 50 mg',NULL,NULL,NULL,'A','admin','2019-11-03 15:21:32',NULL,NULL,NULL,NULL,NULL,NULL,NULL,NULL,NULL,NULL,NULL),(452,NULL,1,345,3,25,158,17,NULL,NULL,'Tableta dispersable Lamotrigina En Caja x blísteres. De 100 mg',NULL,NULL,NULL,'A','admin','2019-11-03 15:21:32',NULL,NULL,NULL,NULL,NULL,NULL,NULL,NULL,NULL,NULL,NULL),(453,NULL,1,345,3,25,158,45,NULL,NULL,'Tableta dispersable Lamotrigina En Caja x blísteres. De 25 mg',NULL,NULL,NULL,'A','admin','2019-11-03 15:21:32',NULL,NULL,NULL,NULL,NULL,NULL,NULL,NULL,NULL,NULL,NULL),(454,NULL,1,346,3,20,8,54,NULL,NULL,'Tableta Lamotrigina En Caja x blísteres De 50 mg',NULL,NULL,NULL,'A','admin','2019-11-03 15:21:32',NULL,NULL,NULL,NULL,NULL,NULL,NULL,NULL,NULL,NULL,NULL),(455,NULL,1,346,3,20,8,17,NULL,NULL,'Tableta Lamotrigina En Caja x blísteres De 100 mg',NULL,NULL,NULL,'A','admin','2019-11-03 15:21:32',NULL,NULL,NULL,NULL,NULL,NULL,NULL,NULL,NULL,NULL,NULL),(456,NULL,1,346,3,20,8,45,NULL,NULL,'Tableta Lamotrigina En Caja x blísteres De 25 mg',NULL,NULL,NULL,'A','admin','2019-11-03 15:21:32',NULL,NULL,NULL,NULL,NULL,NULL,NULL,NULL,NULL,NULL,NULL),(457,NULL,1,347,3,41,195,37,NULL,NULL,'Solución oftálmica Latanoprost En Caja x frasco gotero De 5.00%',NULL,NULL,NULL,'A','admin','2019-11-03 15:21:32',NULL,NULL,NULL,NULL,NULL,NULL,NULL,NULL,NULL,NULL,NULL),(458,NULL,1,348,3,19,8,149,NULL,NULL,'Tableta recubierta Letrozol En Caja x blísteres De 2,5 mg',NULL,NULL,NULL,'A','admin','2019-11-03 15:21:32',NULL,NULL,NULL,NULL,NULL,NULL,NULL,NULL,NULL,NULL,NULL),(459,NULL,1,349,3,24,196,179,NULL,NULL,'Polvo para inyección Leuprolide En Caja x frasco + diluyente. De 7,5 mg',NULL,NULL,NULL,'A','admin','2019-11-03 15:21:32',NULL,NULL,NULL,NULL,NULL,NULL,NULL,NULL,NULL,NULL,NULL),(460,NULL,1,349,3,24,196,180,NULL,NULL,'Polvo para inyección Leuprolide En Caja x frasco + diluyente. De 3,75 mg',NULL,NULL,NULL,'A','admin','2019-11-03 15:21:32',NULL,NULL,NULL,NULL,NULL,NULL,NULL,NULL,NULL,NULL,NULL),(461,NULL,1,349,3,24,196,181,NULL,NULL,'Polvo para inyección Leuprolide En Caja x frasco + diluyente. De 11,25 mg',NULL,NULL,NULL,'A','admin','2019-11-03 15:21:33',NULL,NULL,NULL,NULL,NULL,NULL,NULL,NULL,NULL,NULL,NULL),(462,NULL,1,350,3,21,197,72,NULL,NULL,'Solución inyectable Leuprolide En Caja x  frasco/vial de 2,8 mL. De 5 mg/mL',NULL,NULL,NULL,'A','admin','2019-11-03 15:21:33',NULL,NULL,NULL,NULL,NULL,NULL,NULL,NULL,NULL,NULL,NULL),(463,NULL,1,351,3,40,167,179,NULL,NULL,'Suspensión inyectable Leuprolide En Caja x jeringa prellenada. De 7,5 mg',NULL,NULL,NULL,'A','admin','2019-11-03 15:21:33',NULL,NULL,NULL,NULL,NULL,NULL,NULL,NULL,NULL,NULL,NULL),(464,NULL,1,352,3,19,36,182,NULL,NULL,'Tableta recubierta Levodopa + Carbidopa En Caja x blísteres/ristras De 100 mg + 10 mg',NULL,NULL,NULL,'A','admin','2019-11-03 15:21:33',NULL,NULL,NULL,NULL,NULL,NULL,NULL,NULL,NULL,NULL,NULL),(465,NULL,1,353,3,20,36,182,NULL,NULL,'Tableta Levodopa + Carbidopa En Caja x blísteres/ristras De 100 mg + 10 mg',NULL,NULL,NULL,'A','admin','2019-11-03 15:21:33',NULL,NULL,NULL,NULL,NULL,NULL,NULL,NULL,NULL,NULL,NULL),(466,NULL,1,353,3,20,198,183,NULL,NULL,'Tableta Levodopa + Carbidopa En Caja x blísteres/ristras. De 250 mg + 25 mg',NULL,NULL,NULL,'A','admin','2019-11-03 15:21:33',NULL,NULL,NULL,NULL,NULL,NULL,NULL,NULL,NULL,NULL,NULL),(467,NULL,1,354,3,19,8,8,NULL,NULL,'Tableta recubierta Levofloxacino En Caja x blísteres De 250 mg',NULL,NULL,NULL,'A','admin','2019-11-03 15:21:33',NULL,NULL,NULL,NULL,NULL,NULL,NULL,NULL,NULL,NULL,NULL),(468,NULL,1,354,3,19,158,16,NULL,NULL,'Tableta recubierta Levofloxacino En Caja x blísteres. De 500 mg',NULL,NULL,NULL,'A','admin','2019-11-03 15:21:33',NULL,NULL,NULL,NULL,NULL,NULL,NULL,NULL,NULL,NULL,NULL),(469,NULL,1,355,3,21,199,184,NULL,NULL,'Solución inyectable Levofloxacino En Caja + funda polipropileno + envase soluflex de 100 mL De 500 mg/100 mL',NULL,NULL,NULL,'A','admin','2019-11-03 15:21:33',NULL,NULL,NULL,NULL,NULL,NULL,NULL,NULL,NULL,NULL,NULL),(470,NULL,1,356,3,21,200,43,NULL,NULL,'Solución inyectable Levomepromazina En Caja x ampolla De 25 mg/mL',NULL,NULL,NULL,'A','admin','2019-11-03 15:21:33',NULL,NULL,NULL,NULL,NULL,NULL,NULL,NULL,NULL,NULL,NULL),(471,NULL,1,357,3,19,158,17,NULL,NULL,'Tableta recubierta Levomepromazina En Caja x blísteres. De 100 mg',NULL,NULL,NULL,'A','admin','2019-11-03 15:21:33',NULL,NULL,NULL,NULL,NULL,NULL,NULL,NULL,NULL,NULL,NULL),(472,NULL,1,358,3,32,201,116,NULL,NULL,'Solución oral Levomepromazina En Caja x frasco gotero. De 40 mg/mL',NULL,NULL,NULL,'A','admin','2019-11-03 15:21:33',NULL,NULL,NULL,NULL,NULL,NULL,NULL,NULL,NULL,NULL,NULL),(473,NULL,1,357,3,19,8,45,NULL,NULL,'Tableta recubierta Levomepromazina En Caja x blísteres De 25 mg',NULL,NULL,NULL,'A','admin','2019-11-03 15:21:33',NULL,NULL,NULL,NULL,NULL,NULL,NULL,NULL,NULL,NULL,NULL),(474,NULL,1,359,3,52,8,185,NULL,NULL,'Gragea Levonorgestrel En Caja x blísteres De 0,030 mg',NULL,NULL,NULL,'A','admin','2019-11-03 15:21:33',NULL,NULL,NULL,NULL,NULL,NULL,NULL,NULL,NULL,NULL,NULL),(475,NULL,1,360,3,20,8,133,NULL,NULL,'Tableta Levonorgestrel En Caja x blísteres De 0,75 mg',NULL,NULL,NULL,'A','admin','2019-11-03 15:21:33',NULL,NULL,NULL,NULL,NULL,NULL,NULL,NULL,NULL,NULL,NULL),(476,NULL,1,361,3,60,202,58,NULL,NULL,'Implante subdérmico Levonorgestrel En Caja x implantes de 75mg cada uno De 150 mg',NULL,NULL,NULL,'A','admin','2019-11-03 15:21:33',NULL,NULL,NULL,NULL,NULL,NULL,NULL,NULL,NULL,NULL,NULL),(477,NULL,1,362,3,19,8,186,NULL,NULL,'Tableta recubierta Levonorgestrel + etinilestradiol En Caja x blísteres De 150 mcg + 30 mcg',NULL,NULL,NULL,'A','admin','2019-11-03 15:21:33',NULL,NULL,NULL,NULL,NULL,NULL,NULL,NULL,NULL,NULL,NULL),(478,NULL,1,363,3,52,8,186,NULL,NULL,'Gragea Levonorgestrel + etinilestradiol En Caja x blísteres De 150 mcg + 30 mcg',NULL,NULL,NULL,'A','admin','2019-11-03 15:21:33',NULL,NULL,NULL,NULL,NULL,NULL,NULL,NULL,NULL,NULL,NULL),(479,NULL,1,364,3,20,203,139,NULL,NULL,'Tableta Levotiroxina sódica En Caja x blísteres, Caja x frasco. De 0,1 mg',NULL,NULL,NULL,'A','admin','2019-11-03 15:21:33',NULL,NULL,NULL,NULL,NULL,NULL,NULL,NULL,NULL,NULL,NULL),(480,NULL,1,364,3,20,158,77,NULL,NULL,'Tableta Levotiroxina sódica En Caja x blísteres. De 0,2 mg',NULL,NULL,NULL,'A','admin','2019-11-03 15:21:33',NULL,NULL,NULL,NULL,NULL,NULL,NULL,NULL,NULL,NULL,NULL),(481,NULL,1,364,3,20,203,187,NULL,NULL,'Tableta Levotiroxina sódica En Caja x blísteres, Caja x frasco. De 0,05 mg',NULL,NULL,NULL,'A','admin','2019-11-03 15:21:33',NULL,NULL,NULL,NULL,NULL,NULL,NULL,NULL,NULL,NULL,NULL),(482,NULL,1,364,3,20,158,188,NULL,NULL,'Tableta Levotiroxina sódica En Caja x blísteres. De 0,075 mg',NULL,NULL,NULL,'A','admin','2019-11-03 15:21:33',NULL,NULL,NULL,NULL,NULL,NULL,NULL,NULL,NULL,NULL,NULL),(483,NULL,1,364,3,20,158,189,NULL,NULL,'Tableta Levotiroxina sódica En Caja x blísteres. De 0,125 mg',NULL,NULL,NULL,'A','admin','2019-11-03 15:21:33',NULL,NULL,NULL,NULL,NULL,NULL,NULL,NULL,NULL,NULL,NULL),(484,NULL,1,364,3,20,158,190,NULL,NULL,'Tableta Levotiroxina sódica En Caja x blísteres. De 0,150 mg',NULL,NULL,NULL,'A','admin','2019-11-03 15:21:33',NULL,NULL,NULL,NULL,NULL,NULL,NULL,NULL,NULL,NULL,NULL),(485,NULL,1,364,3,20,198,191,NULL,NULL,'Tableta Levotiroxina sódica En Caja x blísteres/ristras. De 0,175 mg',NULL,NULL,NULL,'A','admin','2019-11-03 15:21:33',NULL,NULL,NULL,NULL,NULL,NULL,NULL,NULL,NULL,NULL,NULL),(486,NULL,1,365,3,30,12,21,NULL,NULL,'Crema Lidocaína En Caja x tubo De 2.00%',NULL,NULL,NULL,'A','admin','2019-11-03 15:21:33',NULL,NULL,NULL,NULL,NULL,NULL,NULL,NULL,NULL,NULL,NULL),(487,NULL,1,365,3,30,12,37,NULL,NULL,'Crema Lidocaína En Caja x tubo De 5.00%',NULL,NULL,NULL,'A','admin','2019-11-03 15:21:33',NULL,NULL,NULL,NULL,NULL,NULL,NULL,NULL,NULL,NULL,NULL),(488,NULL,1,366,3,61,204,21,NULL,NULL,'Jalea Lidocaína En Caja x tubo de 25 ó 30 g De 2.00%',NULL,NULL,NULL,'A','admin','2019-11-03 15:21:34',NULL,NULL,NULL,NULL,NULL,NULL,NULL,NULL,NULL,NULL,NULL),(489,NULL,1,367,3,48,205,40,NULL,NULL,'Solución tópica Lidocaína En Caja x frasco de 80 g, Caja x frasco de 50 mL De 10.00%',NULL,NULL,NULL,'A','admin','2019-11-03 15:21:34',NULL,NULL,NULL,NULL,NULL,NULL,NULL,NULL,NULL,NULL,NULL),(490,NULL,1,368,3,34,206,21,NULL,NULL,'Gel Lidocaína En Caja x tubo de 25 g De 2.00%',NULL,NULL,NULL,'A','admin','2019-11-03 15:21:34',NULL,NULL,NULL,NULL,NULL,NULL,NULL,NULL,NULL,NULL,NULL),(491,NULL,1,368,3,34,12,37,NULL,NULL,'Gel Lidocaína En Caja x tubo De 5.00%',NULL,NULL,NULL,'A','admin','2019-11-03 15:21:34',NULL,NULL,NULL,NULL,NULL,NULL,NULL,NULL,NULL,NULL,NULL),(492,NULL,1,368,3,34,12,21,NULL,NULL,'Gel Lidocaína En Caja x tubo De 2.00%',NULL,NULL,NULL,'A','admin','2019-11-03 15:21:34',NULL,NULL,NULL,NULL,NULL,NULL,NULL,NULL,NULL,NULL,NULL),(493,NULL,1,369,3,21,207,192,NULL,NULL,'Solución inyectable Lidocaína con epinefrina En Caja x Frasco de 20 mL ó 50 mL, Frasco x 20 mL ó 50 mL, Caja x tubo/cartucho x 1,8 mL De 2 % + 1:200 000',NULL,NULL,NULL,'A','admin','2019-11-03 15:21:34',NULL,NULL,NULL,NULL,NULL,NULL,NULL,NULL,NULL,NULL,NULL),(494,NULL,1,370,3,21,208,21,NULL,NULL,'Solución inyectable Lidocaína sin epinefrina En Caja x frasco/vial de 20 mL ó 50 mL, Frasco/vial x 50 mL, Cartucho dental de 1,8 mL. De 2.00%',NULL,NULL,NULL,'A','admin','2019-11-03 15:21:34',NULL,NULL,NULL,NULL,NULL,NULL,NULL,NULL,NULL,NULL,NULL),(495,NULL,1,371,3,21,209,89,NULL,NULL,'Solución inyectable Linezolid En Caja x bolsas de 300 mL, Funda x 300 mL De 2 mg/mL',NULL,NULL,NULL,'A','admin','2019-11-03 15:21:34',NULL,NULL,NULL,NULL,NULL,NULL,NULL,NULL,NULL,NULL,NULL),(496,NULL,1,372,3,19,158,101,NULL,NULL,'Tableta recubierta Linezolid En Caja x blísteres. De 600 mg',NULL,NULL,NULL,'A','admin','2019-11-03 15:21:34',NULL,NULL,NULL,NULL,NULL,NULL,NULL,NULL,NULL,NULL,NULL),(497,NULL,1,373,3,20,210,7,NULL,NULL,'Tableta Litio, carbonato En Caja x ristras/blísteres. De 300 mg',NULL,NULL,NULL,'A','admin','2019-11-03 15:21:34',NULL,NULL,NULL,NULL,NULL,NULL,NULL,NULL,NULL,NULL,NULL),(498,NULL,1,374,3,26,211,73,NULL,NULL,'Cápsula Loperamida En Caja x ristras/blísteres De 2 mg',NULL,NULL,NULL,'A','admin','2019-11-03 15:21:34',NULL,NULL,NULL,NULL,NULL,NULL,NULL,NULL,NULL,NULL,NULL),(499,NULL,1,379,3,20,158,44,NULL,NULL,'Tableta Loratadina En Caja x blísteres. De 10 mg',NULL,NULL,NULL,'A','admin','2019-11-03 15:21:34',NULL,NULL,NULL,NULL,NULL,NULL,NULL,NULL,NULL,NULL,NULL),(500,NULL,1,380,3,19,36,54,NULL,NULL,'Tableta recubierta Losartán En Caja x blísteres/ristras De 50 mg',NULL,NULL,NULL,'A','admin','2019-11-03 15:21:34',NULL,NULL,NULL,NULL,NULL,NULL,NULL,NULL,NULL,NULL,NULL),(501,NULL,1,380,3,19,8,17,NULL,NULL,'Tableta recubierta Losartán En Caja x blísteres De 100 mg',NULL,NULL,NULL,'A','admin','2019-11-03 15:21:34',NULL,NULL,NULL,NULL,NULL,NULL,NULL,NULL,NULL,NULL,NULL),(502,NULL,1,381,3,20,8,17,NULL,NULL,'Tableta Losartán En Caja x blísteres De 100 mg',NULL,NULL,NULL,'A','admin','2019-11-03 15:21:34',NULL,NULL,NULL,NULL,NULL,NULL,NULL,NULL,NULL,NULL,NULL),(503,NULL,1,381,3,20,8,54,NULL,NULL,'Tableta Losartán En Caja x blísteres De 50 mg',NULL,NULL,NULL,'A','admin','2019-11-03 15:21:34',NULL,NULL,NULL,NULL,NULL,NULL,NULL,NULL,NULL,NULL,NULL),(504,NULL,1,383,3,21,33,118,NULL,NULL,'Solución inyectable Magnesio sulfato En Caja x ampollas de 10 mL De 20.00%',NULL,NULL,NULL,'A','admin','2019-11-03 15:21:34',NULL,NULL,NULL,NULL,NULL,NULL,NULL,NULL,NULL,NULL,NULL),(505,NULL,1,385,3,20,8,197,NULL,NULL,'Tableta Medroxiprogesterona + estrógenos equinos conjugados En Caja x blísteres De 2,5 mg + 0,625 mg',NULL,NULL,NULL,'A','admin','2019-11-03 15:21:34',NULL,NULL,NULL,NULL,NULL,NULL,NULL,NULL,NULL,NULL,NULL),(506,NULL,1,388,3,21,73,9,NULL,NULL,'Solución inyectable Mercapto Etiletano Sulfonato de Sodio (Mesna) En Caja x ampollas de 4 mL De 100 mg/mL',NULL,NULL,NULL,'A','admin','2019-11-03 15:21:34',NULL,NULL,NULL,NULL,NULL,NULL,NULL,NULL,NULL,NULL,NULL),(507,NULL,1,392,3,19,36,16,NULL,NULL,'Tableta recubierta Metformina En Caja x blísteres/ristras De 500 mg',NULL,NULL,NULL,'A','admin','2019-11-03 15:21:34',NULL,NULL,NULL,NULL,NULL,NULL,NULL,NULL,NULL,NULL,NULL),(508,NULL,1,392,3,19,36,199,NULL,NULL,'Tableta recubierta Metformina En Caja x blísteres/ristras De 850 mg',NULL,NULL,NULL,'A','admin','2019-11-03 15:21:34',NULL,NULL,NULL,NULL,NULL,NULL,NULL,NULL,NULL,NULL,NULL),(509,NULL,1,392,3,19,8,82,NULL,NULL,'Tableta recubierta Metformina En Caja x blísteres De 1 000 mg',NULL,NULL,NULL,'A','admin','2019-11-03 15:21:34',NULL,NULL,NULL,NULL,NULL,NULL,NULL,NULL,NULL,NULL,NULL),(510,NULL,1,393,3,20,8,199,NULL,NULL,'Tableta Metformina En Caja x blísteres De 850 mg',NULL,NULL,NULL,'A','admin','2019-11-03 15:21:34',NULL,NULL,NULL,NULL,NULL,NULL,NULL,NULL,NULL,NULL,NULL),(511,NULL,1,393,3,20,8,82,NULL,NULL,'Tableta Metformina En Caja x blísteres De 1 000 mg',NULL,NULL,NULL,'A','admin','2019-11-03 15:21:34',NULL,NULL,NULL,NULL,NULL,NULL,NULL,NULL,NULL,NULL,NULL),(512,NULL,1,393,3,20,8,16,NULL,NULL,'Tableta Metformina En Caja x blísteres De 500 mg',NULL,NULL,NULL,'A','admin','2019-11-03 15:21:34',NULL,NULL,NULL,NULL,NULL,NULL,NULL,NULL,NULL,NULL,NULL),(513,NULL,1,394,3,36,8,82,NULL,NULL,'Tableta de liberación prolongada Metformina En Caja x blísteres De 1 000 mg',NULL,NULL,NULL,'A','admin','2019-11-03 15:21:35',NULL,NULL,NULL,NULL,NULL,NULL,NULL,NULL,NULL,NULL,NULL),(514,NULL,1,394,3,36,8,52,NULL,NULL,'Tableta de liberación prolongada Metformina En Caja x blísteres De 750 mg',NULL,NULL,NULL,'A','admin','2019-11-03 15:21:35',NULL,NULL,NULL,NULL,NULL,NULL,NULL,NULL,NULL,NULL,NULL),(515,NULL,1,395,3,19,8,200,NULL,NULL,'Tableta recubierta Metformina + Glibenclamida En Caja x blísteres De 500 mg + 5 mg',NULL,NULL,NULL,'A','admin','2019-11-03 15:21:35',NULL,NULL,NULL,NULL,NULL,NULL,NULL,NULL,NULL,NULL,NULL),(516,NULL,1,396,3,20,8,200,NULL,NULL,'Tableta Metformina + Glibenclamida En Caja x blísteres De 500 mg + 5 mg',NULL,NULL,NULL,'A','admin','2019-11-03 15:21:35',NULL,NULL,NULL,NULL,NULL,NULL,NULL,NULL,NULL,NULL,NULL),(517,NULL,1,396,3,20,8,201,NULL,NULL,'Tableta Metformina + Glibenclamida En Caja x blísteres De 500 mg + 2,5 mg',NULL,NULL,NULL,'A','admin','2019-11-03 15:21:35',NULL,NULL,NULL,NULL,NULL,NULL,NULL,NULL,NULL,NULL,NULL),(518,NULL,1,395,3,19,8,201,NULL,NULL,'Tableta recubierta Metformina + Glibenclamida En Caja x blísteres De 500 mg + 2,5 mg',NULL,NULL,NULL,'A','admin','2019-11-03 15:21:35',NULL,NULL,NULL,NULL,NULL,NULL,NULL,NULL,NULL,NULL,NULL),(519,NULL,1,396,3,20,8,202,NULL,NULL,'Tableta Metformina + Glibenclamida En Caja x blísteres De 250 mg + 1,25 mg',NULL,NULL,NULL,'A','admin','2019-11-03 15:21:35',NULL,NULL,NULL,NULL,NULL,NULL,NULL,NULL,NULL,NULL,NULL),(520,NULL,1,395,3,19,8,202,NULL,NULL,'Tableta recubierta Metformina + Glibenclamida En Caja x blísteres De 250 mg + 1,25 mg',NULL,NULL,NULL,'A','admin','2019-11-03 15:21:35',NULL,NULL,NULL,NULL,NULL,NULL,NULL,NULL,NULL,NULL,NULL),(521,NULL,1,397,3,20,65,8,NULL,NULL,'Tableta Metildopa En Caja x ristras De 250 mg',NULL,NULL,NULL,'A','admin','2019-11-03 15:21:35',NULL,NULL,NULL,NULL,NULL,NULL,NULL,NULL,NULL,NULL,NULL),(522,NULL,1,397,3,20,124,16,NULL,NULL,'Tableta Metildopa En Caja x blíster/ristra De 500 mg',NULL,NULL,NULL,'A','admin','2019-11-03 15:21:35',NULL,NULL,NULL,NULL,NULL,NULL,NULL,NULL,NULL,NULL,NULL),(523,NULL,1,398,3,52,8,189,NULL,NULL,'Gragea Metilergometrina En Caja x blísteres De 0,125 mg',NULL,NULL,NULL,'A','admin','2019-11-03 15:21:35',NULL,NULL,NULL,NULL,NULL,NULL,NULL,NULL,NULL,NULL,NULL),(524,NULL,1,400,3,40,160,145,NULL,NULL,'Suspensión inyectable Metilprednisolona, acetato En Caja x vial/frasco. De 80 mg/mL',NULL,NULL,NULL,'A','admin','2019-11-03 15:21:35',NULL,NULL,NULL,NULL,NULL,NULL,NULL,NULL,NULL,NULL,NULL),(525,NULL,1,403,3,20,8,44,NULL,NULL,'Tableta Metoclopramida En Caja x blísteres De 10 mg',NULL,NULL,NULL,'A','admin','2019-11-03 15:21:35',NULL,NULL,NULL,NULL,NULL,NULL,NULL,NULL,NULL,NULL,NULL),(526,NULL,1,405,3,20,198,149,NULL,NULL,'Tableta Metotrexato En Caja x blísteres/ristras. De 2,5 mg',NULL,NULL,NULL,'A','admin','2019-11-03 15:21:35',NULL,NULL,NULL,NULL,NULL,NULL,NULL,NULL,NULL,NULL,NULL),(527,NULL,1,404,3,24,160,16,NULL,NULL,'Polvo para inyección Metotrexato En Caja x vial/frasco. De 500 mg',NULL,NULL,NULL,'A','admin','2019-11-03 15:21:35',NULL,NULL,NULL,NULL,NULL,NULL,NULL,NULL,NULL,NULL,NULL),(528,NULL,1,407,3,26,158,8,NULL,NULL,'Cápsula Metronidazol En Caja x blísteres. De 250 mg',NULL,NULL,NULL,'A','admin','2019-11-03 15:21:35',NULL,NULL,NULL,NULL,NULL,NULL,NULL,NULL,NULL,NULL,NULL),(529,NULL,1,409,3,20,158,8,NULL,NULL,'Tableta Metronidazol En Caja x blísteres. De 250 mg',NULL,NULL,NULL,'A','admin','2019-11-03 15:21:35',NULL,NULL,NULL,NULL,NULL,NULL,NULL,NULL,NULL,NULL,NULL),(530,NULL,1,409,3,20,158,16,NULL,NULL,'Tableta Metronidazol En Caja x blísteres. De 500 mg',NULL,NULL,NULL,'A','admin','2019-11-03 15:21:35',NULL,NULL,NULL,NULL,NULL,NULL,NULL,NULL,NULL,NULL,NULL),(531,NULL,1,407,3,26,158,16,NULL,NULL,'Cápsula Metronidazol En Caja x blísteres. De 500 mg',NULL,NULL,NULL,'A','admin','2019-11-03 15:21:35',NULL,NULL,NULL,NULL,NULL,NULL,NULL,NULL,NULL,NULL,NULL),(532,NULL,1,412,3,50,8,16,NULL,NULL,'Tableta vaginal Metronidazol En Caja x blísteres De 500 mg',NULL,NULL,NULL,'A','admin','2019-11-03 15:21:35',NULL,NULL,NULL,NULL,NULL,NULL,NULL,NULL,NULL,NULL,NULL),(533,NULL,1,410,3,47,8,82,NULL,NULL,'Óvulo Metronidazol En Caja x blísteres De 1 000 mg',NULL,NULL,NULL,'A','admin','2019-11-03 15:21:36',NULL,NULL,NULL,NULL,NULL,NULL,NULL,NULL,NULL,NULL,NULL),(534,NULL,1,413,3,19,158,204,NULL,NULL,'Tableta recubierta Micofenolato En Caja x blísteres. De 360 mg',NULL,NULL,NULL,'A','admin','2019-11-03 15:21:36',NULL,NULL,NULL,NULL,NULL,NULL,NULL,NULL,NULL,NULL,NULL),(535,NULL,1,414,3,26,158,8,NULL,NULL,'Cápsula Micofenolato En Caja x blísteres. De 250 mg',NULL,NULL,NULL,'A','admin','2019-11-03 15:21:36',NULL,NULL,NULL,NULL,NULL,NULL,NULL,NULL,NULL,NULL,NULL),(536,NULL,1,413,3,19,158,8,NULL,NULL,'Tableta recubierta Micofenolato En Caja x blísteres. De 250 mg',NULL,NULL,NULL,'A','admin','2019-11-03 15:21:36',NULL,NULL,NULL,NULL,NULL,NULL,NULL,NULL,NULL,NULL,NULL),(537,NULL,1,413,3,19,158,16,NULL,NULL,'Tableta recubierta Micofenolato En Caja x blísteres. De 500 mg',NULL,NULL,NULL,'A','admin','2019-11-03 15:21:36',NULL,NULL,NULL,NULL,NULL,NULL,NULL,NULL,NULL,NULL,NULL),(538,NULL,1,413,3,19,158,205,NULL,NULL,'Tableta recubierta Micofenolato En Caja x blísteres. De 180 mg',NULL,NULL,NULL,'A','admin','2019-11-03 15:21:36',NULL,NULL,NULL,NULL,NULL,NULL,NULL,NULL,NULL,NULL,NULL),(539,NULL,1,417,3,24,160,62,NULL,NULL,'Polvo para inyección Mitomicina En Caja x vial/frasco. De 20 mg',NULL,NULL,NULL,'A','admin','2019-11-03 15:21:36',NULL,NULL,NULL,NULL,NULL,NULL,NULL,NULL,NULL,NULL,NULL),(540,NULL,1,420,3,32,17,79,NULL,NULL,'Solución oral Morfina En Caja x frasco De 20 mg/mL',NULL,NULL,NULL,'A','admin','2019-11-03 15:21:36',NULL,NULL,NULL,NULL,NULL,NULL,NULL,NULL,NULL,NULL,NULL),(541,NULL,1,422,3,54,198,44,NULL,NULL,'Cápsula de liberación prolongada Morfina En Caja x blísteres/ristras. De 10 mg',NULL,NULL,NULL,'A','admin','2019-11-03 15:21:36',NULL,NULL,NULL,NULL,NULL,NULL,NULL,NULL,NULL,NULL,NULL),(542,NULL,1,422,3,54,198,114,NULL,NULL,'Cápsula de liberación prolongada Morfina En Caja x blísteres/ristras. De 60 mg',NULL,NULL,NULL,'A','admin','2019-11-03 15:21:36',NULL,NULL,NULL,NULL,NULL,NULL,NULL,NULL,NULL,NULL,NULL),(543,NULL,1,422,3,54,36,206,NULL,NULL,'Cápsula de liberación prolongada Morfina En Caja x blísteres/ristras De 30 mg',NULL,NULL,NULL,'A','admin','2019-11-03 15:21:36',NULL,NULL,NULL,NULL,NULL,NULL,NULL,NULL,NULL,NULL,NULL),(544,NULL,1,423,3,26,17,207,NULL,NULL,'Cápsula Multienzimas (pancreatina: amilasa, lipasa, proteasa) En Caja x Frasco De 150 mg (8 000 UI, 10 000 UI, 600 UI)',NULL,NULL,NULL,'A','admin','2019-11-03 15:21:36',NULL,NULL,NULL,NULL,NULL,NULL,NULL,NULL,NULL,NULL,NULL),(545,NULL,1,424,3,32,190,208,NULL,NULL,'Solución oral Multivitaminas con minerales En Caja x frasco gotero de 10 mL De Según declarado en Registro Sanitario',NULL,NULL,NULL,'A','admin','2019-11-03 15:21:36',NULL,NULL,NULL,NULL,NULL,NULL,NULL,NULL,NULL,NULL,NULL),(546,NULL,1,432,3,20,8,44,NULL,NULL,'Tableta Nifedipina En Caja x blísteres De 10 mg',NULL,NULL,NULL,'A','admin','2019-11-03 15:21:36',NULL,NULL,NULL,NULL,NULL,NULL,NULL,NULL,NULL,NULL,NULL),(547,NULL,1,433,3,19,8,44,NULL,NULL,'Tableta recubierta Nifedipina En Caja x blísteres De 10 mg',NULL,NULL,NULL,'A','admin','2019-11-03 15:21:36',NULL,NULL,NULL,NULL,NULL,NULL,NULL,NULL,NULL,NULL,NULL),(548,NULL,1,434,3,36,8,44,NULL,NULL,'Tableta de liberación prolongada Nifedipina En Caja x blísteres De 10 mg',NULL,NULL,NULL,'A','admin','2019-11-03 15:21:36',NULL,NULL,NULL,NULL,NULL,NULL,NULL,NULL,NULL,NULL,NULL),(549,NULL,1,437,3,26,158,17,NULL,NULL,'Cápsula Nitrofurantoína En Caja x blísteres. De 100 mg',NULL,NULL,NULL,'A','admin','2019-11-03 15:21:36',NULL,NULL,NULL,NULL,NULL,NULL,NULL,NULL,NULL,NULL,NULL),(550,NULL,1,444,3,26,38,62,NULL,NULL,'Cápsula Omeprazol En Caja x blísteres/ristras, Caja x frasco De 20 mg',NULL,NULL,NULL,'A','admin','2019-11-03 15:21:36',NULL,NULL,NULL,NULL,NULL,NULL,NULL,NULL,NULL,NULL,NULL),(551,NULL,1,447,3,19,8,25,NULL,NULL,'Tableta recubierta Ondansetrón En Caja x blísteres De 4 mg',NULL,NULL,NULL,'A','admin','2019-11-03 15:21:36',NULL,NULL,NULL,NULL,NULL,NULL,NULL,NULL,NULL,NULL,NULL),(552,NULL,1,447,3,19,8,213,NULL,NULL,'Tableta recubierta Ondansetrón En Caja x blísteres De 8 mg',NULL,NULL,NULL,'A','admin','2019-11-03 15:21:36',NULL,NULL,NULL,NULL,NULL,NULL,NULL,NULL,NULL,NULL,NULL),(553,NULL,1,448,3,26,8,94,NULL,NULL,'Cápsula Oseltamivir En Caja x blísteres De 75 mg',NULL,NULL,NULL,'A','admin','2019-11-03 15:21:36',NULL,NULL,NULL,NULL,NULL,NULL,NULL,NULL,NULL,NULL,NULL),(554,NULL,1,451,3,36,17,44,NULL,NULL,'Tableta de liberación prolongada Oxicodona En Caja x frasco De 10 mg',NULL,NULL,NULL,'A','admin','2019-11-03 15:21:36',NULL,NULL,NULL,NULL,NULL,NULL,NULL,NULL,NULL,NULL,NULL),(555,NULL,1,451,3,36,17,143,NULL,NULL,'Tableta de liberación prolongada Oxicodona En Caja x frasco De 40 mg',NULL,NULL,NULL,'A','admin','2019-11-03 15:21:36',NULL,NULL,NULL,NULL,NULL,NULL,NULL,NULL,NULL,NULL,NULL),(556,NULL,1,451,3,36,17,62,NULL,NULL,'Tableta de liberación prolongada Oxicodona En Caja x frasco De 20 mg',NULL,NULL,NULL,'A','admin','2019-11-03 15:21:36',NULL,NULL,NULL,NULL,NULL,NULL,NULL,NULL,NULL,NULL,NULL),(557,NULL,1,453,3,21,50,215,NULL,NULL,'Solución inyectable Oxitocina En Caja x ampollas de 1 ml De 10 UI/mL',NULL,NULL,NULL,'A','admin','2019-11-03 15:21:36',NULL,NULL,NULL,NULL,NULL,NULL,NULL,NULL,NULL,NULL,NULL),(558,NULL,1,457,3,58,36,17,NULL,NULL,'Supositorio Paracetamol En Caja x blísteres/ristras De 100 mg',NULL,NULL,NULL,'A','admin','2019-11-03 15:21:36',NULL,NULL,NULL,NULL,NULL,NULL,NULL,NULL,NULL,NULL,NULL),(559,NULL,1,459,3,20,88,16,NULL,NULL,'Tableta Paracetamol En Caja x ristras, Caja x blísteres De 500 mg',NULL,NULL,NULL,'A','admin','2019-11-03 15:21:37',NULL,NULL,NULL,NULL,NULL,NULL,NULL,NULL,NULL,NULL,NULL),(560,NULL,1,463,3,20,210,102,NULL,NULL,'Tableta Penicilamina En Caja x ristras/blísteres. De 125 mg',NULL,NULL,NULL,'A','admin','2019-11-03 15:21:37',NULL,NULL,NULL,NULL,NULL,NULL,NULL,NULL,NULL,NULL,NULL),(561,NULL,1,463,3,20,210,8,NULL,NULL,'Tableta Penicilamina En Caja x ristras/blísteres. De 250 mg',NULL,NULL,NULL,'A','admin','2019-11-03 15:21:37',NULL,NULL,NULL,NULL,NULL,NULL,NULL,NULL,NULL,NULL,NULL),(562,NULL,1,467,3,43,17,37,NULL,NULL,'Loción Peróxido de benzoilo En Caja x frasco De 5.00%',NULL,NULL,NULL,'A','admin','2019-11-03 15:21:37',NULL,NULL,NULL,NULL,NULL,NULL,NULL,NULL,NULL,NULL,NULL),(563,NULL,1,467,3,43,17,40,NULL,NULL,'Loción Peróxido de benzoilo En Caja x frasco De 10.00%',NULL,NULL,NULL,'A','admin','2019-11-03 15:21:37',NULL,NULL,NULL,NULL,NULL,NULL,NULL,NULL,NULL,NULL,NULL),(564,NULL,1,469,3,20,36,16,NULL,NULL,'Tableta Pirazinamida En Caja x blísteres/ristras De 500 mg',NULL,NULL,NULL,'A','admin','2019-11-03 15:21:37',NULL,NULL,NULL,NULL,NULL,NULL,NULL,NULL,NULL,NULL,NULL),(565,NULL,1,470,3,20,17,114,NULL,NULL,'Tableta Piridostigmina En Caja x frasco De 60 mg',NULL,NULL,NULL,'A','admin','2019-11-03 15:21:37',NULL,NULL,NULL,NULL,NULL,NULL,NULL,NULL,NULL,NULL,NULL),(566,NULL,1,474,3,21,33,222,NULL,NULL,'Solución inyectable Potasio cloruro En Caja x ampollas de 10 mL De 2 mEq/mL (14,9 %)',NULL,NULL,NULL,'A','admin','2019-11-03 15:21:37',NULL,NULL,NULL,NULL,NULL,NULL,NULL,NULL,NULL,NULL,NULL),(567,NULL,1,476,3,20,8,19,NULL,NULL,'Tableta Prednisolona En Caja x blísteres De 5 mg',NULL,NULL,NULL,'A','admin','2019-11-03 15:21:37',NULL,NULL,NULL,NULL,NULL,NULL,NULL,NULL,NULL,NULL,NULL),(568,NULL,1,477,3,19,8,62,NULL,NULL,'Tableta recubierta Prednisona En Caja x blísteres De 20 mg',NULL,NULL,NULL,'A','admin','2019-11-03 15:21:37',NULL,NULL,NULL,NULL,NULL,NULL,NULL,NULL,NULL,NULL,NULL),(569,NULL,1,477,3,19,8,19,NULL,NULL,'Tableta recubierta Prednisona En Caja x blísteres De 5 mg',NULL,NULL,NULL,'A','admin','2019-11-03 15:21:37',NULL,NULL,NULL,NULL,NULL,NULL,NULL,NULL,NULL,NULL,NULL),(570,NULL,1,478,3,20,8,62,NULL,NULL,'Tableta Prednisona En Caja x blísteres De 20 mg',NULL,NULL,NULL,'A','admin','2019-11-03 15:21:37',NULL,NULL,NULL,NULL,NULL,NULL,NULL,NULL,NULL,NULL,NULL),(571,NULL,1,479,3,20,8,179,NULL,NULL,'Tableta Primaquina En Caja x blísteres De 7,5 mg',NULL,NULL,NULL,'A','admin','2019-11-03 15:21:37',NULL,NULL,NULL,NULL,NULL,NULL,NULL,NULL,NULL,NULL,NULL),(572,NULL,1,479,3,20,8,141,NULL,NULL,'Tableta Primaquina En Caja x blísteres De 15 mg',NULL,NULL,NULL,'A','admin','2019-11-03 15:21:37',NULL,NULL,NULL,NULL,NULL,NULL,NULL,NULL,NULL,NULL,NULL),(573,NULL,1,485,3,26,8,17,NULL,NULL,'Cápsula Progesterona En Caja x blísteres De 100 mg',NULL,NULL,NULL,'A','admin','2019-11-03 15:21:37',NULL,NULL,NULL,NULL,NULL,NULL,NULL,NULL,NULL,NULL,NULL),(574,NULL,1,487,3,20,7,143,NULL,NULL,'Tableta Propranolol En Caja x 1 frasco, Caja x blísteres De 40 mg',NULL,NULL,NULL,'A','admin','2019-11-03 15:21:37',NULL,NULL,NULL,NULL,NULL,NULL,NULL,NULL,NULL,NULL,NULL),(575,NULL,1,487,3,20,7,44,NULL,NULL,'Tableta Propranolol En Caja x 1 frasco, Caja x blisteres De 10 mg',NULL,NULL,NULL,'A','admin','2019-11-03 15:21:37',NULL,NULL,NULL,NULL,NULL,NULL,NULL,NULL,NULL,NULL,NULL),(576,NULL,1,487,3,20,7,228,NULL,NULL,'Tableta Propranolol En Caja x 1 frasco, Caja x blísteres De 80 mg',NULL,NULL,NULL,'A','admin','2019-11-03 15:21:37',NULL,NULL,NULL,NULL,NULL,NULL,NULL,NULL,NULL,NULL,NULL),(577,NULL,1,489,3,19,8,45,NULL,NULL,'Tableta recubierta Quetiapina En Caja x blísteres De 25 mg',NULL,NULL,NULL,'A','admin','2019-11-03 15:21:37',NULL,NULL,NULL,NULL,NULL,NULL,NULL,NULL,NULL,NULL,NULL),(578,NULL,1,489,3,19,8,17,NULL,NULL,'Tableta recubierta Quetiapina En Caja x blísteres De 100 mg',NULL,NULL,NULL,'A','admin','2019-11-03 15:21:37',NULL,NULL,NULL,NULL,NULL,NULL,NULL,NULL,NULL,NULL,NULL),(579,NULL,1,489,3,19,8,12,NULL,NULL,'Tableta recubierta Quetiapina En Caja x blísteres De 200 mg',NULL,NULL,NULL,'A','admin','2019-11-03 15:21:37',NULL,NULL,NULL,NULL,NULL,NULL,NULL,NULL,NULL,NULL,NULL),(580,NULL,1,494,3,24,163,73,NULL,NULL,'Polvo para inyección Remifentanilo En Caja x frascos/viales. De 2 mg',NULL,NULL,NULL,'A','admin','2019-11-03 15:21:37',NULL,NULL,NULL,NULL,NULL,NULL,NULL,NULL,NULL,NULL,NULL),(581,NULL,1,494,3,24,163,19,NULL,NULL,'Polvo para inyección Remifentanilo En Caja x frascos/viales. De 5 mg',NULL,NULL,NULL,'A','admin','2019-11-03 15:21:37',NULL,NULL,NULL,NULL,NULL,NULL,NULL,NULL,NULL,NULL,NULL),(582,NULL,1,495,3,26,8,230,NULL,NULL,'Cápsula Retinol (Vitamina A) En Caja x blísteres De 50 000 UI',NULL,NULL,NULL,'A','admin','2019-11-03 15:21:37',NULL,NULL,NULL,NULL,NULL,NULL,NULL,NULL,NULL,NULL,NULL),(583,NULL,1,497,3,26,8,7,NULL,NULL,'Cápsula Rifampicina En Caja x blísteres De 300 mg',NULL,NULL,NULL,'A','admin','2019-11-03 15:21:37',NULL,NULL,NULL,NULL,NULL,NULL,NULL,NULL,NULL,NULL,NULL),(584,NULL,1,498,3,19,158,231,NULL,NULL,'Tableta recubierta Rifampicina + Isoniazida En Caja x blísteres. De 300 mg + 150 mg',NULL,NULL,NULL,'A','admin','2019-11-03 15:21:38',NULL,NULL,NULL,NULL,NULL,NULL,NULL,NULL,NULL,NULL,NULL),(585,NULL,1,499,3,26,8,231,NULL,NULL,'Cápsula Rifampicina + Isoniazida En Caja x blísteres De 300 mg + 150 mg',NULL,NULL,NULL,'A','admin','2019-11-03 15:21:38',NULL,NULL,NULL,NULL,NULL,NULL,NULL,NULL,NULL,NULL,NULL),(586,NULL,1,500,3,19,8,232,NULL,NULL,'Tableta recubierta Rifampicina+Pirazinamida+Etambutol+Isoniazida En Caja x blísteres De 150 mg + 400 mg + 275 mg + 75 mg',NULL,NULL,NULL,'A','admin','2019-11-03 15:21:38',NULL,NULL,NULL,NULL,NULL,NULL,NULL,NULL,NULL,NULL,NULL),(587,NULL,1,504,3,20,8,20,NULL,NULL,'Tableta Risperidona En Caja x blísteres De 1 mg',NULL,NULL,NULL,'A','admin','2019-11-03 15:21:38',NULL,NULL,NULL,NULL,NULL,NULL,NULL,NULL,NULL,NULL,NULL),(588,NULL,1,506,3,26,28,17,NULL,NULL,'Cápsula Ritonavir En Caja x frascos De 100 mg',NULL,NULL,NULL,'A','admin','2019-11-03 15:21:38',NULL,NULL,NULL,NULL,NULL,NULL,NULL,NULL,NULL,NULL,NULL),(589,NULL,1,511,3,21,18,32,NULL,NULL,'Solución inyectable Sales de Hierro (Sacarato de óxido férrico) En Caja x ampollas de 5 mL De 100 mg/5 mL',NULL,NULL,NULL,'A','admin','2019-11-03 15:21:38',NULL,NULL,NULL,NULL,NULL,NULL,NULL,NULL,NULL,NULL,NULL),(590,NULL,1,512,3,52,84,54,NULL,NULL,'Gragea Sales de hierro (Sulfato ferroso) En Frasco De 50 mg',NULL,NULL,NULL,'A','admin','2019-11-03 15:21:38',NULL,NULL,NULL,NULL,NULL,NULL,NULL,NULL,NULL,NULL,NULL),(591,NULL,1,514,3,57,157,31,NULL,NULL,'Polvo Sales de Rehidratación Oral En Caja x sobres De ___',NULL,NULL,NULL,'A','admin','2019-11-03 15:21:38',NULL,NULL,NULL,NULL,NULL,NULL,NULL,NULL,NULL,NULL,NULL),(592,NULL,1,516,3,20,8,19,NULL,NULL,'Tableta Selegilina En Caja x blísteres De 5 mg',NULL,NULL,NULL,'A','admin','2019-11-03 15:21:38',NULL,NULL,NULL,NULL,NULL,NULL,NULL,NULL,NULL,NULL,NULL),(593,NULL,1,517,3,20,8,54,NULL,NULL,'Tableta Sertralina En Caja x blísteres De 50 mg',NULL,NULL,NULL,'A','admin','2019-11-03 15:21:38',NULL,NULL,NULL,NULL,NULL,NULL,NULL,NULL,NULL,NULL,NULL),(594,NULL,1,518,3,26,158,54,NULL,NULL,'Cápsula Sertralina En Caja x blísteres. De 50 mg',NULL,NULL,NULL,'A','admin','2019-11-03 15:21:38',NULL,NULL,NULL,NULL,NULL,NULL,NULL,NULL,NULL,NULL,NULL),(595,NULL,1,517,3,20,8,17,NULL,NULL,'Tableta Sertralina En Caja x blísteres De 100 mg',NULL,NULL,NULL,'A','admin','2019-11-03 15:21:38',NULL,NULL,NULL,NULL,NULL,NULL,NULL,NULL,NULL,NULL,NULL),(596,NULL,1,520,3,20,8,62,NULL,NULL,'Tableta Simvastatina En Caja x blísteres De 20 mg',NULL,NULL,NULL,'A','admin','2019-11-03 15:21:38',NULL,NULL,NULL,NULL,NULL,NULL,NULL,NULL,NULL,NULL,NULL),(597,NULL,1,521,3,19,8,143,NULL,NULL,'Tableta recubierta Simvastatina En Caja x blísteres De 40 mg',NULL,NULL,NULL,'A','admin','2019-11-03 15:21:38',NULL,NULL,NULL,NULL,NULL,NULL,NULL,NULL,NULL,NULL,NULL),(598,NULL,1,522,3,52,8,20,NULL,NULL,'Gragea Sirolimus En Caja x blísteres De 1 mg',NULL,NULL,NULL,'A','admin','2019-11-03 15:21:38',NULL,NULL,NULL,NULL,NULL,NULL,NULL,NULL,NULL,NULL,NULL),(599,NULL,1,523,3,21,33,235,NULL,NULL,'Solución inyectable Sodio bicarbonato En Caja x ampollas de 10 mL De 1 mEq/mL (8,4 %)',NULL,NULL,NULL,'A','admin','2019-11-03 15:21:38',NULL,NULL,NULL,NULL,NULL,NULL,NULL,NULL,NULL,NULL,NULL),(600,NULL,1,524,3,21,33,236,NULL,NULL,'Solución inyectable Sodio Cloruro En Caja x ampollas de 10 mL De 3,4 mEq/mL (20 %)',NULL,NULL,NULL,'A','admin','2019-11-03 15:21:38',NULL,NULL,NULL,NULL,NULL,NULL,NULL,NULL,NULL,NULL,NULL),(601,NULL,1,528,3,20,139,16,NULL,NULL,'Tableta Sulfadiazina En Caja x blíster/blísteres. De 500 mg',NULL,NULL,NULL,'A','admin','2019-11-03 15:21:38',NULL,NULL,NULL,NULL,NULL,NULL,NULL,NULL,NULL,NULL,NULL),(602,NULL,1,531,3,32,17,89,NULL,NULL,'Solución oral Sulfato de Zinc En Caja x frasco De 2 mg/mL',NULL,NULL,NULL,'A','admin','2019-11-03 15:21:38',NULL,NULL,NULL,NULL,NULL,NULL,NULL,NULL,NULL,NULL,NULL),(603,NULL,1,532,3,26,7,85,NULL,NULL,'Cápsula Sunitinib En Caja x 1 frasco, Caja x blísteres De 12,5 mg',NULL,NULL,NULL,'A','admin','2019-11-03 15:21:38',NULL,NULL,NULL,NULL,NULL,NULL,NULL,NULL,NULL,NULL,NULL),(604,NULL,1,532,3,26,7,45,NULL,NULL,'Cápsula Sunitinib En Caja x 1 frasco, Caja x blísteres De 25 mg',NULL,NULL,NULL,'A','admin','2019-11-03 15:21:38',NULL,NULL,NULL,NULL,NULL,NULL,NULL,NULL,NULL,NULL,NULL),(605,NULL,1,532,3,26,7,54,NULL,NULL,'Cápsula Sunitinib En Caja x 1 frasco, Caja x blísteres De 50 mg',NULL,NULL,NULL,'A','admin','2019-11-03 15:21:38',NULL,NULL,NULL,NULL,NULL,NULL,NULL,NULL,NULL,NULL,NULL),(606,NULL,1,535,3,20,8,44,NULL,NULL,'Tableta Tamoxifeno En Caja x blísteres De 10 mg',NULL,NULL,NULL,'A','admin','2019-11-03 15:21:38',NULL,NULL,NULL,NULL,NULL,NULL,NULL,NULL,NULL,NULL,NULL),(607,NULL,1,535,3,20,15,62,NULL,NULL,'Tableta Tamoxifeno En Caja x blísteres, Caja x frasco De 20 mg',NULL,NULL,NULL,'A','admin','2019-11-03 15:21:38',NULL,NULL,NULL,NULL,NULL,NULL,NULL,NULL,NULL,NULL,NULL),(608,NULL,1,536,3,26,8,243,NULL,NULL,'Cápsula Tamsulosina En Caja x blísteres De 0,4 mg',NULL,NULL,NULL,'A','admin','2019-11-03 15:21:38',NULL,NULL,NULL,NULL,NULL,NULL,NULL,NULL,NULL,NULL,NULL),(609,NULL,1,537,3,54,8,243,NULL,NULL,'Cápsula de liberación prolongada Tamsulosina En Caja x blísteres De 0,4 mg',NULL,NULL,NULL,'A','admin','2019-11-03 15:21:39',NULL,NULL,NULL,NULL,NULL,NULL,NULL,NULL,NULL,NULL,NULL),(610,NULL,1,538,3,36,8,243,NULL,NULL,'Tableta de liberación prolongada Tamsulosina En Caja x blísteres De 0,4 mg',NULL,NULL,NULL,'A','admin','2019-11-03 15:21:39',NULL,NULL,NULL,NULL,NULL,NULL,NULL,NULL,NULL,NULL,NULL),(611,NULL,1,546,3,20,8,19,NULL,NULL,'Tableta Tiamazol (Metimazol) En Caja x blísteres De 5 mg',NULL,NULL,NULL,'A','admin','2019-11-03 15:21:39',NULL,NULL,NULL,NULL,NULL,NULL,NULL,NULL,NULL,NULL,NULL),(612,NULL,1,550,3,20,36,82,NULL,NULL,'Tableta Tinidazol En Caja x blísteres/ristras De 1 000 mg',NULL,NULL,NULL,'A','admin','2019-11-03 15:21:39',NULL,NULL,NULL,NULL,NULL,NULL,NULL,NULL,NULL,NULL,NULL),(613,NULL,1,551,3,70,8,58,NULL,NULL,'Cápsula vaginal Tinidazol En Caja x blísteres De 150 mg',NULL,NULL,NULL,'A','admin','2019-11-03 15:21:39',NULL,NULL,NULL,NULL,NULL,NULL,NULL,NULL,NULL,NULL,NULL),(614,NULL,1,552,3,47,65,58,NULL,NULL,'Óvulo Tinidazol En Caja x ristras De 150 mg',NULL,NULL,NULL,'A','admin','2019-11-03 15:21:39',NULL,NULL,NULL,NULL,NULL,NULL,NULL,NULL,NULL,NULL,NULL),(615,NULL,1,553,3,20,65,143,NULL,NULL,'Tableta Tioguanina En Caja x ristras De 40 mg',NULL,NULL,NULL,'A','admin','2019-11-03 15:21:39',NULL,NULL,NULL,NULL,NULL,NULL,NULL,NULL,NULL,NULL,NULL),(616,NULL,1,562,3,24,169,250,NULL,NULL,'Polvo para inyección Toxina botulínica En Caja x 1 frasco/vial. De 500 U',NULL,NULL,NULL,'A','admin','2019-11-03 15:21:39',NULL,NULL,NULL,NULL,NULL,NULL,NULL,NULL,NULL,NULL,NULL),(617,NULL,1,567,3,19,8,54,NULL,NULL,'Tableta recubierta Tramadol En Caja x blísteres De 50 mg',NULL,NULL,NULL,'A','admin','2019-11-03 15:21:39',NULL,NULL,NULL,NULL,NULL,NULL,NULL,NULL,NULL,NULL,NULL),(618,NULL,1,568,3,36,8,54,NULL,NULL,'Tableta de liberación prolongada Tramadol En Caja x blísteres De 50 mg',NULL,NULL,NULL,'A','admin','2019-11-03 15:21:39',NULL,NULL,NULL,NULL,NULL,NULL,NULL,NULL,NULL,NULL,NULL),(619,NULL,1,569,3,26,8,54,NULL,NULL,'Cápsula Tramadol En Caja x blísteres De 50 mg',NULL,NULL,NULL,'A','admin','2019-11-03 15:21:39',NULL,NULL,NULL,NULL,NULL,NULL,NULL,NULL,NULL,NULL,NULL),(620,NULL,1,587,3,20,28,83,NULL,NULL,'Tableta Valganciclovir En Caja x frascos De 450 mg',NULL,NULL,NULL,'A','admin','2019-11-03 15:21:39',NULL,NULL,NULL,NULL,NULL,NULL,NULL,NULL,NULL,NULL,NULL),(621,NULL,1,588,3,19,28,83,NULL,NULL,'Tableta recubierta Valganciclovir En Caja x frascos De 450 mg',NULL,NULL,NULL,'A','admin','2019-11-03 15:21:39',NULL,NULL,NULL,NULL,NULL,NULL,NULL,NULL,NULL,NULL,NULL),(622,NULL,1,594,3,19,8,12,NULL,NULL,'Tableta recubierta Voriconazol En Caja x blísteres De 200 mg',NULL,NULL,NULL,'A','admin','2019-11-03 15:21:39',NULL,NULL,NULL,NULL,NULL,NULL,NULL,NULL,NULL,NULL,NULL),(623,NULL,1,595,3,20,8,19,NULL,NULL,'Tableta Warfarina En Caja x blísteres De 5 mg',NULL,NULL,NULL,'A','admin','2019-11-03 15:21:39',NULL,NULL,NULL,NULL,NULL,NULL,NULL,NULL,NULL,NULL,NULL),(624,NULL,1,597,3,26,28,17,NULL,NULL,'Cápsula Zidovudina En Caja x frascos De 100 mg',NULL,NULL,NULL,'A','admin','2019-11-03 15:21:39',NULL,NULL,NULL,NULL,NULL,NULL,NULL,NULL,NULL,NULL,NULL),(625,NULL,1,600,3,19,17,231,NULL,NULL,'Tableta recubierta Zidovudina + Lamivudina En Caja x frasco De 300 mg + 150 mg',NULL,NULL,NULL,'A','admin','2019-11-03 15:21:39',NULL,NULL,NULL,NULL,NULL,NULL,NULL,NULL,NULL,NULL,NULL),(626,NULL,1,75,3,26,8,8,NULL,NULL,'Cápsula Azitromicina En Caja x blísteres De 250 mg',NULL,NULL,NULL,'A','admin','2019-11-03 15:21:39',NULL,NULL,NULL,NULL,NULL,NULL,NULL,NULL,NULL,NULL,NULL),(627,NULL,1,78,3,24,127,44,NULL,NULL,'Polvo para inyección Basiliximab En Caja x vial + disolvente De 10 mg',NULL,NULL,NULL,'A','admin','2019-11-03 15:21:39',NULL,NULL,NULL,NULL,NULL,NULL,NULL,NULL,NULL,NULL,NULL),(628,NULL,1,603,3,26,158,44,NULL,NULL,'Cápsula Miltefosina En Caja x blísteres. De 10 mg',NULL,NULL,NULL,'A','admin','2019-11-03 15:21:39',NULL,NULL,NULL,NULL,NULL,NULL,NULL,NULL,NULL,NULL,NULL),(629,NULL,1,603,3,26,158,54,NULL,NULL,'Cápsula Miltefosina En Caja x blísteres. De 50 mg',NULL,NULL,NULL,'A','admin','2019-11-03 15:21:39',NULL,NULL,NULL,NULL,NULL,NULL,NULL,NULL,NULL,NULL,NULL),(630,NULL,1,82,3,20,8,17,NULL,NULL,'Tableta Benznidazol En Caja x blísteres De 100 mg',NULL,NULL,NULL,'A','admin','2019-11-03 15:21:39',NULL,NULL,NULL,NULL,NULL,NULL,NULL,NULL,NULL,NULL,NULL),(631,NULL,1,604,3,20,36,44,NULL,NULL,'Tableta Morfina En Caja x blísteres/ristras De 10 mg',NULL,NULL,NULL,'A','admin','2019-11-03 15:21:39',NULL,NULL,NULL,NULL,NULL,NULL,NULL,NULL,NULL,NULL,NULL),(632,NULL,1,420,3,32,17,89,NULL,NULL,'Solución oral Morfina En Caja x frasco De 2 mg/mL',NULL,NULL,NULL,'A','admin','2019-11-03 15:21:39',NULL,NULL,NULL,NULL,NULL,NULL,NULL,NULL,NULL,NULL,NULL),(633,NULL,1,89,3,20,8,25,NULL,NULL,'Tableta Biperideno En Caja x blísteres De 4 mg',NULL,NULL,NULL,'A','admin','2019-11-03 15:21:39',NULL,NULL,NULL,NULL,NULL,NULL,NULL,NULL,NULL,NULL,NULL),(634,NULL,1,605,3,54,158,17,NULL,NULL,'Cápsula de liberación prolongada Nitrofurantoína En Caja x blísteres. De 100 mg',NULL,NULL,NULL,'A','admin','2019-11-03 15:21:39',NULL,NULL,NULL,NULL,NULL,NULL,NULL,NULL,NULL,NULL,NULL),(635,NULL,1,606,3,39,157,96,NULL,NULL,'Polvo para suspensión Omeprazol En Caja x sobres De 10 mg/5 mL',NULL,NULL,NULL,'A','admin','2019-11-03 15:21:40',NULL,NULL,NULL,NULL,NULL,NULL,NULL,NULL,NULL,NULL,NULL),(636,NULL,1,610,3,19,8,45,NULL,NULL,'Tableta recubierta Carvedilol En Caja x blísteres De 25 mg',NULL,NULL,NULL,'A','admin','2019-11-03 15:21:40',NULL,NULL,NULL,NULL,NULL,NULL,NULL,NULL,NULL,NULL,NULL),(637,NULL,1,613,3,20,84,17,NULL,NULL,'Tableta Piridoxina (Vitamina B6) En Frasco De 100 mg',NULL,NULL,NULL,'A','admin','2019-11-03 15:21:40',NULL,NULL,NULL,NULL,NULL,NULL,NULL,NULL,NULL,NULL,NULL),(638,NULL,1,615,3,21,18,257,NULL,NULL,'Solución inyectable Ciclosporina En Caja x ampollas de 5 mL De 50 mg/mL.',NULL,NULL,NULL,'A','admin','2019-11-03 15:21:40',NULL,NULL,NULL,NULL,NULL,NULL,NULL,NULL,NULL,NULL,NULL),(639,NULL,1,617,3,20,8,101,NULL,NULL,'Tableta Praziquantel En Caja x blísteres De 600 mg',NULL,NULL,NULL,'A','admin','2019-11-03 15:21:40',NULL,NULL,NULL,NULL,NULL,NULL,NULL,NULL,NULL,NULL,NULL),(640,NULL,1,130,3,24,11,54,NULL,NULL,'Polvo para inyección Cisplatino En Caja x viales De 50 mg',NULL,NULL,NULL,'A','admin','2019-11-03 15:21:40',NULL,NULL,NULL,NULL,NULL,NULL,NULL,NULL,NULL,NULL,NULL),(641,NULL,1,618,3,21,200,59,NULL,NULL,'Solución inyectable Propranolol En Caja x ampolla De 1 mg/mL',NULL,NULL,NULL,'A','admin','2019-11-03 15:21:40',NULL,NULL,NULL,NULL,NULL,NULL,NULL,NULL,NULL,NULL,NULL),(642,NULL,1,489,3,19,8,7,NULL,NULL,'Tableta recubierta Quetiapina En Caja x blísteres De 300 mg',NULL,NULL,NULL,'A','admin','2019-11-03 15:21:40',NULL,NULL,NULL,NULL,NULL,NULL,NULL,NULL,NULL,NULL,NULL),(643,NULL,1,145,3,41,67,246,NULL,NULL,'Solución oftálmica Cloranfenicol En Caja x frasco gotero de 5 mL De 0,0025',NULL,NULL,NULL,'A','admin','2019-11-03 15:21:40',NULL,NULL,NULL,NULL,NULL,NULL,NULL,NULL,NULL,NULL,NULL),(644,NULL,1,498,3,19,8,258,NULL,NULL,'Tableta recubierta Rifampicina + Isoniazida En Caja x blísteres De 150 mg + 75 mg',NULL,NULL,NULL,'A','admin','2019-11-03 15:21:40',NULL,NULL,NULL,NULL,NULL,NULL,NULL,NULL,NULL,NULL,NULL),(645,NULL,1,621,3,20,139,259,NULL,NULL,'Tableta Rifampicina + Isoniazida En Caja x blíster/blísteres. De 150 mg + 150 mg',NULL,NULL,NULL,'A','admin','2019-11-03 15:21:40',NULL,NULL,NULL,NULL,NULL,NULL,NULL,NULL,NULL,NULL,NULL),(646,NULL,1,622,3,52,158,260,NULL,NULL,'Gragea Rifampicina+ Pirazinamida+Isoniazida En Caja x blísteres. De 150 mg + 400 mg + 75 mg',NULL,NULL,NULL,'A','admin','2019-11-03 15:21:40',NULL,NULL,NULL,NULL,NULL,NULL,NULL,NULL,NULL,NULL,NULL),(647,NULL,1,622,3,52,158,261,NULL,NULL,'Gragea Rifampicina+ Pirazinamida+Isoniazida En Caja x blísteres. De 120 mg + 300 mg + 60 mg',NULL,NULL,NULL,'A','admin','2019-11-03 15:21:40',NULL,NULL,NULL,NULL,NULL,NULL,NULL,NULL,NULL,NULL,NULL),(648,NULL,1,504,3,20,8,73,NULL,NULL,'Tableta Risperidona En Caja x blísteres De 2 mg',NULL,NULL,NULL,'A','admin','2019-11-03 15:21:40',NULL,NULL,NULL,NULL,NULL,NULL,NULL,NULL,NULL,NULL,NULL),(649,NULL,1,623,3,20,8,262,NULL,NULL,'Tableta Sales de Hierro + Ácido Fólico En Caja x blísteres De 60 mg + 400 mcg',NULL,NULL,NULL,'A','admin','2019-11-03 15:21:40',NULL,NULL,NULL,NULL,NULL,NULL,NULL,NULL,NULL,NULL,NULL),(650,NULL,1,515,3,19,17,12,NULL,NULL,'Tableta recubierta Saquinavir En Caja x frasco De 200 mg',NULL,NULL,NULL,'A','admin','2019-11-03 15:21:40',NULL,NULL,NULL,NULL,NULL,NULL,NULL,NULL,NULL,NULL,NULL),(651,NULL,1,624,3,19,36,17,NULL,NULL,'Tableta recubierta Sertralina En Caja x blísteres/ristras De 100 mg',NULL,NULL,NULL,'A','admin','2019-11-03 15:21:40',NULL,NULL,NULL,NULL,NULL,NULL,NULL,NULL,NULL,NULL,NULL),(652,NULL,1,625,3,19,84,16,NULL,NULL,'Tableta recubierta Sulfasalazina En Frasco De 500 mg',NULL,NULL,NULL,'A','admin','2019-11-03 15:21:40',NULL,NULL,NULL,NULL,NULL,NULL,NULL,NULL,NULL,NULL,NULL),(653,NULL,1,626,3,19,79,7,NULL,NULL,'Tableta recubierta Gabapentina En Caja x blíster/blísteres De 300 mg',NULL,NULL,NULL,'A','admin','2019-11-03 15:21:40',NULL,NULL,NULL,NULL,NULL,NULL,NULL,NULL,NULL,NULL,NULL),(654,NULL,1,168,3,24,89,17,NULL,NULL,'Polvo para inyección Dacarbazina En Caja x vial/viales De 100 mg',NULL,NULL,NULL,'A','admin','2019-11-03 15:21:40',NULL,NULL,NULL,NULL,NULL,NULL,NULL,NULL,NULL,NULL,NULL),(655,NULL,1,627,3,20,8,17,NULL,NULL,'Tableta Dapsona En Caja x blísteres De 100 mg',NULL,NULL,NULL,'A','admin','2019-11-03 15:21:40',NULL,NULL,NULL,NULL,NULL,NULL,NULL,NULL,NULL,NULL,NULL),(656,NULL,1,628,3,56,29,62,NULL,NULL,'Polvo inyectable Daunorubicina En Caja x vial De 20 mg',NULL,NULL,NULL,'A','admin','2019-11-03 15:21:40',NULL,NULL,NULL,NULL,NULL,NULL,NULL,NULL,NULL,NULL,NULL),(657,NULL,1,629,3,20,79,25,NULL,NULL,'Tableta Dexametasona En Caja x blíster/blísteres De 4 mg',NULL,NULL,NULL,'A','admin','2019-11-03 15:21:40',NULL,NULL,NULL,NULL,NULL,NULL,NULL,NULL,NULL,NULL,NULL),(658,NULL,1,629,3,20,79,213,NULL,NULL,'Tableta Dexametasona En Caja x blíster/blísteres De 8 mg',NULL,NULL,NULL,'A','admin','2019-11-03 15:21:41',NULL,NULL,NULL,NULL,NULL,NULL,NULL,NULL,NULL,NULL,NULL),(659,NULL,1,630,3,33,17,263,NULL,NULL,'Jarabe Diazepam En Caja x frasco De 2 mg/5 mL',NULL,NULL,NULL,'A','admin','2019-11-03 15:21:41',NULL,NULL,NULL,NULL,NULL,NULL,NULL,NULL,NULL,NULL,NULL),(660,NULL,1,631,3,40,89,57,NULL,NULL,'Suspensión inyectable Antitoxina difterica En Caja x vial/viales De 10 000 UI',NULL,NULL,NULL,'A','admin','2019-11-03 15:21:41',NULL,NULL,NULL,NULL,NULL,NULL,NULL,NULL,NULL,NULL,NULL),(661,NULL,1,632,3,19,8,17,NULL,NULL,'Tableta recubierta Talidomida En Caja x blísteres De 100 mg',NULL,NULL,NULL,'A','admin','2019-11-03 15:21:41',NULL,NULL,NULL,NULL,NULL,NULL,NULL,NULL,NULL,NULL,NULL),(662,NULL,1,633,3,19,8,8,NULL,NULL,'Tableta recubierta Terbinafina En Caja x blísteres De 250 mg',NULL,NULL,NULL,'A','admin','2019-11-03 15:21:41',NULL,NULL,NULL,NULL,NULL,NULL,NULL,NULL,NULL,NULL,NULL),(663,NULL,1,634,3,46,79,19,NULL,NULL,'Tableta sublingual Dinitrato de isosorbida En Caja x blíster/blísteres De 5 mg',NULL,NULL,NULL,'A','admin','2019-11-03 15:21:41',NULL,NULL,NULL,NULL,NULL,NULL,NULL,NULL,NULL,NULL,NULL),(664,NULL,1,635,3,19,8,185,NULL,NULL,'Tableta recubierta Levonorgestrel En Caja x blísteres De 0,030 mg',NULL,NULL,NULL,'A','admin','2019-11-03 15:21:41',NULL,NULL,NULL,NULL,NULL,NULL,NULL,NULL,NULL,NULL,NULL),(665,NULL,1,636,3,19,8,25,NULL,NULL,'Tableta recubierta Doxazocina En Caja x blísteres De 4 mg',NULL,NULL,NULL,'A','admin','2019-11-03 15:21:41',NULL,NULL,NULL,NULL,NULL,NULL,NULL,NULL,NULL,NULL,NULL),(666,NULL,1,637,3,32,17,172,NULL,NULL,'Solución oral Efavirenz En Caja x frasco De 30 mg/mL',NULL,NULL,NULL,'A','admin','2019-11-03 15:21:41',NULL,NULL,NULL,NULL,NULL,NULL,NULL,NULL,NULL,NULL,NULL),(667,NULL,1,639,3,19,8,129,NULL,NULL,'Tableta recubierta Espiramicina En Caja x blísteres De 3 000 000 UI',NULL,NULL,NULL,'A','admin','2019-11-03 15:21:41',NULL,NULL,NULL,NULL,NULL,NULL,NULL,NULL,NULL,NULL,NULL),(668,NULL,1,641,3,19,8,17,NULL,NULL,'Tableta recubierta Espironolactona En Caja x blísteres De 100 mg',NULL,NULL,NULL,'A','admin','2019-11-03 15:21:41',NULL,NULL,NULL,NULL,NULL,NULL,NULL,NULL,NULL,NULL,NULL),(669,NULL,1,644,3,20,124,16,NULL,NULL,'Tableta Etionamida En Caja x blíster/ristra De 500 mg',NULL,NULL,NULL,'A','admin','2019-11-03 15:21:41',NULL,NULL,NULL,NULL,NULL,NULL,NULL,NULL,NULL,NULL,NULL),(670,NULL,1,645,3,26,124,54,NULL,NULL,'Cápsula Etopósido En Caja x blíster/ristra De 50 mg',NULL,NULL,NULL,'A','admin','2019-11-03 15:21:41',NULL,NULL,NULL,NULL,NULL,NULL,NULL,NULL,NULL,NULL,NULL),(671,NULL,1,646,3,19,8,45,NULL,NULL,'Tableta recubierta Exemestano En Caja x blísteres De 25 mg',NULL,NULL,NULL,'A','admin','2019-11-03 15:21:41',NULL,NULL,NULL,NULL,NULL,NULL,NULL,NULL,NULL,NULL,NULL),(672,NULL,1,242,3,24,127,266,NULL,NULL,'Polvo para inyección Factor IX de la Coagulación En Caja x vial + disolvente De 1 200 UI',NULL,NULL,NULL,'A','admin','2019-11-03 15:21:41',NULL,NULL,NULL,NULL,NULL,NULL,NULL,NULL,NULL,NULL,NULL),(673,NULL,1,243,3,24,29,267,NULL,NULL,'Polvo para inyección Factor VIII de la coagulación En Caja x vial De 1 500 UI',NULL,NULL,NULL,'A','admin','2019-11-03 15:21:41',NULL,NULL,NULL,NULL,NULL,NULL,NULL,NULL,NULL,NULL,NULL),(674,NULL,1,649,3,19,8,19,NULL,NULL,'Tableta recubierta Warfarina En Caja x blísteres De 5 mg',NULL,NULL,NULL,'A','admin','2019-11-03 15:21:41',NULL,NULL,NULL,NULL,NULL,NULL,NULL,NULL,NULL,NULL,NULL),(675,NULL,1,597,3,26,8,7,NULL,NULL,'Cápsula Zidovudina En Caja x blísteres De 300 mg',NULL,NULL,NULL,'A','admin','2019-11-03 15:21:41',NULL,NULL,NULL,NULL,NULL,NULL,NULL,NULL,NULL,NULL,NULL),(676,NULL,1,651,3,20,139,102,NULL,NULL,'Tableta Flutamida En Caja x blíster/blísteres. De 125 mg',NULL,NULL,NULL,'A','admin','2019-11-03 15:21:41',NULL,NULL,NULL,NULL,NULL,NULL,NULL,NULL,NULL,NULL,NULL),(677,NULL,1,651,3,20,139,8,NULL,NULL,'Tableta Flutamida En Caja x blíster/blísteres. De 250 mg',NULL,NULL,NULL,'A','admin','2019-11-03 15:21:41',NULL,NULL,NULL,NULL,NULL,NULL,NULL,NULL,NULL,NULL,NULL),(678,NULL,1,652,3,20,8,231,NULL,NULL,'Tableta Zidovudina + Lamivudina En Caja x blísteres De 300 mg + 150 mg',NULL,NULL,NULL,'A','admin','2019-11-03 15:21:41',NULL,NULL,NULL,NULL,NULL,NULL,NULL,NULL,NULL,NULL,NULL),(679,NULL,1,653,3,19,83,19,NULL,NULL,'Tableta recubierta Glibenclamida En Caja x blíster/ blísteres De 5 mg',NULL,NULL,NULL,'A','admin','2019-11-03 15:21:41',NULL,NULL,NULL,NULL,NULL,NULL,NULL,NULL,NULL,NULL,NULL),(680,NULL,1,279,3,20,79,102,NULL,NULL,'Tableta Griseofulvina En Caja x blíster/blísteres De 125 mg',NULL,NULL,NULL,'A','admin','2019-11-03 15:21:41',NULL,NULL,NULL,NULL,NULL,NULL,NULL,NULL,NULL,NULL,NULL),(681,NULL,1,279,3,20,79,8,NULL,NULL,'Tableta Griseofulvina En Caja x blíster/blísteres De 250 mg',NULL,NULL,NULL,'A','admin','2019-11-03 15:21:42',NULL,NULL,NULL,NULL,NULL,NULL,NULL,NULL,NULL,NULL,NULL),(682,NULL,1,654,3,19,79,19,NULL,NULL,'Tableta recubierta Haloperidol En Caja x blíster/blísteres De 5 mg',NULL,NULL,NULL,'A','admin','2019-11-03 15:21:42',NULL,NULL,NULL,NULL,NULL,NULL,NULL,NULL,NULL,NULL,NULL),(683,NULL,1,283,3,20,79,44,NULL,NULL,'Tableta Haloperidol En Caja x blíster/blísteres De 10 mg',NULL,NULL,NULL,'A','admin','2019-11-03 15:21:42',NULL,NULL,NULL,NULL,NULL,NULL,NULL,NULL,NULL,NULL,NULL),(684,NULL,1,656,3,32,17,84,NULL,NULL,'Solución oral Abacavir En Caja x frasco De 10 mg/mL',NULL,NULL,NULL,'A','admin','2019-11-03 15:21:42',NULL,NULL,NULL,NULL,NULL,NULL,NULL,NULL,NULL,NULL,NULL),(685,NULL,1,657,3,20,8,16,NULL,NULL,'Tableta Ácido tranexámico En Caja x blísteres De 500 mg',NULL,NULL,NULL,'A','admin','2019-11-03 15:21:42',NULL,NULL,NULL,NULL,NULL,NULL,NULL,NULL,NULL,NULL,NULL),(686,NULL,1,659,3,19,8,54,NULL,NULL,'Tableta recubierta Azatioprina En Caja x blísteres De 50 mg',NULL,NULL,NULL,'A','admin','2019-11-03 15:21:42',NULL,NULL,NULL,NULL,NULL,NULL,NULL,NULL,NULL,NULL,NULL),(687,NULL,1,660,3,19,8,19,NULL,NULL,'Tableta recubierta Amlodipina En Caja x blísteres De 5 mg',NULL,NULL,NULL,'A','admin','2019-11-03 15:21:42',NULL,NULL,NULL,NULL,NULL,NULL,NULL,NULL,NULL,NULL,NULL),(688,NULL,1,660,3,19,8,44,NULL,NULL,'Tableta recubierta Amlodipina En Caja x blísteres De 10 mg',NULL,NULL,NULL,'A','admin','2019-11-03 15:21:42',NULL,NULL,NULL,NULL,NULL,NULL,NULL,NULL,NULL,NULL,NULL),(689,NULL,1,661,3,19,8,54,NULL,NULL,'Tableta recubierta Atenolol En Caja x blísteres De 50 mg',NULL,NULL,NULL,'A','admin','2019-11-03 15:21:42',NULL,NULL,NULL,NULL,NULL,NULL,NULL,NULL,NULL,NULL,NULL),(690,NULL,1,661,3,19,8,17,NULL,NULL,'Tableta recubierta Atenolol En Caja x blísteres De 100 mg',NULL,NULL,NULL,'A','admin','2019-11-03 15:21:42',NULL,NULL,NULL,NULL,NULL,NULL,NULL,NULL,NULL,NULL,NULL),(691,NULL,1,662,3,21,166,269,NULL,NULL,'Solución inyectable Inmunoglobulina antirrábica En Caja x frasco/vial De 300 UI/mL',NULL,NULL,NULL,'A','admin','2019-11-03 15:21:42',NULL,NULL,NULL,NULL,NULL,NULL,NULL,NULL,NULL,NULL,NULL),(692,NULL,1,663,3,20,8,16,NULL,NULL,'Tableta Azitromicina En Caja x blísteres De 500 mg',NULL,NULL,NULL,'A','admin','2019-11-03 15:21:42',NULL,NULL,NULL,NULL,NULL,NULL,NULL,NULL,NULL,NULL,NULL),(693,NULL,1,664,3,20,36,16,NULL,NULL,'Tableta Ciprofloxacina En Caja x blísteres/ristras De 500 mg',NULL,NULL,NULL,'A','admin','2019-11-03 15:21:42',NULL,NULL,NULL,NULL,NULL,NULL,NULL,NULL,NULL,NULL,NULL),(694,NULL,1,308,3,21,122,270,NULL,NULL,'Solución inyectable Inmunoglobulina antitetánica En Caja x jeringa prellenada De 200 UI',NULL,NULL,NULL,'A','admin','2019-11-03 15:21:42',NULL,NULL,NULL,NULL,NULL,NULL,NULL,NULL,NULL,NULL,NULL),(695,NULL,1,665,3,21,149,38,NULL,NULL,'Solución inyectable Inmunoglobulina antitimocítica o lonfocítica En Caja x ampolla/ampollas. De 50 mg/mL',NULL,NULL,NULL,'A','admin','2019-11-03 15:21:42',NULL,NULL,NULL,NULL,NULL,NULL,NULL,NULL,NULL,NULL,NULL),(696,NULL,1,666,3,19,8,25,NULL,NULL,'Tableta recubierta Biperideno En Caja x blísteres De 4 mg',NULL,NULL,NULL,'A','admin','2019-11-03 15:21:42',NULL,NULL,NULL,NULL,NULL,NULL,NULL,NULL,NULL,NULL,NULL),(697,NULL,1,667,3,19,8,16,NULL,NULL,'Tableta recubierta Calcio (Carbonato de Calcio) En Caja x blísteres De 500 mg',NULL,NULL,NULL,'A','admin','2019-11-03 15:21:42',NULL,NULL,NULL,NULL,NULL,NULL,NULL,NULL,NULL,NULL,NULL),(698,NULL,1,669,3,73,17,182,NULL,NULL,'Tableta de disolución bucal Levodopa + Carbidopa En Caja x frasco De 100 mg + 10 mg',NULL,NULL,NULL,'A','admin','2019-11-03 15:21:42',NULL,NULL,NULL,NULL,NULL,NULL,NULL,NULL,NULL,NULL,NULL),(699,NULL,1,635,3,19,105,133,NULL,NULL,'Tableta recubierta Levonorgestrel En Caja x blíster De 0,75 mg',NULL,NULL,NULL,'A','admin','2019-11-03 15:21:42',NULL,NULL,NULL,NULL,NULL,NULL,NULL,NULL,NULL,NULL,NULL),(700,NULL,1,360,3,20,8,271,NULL,NULL,'Tableta Levonorgestrel En Caja x blísteres De 1,5 mg',NULL,NULL,NULL,'A','admin','2019-11-03 15:21:42',NULL,NULL,NULL,NULL,NULL,NULL,NULL,NULL,NULL,NULL,NULL),(701,NULL,1,670,3,20,8,16,NULL,NULL,'Tableta Capecitabina En Caja x blísteres De 500 mg',NULL,NULL,NULL,'A','admin','2019-11-03 15:21:42',NULL,NULL,NULL,NULL,NULL,NULL,NULL,NULL,NULL,NULL,NULL),(702,NULL,1,316,3,24,173,159,NULL,NULL,'Polvo para inyección Interferón alfa 2b En Caja x viales/frasco De 30 000 000 UI',NULL,NULL,NULL,'A','admin','2019-11-03 15:21:42',NULL,NULL,NULL,NULL,NULL,NULL,NULL,NULL,NULL,NULL,NULL),(703,NULL,1,674,3,20,8,8,NULL,NULL,'Tableta Levofloxacino En Caja x blísteres De 250 mg',NULL,NULL,NULL,'A','admin','2019-11-03 15:21:42',NULL,NULL,NULL,NULL,NULL,NULL,NULL,NULL,NULL,NULL,NULL),(704,NULL,1,394,3,36,8,16,NULL,NULL,'Tableta de liberación prolongada Metformina En Caja x blísteres De 500 mg',NULL,NULL,NULL,'A','admin','2019-11-03 15:21:42',NULL,NULL,NULL,NULL,NULL,NULL,NULL,NULL,NULL,NULL,NULL),(705,NULL,1,394,3,36,8,199,NULL,NULL,'Tableta de liberación prolongada Metformina En Caja x blísteres De 850 mg',NULL,NULL,NULL,'A','admin','2019-11-03 15:21:43',NULL,NULL,NULL,NULL,NULL,NULL,NULL,NULL,NULL,NULL,NULL),(706,NULL,1,141,3,25,8,36,NULL,NULL,'Tableta dispersable Clonazepam En Caja x blísteres De 0,5 mg',NULL,NULL,NULL,'A','admin','2019-11-03 15:21:43',NULL,NULL,NULL,NULL,NULL,NULL,NULL,NULL,NULL,NULL,NULL),(707,NULL,1,141,3,25,8,73,NULL,NULL,'Tableta dispersable Clonazepam En Caja x blísteres De 2 mg',NULL,NULL,NULL,'A','admin','2019-11-03 15:21:43',NULL,NULL,NULL,NULL,NULL,NULL,NULL,NULL,NULL,NULL,NULL),(708,NULL,1,412,3,50,8,82,NULL,NULL,'Tableta vaginal Metronidazol En Caja x blísteres De 1 000 mg',NULL,NULL,NULL,'A','admin','2019-11-03 15:21:43',NULL,NULL,NULL,NULL,NULL,NULL,NULL,NULL,NULL,NULL,NULL),(709,NULL,1,678,3,24,89,31,NULL,NULL,'Polvo para inyección Combinaciones de vitaminas En Caja x vial/viales De ___',NULL,NULL,NULL,'A','admin','2019-11-03 15:21:43',NULL,NULL,NULL,NULL,NULL,NULL,NULL,NULL,NULL,NULL,NULL),(710,NULL,1,679,3,54,65,62,NULL,NULL,'Cápsula de liberación prolongada Omeprazol En Caja x ristras De 20 mg',NULL,NULL,NULL,'A','admin','2019-11-03 15:21:43',NULL,NULL,NULL,NULL,NULL,NULL,NULL,NULL,NULL,NULL,NULL),(711,NULL,1,680,3,75,11,143,NULL,NULL,'Polvo para infusión Omeprazol En Caja x viales De 40 mg',NULL,NULL,NULL,'A','admin','2019-11-03 15:21:43',NULL,NULL,NULL,NULL,NULL,NULL,NULL,NULL,NULL,NULL,NULL),(712,NULL,1,478,3,20,8,19,NULL,NULL,'Tableta Prednisona En Caja x blísteres De 5 mg',NULL,NULL,NULL,'A','admin','2019-11-03 15:21:43',NULL,NULL,NULL,NULL,NULL,NULL,NULL,NULL,NULL,NULL,NULL),(713,NULL,1,681,3,26,8,54,NULL,NULL,'Cápsula Difenhidramina En Caja x blísteres De 50 mg',NULL,NULL,NULL,'A','admin','2019-11-03 15:21:43',NULL,NULL,NULL,NULL,NULL,NULL,NULL,NULL,NULL,NULL,NULL),(714,NULL,1,682,3,52,8,230,NULL,NULL,'Gragea Retinol (Vitamina A) En Caja x blísteres De 50 000 UI',NULL,NULL,NULL,'A','admin','2019-11-03 15:21:43',NULL,NULL,NULL,NULL,NULL,NULL,NULL,NULL,NULL,NULL,NULL),(715,NULL,1,621,3,20,8,231,NULL,NULL,'Tableta Rifampicina + Isoniazida En Caja x blísteres De 300 mg + 150 mg',NULL,NULL,NULL,'A','admin','2019-11-03 15:21:43',NULL,NULL,NULL,NULL,NULL,NULL,NULL,NULL,NULL,NULL,NULL),(716,NULL,1,621,3,20,8,258,NULL,NULL,'Tableta Rifampicina + Isoniazida En Caja x blísteres De 150 mg + 75 mg',NULL,NULL,NULL,'A','admin','2019-11-03 15:21:43',NULL,NULL,NULL,NULL,NULL,NULL,NULL,NULL,NULL,NULL,NULL),(717,NULL,1,683,3,20,158,261,NULL,NULL,'Tableta Rifampicina+ Pirazinamida+Isoniazida En Caja x blísteres. De 120 mg + 300 mg + 60 mg',NULL,NULL,NULL,'A','admin','2019-11-03 15:21:43',NULL,NULL,NULL,NULL,NULL,NULL,NULL,NULL,NULL,NULL,NULL),(718,NULL,1,683,3,20,139,260,NULL,NULL,'Tableta Rifampicina+ Pirazinamida+Isoniazida En Caja x blíster/blísteres. De 150 mg + 400 mg + 75 mg',NULL,NULL,NULL,'A','admin','2019-11-03 15:21:43',NULL,NULL,NULL,NULL,NULL,NULL,NULL,NULL,NULL,NULL,NULL),(719,NULL,1,684,3,29,8,262,NULL,NULL,'Tableta masticable Sales de Hierro + Ácido Fólico En Caja x blísteres De 60 mg + 400 mcg',NULL,NULL,NULL,'A','admin','2019-11-03 15:21:43',NULL,NULL,NULL,NULL,NULL,NULL,NULL,NULL,NULL,NULL,NULL),(720,NULL,1,685,3,26,8,12,NULL,NULL,'Cápsula Saquinavir En Caja x blísteres De 200 mg',NULL,NULL,NULL,'A','admin','2019-11-03 15:21:43',NULL,NULL,NULL,NULL,NULL,NULL,NULL,NULL,NULL,NULL,NULL),(721,NULL,1,518,3,26,158,17,NULL,NULL,'Cápsula Sertralina En Caja x blísteres. De 100 mg',NULL,NULL,NULL,'A','admin','2019-11-03 15:21:43',NULL,NULL,NULL,NULL,NULL,NULL,NULL,NULL,NULL,NULL,NULL),(722,NULL,1,686,3,50,8,58,NULL,NULL,'Tableta vaginal Tinidazol En Caja x blísteres De 150 mg',NULL,NULL,NULL,'A','admin','2019-11-03 15:21:43',NULL,NULL,NULL,NULL,NULL,NULL,NULL,NULL,NULL,NULL,NULL),(723,NULL,1,688,3,19,105,20,NULL,NULL,'Tableta recubierta Estradiol En Caja x blíster De 1 mg',NULL,NULL,NULL,'A','admin','2019-11-03 15:21:43',NULL,NULL,NULL,NULL,NULL,NULL,NULL,NULL,NULL,NULL,NULL),(724,NULL,1,236,3,21,125,45,NULL,NULL,'Solución inyectable Etanercept En Caja x jeringas de 1 mL De 25 mg',NULL,NULL,NULL,'A','admin','2019-11-03 15:21:43',NULL,NULL,NULL,NULL,NULL,NULL,NULL,NULL,NULL,NULL,NULL),(725,NULL,1,691,3,26,81,7,NULL,NULL,'Cápsula Gabapentina En Caja x ristra/ ristras De 300 mg',NULL,NULL,NULL,'A','admin','2019-11-03 15:21:43',NULL,NULL,NULL,NULL,NULL,NULL,NULL,NULL,NULL,NULL,NULL),(726,NULL,1,360,3,20,8,185,NULL,NULL,'Tableta Levonorgestrel En Caja x blísteres De 0,030 mg',NULL,NULL,NULL,'A','admin','2019-11-03 15:21:43',NULL,NULL,NULL,NULL,NULL,NULL,NULL,NULL,NULL,NULL,NULL),(727,NULL,1,692,3,20,8,54,NULL,NULL,'Tableta Tiamina (Vitamina B1) En Caja x blísteres De 50 mg',NULL,NULL,NULL,'A','admin','2019-11-03 15:21:43',NULL,NULL,NULL,NULL,NULL,NULL,NULL,NULL,NULL,NULL,NULL),(728,NULL,1,693,3,20,8,17,NULL,NULL,'Tableta Nitrofurantoína En Caja x blísteres De 100 mg',NULL,NULL,NULL,'A','admin','2019-11-03 15:21:43',NULL,NULL,NULL,NULL,NULL,NULL,NULL,NULL,NULL,NULL,NULL),(729,NULL,1,694,3,54,8,19,NULL,NULL,'Cápsula de liberación prolongada Oxicodona En Caja x blísteres De 5 mg',NULL,NULL,NULL,'A','admin','2019-11-03 15:21:43',NULL,NULL,NULL,NULL,NULL,NULL,NULL,NULL,NULL,NULL,NULL),(730,NULL,1,63,3,20,40,51,NULL,NULL,'Tableta Ampicilina + sulbactam (sultamicilina) En Caja x 1 blíster/blísteres De 375 mg',NULL,NULL,NULL,'A','admin','2019-11-03 15:21:44',NULL,NULL,NULL,NULL,NULL,NULL,NULL,NULL,NULL,NULL,NULL),(731,NULL,1,695,3,52,65,58,NULL,NULL,'Gragea Ranitidina En Caja x ristras De 150 mg',NULL,NULL,NULL,'A','admin','2019-11-03 15:21:44',NULL,NULL,NULL,NULL,NULL,NULL,NULL,NULL,NULL,NULL,NULL),(732,NULL,1,696,3,41,190,61,NULL,NULL,'Solución oftálmica Anestésico local oftálmico En Caja x frasco gotero de 10 mL De 0,005',NULL,NULL,NULL,'A','admin','2019-11-03 15:21:44',NULL,NULL,NULL,NULL,NULL,NULL,NULL,NULL,NULL,NULL,NULL),(733,NULL,1,696,3,41,186,61,NULL,NULL,'Solución oftálmica Anestésico local oftálmico En Caja x frasco gotero de 15 mL De 0,005',NULL,NULL,NULL,'A','admin','2019-11-03 15:21:44',NULL,NULL,NULL,NULL,NULL,NULL,NULL,NULL,NULL,NULL,NULL),(734,NULL,1,157,3,20,36,206,NULL,NULL,'Tableta Codeína En Caja x blísteres/ristras De 30 mg',NULL,NULL,NULL,'A','admin','2019-11-03 15:21:44',NULL,NULL,NULL,NULL,NULL,NULL,NULL,NULL,NULL,NULL,NULL),(735,NULL,1,697,3,20,28,17,NULL,NULL,'Tableta Zidovudina En Caja x frascos De 100 mg',NULL,NULL,NULL,'A','admin','2019-11-03 15:21:44',NULL,NULL,NULL,NULL,NULL,NULL,NULL,NULL,NULL,NULL,NULL),(736,NULL,1,596,3,19,28,17,NULL,NULL,'Tableta recubierta Zidovudina En Caja x frascos De 100 mg',NULL,NULL,NULL,'A','admin','2019-11-03 15:21:44',NULL,NULL,NULL,NULL,NULL,NULL,NULL,NULL,NULL,NULL,NULL),(737,NULL,1,697,3,20,84,7,NULL,NULL,'Tableta Zidovudina En Frasco De 300 mg',NULL,NULL,NULL,'A','admin','2019-11-03 15:21:44',NULL,NULL,NULL,NULL,NULL,NULL,NULL,NULL,NULL,NULL,NULL),(738,NULL,1,702,3,19,8,197,NULL,NULL,'Tableta recubierta Medroxiprogesterona + estrógenos equinos conjugados En Caja x blísteres De 2,5 mg + 0,625 mg',NULL,NULL,NULL,'A','admin','2019-11-03 15:21:44',NULL,NULL,NULL,NULL,NULL,NULL,NULL,NULL,NULL,NULL,NULL),(739,NULL,1,703,3,20,8,45,NULL,NULL,'Tableta Levomepromazina En Caja x blísteres De 25 mg',NULL,NULL,NULL,'A','admin','2019-11-03 15:21:44',NULL,NULL,NULL,NULL,NULL,NULL,NULL,NULL,NULL,NULL,NULL),(740,NULL,1,704,3,24,165,111,NULL,NULL,'Polvo para inyección Inmunoglobulina anti D En Caja x vial/frasco De 250 mcg',NULL,NULL,NULL,'A','admin','2019-11-03 15:21:44',NULL,NULL,NULL,NULL,NULL,NULL,NULL,NULL,NULL,NULL,NULL),(741,NULL,1,644,3,20,82,8,NULL,NULL,'Tableta Etionamida En Caja x ristra/ristras De 250 mg',NULL,NULL,NULL,'A','admin','2019-11-03 15:21:44',NULL,NULL,NULL,NULL,NULL,NULL,NULL,NULL,NULL,NULL,NULL),(742,NULL,1,711,3,19,139,16,NULL,NULL,'Tableta recubierta Levetiracetam En Caja x blíster/blísteres. De 500 mg',NULL,NULL,NULL,'A','admin','2019-11-03 15:21:44',NULL,NULL,NULL,NULL,NULL,NULL,NULL,NULL,NULL,NULL,NULL),(743,NULL,1,716,3,26,79,36,NULL,NULL,'Cápsula Tacrolimo En Caja x blíster/blísteres De 0,5 mg',NULL,NULL,NULL,'A','admin','2019-11-03 15:21:44',NULL,NULL,NULL,NULL,NULL,NULL,NULL,NULL,NULL,NULL,NULL),(744,NULL,1,718,3,26,79,17,NULL,NULL,'Cápsula Miglustad En Caja x blíster/blísteres De 100 mg',NULL,NULL,NULL,'A','admin','2019-11-03 15:21:44',NULL,NULL,NULL,NULL,NULL,NULL,NULL,NULL,NULL,NULL,NULL),(745,NULL,1,719,3,75,164,278,NULL,NULL,'Polvo para infusión Agalsidasa beta En Caja x víal. De 35 mg',NULL,NULL,NULL,'A','admin','2019-11-03 15:21:44',NULL,NULL,NULL,NULL,NULL,NULL,NULL,NULL,NULL,NULL,NULL),(746,NULL,1,725,3,20,139,54,NULL,NULL,'Tableta Sildenafil En Caja x blíster/blísteres. De 50 mg',NULL,NULL,NULL,'A','admin','2019-11-03 15:21:44',NULL,NULL,NULL,NULL,NULL,NULL,NULL,NULL,NULL,NULL,NULL),(747,NULL,1,726,3,19,139,54,NULL,NULL,'Tableta recubierta Sildenafil En Caja x blíster/blísteres. De 50 mg',NULL,NULL,NULL,'A','admin','2019-11-03 15:21:44',NULL,NULL,NULL,NULL,NULL,NULL,NULL,NULL,NULL,NULL,NULL),(748,NULL,1,737,3,24,17,54,NULL,NULL,'Polvo para inyección Alteplasa En Caja x frasco De 50 mg',NULL,NULL,NULL,'A','admin','2019-11-03 15:21:44',NULL,NULL,NULL,NULL,NULL,NULL,NULL,NULL,NULL,NULL,NULL),(749,NULL,1,743,3,24,166,16,NULL,NULL,'Polvo para inyección Ganciclovir En Caja x frasco/víal De 500 mg',NULL,NULL,NULL,'A','admin','2019-11-03 15:21:44',NULL,NULL,NULL,NULL,NULL,NULL,NULL,NULL,NULL,NULL,NULL),(750,NULL,1,572,3,24,166,279,NULL,NULL,'Polvo para inyección Triptorelina En Caja x frasco/víal De 3,5 mg',NULL,NULL,NULL,'A','admin','2019-11-03 15:21:44',NULL,NULL,NULL,NULL,NULL,NULL,NULL,NULL,NULL,NULL,NULL),(751,NULL,1,745,3,24,166,45,NULL,NULL,'Polvo para inyección Inmunoglobulina antitimocítica (conejo) En Caja x frasco/víal De 25 mg',NULL,NULL,NULL,'A','admin','2019-11-03 15:21:44',NULL,NULL,NULL,NULL,NULL,NULL,NULL,NULL,NULL,NULL,NULL),(752,NULL,1,747,3,79,86,287,NULL,NULL,'Liofilizado para solución inyectable. Suero antiofídico polivalente (faboterápico) En ___ De 30 mg de veneno deshidratado de Bothrops sp.,',NULL,NULL,NULL,'A','admin','2019-11-03 15:21:45',NULL,NULL,NULL,NULL,NULL,NULL,NULL,NULL,NULL,NULL,NULL),(753,NULL,1,750,3,81,17,289,NULL,NULL,'Suspensión estéril intratraqueal Fosfolípidos naturales (Surfactante pulmonar) En Caja x frasco De 27 mg/ mL',NULL,NULL,NULL,'A','admin','2019-11-03 15:21:45',NULL,NULL,NULL,NULL,NULL,NULL,NULL,NULL,NULL,NULL,NULL),(754,NULL,1,751,3,21,164,9,NULL,NULL,'Solución Inyectable Sugammadex En Caja x víal. De 100 mg/mL',NULL,NULL,NULL,'A','admin','2019-11-03 15:21:45',NULL,NULL,NULL,NULL,NULL,NULL,NULL,NULL,NULL,NULL,NULL),(755,NULL,1,531,3,32,17,84,NULL,NULL,'Solución Oral Sulfato de Zinc En Caja x frasco De 10 mg/mL',NULL,NULL,NULL,'A','admin','2019-11-03 15:21:45',NULL,NULL,NULL,NULL,NULL,NULL,NULL,NULL,NULL,NULL,NULL),(756,NULL,1,752,3,62,17,290,NULL,NULL,'Suspensión para inhalación Salmeterol + Fluticasona En Caja x frasco De 25 mcg + 125 mcg',NULL,NULL,NULL,'A','admin','2019-11-03 15:21:45',NULL,NULL,NULL,NULL,NULL,NULL,NULL,NULL,NULL,NULL,NULL),(757,NULL,1,752,3,62,17,291,NULL,NULL,'Suspensión para inhalación Salmeterol + Fluticasona En Caja x frasco De 25 mcg + 250 mcg',NULL,NULL,NULL,'A','admin','2019-11-03 15:21:45',NULL,NULL,NULL,NULL,NULL,NULL,NULL,NULL,NULL,NULL,NULL),(758,NULL,1,753,3,82,60,292,NULL,NULL,'Parches Transdérmicos Estradiol En Caja x Parches De 3,9 mg',NULL,NULL,NULL,'A','admin','2019-11-03 15:21:45',NULL,NULL,NULL,NULL,NULL,NULL,NULL,NULL,NULL,NULL,NULL),(759,NULL,1,754,3,39,157,293,NULL,NULL,'Polvo para suspensión Sulfato de Bario, Medios de contraste para rayos x, con agentes de suspensión En Caja x sobres De Según lo declarado en registro sanitario',NULL,NULL,NULL,'A','admin','2019-11-03 15:21:45',NULL,NULL,NULL,NULL,NULL,NULL,NULL,NULL,NULL,NULL,NULL),(760,NULL,1,755,3,39,157,293,NULL,NULL,'Polvo para suspensión Sulfato de Bario, Medios de contraste para rayos x, sin agentes de suspensión En Caja x sobres De Según lo declarado en registro sanitario',NULL,NULL,NULL,'A','admin','2019-11-03 15:21:45',NULL,NULL,NULL,NULL,NULL,NULL,NULL,NULL,NULL,NULL,NULL),(761,NULL,1,754,3,39,157,293,NULL,NULL,'Polvo para suspensión Sulfato de Bario, Medios de contraste para rayos x, con agentes de suspensión En Caja x sobres De Según lo declarado en registro sanitario',NULL,NULL,NULL,'A','admin','2019-11-03 15:21:45',NULL,NULL,NULL,NULL,NULL,NULL,NULL,NULL,NULL,NULL,NULL),(762,NULL,1,755,3,39,157,293,NULL,NULL,'Polvo para suspensión Sulfato de Bario, Medios de contraste para rayos x, sin agentes de suspensión En Caja x sobres De Según lo declarado en registro sanitario',NULL,NULL,NULL,'A','admin','2019-11-03 15:21:45',NULL,NULL,NULL,NULL,NULL,NULL,NULL,NULL,NULL,NULL,NULL),(763,NULL,1,756,3,63,17,293,NULL,NULL,'Suspensión oral Sulfato de Bario, Medios de contraste para rayos x, sin agentes de suspensión En caja x frasco De Según lo declarado en registro sanitario',NULL,NULL,NULL,'A','admin','2019-11-03 15:21:45',NULL,NULL,NULL,NULL,NULL,NULL,NULL,NULL,NULL,NULL,NULL),(764,NULL,1,757,3,83,17,293,NULL,NULL,'Suspensión Rectal Sulfato de Bario, Medios de contraste para rayos x, sin agentes de suspensión En caja x frasco De Según lo declarado en registro sanitario',NULL,NULL,NULL,'A','admin','2019-11-03 15:21:45',NULL,NULL,NULL,NULL,NULL,NULL,NULL,NULL,NULL,NULL,NULL),(765,NULL,1,758,3,84,17,293,NULL,NULL,'Solución Alcohol antiséptico En caja x frasco De Según lo declarado en registro sanitario',NULL,NULL,NULL,'A','admin','2019-11-03 15:21:45',NULL,NULL,NULL,NULL,NULL,NULL,NULL,NULL,NULL,NULL,NULL),(766,NULL,1,759,3,84,17,293,NULL,NULL,'Solución Agua Oxigenada En caja x frasco De Según lo declarado en registro sanitario',NULL,NULL,NULL,'A','admin','2019-11-03 15:21:45',NULL,NULL,NULL,NULL,NULL,NULL,NULL,NULL,NULL,NULL,NULL),(767,NULL,1,760,3,84,17,293,NULL,NULL,'Solución Gluconato de Clorhexidina En caja x frasco De Según lo declarado en registro sanitario',NULL,NULL,NULL,'A','admin','2019-11-03 15:21:45',NULL,NULL,NULL,NULL,NULL,NULL,NULL,NULL,NULL,NULL,NULL),(768,NULL,1,375,3,19,212,193,NULL,NULL,'Tableta recubierta Lopinavir + Ritonavir En Caja x frasco, Frasco. De 100 mg + 25 mg',NULL,NULL,NULL,'A','admin','2019-11-03 15:21:45',NULL,NULL,NULL,NULL,NULL,NULL,NULL,NULL,NULL,NULL,NULL),(769,NULL,1,376,3,32,213,194,NULL,NULL,'Solución oral Lopinavir + Ritonavir En Caja x frasco con dosificador, Caja x frasco De (80 mg + 20 mg)/mL',NULL,NULL,NULL,'A','admin','2019-11-03 15:21:45',NULL,NULL,NULL,NULL,NULL,NULL,NULL,NULL,NULL,NULL,NULL),(770,NULL,1,375,3,19,214,195,NULL,NULL,'Tableta recubierta Lopinavir + Ritonavir En Caja x frasco de 40 ó 120 unidades. De 200 mg + 50 mg',NULL,NULL,NULL,'A','admin','2019-11-03 15:21:45',NULL,NULL,NULL,NULL,NULL,NULL,NULL,NULL,NULL,NULL,NULL),(771,NULL,1,377,3,33,215,196,NULL,NULL,'Jarabe Loratadina En Caja x frasco de 60 mL, 100 mL ó 120 mL con dosificador/sin dosificador. Frasco de 60 mL, 100 mL ó 1 De 5 mg/5 mL',NULL,NULL,NULL,'A','admin','2019-11-03 15:21:45',NULL,NULL,NULL,NULL,NULL,NULL,NULL,NULL,NULL,NULL,NULL),(772,NULL,1,378,3,19,216,44,NULL,NULL,'Tableta recubierta Loratadina En Caja x 2 blísteres de 20 unidades cada uno De 10 mg',NULL,NULL,NULL,'A','admin','2019-11-03 15:21:45',NULL,NULL,NULL,NULL,NULL,NULL,NULL,NULL,NULL,NULL,NULL),(773,NULL,1,382,3,23,217,31,NULL,NULL,'Suspensión Magaldrato con simeticona (Hidróxido de Al y Mg) En Caja x frasco de 150 mL, 200 mL ó 250 mL, Frasco de 180 mL, 200 mL, 240 mL ó 360 mL De ___',NULL,NULL,NULL,'A','admin','2019-11-03 15:21:45',NULL,NULL,NULL,NULL,NULL,NULL,NULL,NULL,NULL,NULL,NULL),(774,NULL,1,384,3,21,218,118,NULL,NULL,'Solución inyectable Manitol En Funda o bolsa de 500 mL De 20.00%',NULL,NULL,NULL,'A','admin','2019-11-03 15:21:45',NULL,NULL,NULL,NULL,NULL,NULL,NULL,NULL,NULL,NULL,NULL),(775,NULL,1,386,3,21,219,198,NULL,NULL,'Solución inyectable Meglumina antimoniato En Caja x ampollas. De 300 mg/mL',NULL,NULL,NULL,'A','admin','2019-11-03 15:21:45',NULL,NULL,NULL,NULL,NULL,NULL,NULL,NULL,NULL,NULL,NULL),(776,NULL,1,387,3,20,212,73,NULL,NULL,'Tableta Melfalán En Caja x frasco, Frasco. De 2 mg',NULL,NULL,NULL,'A','admin','2019-11-03 15:21:45',NULL,NULL,NULL,NULL,NULL,NULL,NULL,NULL,NULL,NULL,NULL),(777,NULL,1,389,3,20,220,54,NULL,NULL,'Tableta Mercaptopurina En Caja x blísteres, Caja x frasco, Frasco De 50 mg',NULL,NULL,NULL,'A','admin','2019-11-03 15:21:46',NULL,NULL,NULL,NULL,NULL,NULL,NULL,NULL,NULL,NULL,NULL),(778,NULL,1,390,3,24,221,82,NULL,NULL,'Polvo para inyección Meropenem En Caja x viales/frascos. De 1 000 mg',NULL,NULL,NULL,'A','admin','2019-11-03 15:21:46',NULL,NULL,NULL,NULL,NULL,NULL,NULL,NULL,NULL,NULL,NULL),(779,NULL,1,390,3,24,221,16,NULL,NULL,'Polvo para inyección Meropenem En Caja x viales/frascos. De 500 mg',NULL,NULL,NULL,'A','admin','2019-11-03 15:21:46',NULL,NULL,NULL,NULL,NULL,NULL,NULL,NULL,NULL,NULL,NULL),(780,NULL,1,391,3,21,222,72,NULL,NULL,'Solución inyectable Metadona En Caja x ampollas De 5 mg/mL',NULL,NULL,NULL,'A','admin','2019-11-03 15:21:46',NULL,NULL,NULL,NULL,NULL,NULL,NULL,NULL,NULL,NULL,NULL),(781,NULL,1,399,3,21,222,203,NULL,NULL,'Solución inyectable Metilergometrina En Caja x ampollas De 0,2 mg/mL',NULL,NULL,NULL,'A','admin','2019-11-03 15:21:46',NULL,NULL,NULL,NULL,NULL,NULL,NULL,NULL,NULL,NULL,NULL),(782,NULL,1,400,3,40,223,116,NULL,NULL,'Suspensión inyectable Metilprednisolona, acetato En Caja x vial/frasco de 1 mL ó 2 mL. De 40 mg/mL',NULL,NULL,NULL,'A','admin','2019-11-03 15:21:46',NULL,NULL,NULL,NULL,NULL,NULL,NULL,NULL,NULL,NULL,NULL),(783,NULL,1,401,3,24,224,16,NULL,NULL,'Polvo para inyección Metilprednisolona, succinato En Caja x ACT-O-VIAL de 4 mL, Caja x frasco/vial. De 500 mg',NULL,NULL,NULL,'A','admin','2019-11-03 15:21:46',NULL,NULL,NULL,NULL,NULL,NULL,NULL,NULL,NULL,NULL,NULL),(784,NULL,1,401,3,24,224,102,NULL,NULL,'Polvo para inyección Metilprednisolona, succinato En Caja x ACT-O-VIAL de 4 mL, Caja x frasco/vial. De 125 mg',NULL,NULL,NULL,'A','admin','2019-11-03 15:21:46',NULL,NULL,NULL,NULL,NULL,NULL,NULL,NULL,NULL,NULL,NULL),(785,NULL,1,402,3,21,225,72,NULL,NULL,'Solución inyectable Metoclopramida En Caja x ampollas de 2 mL cada una De 5 mg/mL',NULL,NULL,NULL,'A','admin','2019-11-03 15:21:46',NULL,NULL,NULL,NULL,NULL,NULL,NULL,NULL,NULL,NULL,NULL),(786,NULL,1,404,3,24,226,54,NULL,NULL,'Polvo para inyección Metotrexato En Caja x frasco/vial. De 50 mg',NULL,NULL,NULL,'A','admin','2019-11-03 15:21:46',NULL,NULL,NULL,NULL,NULL,NULL,NULL,NULL,NULL,NULL,NULL),(787,NULL,1,406,3,21,227,43,NULL,NULL,'Solución inyectable Metotrexato En Caja x frascos/viales de 2 ó 20 mL cada uno De 25 mg/mL',NULL,NULL,NULL,'A','admin','2019-11-03 15:21:46',NULL,NULL,NULL,NULL,NULL,NULL,NULL,NULL,NULL,NULL,NULL),(788,NULL,1,408,3,23,228,24,NULL,NULL,'Suspensión Metronidazol En Caja x frasco de 100 mL, 120 mL con dosificador, Frasco de 100 ó 120 mL De 250 mg/5 mL',NULL,NULL,NULL,'A','admin','2019-11-03 15:21:46',NULL,NULL,NULL,NULL,NULL,NULL,NULL,NULL,NULL,NULL,NULL),(789,NULL,1,408,3,23,229,91,NULL,NULL,'Suspensión Metronidazol En Caja x frasco de 100 mL, 110 mL ó 120 mL con dosificador, Frasco de 100 ó 120 mL De 125 mg/5 mL',NULL,NULL,NULL,'A','admin','2019-11-03 15:21:46',NULL,NULL,NULL,NULL,NULL,NULL,NULL,NULL,NULL,NULL,NULL),(790,NULL,1,410,3,47,211,16,NULL,NULL,'Óvulo Metronidazol En Caja x ristras/blísteres De 500 mg',NULL,NULL,NULL,'A','admin','2019-11-03 15:21:46',NULL,NULL,NULL,NULL,NULL,NULL,NULL,NULL,NULL,NULL,NULL),(791,NULL,1,411,3,21,230,72,NULL,NULL,'Solución inyectable Metronidazol En Caja x sachets de 100 mL cada uno, Caja x bolsas de 100 mL cada una, Funda o frasco plástico de 100  De 5 mg/mL',NULL,NULL,NULL,'A','admin','2019-11-03 15:21:46',NULL,NULL,NULL,NULL,NULL,NULL,NULL,NULL,NULL,NULL,NULL),(792,NULL,1,415,3,21,231,72,NULL,NULL,'Solución inyectable Midazolam En Caja x ampollas de 3 mL cada una, Caja x ampollas de 10 mL cada una. De 5 mg/mL',NULL,NULL,NULL,'A','admin','2019-11-03 15:21:46',NULL,NULL,NULL,NULL,NULL,NULL,NULL,NULL,NULL,NULL,NULL),(793,NULL,1,415,3,21,232,59,NULL,NULL,'Solución inyectable Midazolam En Caja x ampollas de 5 mL cada una. De 1 mg/mL',NULL,NULL,NULL,'A','admin','2019-11-03 15:21:46',NULL,NULL,NULL,NULL,NULL,NULL,NULL,NULL,NULL,NULL,NULL),(794,NULL,1,416,3,20,233,154,NULL,NULL,'Tableta Misoprostol En Caja x ristras/blísteres, Caja x frasco De 200 mcg',NULL,NULL,NULL,'A','admin','2019-11-03 15:21:46',NULL,NULL,NULL,NULL,NULL,NULL,NULL,NULL,NULL,NULL,NULL),(795,NULL,1,418,3,21,234,89,NULL,NULL,'Solución inyectable Mitoxantrona En Caja x vial/frasco de 10 mL. De 2 mg/mL',NULL,NULL,NULL,'A','admin','2019-11-03 15:21:46',NULL,NULL,NULL,NULL,NULL,NULL,NULL,NULL,NULL,NULL,NULL),(796,NULL,1,419,3,62,235,63,NULL,NULL,'Suspensión para inhalación Mometasona En Caja x frascos de 140 aplicaciones cada uno De 50 mcg/dosis',NULL,NULL,NULL,'A','admin','2019-11-03 15:21:46',NULL,NULL,NULL,NULL,NULL,NULL,NULL,NULL,NULL,NULL,NULL),(797,NULL,1,421,3,21,236,84,NULL,NULL,'Solución inyectable Morfina En Caja x ampollas de 1 mL cada una. De 10 mg/mL',NULL,NULL,NULL,'A','admin','2019-11-03 15:21:46',NULL,NULL,NULL,NULL,NULL,NULL,NULL,NULL,NULL,NULL,NULL),(798,NULL,1,425,3,33,237,208,NULL,NULL,'Jarabe Multivitaminas con minerales En Caja x frasco de 120 mL, 200 mL ó 240 mL, Frasco de 120 mL De Según declarado en Registro Sanitario',NULL,NULL,NULL,'A','admin','2019-11-03 15:21:46',NULL,NULL,NULL,NULL,NULL,NULL,NULL,NULL,NULL,NULL,NULL),(799,NULL,1,426,3,21,238,209,NULL,NULL,'Solución inyectable Naloxona En Caja x viales/frascos de 5 mL. De 0,4 mg/mL',NULL,NULL,NULL,'A','admin','2019-11-03 15:21:46',NULL,NULL,NULL,NULL,NULL,NULL,NULL,NULL,NULL,NULL,NULL),(800,NULL,1,427,3,21,239,90,NULL,NULL,'Solución inyectable Neostigmina En Caja x ampollas de 1 mL. De 0,5 mg/mL',NULL,NULL,NULL,'A','admin','2019-11-03 15:21:46',NULL,NULL,NULL,NULL,NULL,NULL,NULL,NULL,NULL,NULL,NULL),(801,NULL,1,428,3,63,240,177,NULL,NULL,'Suspensión oral Nevirapina En Caja x frasco de 100 mL con dosificador/sin dosificador,  Frasco x 240 mL. De 50 mg/5 mL',NULL,NULL,NULL,'A','admin','2019-11-03 15:21:46',NULL,NULL,NULL,NULL,NULL,NULL,NULL,NULL,NULL,NULL,NULL),(802,NULL,1,429,3,20,241,12,NULL,NULL,'Tableta Nevirapina En Caja x  frasco. De 200 mg',NULL,NULL,NULL,'A','admin','2019-11-03 15:21:47',NULL,NULL,NULL,NULL,NULL,NULL,NULL,NULL,NULL,NULL,NULL),(803,NULL,1,430,3,19,241,12,NULL,NULL,'Tableta recubierta Nevirapina En Caja x  frasco. De 200 mg',NULL,NULL,NULL,'A','admin','2019-11-03 15:21:47',NULL,NULL,NULL,NULL,NULL,NULL,NULL,NULL,NULL,NULL,NULL),(804,NULL,1,431,3,26,242,44,NULL,NULL,'Cápsula Nifedipina En Blísteres, ristras De 10 mg',NULL,NULL,NULL,'A','admin','2019-11-03 15:21:47',NULL,NULL,NULL,NULL,NULL,NULL,NULL,NULL,NULL,NULL,NULL),(805,NULL,1,435,3,63,243,210,NULL,NULL,'Suspensión oral Nistatina En Caja x frasco de 30 mL ó 120 mL + dosificador (gotero), Caja x frasco de 30 mL ó 120 mL De 100 000 UI/mL',NULL,NULL,NULL,'A','admin','2019-11-03 15:21:47',NULL,NULL,NULL,NULL,NULL,NULL,NULL,NULL,NULL,NULL,NULL),(806,NULL,1,436,3,63,244,211,NULL,NULL,'Suspensión oral Nitrofurantoína En Caja x frasco de 100 mL ó 120 mL De 25 mg /5 mL',NULL,NULL,NULL,'A','admin','2019-11-03 15:21:47',NULL,NULL,NULL,NULL,NULL,NULL,NULL,NULL,NULL,NULL,NULL),(807,NULL,1,438,3,21,221,72,NULL,NULL,'Solución inyectable Nitroglicerina (trinitrato de glicerilo) En Caja x viales/frascos. De 5 mg/mL',NULL,NULL,NULL,'A','admin','2019-11-03 15:21:47',NULL,NULL,NULL,NULL,NULL,NULL,NULL,NULL,NULL,NULL,NULL),(808,NULL,1,439,3,24,245,54,NULL,NULL,'Polvo para inyección Nitroprusiato sódico En Caja x frascos/viales De 50 mg',NULL,NULL,NULL,'A','admin','2019-11-03 15:21:47',NULL,NULL,NULL,NULL,NULL,NULL,NULL,NULL,NULL,NULL,NULL),(809,NULL,1,440,3,21,246,59,NULL,NULL,'Solución inyectable Norepinefrina En Caja x ampollas de 4 mL cada una De 1 mg/mL',NULL,NULL,NULL,'A','admin','2019-11-03 15:21:47',NULL,NULL,NULL,NULL,NULL,NULL,NULL,NULL,NULL,NULL,NULL),(810,NULL,1,441,3,24,247,62,NULL,NULL,'Polvo para inyección Octreotida En Caja x frasco + jeringuilla prellenada con 2,5 mL de disolvente, Caja x frasco/vial. De 20 mg',NULL,NULL,NULL,'A','admin','2019-11-03 15:21:47',NULL,NULL,NULL,NULL,NULL,NULL,NULL,NULL,NULL,NULL,NULL),(811,NULL,1,442,3,21,239,140,NULL,NULL,'Solución inyectable Octreotida En Caja x ampollas de 1 mL. De 0,1 mg/mL',NULL,NULL,NULL,'A','admin','2019-11-03 15:21:47',NULL,NULL,NULL,NULL,NULL,NULL,NULL,NULL,NULL,NULL,NULL),(812,NULL,1,443,3,21,248,212,NULL,NULL,'Solución inyectable Oligoelementos En Caja x ampollas de 10 mL cada una, Caja x ampollas de 2 mL cada una De Según lo declarado en el Registro Sanitario',NULL,NULL,NULL,'A','admin','2019-11-03 15:21:47',NULL,NULL,NULL,NULL,NULL,NULL,NULL,NULL,NULL,NULL,NULL),(813,NULL,1,445,3,24,249,143,NULL,NULL,'Polvo para inyección Omeprazol En Caja x vial/frasco + disolvente ampolla de 10 mL, Caja x viales/frasco De 40 mg',NULL,NULL,NULL,'A','admin','2019-11-03 15:21:47',NULL,NULL,NULL,NULL,NULL,NULL,NULL,NULL,NULL,NULL,NULL),(814,NULL,1,446,3,21,250,89,NULL,NULL,'Solución inyectable Ondansetrón En Caja x ampollas de 4 mL cada una, Caja x ampollas de 2 mL De 2 mg/mL',NULL,NULL,NULL,'A','admin','2019-11-03 15:21:47',NULL,NULL,NULL,NULL,NULL,NULL,NULL,NULL,NULL,NULL,NULL),(815,NULL,1,449,3,24,245,82,NULL,NULL,'Polvo para inyección Oxacilina En Caja x frascos/viales De 1 000 mg',NULL,NULL,NULL,'A','admin','2019-11-03 15:21:47',NULL,NULL,NULL,NULL,NULL,NULL,NULL,NULL,NULL,NULL,NULL),(816,NULL,1,450,3,24,251,54,NULL,NULL,'Polvo para inyección Oxaliplatino En Caja x viales/frascos De 50 mg',NULL,NULL,NULL,'A','admin','2019-11-03 15:21:47',NULL,NULL,NULL,NULL,NULL,NULL,NULL,NULL,NULL,NULL,NULL),(817,NULL,1,450,3,24,251,17,NULL,NULL,'Polvo para inyección Oxaliplatino En Caja x viales/frascos De 100 mg',NULL,NULL,NULL,'A','admin','2019-11-03 15:21:47',NULL,NULL,NULL,NULL,NULL,NULL,NULL,NULL,NULL,NULL,NULL),(818,NULL,1,452,3,64,252,214,NULL,NULL,'Gas para inhalación Oxígeno En Oxígeno, gas medicinal, cilindro por: 0,4 m3, 0,7 m3, 1 m3, 2 m3, 3 m3, 4 m3, 6 m3, 7 m3, 8 m3, 9 m3 De Pureza no menor al 99.5 %',NULL,NULL,NULL,'A','admin','2019-11-03 15:21:47',NULL,NULL,NULL,NULL,NULL,NULL,NULL,NULL,NULL,NULL,NULL),(819,NULL,1,454,3,21,253,169,NULL,NULL,'Solución inyectable Paclitaxel En Caja x frascos/viales de 5 mL o más De 6 mg/mL',NULL,NULL,NULL,'A','admin','2019-11-03 15:21:47',NULL,NULL,NULL,NULL,NULL,NULL,NULL,NULL,NULL,NULL,NULL),(820,NULL,1,455,3,21,254,89,NULL,NULL,'Solución inyectable Pancuronio En Caja x ampollas x 2 mL De 2 mg/mL',NULL,NULL,NULL,'A','admin','2019-11-03 15:21:47',NULL,NULL,NULL,NULL,NULL,NULL,NULL,NULL,NULL,NULL,NULL),(821,NULL,1,456,3,33,255,216,NULL,NULL,'Jarabe Paracetamol En Caja x frasco de 60 mL o más De 160 mg/5 mL',NULL,NULL,NULL,'A','admin','2019-11-03 15:21:48',NULL,NULL,NULL,NULL,NULL,NULL,NULL,NULL,NULL,NULL,NULL),(822,NULL,1,458,3,32,256,9,NULL,NULL,'Solución oral Paracetamol En Caja x 1 frasco de 15 mL o más, Caja x frasco gotero de 15 mL o más De 100 mg/mL',NULL,NULL,NULL,'A','admin','2019-11-03 15:21:48',NULL,NULL,NULL,NULL,NULL,NULL,NULL,NULL,NULL,NULL,NULL),(823,NULL,1,456,3,33,257,217,NULL,NULL,'Jarabe Paracetamol En Caja x 1 frasco de 60 mL o más De 120 mg/5 mL',NULL,NULL,NULL,'A','admin','2019-11-03 15:21:48',NULL,NULL,NULL,NULL,NULL,NULL,NULL,NULL,NULL,NULL,NULL),(824,NULL,1,460,3,21,258,218,NULL,NULL,'Solución inyectable Paricalcitol En Caja x ampollas x 2 mL, Caja x ampollas x 1mL De 5 mcg/mL',NULL,NULL,NULL,'A','admin','2019-11-03 15:21:48',NULL,NULL,NULL,NULL,NULL,NULL,NULL,NULL,NULL,NULL,NULL),(825,NULL,1,461,3,21,259,219,NULL,NULL,'Solución inyectable Pegfilgrastim En Caja x jeringas prellenadas x 0,6 mL De 6 mg/0,6 mL (10 mg/mL)',NULL,NULL,NULL,'A','admin','2019-11-03 15:21:48',NULL,NULL,NULL,NULL,NULL,NULL,NULL,NULL,NULL,NULL,NULL),(826,NULL,1,462,3,24,251,16,NULL,NULL,'Polvo para inyección Pemetrexed En Caja x viales/frascos De 500 mg',NULL,NULL,NULL,'A','admin','2019-11-03 15:21:48',NULL,NULL,NULL,NULL,NULL,NULL,NULL,NULL,NULL,NULL,NULL),(827,NULL,1,464,3,30,260,60,NULL,NULL,'Crema Permetrina En Caja x tubo. De 1.00%',NULL,NULL,NULL,'A','admin','2019-11-03 15:21:48',NULL,NULL,NULL,NULL,NULL,NULL,NULL,NULL,NULL,NULL,NULL),(828,NULL,1,465,3,48,261,60,NULL,NULL,'Solución tópica Permetrina En Frasco x 60 mL ó 120 mL. De 1.00%',NULL,NULL,NULL,'A','admin','2019-11-03 15:21:48',NULL,NULL,NULL,NULL,NULL,NULL,NULL,NULL,NULL,NULL,NULL),(829,NULL,1,466,3,30,262,37,NULL,NULL,'Crema Peróxido de benzoilo En Caja x 1 tubo de 10, 20 ó 30 g. De 5.00%',NULL,NULL,NULL,'A','admin','2019-11-03 15:21:48',NULL,NULL,NULL,NULL,NULL,NULL,NULL,NULL,NULL,NULL,NULL),(830,NULL,1,466,3,30,263,40,NULL,NULL,'Crema Peróxido de benzoilo En Caja x 1 tubo de 10 g o más De 10.00%',NULL,NULL,NULL,'A','admin','2019-11-03 15:21:48',NULL,NULL,NULL,NULL,NULL,NULL,NULL,NULL,NULL,NULL,NULL),(831,NULL,1,468,3,24,251,220,NULL,NULL,'Polvo para inyección Piperacilina + Tazobactam En Caja x viales/frascos De 4 g + 0,5 g (4000 mg + 500 mg)',NULL,NULL,NULL,'A','admin','2019-11-03 15:21:48',NULL,NULL,NULL,NULL,NULL,NULL,NULL,NULL,NULL,NULL,NULL),(832,NULL,1,471,3,20,264,45,NULL,NULL,'Tableta Pirimetamina En Caja x blísteres, ristras De 25 mg',NULL,NULL,NULL,'A','admin','2019-11-03 15:21:48',NULL,NULL,NULL,NULL,NULL,NULL,NULL,NULL,NULL,NULL,NULL),(833,NULL,1,472,3,21,226,15,NULL,NULL,'Solución inyectable Polidocanol En Caja x frasco/vial. De 3.00%',NULL,NULL,NULL,'A','admin','2019-11-03 15:21:48',NULL,NULL,NULL,NULL,NULL,NULL,NULL,NULL,NULL,NULL,NULL),(834,NULL,1,473,3,31,265,221,NULL,NULL,'Granulado Polietilenglicol en combinaciones En Caja x sobres. De Según consta en Registro Sanitario.',NULL,NULL,NULL,'A','admin','2019-11-03 15:21:48',NULL,NULL,NULL,NULL,NULL,NULL,NULL,NULL,NULL,NULL,NULL),(835,NULL,1,475,3,53,266,60,NULL,NULL,'Suspensión oftálmica Prednisolona En Caja x 1 frasco gotero de 5 mL. De 1.00%',NULL,NULL,NULL,'A','admin','2019-11-03 15:21:48',NULL,NULL,NULL,NULL,NULL,NULL,NULL,NULL,NULL,NULL,NULL),(836,NULL,1,475,3,53,266,223,NULL,NULL,'Suspensión oftálmica Prednisolona En Caja x 1 frasco gotero de 5 mL. De 0,0012',NULL,NULL,NULL,'A','admin','2019-11-03 15:21:48',NULL,NULL,NULL,NULL,NULL,NULL,NULL,NULL,NULL,NULL,NULL),(837,NULL,1,480,3,26,267,54,NULL,NULL,'Cápsula Procarbazina En Caja x blísteres, Caja x ristras, Caja x frasco. De 50 mg',NULL,NULL,NULL,'A','admin','2019-11-03 15:21:48',NULL,NULL,NULL,NULL,NULL,NULL,NULL,NULL,NULL,NULL,NULL),(838,NULL,1,481,3,30,268,224,NULL,NULL,'Crema Productos con zinc (Nistatina + Vitamina A + Vitamina D2 + Óxido de zinc En Caja x 1 tubo de 60 g ó 100 g De 10 000 000 UI + 500 000 UI + 62 500 UI + 15 g/100 g',NULL,NULL,NULL,'A','admin','2019-11-03 15:21:48',NULL,NULL,NULL,NULL,NULL,NULL,NULL,NULL,NULL,NULL,NULL),(839,NULL,1,482,3,44,269,225,NULL,NULL,'Ungüento Productos con zinc (oxido de zinc) En Caja x 1 Tubo de 60 g De 20 g/100 g (20 %)',NULL,NULL,NULL,'A','admin','2019-11-03 15:21:48',NULL,NULL,NULL,NULL,NULL,NULL,NULL,NULL,NULL,NULL,NULL),(840,NULL,1,483,3,30,269,226,NULL,NULL,'Crema Productos con zinc (Undecilenato de Zinc + Ácido Undecilénico) En Caja x 1 tubo de 60 g De (20 g + 5 g)/100 g',NULL,NULL,NULL,'A','admin','2019-11-03 15:21:49',NULL,NULL,NULL,NULL,NULL,NULL,NULL,NULL,NULL,NULL,NULL),(841,NULL,1,484,3,65,270,227,NULL,NULL,'Pomada Productos con zinc (Vitamina A + vitamina D2 + oxido de zinc) En Caja x 1 Tubo de 60 ó 100 g De 500 000 UI + 62 500 UI + 15 g/100 g',NULL,NULL,NULL,'A','admin','2019-11-03 15:21:49',NULL,NULL,NULL,NULL,NULL,NULL,NULL,NULL,NULL,NULL,NULL),(842,NULL,1,486,3,66,271,84,NULL,NULL,'Emulsión inyectable Propofol En Caja x ampollas x 20 mL De 10 mg/mL',NULL,NULL,NULL,'A','admin','2019-11-03 15:21:49',NULL,NULL,NULL,NULL,NULL,NULL,NULL,NULL,NULL,NULL,NULL),(843,NULL,1,488,3,21,272,229,NULL,NULL,'Solución inyectable Protamina En Caja x 1 ampolla x 5mL. De 10mg/mL (1000 UH/mL)',NULL,NULL,NULL,'A','admin','2019-11-03 15:21:49',NULL,NULL,NULL,NULL,NULL,NULL,NULL,NULL,NULL,NULL,NULL),(844,NULL,1,490,3,19,273,14,NULL,NULL,'Tableta recubierta Raltegravir En Caja x 1 frasco de 60 unidades. De 400 mg',NULL,NULL,NULL,'A','admin','2019-11-03 15:21:49',NULL,NULL,NULL,NULL,NULL,NULL,NULL,NULL,NULL,NULL,NULL),(845,NULL,1,491,3,21,254,43,NULL,NULL,'Solución inyectable Ranitidina En Caja x ampollas x 2 mL De 25 mg/mL',NULL,NULL,NULL,'A','admin','2019-11-03 15:21:49',NULL,NULL,NULL,NULL,NULL,NULL,NULL,NULL,NULL,NULL,NULL),(846,NULL,1,492,3,20,274,58,NULL,NULL,'Tableta Ranitidina En Caja x blísteres, ristra De 150 mg',NULL,NULL,NULL,'A','admin','2019-11-03 15:21:49',NULL,NULL,NULL,NULL,NULL,NULL,NULL,NULL,NULL,NULL,NULL),(847,NULL,1,493,3,19,264,58,NULL,NULL,'Tableta recubierta Ranitidina En Caja x blísteres, ristras De 150 mg',NULL,NULL,NULL,'A','admin','2019-11-03 15:21:49',NULL,NULL,NULL,NULL,NULL,NULL,NULL,NULL,NULL,NULL,NULL),(848,NULL,1,496,3,23,275,32,NULL,NULL,'Suspensión Rifampicina En Caja x 1 frasco. De 100 mg/5 mL',NULL,NULL,NULL,'A','admin','2019-11-03 15:21:49',NULL,NULL,NULL,NULL,NULL,NULL,NULL,NULL,NULL,NULL,NULL),(849,NULL,1,501,3,21,276,31,NULL,NULL,'Solución inyectable Ringer lactato (combinaciones) En Funda/Bolsa de 500 ó 1000 mL De ___',NULL,NULL,NULL,'A','admin','2019-11-03 15:21:49',NULL,NULL,NULL,NULL,NULL,NULL,NULL,NULL,NULL,NULL,NULL),(850,NULL,1,502,3,24,277,45,NULL,NULL,'Polvo para inyección Risperidona En Caja x  1 vial/frasco + diluyente De 25 mg',NULL,NULL,NULL,'A','admin','2019-11-03 15:21:49',NULL,NULL,NULL,NULL,NULL,NULL,NULL,NULL,NULL,NULL,NULL),(851,NULL,1,502,3,24,278,233,NULL,NULL,'Polvo para inyección Risperidona En Caja x 1 vial/frasco + diluyente De 37,5 mg',NULL,NULL,NULL,'A','admin','2019-11-03 15:21:49',NULL,NULL,NULL,NULL,NULL,NULL,NULL,NULL,NULL,NULL,NULL),(852,NULL,1,503,3,19,264,20,NULL,NULL,'Tableta recubierta Risperidona En Caja x blísteres, ristras De 1 mg',NULL,NULL,NULL,'A','admin','2019-11-03 15:21:49',NULL,NULL,NULL,NULL,NULL,NULL,NULL,NULL,NULL,NULL,NULL),(853,NULL,1,503,3,19,264,73,NULL,NULL,'Tableta recubierta Risperidona En Caja x blísteres, ristras De 2 mg',NULL,NULL,NULL,'A','admin','2019-11-03 15:21:49',NULL,NULL,NULL,NULL,NULL,NULL,NULL,NULL,NULL,NULL,NULL),(854,NULL,1,505,3,32,279,59,NULL,NULL,'Solución oral Risperidona En Caja x 1 frasco de 20 mL ó 30 mL + gotero(dosificador), Caja x 1 frasco gotero de 20 mL ó 30 mL. De 1 mg/mL',NULL,NULL,NULL,'A','admin','2019-11-03 15:21:49',NULL,NULL,NULL,NULL,NULL,NULL,NULL,NULL,NULL,NULL,NULL),(855,NULL,1,507,3,67,280,84,NULL,NULL,'Solución concentrada para infusión Rituximab En Caja x viales/frascos de 10 mL, Caja x viales/frascos 50 mL De 10 mg/mL',NULL,NULL,NULL,'A','admin','2019-11-03 15:21:49',NULL,NULL,NULL,NULL,NULL,NULL,NULL,NULL,NULL,NULL,NULL),(856,NULL,1,508,3,21,281,84,NULL,NULL,'Solución inyectable Rocuronio, Bromuro En Caja x   viales/frascos de 5 mL, Caja x  viales/frascos de 10 mL. De 10 mg/mL',NULL,NULL,NULL,'A','admin','2019-11-03 15:21:49',NULL,NULL,NULL,NULL,NULL,NULL,NULL,NULL,NULL,NULL,NULL),(857,NULL,1,509,3,42,282,234,NULL,NULL,'Aerosol Salbutamol En Caja x 1 envase inhalador de 200 dosis con dosificador, Caja por envase inhalador de 200 dosis. De 0,1 mg/dosis',NULL,NULL,NULL,'A','admin','2019-11-03 15:21:49',NULL,NULL,NULL,NULL,NULL,NULL,NULL,NULL,NULL,NULL,NULL),(858,NULL,1,510,3,68,283,72,NULL,NULL,'Solución inhalatoria (para nebulización) Salbutamol En Caja x 1 frasco de 10 mL + dosificador, Caja x 1 frasco de 10 mL. De 5 mg/mL',NULL,NULL,NULL,'A','admin','2019-11-03 15:21:49',NULL,NULL,NULL,NULL,NULL,NULL,NULL,NULL,NULL,NULL,NULL),(859,NULL,1,513,3,32,284,43,NULL,NULL,'Solución oral Sales de hierro (Sulfato ferroso) En Caja x frasco gotero de 20 mL ó 30 mL. De 25 mg/mL',NULL,NULL,NULL,'A','admin','2019-11-03 15:21:49',NULL,NULL,NULL,NULL,NULL,NULL,NULL,NULL,NULL,NULL,NULL),(860,NULL,1,515,3,19,285,16,NULL,NULL,'Tableta recubierta Saquinavir En Caja x 1 frasco De 500 mg',NULL,NULL,NULL,'A','admin','2019-11-03 15:21:49',NULL,NULL,NULL,NULL,NULL,NULL,NULL,NULL,NULL,NULL,NULL),(861,NULL,1,519,3,35,286,59,NULL,NULL,'Solución para inhalación Sevoflurano En Caja x 1 Frasco de 250 mL. De 1 mg/mL',NULL,NULL,NULL,'A','admin','2019-11-03 15:21:49',NULL,NULL,NULL,NULL,NULL,NULL,NULL,NULL,NULL,NULL,NULL),(862,NULL,1,520,3,20,287,143,NULL,NULL,'Tableta Simvastatina En Caja x blísteres,ristras De 40 mg',NULL,NULL,NULL,'A','admin','2019-11-03 15:21:49',NULL,NULL,NULL,NULL,NULL,NULL,NULL,NULL,NULL,NULL,NULL),(863,NULL,1,521,3,19,288,62,NULL,NULL,'Tableta recubierta Simvastatina En Caja x 1, 2, 3 ó 4 blísteres de 10 unidades cada uno. De 20 mg',NULL,NULL,NULL,'A','admin','2019-11-03 15:21:49',NULL,NULL,NULL,NULL,NULL,NULL,NULL,NULL,NULL,NULL,NULL),(864,NULL,1,524,3,21,289,237,NULL,NULL,'Solución inyectable Sodio Cloruro En Bolsa/funda  de 100, 250, 500 ó 1000 mL. De 0,009',NULL,NULL,NULL,'A','admin','2019-11-03 15:21:49',NULL,NULL,NULL,NULL,NULL,NULL,NULL,NULL,NULL,NULL,NULL),(865,NULL,1,525,3,69,290,238,NULL,NULL,'Solución para diálisis peritoneal Solución diálisis peritoneal En Bolsa de 2 000 mL ó 5 000 mL De 4,25 % - 4,50 %',NULL,NULL,NULL,'A','admin','2019-11-03 15:21:49',NULL,NULL,NULL,NULL,NULL,NULL,NULL,NULL,NULL,NULL,NULL),(866,NULL,1,525,3,69,290,239,NULL,NULL,'Solución para diálisis peritoneal Solución diálisis peritoneal En Bolsa de 2 000 mL ó 5 000 mL De 0,015',NULL,NULL,NULL,'A','admin','2019-11-03 15:21:49',NULL,NULL,NULL,NULL,NULL,NULL,NULL,NULL,NULL,NULL,NULL),(867,NULL,1,525,3,69,290,240,NULL,NULL,'Solución para diálisis peritoneal Solución diálisis peritoneal En Bolsa de 2 000 mL ó 5 000 mL De 2,25 % - 2,5 %',NULL,NULL,NULL,'A','admin','2019-11-03 15:21:50',NULL,NULL,NULL,NULL,NULL,NULL,NULL,NULL,NULL,NULL,NULL),(868,NULL,1,526,3,24,291,31,NULL,NULL,'Polvo para inyección Suero antiofídico polivalente En Caja x viales + viales de solvente De ___',NULL,NULL,NULL,'A','admin','2019-11-03 15:21:50',NULL,NULL,NULL,NULL,NULL,NULL,NULL,NULL,NULL,NULL,NULL),(869,NULL,1,526,3,24,292,241,NULL,NULL,'Polvo para inyección Suero antiofídico polivalente En Caja x 1 ó 2 viales + diluyente de 10 mL cada uno. De Cada mL neutraliza: 2,5 mg Bothrops asper, 2,5 mg Bothrops atrox, 1,0 mg Crotalus durissus, 1,0 mg L',NULL,NULL,NULL,'A','admin','2019-11-03 15:21:50',NULL,NULL,NULL,NULL,NULL,NULL,NULL,NULL,NULL,NULL,NULL),(870,NULL,1,526,3,24,293,242,NULL,NULL,'Polvo para inyección Suero antiofídico polivalente En Caja x 1 vial/frasco + diluyente de 10 mL. De Cada ml neutraliza: 3 mg Bothrops asper, 2 mg Crotalus durissus, 3 mg Lachesis muta, 3 mg Bothrops a',NULL,NULL,NULL,'A','admin','2019-11-03 15:21:50',NULL,NULL,NULL,NULL,NULL,NULL,NULL,NULL,NULL,NULL,NULL),(871,NULL,1,527,3,21,226,31,NULL,NULL,'Solución inyectable Suero antiofídico polivalente En Caja x frasco/vial. De ___',NULL,NULL,NULL,'A','admin','2019-11-03 15:21:50',NULL,NULL,NULL,NULL,NULL,NULL,NULL,NULL,NULL,NULL,NULL),(872,NULL,1,529,3,30,294,60,NULL,NULL,'Crema Sulfadiazina de Plata En Caja x 1 tubo/frasco/pomo De 1.00%',NULL,NULL,NULL,'A','admin','2019-11-03 15:21:50',NULL,NULL,NULL,NULL,NULL,NULL,NULL,NULL,NULL,NULL,NULL),(873,NULL,1,530,3,20,295,16,NULL,NULL,'Tableta Sulfasalazina En Frasco x 10, 50 ó 100 unidades. De 500 mg',NULL,NULL,NULL,'A','admin','2019-11-03 15:21:50',NULL,NULL,NULL,NULL,NULL,NULL,NULL,NULL,NULL,NULL,NULL),(874,NULL,1,531,3,32,296,72,NULL,NULL,'Solución oral Sulfato de Zinc En Caja x frasco de 100 mL o 150 mL, Caja por frasco gotero de 30 mL. De 5 mg/mL',NULL,NULL,NULL,'A','admin','2019-11-03 15:21:50',NULL,NULL,NULL,NULL,NULL,NULL,NULL,NULL,NULL,NULL,NULL),(875,NULL,1,533,3,21,222,79,NULL,NULL,'Solución inyectable Suxametonio En Caja x ampollas De 20 mg/mL',NULL,NULL,NULL,'A','admin','2019-11-03 15:21:50',NULL,NULL,NULL,NULL,NULL,NULL,NULL,NULL,NULL,NULL,NULL),(876,NULL,1,534,3,20,297,17,NULL,NULL,'Tableta Talidomida En Caja x 10, 50 ó 100 blísteres de 10 unidades cada uno. De 100 mg',NULL,NULL,NULL,'A','admin','2019-11-03 15:21:50',NULL,NULL,NULL,NULL,NULL,NULL,NULL,NULL,NULL,NULL,NULL),(877,NULL,1,539,3,26,298,8,NULL,NULL,'Cápsula Temozolomida En Caja x frasco, Caja x sachets De 250 mg',NULL,NULL,NULL,'A','admin','2019-11-03 15:21:50',NULL,NULL,NULL,NULL,NULL,NULL,NULL,NULL,NULL,NULL,NULL),(878,NULL,1,539,3,26,298,17,NULL,NULL,'Cápsula Temozolomida En Caja x frasco, Caja x sachets De 100 mg',NULL,NULL,NULL,'A','admin','2019-11-03 15:21:50',NULL,NULL,NULL,NULL,NULL,NULL,NULL,NULL,NULL,NULL,NULL),(879,NULL,1,539,3,26,298,62,NULL,NULL,'Cápsula Temozolomida En Caja x frasco, Caja x sachets De 20 mg',NULL,NULL,NULL,'A','admin','2019-11-03 15:21:50',NULL,NULL,NULL,NULL,NULL,NULL,NULL,NULL,NULL,NULL,NULL),(880,NULL,1,540,3,19,285,244,NULL,NULL,'Tableta recubierta Tenofovir + Emtricitabina En Caja x 1 frasco De 300 mg + 200 mg',NULL,NULL,NULL,'A','admin','2019-11-03 15:21:50',NULL,NULL,NULL,NULL,NULL,NULL,NULL,NULL,NULL,NULL,NULL),(881,NULL,1,541,3,19,285,245,NULL,NULL,'Tableta recubierta Tenofovir + Emtricitabina + Efavirenz En Caja x 1 frasco De 300 mg + 200 mg + 600 mg',NULL,NULL,NULL,'A','admin','2019-11-03 15:21:50',NULL,NULL,NULL,NULL,NULL,NULL,NULL,NULL,NULL,NULL,NULL),(882,NULL,1,542,3,19,285,7,NULL,NULL,'Tableta recubierta Tenofovir disoproxilo En Caja x 1 frasco De 300 mg',NULL,NULL,NULL,'A','admin','2019-11-03 15:21:50',NULL,NULL,NULL,NULL,NULL,NULL,NULL,NULL,NULL,NULL,NULL),(883,NULL,1,543,3,20,274,8,NULL,NULL,'Tableta Terbinafina En Caja x blísteres, ristra De 250 mg',NULL,NULL,NULL,'A','admin','2019-11-03 15:21:50',NULL,NULL,NULL,NULL,NULL,NULL,NULL,NULL,NULL,NULL,NULL),(884,NULL,1,544,3,30,299,60,NULL,NULL,'Crema Terbinafina En Caja x 1 tubo x 15 g o más De 1.00%',NULL,NULL,NULL,'A','admin','2019-11-03 15:21:50',NULL,NULL,NULL,NULL,NULL,NULL,NULL,NULL,NULL,NULL,NULL),(885,NULL,1,545,3,21,300,39,NULL,NULL,'Solución inyectable Testosterona En Caja x ampollas de 1 mL o 3 mL. De 250 mg/mL',NULL,NULL,NULL,'A','admin','2019-11-03 15:21:50',NULL,NULL,NULL,NULL,NULL,NULL,NULL,NULL,NULL,NULL,NULL),(886,NULL,1,547,3,21,301,38,NULL,NULL,'Solución inyectable Tiamina (vitamina B1) En Caja x ampolla de 1 mL ó 2 mL. De 50 mg/mL',NULL,NULL,NULL,'A','admin','2019-11-03 15:21:50',NULL,NULL,NULL,NULL,NULL,NULL,NULL,NULL,NULL,NULL,NULL),(887,NULL,1,548,3,41,302,61,NULL,NULL,'Solución oftálmica Timolol En Caja x 1 frasco gotero de 5 mL ó 10 mL De 0,005',NULL,NULL,NULL,'A','admin','2019-11-03 15:21:50',NULL,NULL,NULL,NULL,NULL,NULL,NULL,NULL,NULL,NULL,NULL),(888,NULL,1,548,3,41,303,246,NULL,NULL,'Solución oftálmica Timolol En Caja x 1 frasco gotero de 5 mL ó 10 mL. De 0,0025',NULL,NULL,NULL,'A','admin','2019-11-03 15:21:50',NULL,NULL,NULL,NULL,NULL,NULL,NULL,NULL,NULL,NULL,NULL),(889,NULL,1,549,3,19,264,82,NULL,NULL,'Tableta recubierta Tinidazol En Caja x blísteres, ristras De 1 000 mg',NULL,NULL,NULL,'A','admin','2019-11-03 15:21:50',NULL,NULL,NULL,NULL,NULL,NULL,NULL,NULL,NULL,NULL,NULL),(890,NULL,1,554,3,24,245,151,NULL,NULL,'Polvo para inyección Tiopental sódico En Caja x frascos/viales De 1 g',NULL,NULL,NULL,'A','admin','2019-11-03 15:21:50',NULL,NULL,NULL,NULL,NULL,NULL,NULL,NULL,NULL,NULL,NULL),(891,NULL,1,555,3,71,304,247,NULL,NULL,'Polvo para inhalación en cápsula dura Tiotropio bromuro En Caja x 1, 3 ó 6 blísteres de 10 unidades cada uno. De 18 mcg',NULL,NULL,NULL,'A','admin','2019-11-03 15:21:50',NULL,NULL,NULL,NULL,NULL,NULL,NULL,NULL,NULL,NULL,NULL),(892,NULL,1,556,3,21,305,110,NULL,NULL,'Solución inyectable Tirofibán En Caja x 1 frasco/vial de 50 mL. De 0,25 mg/mL',NULL,NULL,NULL,'A','admin','2019-11-03 15:21:51',NULL,NULL,NULL,NULL,NULL,NULL,NULL,NULL,NULL,NULL,NULL),(893,NULL,1,557,3,27,306,88,NULL,NULL,'Ungüento oftálmico Tobramicina En Caja x 1 tubo De 0,003',NULL,NULL,NULL,'A','admin','2019-11-03 15:21:51',NULL,NULL,NULL,NULL,NULL,NULL,NULL,NULL,NULL,NULL,NULL),(894,NULL,1,558,3,41,266,88,NULL,NULL,'Solución oftálmica Tobramicina En Caja x 1 frasco gotero de 5 mL. De 0,003',NULL,NULL,NULL,'A','admin','2019-11-03 15:21:51',NULL,NULL,NULL,NULL,NULL,NULL,NULL,NULL,NULL,NULL,NULL),(895,NULL,1,559,3,35,307,248,NULL,NULL,'Solución para inhalación Tobramicina En Caja x blísteres x cánulas, Caja x sobres x ampollas De 300 mg/5 mL',NULL,NULL,NULL,'A','admin','2019-11-03 15:21:51',NULL,NULL,NULL,NULL,NULL,NULL,NULL,NULL,NULL,NULL,NULL),(896,NULL,1,560,3,59,308,88,NULL,NULL,'Gel oftálmico Tobramicina En Caja x 1 tubo de 5 g. De 0,003',NULL,NULL,NULL,'A','admin','2019-11-03 15:21:51',NULL,NULL,NULL,NULL,NULL,NULL,NULL,NULL,NULL,NULL,NULL),(897,NULL,1,561,3,53,266,88,NULL,NULL,'Suspensión oftálmica Tobramicina En Caja x 1 frasco gotero de 5 mL. De 0,003',NULL,NULL,NULL,'A','admin','2019-11-03 15:21:51',NULL,NULL,NULL,NULL,NULL,NULL,NULL,NULL,NULL,NULL,NULL),(898,NULL,1,562,3,24,245,249,NULL,NULL,'Polvo para inyección Toxina botulínica En Caja x frascos/viales De 100 U',NULL,NULL,NULL,'A','admin','2019-11-03 15:21:51',NULL,NULL,NULL,NULL,NULL,NULL,NULL,NULL,NULL,NULL,NULL),(899,NULL,1,563,3,40,309,31,NULL,NULL,'Suspensión inyectable Toxoide diftérico tetánico En Caja x frascos/viales o jeringuillas prellenadas De ___',NULL,NULL,NULL,'A','admin','2019-11-03 15:21:51',NULL,NULL,NULL,NULL,NULL,NULL,NULL,NULL,NULL,NULL,NULL),(900,NULL,1,564,3,40,309,31,NULL,NULL,'Suspensión inyectable Toxoide diftérico tetánico + Vacuna pertusis En Caja x frascos/viales o jeringuillas prellenadas De ___',NULL,NULL,NULL,'A','admin','2019-11-03 15:21:51',NULL,NULL,NULL,NULL,NULL,NULL,NULL,NULL,NULL,NULL,NULL),(901,NULL,1,565,3,40,310,251,NULL,NULL,'Suspensión inyectable Toxoide tetánico En Caja x jeringas prellenadas de 0,5 mL, Caja x frascos/viales de 0,5 mL De > 40 UI/0,5 mL.',NULL,NULL,NULL,'A','admin','2019-11-03 15:21:51',NULL,NULL,NULL,NULL,NULL,NULL,NULL,NULL,NULL,NULL,NULL),(902,NULL,1,566,3,32,285,9,NULL,NULL,'Solución oral Tramadol En Caja x 1 frasco De 100 mg/mL',NULL,NULL,NULL,'A','admin','2019-11-03 15:21:51',NULL,NULL,NULL,NULL,NULL,NULL,NULL,NULL,NULL,NULL,NULL),(903,NULL,1,570,3,21,311,38,NULL,NULL,'Solución inyectable Tramadol En Caja x ampollas de 1mL ó 2 mL. De 50 mg/mL',NULL,NULL,NULL,'A','admin','2019-11-03 15:21:51',NULL,NULL,NULL,NULL,NULL,NULL,NULL,NULL,NULL,NULL,NULL),(904,NULL,1,571,3,24,312,252,NULL,NULL,'Polvo para inyección Trastuzumab En Caja x 1 vial + disolvente ampolla de 20 mL. De 440 mg',NULL,NULL,NULL,'A','admin','2019-11-03 15:21:51',NULL,NULL,NULL,NULL,NULL,NULL,NULL,NULL,NULL,NULL,NULL),(905,NULL,1,572,3,24,313,180,NULL,NULL,'Polvo para inyección Triptorelina En Caja x 1 vial + disolvente x 2 mL De 3,75 mg',NULL,NULL,NULL,'A','admin','2019-11-03 15:21:51',NULL,NULL,NULL,NULL,NULL,NULL,NULL,NULL,NULL,NULL,NULL),(906,NULL,1,573,3,37,306,253,NULL,NULL,'Emulsión Trolamina En Caja x 1 tubo De 0,67 g/100 g',NULL,NULL,NULL,'A','admin','2019-11-03 15:21:51',NULL,NULL,NULL,NULL,NULL,NULL,NULL,NULL,NULL,NULL,NULL),(907,NULL,1,574,3,41,314,60,NULL,NULL,'Solución oftálmica Tropicamida En Caja x 1 frasco gotero de 15 mL De 1.00%',NULL,NULL,NULL,'A','admin','2019-11-03 15:21:51',NULL,NULL,NULL,NULL,NULL,NULL,NULL,NULL,NULL,NULL,NULL),(908,NULL,1,575,3,30,315,37,NULL,NULL,'Crema Urea En Caja x 1 tubo. De 5.00%',NULL,NULL,NULL,'A','admin','2019-11-03 15:21:51',NULL,NULL,NULL,NULL,NULL,NULL,NULL,NULL,NULL,NULL,NULL),(909,NULL,1,575,3,30,316,40,NULL,NULL,'Crema Urea En Caja x tubo de 10 g o más De 10.00%',NULL,NULL,NULL,'A','admin','2019-11-03 15:21:51',NULL,NULL,NULL,NULL,NULL,NULL,NULL,NULL,NULL,NULL,NULL),(910,NULL,1,576,3,43,317,40,NULL,NULL,'Loción Urea En Caja x 1 frasco de 125 mL. De 10.00%',NULL,NULL,NULL,'A','admin','2019-11-03 15:21:51',NULL,NULL,NULL,NULL,NULL,NULL,NULL,NULL,NULL,NULL,NULL),(911,NULL,1,576,3,43,317,37,NULL,NULL,'Loción Urea En Caja x 1 frasco de 125 mL. De 5.00%',NULL,NULL,NULL,'A','admin','2019-11-03 15:21:51',NULL,NULL,NULL,NULL,NULL,NULL,NULL,NULL,NULL,NULL,NULL),(912,NULL,1,577,3,24,318,31,NULL,NULL,'Polvo para inyección Vacuna antiamarílica En Caja x viales + jeringas prellenadas de 0,5 mL De ___',NULL,NULL,NULL,'A','admin','2019-11-03 15:21:51',NULL,NULL,NULL,NULL,NULL,NULL,NULL,NULL,NULL,NULL,NULL),(913,NULL,1,578,3,40,319,31,NULL,NULL,'Suspensión inyectable Vacuna antihepatitis B En Caja x frascos/ampollas de 0.5 ml ó 1mL De ___',NULL,NULL,NULL,'A','admin','2019-11-03 15:21:51',NULL,NULL,NULL,NULL,NULL,NULL,NULL,NULL,NULL,NULL,NULL),(914,NULL,1,579,3,40,320,31,NULL,NULL,'Suspensión inyectable Vacuna antineumococo (Polisacárido conjugado) En Caja x jeringuilla prellenada. De ___',NULL,NULL,NULL,'A','admin','2019-11-03 15:21:51',NULL,NULL,NULL,NULL,NULL,NULL,NULL,NULL,NULL,NULL,NULL),(915,NULL,1,580,3,21,321,31,NULL,NULL,'Solución inyectable Vacuna antineumococo (Polisacárido conjugado) En Caja x frascos/viales de 0,5 mL De ___',NULL,NULL,NULL,'A','admin','2019-11-03 15:21:51',NULL,NULL,NULL,NULL,NULL,NULL,NULL,NULL,NULL,NULL,NULL),(916,NULL,1,581,3,23,322,31,NULL,NULL,'Suspensión Vacuna antipoliomielítica En Caja x frascos de 10 mL De ___',NULL,NULL,NULL,'A','admin','2019-11-03 15:21:51',NULL,NULL,NULL,NULL,NULL,NULL,NULL,NULL,NULL,NULL,NULL),(917,NULL,1,582,3,23,323,31,NULL,NULL,'Suspensión Vacuna Antirotavirus En Caja x frascos goteros de dosis única de 2 mL. De ___',NULL,NULL,NULL,'A','admin','2019-11-03 15:21:52',NULL,NULL,NULL,NULL,NULL,NULL,NULL,NULL,NULL,NULL,NULL),(918,NULL,1,583,3,24,324,31,NULL,NULL,'Polvo para inyección Vacuna antirrábica En Caja x frascos/viales + jeringas prellenadas de 0,5 mL. De ___',NULL,NULL,NULL,'A','admin','2019-11-03 15:21:52',NULL,NULL,NULL,NULL,NULL,NULL,NULL,NULL,NULL,NULL,NULL),(919,NULL,1,584,3,24,325,31,NULL,NULL,'Polvo para inyección Vacuna Antivaricela zóster (virus atenuado) En Caja x frascos/viales + diluyentes De ___',NULL,NULL,NULL,'A','admin','2019-11-03 15:21:52',NULL,NULL,NULL,NULL,NULL,NULL,NULL,NULL,NULL,NULL,NULL),(920,NULL,1,585,3,24,326,31,NULL,NULL,'Polvo para inyección Vacuna BCG En Caja x viales/frascos con o sin diluyente De ___',NULL,NULL,NULL,'A','admin','2019-11-03 15:21:52',NULL,NULL,NULL,NULL,NULL,NULL,NULL,NULL,NULL,NULL,NULL),(921,NULL,1,586,3,24,327,31,NULL,NULL,'Polvo para inyección Vacuna triple viral (Parotiditis-Sarampión-Rubéola) En Caja x viales + ampollas de diluyente de 0,5 mL De ___',NULL,NULL,NULL,'A','admin','2019-11-03 15:21:52',NULL,NULL,NULL,NULL,NULL,NULL,NULL,NULL,NULL,NULL,NULL),(922,NULL,1,589,3,24,251,16,NULL,NULL,'Polvo para inyección Vancomicina En Caja x viales/frascos De 500 mg',NULL,NULL,NULL,'A','admin','2019-11-03 15:21:52',NULL,NULL,NULL,NULL,NULL,NULL,NULL,NULL,NULL,NULL,NULL),(923,NULL,1,589,3,24,251,82,NULL,NULL,'Polvo para inyección Vancomicina En Caja x viales/frascos De 1 000 mg',NULL,NULL,NULL,'A','admin','2019-11-03 15:21:52',NULL,NULL,NULL,NULL,NULL,NULL,NULL,NULL,NULL,NULL,NULL),(924,NULL,1,590,3,21,328,59,NULL,NULL,'Solución inyectable Vinblastina En Caja x frascos/viales de 10 mL De 1 mg/mL',NULL,NULL,NULL,'A','admin','2019-11-03 15:21:52',NULL,NULL,NULL,NULL,NULL,NULL,NULL,NULL,NULL,NULL,NULL),(925,NULL,1,591,3,21,221,59,NULL,NULL,'Solución inyectable Vincristina En Caja x viales/frascos. De 1 mg/mL',NULL,NULL,NULL,'A','admin','2019-11-03 15:21:52',NULL,NULL,NULL,NULL,NULL,NULL,NULL,NULL,NULL,NULL,NULL),(926,NULL,1,592,3,24,245,20,NULL,NULL,'Polvo para inyección Vincristina En Caja x frascos/viales De 1 mg',NULL,NULL,NULL,'A','admin','2019-11-03 15:21:52',NULL,NULL,NULL,NULL,NULL,NULL,NULL,NULL,NULL,NULL,NULL),(927,NULL,1,593,3,24,329,12,NULL,NULL,'Polvo para inyección Voriconazol En Caja x frascos/viales con o sin diluyente De 200 mg',NULL,NULL,NULL,'A','admin','2019-11-03 15:21:52',NULL,NULL,NULL,NULL,NULL,NULL,NULL,NULL,NULL,NULL,NULL),(928,NULL,1,596,3,19,330,7,NULL,NULL,'Tableta recubierta Zidovudina En Caja x 1 frasco de 60 ó 100 unidades. De 300 mg',NULL,NULL,NULL,'A','admin','2019-11-03 15:21:52',NULL,NULL,NULL,NULL,NULL,NULL,NULL,NULL,NULL,NULL,NULL),(929,NULL,1,598,3,32,331,177,NULL,NULL,'Solución oral Zidovudina En Caja x 1 frasco de 100 mL. De 50 mg/5 mL',NULL,NULL,NULL,'A','admin','2019-11-03 15:21:52',NULL,NULL,NULL,NULL,NULL,NULL,NULL,NULL,NULL,NULL,NULL),(930,NULL,1,599,3,72,332,84,NULL,NULL,'Solución para infusión Zidovudina En Caja x frascos/viales de 20 mL De 10 mg/mL',NULL,NULL,NULL,'A','admin','2019-11-03 15:21:52',NULL,NULL,NULL,NULL,NULL,NULL,NULL,NULL,NULL,NULL,NULL),(931,NULL,1,601,3,19,333,254,NULL,NULL,'Tableta recubierta Zidovudina + Lamivudina + Nevirapina En Caja x  frasco De Zidovudina + Lamivudina + Nevirapina',NULL,NULL,NULL,'A','admin','2019-11-03 15:21:52',NULL,NULL,NULL,NULL,NULL,NULL,NULL,NULL,NULL,NULL,NULL),(932,NULL,1,602,3,19,334,16,NULL,NULL,'Tableta recubierta Metronidazol En Caja x blísteres, Caja x tabletas. De 500 mg',NULL,NULL,NULL,'A','admin','2019-11-03 15:21:52',NULL,NULL,NULL,NULL,NULL,NULL,NULL,NULL,NULL,NULL,NULL),(933,NULL,1,421,3,21,335,79,NULL,NULL,'Solución inyectable Morfina En Caja x 10 ó 100 ampollas De 20 mg/mL',NULL,NULL,NULL,'A','admin','2019-11-03 15:21:52',NULL,NULL,NULL,NULL,NULL,NULL,NULL,NULL,NULL,NULL,NULL),(934,NULL,1,84,3,43,336,27,NULL,NULL,'Loción Betametasona En Caja x frasco de 30 ó 60 mL De 0,001',NULL,NULL,NULL,'A','admin','2019-11-03 15:21:52',NULL,NULL,NULL,NULL,NULL,NULL,NULL,NULL,NULL,NULL,NULL),(935,NULL,1,441,3,24,337,206,NULL,NULL,'Polvo para inyección Octreotida En Caja x vial/frasco + diluyente, Caja x frasco/vial De 30 mg',NULL,NULL,NULL,'A','admin','2019-11-03 15:21:52',NULL,NULL,NULL,NULL,NULL,NULL,NULL,NULL,NULL,NULL,NULL),(936,NULL,1,607,3,72,338,72,NULL,NULL,'Solución para infusión Oxaliplatino En Caja x viales de 10 mL ó 20 mL De 5 mg/mL',NULL,NULL,NULL,'A','admin','2019-11-03 15:21:52',NULL,NULL,NULL,NULL,NULL,NULL,NULL,NULL,NULL,NULL,NULL),(937,NULL,1,608,3,20,339,19,NULL,NULL,'Tableta Oxicodona En Caja x frasco, Caja x blíster/ristras De 5 mg',NULL,NULL,NULL,'A','admin','2019-11-03 15:21:52',NULL,NULL,NULL,NULL,NULL,NULL,NULL,NULL,NULL,NULL,NULL),(938,NULL,1,609,3,57,340,31,NULL,NULL,'Polvo Carbón activado En Frasco de 50 g, Frasco de 25 g De ___',NULL,NULL,NULL,'A','admin','2019-11-03 15:21:52',NULL,NULL,NULL,NULL,NULL,NULL,NULL,NULL,NULL,NULL,NULL),(939,NULL,1,458,3,32,341,255,NULL,NULL,'Solución oral Paracetamol En Caja x 1 frasco de 60 mL, Frasco de 60 mL. De 120 mg/mL',NULL,NULL,NULL,'A','admin','2019-11-03 15:21:52',NULL,NULL,NULL,NULL,NULL,NULL,NULL,NULL,NULL,NULL,NULL),(940,NULL,1,456,3,33,257,256,NULL,NULL,'Jarabe Paracetamol En Caja x 1 frasco de 60 mL o más De 150 mg/5 mL',NULL,NULL,NULL,'A','admin','2019-11-03 15:21:52',NULL,NULL,NULL,NULL,NULL,NULL,NULL,NULL,NULL,NULL,NULL),(941,NULL,1,457,3,58,342,7,NULL,NULL,'Supositorio Paracetamol En Caja x 1, 2, 3, 4, 5, 10, ó 20 ristras de 5 unidades cada una, Caja x ristra de 2 unidades. De 300 mg',NULL,NULL,NULL,'A','admin','2019-11-03 15:21:52',NULL,NULL,NULL,NULL,NULL,NULL,NULL,NULL,NULL,NULL,NULL),(942,NULL,1,611,3,72,343,84,NULL,NULL,'Solución para infusión Paracetamol En Caja x frascos/viales de 50 mL o 100 mL De 10 mg/mL',NULL,NULL,NULL,'A','admin','2019-11-03 15:21:52',NULL,NULL,NULL,NULL,NULL,NULL,NULL,NULL,NULL,NULL,NULL),(943,NULL,1,612,3,34,344,37,NULL,NULL,'Gel Peróxido de benzoilo En Caja x 1 tubo de 40 o más De 5.00%',NULL,NULL,NULL,'A','admin','2019-11-03 15:21:53',NULL,NULL,NULL,NULL,NULL,NULL,NULL,NULL,NULL,NULL,NULL),(944,NULL,1,612,3,34,344,40,NULL,NULL,'Gel Peróxido de benzoilo En Caja x 1 tubo de 40 o más De 10.00%',NULL,NULL,NULL,'A','admin','2019-11-03 15:21:53',NULL,NULL,NULL,NULL,NULL,NULL,NULL,NULL,NULL,NULL,NULL),(945,NULL,1,614,3,21,226,92,NULL,NULL,'Solución inyectable Piridoxina (Vitamina B6) En Caja x frasco/vial. De 150 mg/mL',NULL,NULL,NULL,'A','admin','2019-11-03 15:21:53',NULL,NULL,NULL,NULL,NULL,NULL,NULL,NULL,NULL,NULL,NULL),(946,NULL,1,616,3,21,222,38,NULL,NULL,'Solución inyectable Pralidoxima En Caja x ampollas De 50 mg/mL',NULL,NULL,NULL,'A','admin','2019-11-03 15:21:53',NULL,NULL,NULL,NULL,NULL,NULL,NULL,NULL,NULL,NULL,NULL),(947,NULL,1,476,3,20,345,62,NULL,NULL,'Tableta Prednisolona En Caja x 3 blísteres de 10 unidades cada uno. De 20 mg',NULL,NULL,NULL,'A','admin','2019-11-03 15:21:53',NULL,NULL,NULL,NULL,NULL,NULL,NULL,NULL,NULL,NULL,NULL),(948,NULL,1,486,3,66,221,79,NULL,NULL,'Emulsión inyectable Propofol En Caja x viales/frascos. De 20 mg/mL',NULL,NULL,NULL,'A','admin','2019-11-03 15:21:53',NULL,NULL,NULL,NULL,NULL,NULL,NULL,NULL,NULL,NULL,NULL),(949,NULL,1,619,3,21,222,198,NULL,NULL,'Solución inyectable Quinina En Caja x ampollas De 300 mg/mL',NULL,NULL,NULL,'A','admin','2019-11-03 15:21:53',NULL,NULL,NULL,NULL,NULL,NULL,NULL,NULL,NULL,NULL,NULL),(950,NULL,1,620,3,21,222,116,NULL,NULL,'Solución inyectable Cloroquina En Caja x ampollas De 40 mg/mL',NULL,NULL,NULL,'A','admin','2019-11-03 15:21:53',NULL,NULL,NULL,NULL,NULL,NULL,NULL,NULL,NULL,NULL,NULL),(951,NULL,1,624,3,19,274,54,NULL,NULL,'Tableta recubierta Sertralina En Caja x blísteres, ristra De 50 mg',NULL,NULL,NULL,'A','admin','2019-11-03 15:21:53',NULL,NULL,NULL,NULL,NULL,NULL,NULL,NULL,NULL,NULL,NULL),(952,NULL,1,638,3,22,346,264,NULL,NULL,'Solución inhalatoria Epinefrina (adrenalina) racémica En Caja x ampolla/ampollas De 22,5 mg/mL(2.25 %)',NULL,NULL,NULL,'A','admin','2019-11-03 15:21:53',NULL,NULL,NULL,NULL,NULL,NULL,NULL,NULL,NULL,NULL,NULL),(953,NULL,1,225,3,21,347,57,NULL,NULL,'Solución inyectable Eritropoyetina En Caja x jeringa precargada de 1 mL De 10 000 UI',NULL,NULL,NULL,'A','admin','2019-11-03 15:21:53',NULL,NULL,NULL,NULL,NULL,NULL,NULL,NULL,NULL,NULL,NULL),(954,NULL,1,640,3,40,348,31,NULL,NULL,'Suspensión inyectable Vacuna antihepatitis A En Caja x jeringa de 0,5 mL, Caja x vial de 0,5 mL. De ___',NULL,NULL,NULL,'A','admin','2019-11-03 15:21:53',NULL,NULL,NULL,NULL,NULL,NULL,NULL,NULL,NULL,NULL,NULL),(955,NULL,1,642,3,20,349,265,NULL,NULL,'Tableta Etambutol + Isoniazida En Caja  blíster o blísteres/ristra ó ristras De 400 mg + 150 mg',NULL,NULL,NULL,'A','admin','2019-11-03 15:21:53',NULL,NULL,NULL,NULL,NULL,NULL,NULL,NULL,NULL,NULL,NULL),(956,NULL,1,643,3,40,350,31,NULL,NULL,'Suspensión inyectable Vacuna antimeningococo (B + C) En Caja x frascos/viales de 0,5 mL. De ___',NULL,NULL,NULL,'A','admin','2019-11-03 15:21:53',NULL,NULL,NULL,NULL,NULL,NULL,NULL,NULL,NULL,NULL,NULL),(957,NULL,1,647,3,40,309,31,NULL,NULL,'Suspensión inyectable Vacuna pentavalente viral (Difteria -haemophilus influenzae B -pertussis -tétanos -hepatitis B) En Caja x frascos/viales o jeringuillas prellenadas De ___',NULL,NULL,NULL,'A','admin','2019-11-03 15:21:53',NULL,NULL,NULL,NULL,NULL,NULL,NULL,NULL,NULL,NULL,NULL),(958,NULL,1,648,3,32,351,268,NULL,NULL,'Solución oral Fenobarbital En Caja x frasco de 60 ó 120 mL De 20 mg/5 mL',NULL,NULL,NULL,'A','admin','2019-11-03 15:21:53',NULL,NULL,NULL,NULL,NULL,NULL,NULL,NULL,NULL,NULL,NULL),(959,NULL,1,650,3,19,352,58,NULL,NULL,'Tableta recubierta Fluconazol En Caja x blíster/blisters De 150 mg',NULL,NULL,NULL,'A','admin','2019-11-03 15:21:53',NULL,NULL,NULL,NULL,NULL,NULL,NULL,NULL,NULL,NULL,NULL),(960,NULL,1,655,3,20,353,7,NULL,NULL,'Tableta Abacavir En Caja x frascos/envases, Caja x blísteres De 300 mg',NULL,NULL,NULL,'A','admin','2019-11-03 15:21:53',NULL,NULL,NULL,NULL,NULL,NULL,NULL,NULL,NULL,NULL,NULL),(961,NULL,1,658,3,21,354,59,NULL,NULL,'Solución inyectable Hidroxocobalamina (Vitamina B 12) En Frasco/vial x 10 mL De 1 mg/mL',NULL,NULL,NULL,'A','admin','2019-11-03 15:21:53',NULL,NULL,NULL,NULL,NULL,NULL,NULL,NULL,NULL,NULL,NULL),(962,NULL,1,668,3,20,355,58,NULL,NULL,'Tableta Lamivudina En Caja x blísteres/Caja x frasco. De 150 mg',NULL,NULL,NULL,'A','admin','2019-11-03 15:21:53',NULL,NULL,NULL,NULL,NULL,NULL,NULL,NULL,NULL,NULL,NULL),(963,NULL,1,671,3,74,356,37,NULL,NULL,'Pasta Lidocaína En Caja x frasco de 12 g De 5.00%',NULL,NULL,NULL,'A','admin','2019-11-03 15:21:53',NULL,NULL,NULL,NULL,NULL,NULL,NULL,NULL,NULL,NULL,NULL),(964,NULL,1,672,3,75,245,152,NULL,NULL,'Polvo para infusión Imipenem + cilastatina En Caja x frascos/viales De 500 mg + 500 mg',NULL,NULL,NULL,'A','admin','2019-11-03 15:21:53',NULL,NULL,NULL,NULL,NULL,NULL,NULL,NULL,NULL,NULL,NULL),(965,NULL,1,673,3,59,357,272,NULL,NULL,'Gel oftálmico Lágrimas artificiales y otros preparados inertes En Caja x tubo de 5 g De 1,5 mg/mL',NULL,NULL,NULL,'A','admin','2019-11-03 15:21:53',NULL,NULL,NULL,NULL,NULL,NULL,NULL,NULL,NULL,NULL,NULL),(966,NULL,1,675,3,65,358,37,NULL,NULL,'Pomada Lidocaína En Caja x tubo de 10 gramos De 5.00%',NULL,NULL,NULL,'A','admin','2019-11-03 15:21:53',NULL,NULL,NULL,NULL,NULL,NULL,NULL,NULL,NULL,NULL,NULL),(967,NULL,1,676,3,19,359,101,NULL,NULL,'Tableta recubierta Efavirenz En Caja x frasco, Caja x blísteres De 600 mg',NULL,NULL,NULL,'A','admin','2019-11-03 15:21:53',NULL,NULL,NULL,NULL,NULL,NULL,NULL,NULL,NULL,NULL,NULL),(968,NULL,1,677,3,20,359,101,NULL,NULL,'Tableta Efavirenz En Caja x frasco, Caja x blísteres De 600 mg',NULL,NULL,NULL,'A','admin','2019-11-03 15:21:54',NULL,NULL,NULL,NULL,NULL,NULL,NULL,NULL,NULL,NULL,NULL),(969,NULL,1,687,3,20,360,273,NULL,NULL,'Tableta Zidovudina + Lamivudina + Nevirapina En Caja x  frasco de 60 unidades, Caja x blíster/blísteres De 300 mg + 150 mg + 200 mg',NULL,NULL,NULL,'A','admin','2019-11-03 15:21:54',NULL,NULL,NULL,NULL,NULL,NULL,NULL,NULL,NULL,NULL,NULL),(970,NULL,1,689,3,20,361,54,NULL,NULL,'Tableta Sales de hierro (Sulfato ferroso) En Frasco/Blíster/Ristra De 50 mg',NULL,NULL,NULL,'A','admin','2019-11-03 15:21:54',NULL,NULL,NULL,NULL,NULL,NULL,NULL,NULL,NULL,NULL,NULL),(971,NULL,1,690,3,33,362,177,NULL,NULL,'Jarabe Sales de hierro (Sulfato ferroso) En Frasco x 340 mL De 50 mg/5 mL',NULL,NULL,NULL,'A','admin','2019-11-03 15:21:54',NULL,NULL,NULL,NULL,NULL,NULL,NULL,NULL,NULL,NULL,NULL),(972,NULL,1,677,3,20,363,12,NULL,NULL,'Tableta Efavirenz En Caja x frasco. Caja x blíster/blísteres. De 200 mg',NULL,NULL,NULL,'A','admin','2019-11-03 15:21:54',NULL,NULL,NULL,NULL,NULL,NULL,NULL,NULL,NULL,NULL,NULL),(973,NULL,1,698,3,20,285,244,NULL,NULL,'Tableta Tenofovir + Emtricitabina En Caja x 1 frasco De 300 mg + 200 mg',NULL,NULL,NULL,'A','admin','2019-11-03 15:21:54',NULL,NULL,NULL,NULL,NULL,NULL,NULL,NULL,NULL,NULL,NULL),(974,NULL,1,699,3,20,285,7,NULL,NULL,'Tableta Tenofovir disoproxilo En Caja x 1 frasco De 300 mg',NULL,NULL,NULL,'A','admin','2019-11-03 15:21:54',NULL,NULL,NULL,NULL,NULL,NULL,NULL,NULL,NULL,NULL,NULL),(975,NULL,1,700,3,40,364,31,NULL,NULL,'Suspensión inyectable Vacuna antirrábica En Caja x frascos/viales, Caja x jeringuillas prellenadas De ___',NULL,NULL,NULL,'A','admin','2019-11-03 15:21:54',NULL,NULL,NULL,NULL,NULL,NULL,NULL,NULL,NULL,NULL,NULL),(976,NULL,1,701,3,24,245,31,NULL,NULL,'Polvo para inyección Vacuna antimeningococo (B + C) En Caja x frascos/viales De ___',NULL,NULL,NULL,'A','admin','2019-11-03 15:21:54',NULL,NULL,NULL,NULL,NULL,NULL,NULL,NULL,NULL,NULL,NULL),(977,NULL,1,662,3,21,226,274,NULL,NULL,'Solución inyectable Inmunoglobulina antirrábica En Caja x frasco/vial. De 1 500 UI/mL',NULL,NULL,NULL,'A','admin','2019-11-03 15:21:54',NULL,NULL,NULL,NULL,NULL,NULL,NULL,NULL,NULL,NULL,NULL),(978,NULL,1,705,3,20,365,7,NULL,NULL,'Tableta Gabapentina En Caja x blíster/blísteres, Caja x ristra/ristras. De 300 mg',NULL,NULL,NULL,'A','admin','2019-11-03 15:21:54',NULL,NULL,NULL,NULL,NULL,NULL,NULL,NULL,NULL,NULL,NULL),(979,NULL,1,706,3,48,366,21,NULL,NULL,'Solución tópica Clorhexidina En Frasco x 60, 120, 250, 300, 500, 1000, 3785 mL De 2.00%',NULL,NULL,NULL,'A','admin','2019-11-03 15:21:54',NULL,NULL,NULL,NULL,NULL,NULL,NULL,NULL,NULL,NULL,NULL),(980,NULL,1,707,3,33,367,275,NULL,NULL,'Jarabe Difenhidramina En Caja x frasco de 60mL, 100 mL ó 120 mL De 12,5 mg/5 mL',NULL,NULL,NULL,'A','admin','2019-11-03 15:21:54',NULL,NULL,NULL,NULL,NULL,NULL,NULL,NULL,NULL,NULL,NULL),(981,NULL,1,289,3,20,365,62,NULL,NULL,'Tableta Hidrocortisona En Caja x blíster/blísteres, Caja x ristra/ristras. De 20 mg',NULL,NULL,NULL,'A','admin','2019-11-03 15:21:54',NULL,NULL,NULL,NULL,NULL,NULL,NULL,NULL,NULL,NULL,NULL),(982,NULL,1,708,3,19,368,276,NULL,NULL,'Tableta recubierta Bosentano En Caja x Frasco de 60 unidades. De 62,5 mg',NULL,NULL,NULL,'A','admin','2019-11-03 15:21:54',NULL,NULL,NULL,NULL,NULL,NULL,NULL,NULL,NULL,NULL,NULL),(983,NULL,1,708,3,19,368,102,NULL,NULL,'Tableta recubierta Bosentano En Caja x Frasco de 60 unidades. De 125 mg',NULL,NULL,NULL,'A','admin','2019-11-03 15:21:54',NULL,NULL,NULL,NULL,NULL,NULL,NULL,NULL,NULL,NULL,NULL),(984,NULL,1,709,3,75,369,277,NULL,NULL,'Polvo para infusión Imiglucerasa En Caja x 1 vial, Caja x 5 viales. De 400 UI',NULL,NULL,NULL,'A','admin','2019-11-03 15:21:54',NULL,NULL,NULL,NULL,NULL,NULL,NULL,NULL,NULL,NULL,NULL),(985,NULL,1,710,3,20,370,16,NULL,NULL,'Tableta Levetiracetam En Caja x 2,4,6,8 y 10 blísteres de 5 unidades c/u, Caja x 1,3 y 5 blísteres de 10 unidades c/u. De 500 mg',NULL,NULL,NULL,'A','admin','2019-11-03 15:21:54',NULL,NULL,NULL,NULL,NULL,NULL,NULL,NULL,NULL,NULL,NULL),(986,NULL,1,710,3,20,371,82,NULL,NULL,'Tableta Levetiracetam En Caja x 1,2,4,6,8 y 10 blíster de 5 uniades c/u, Caja x 1, 3 y 5 blísteres de 10 unidades cada uno. De 1 000 mg',NULL,NULL,NULL,'A','admin','2019-11-03 15:21:54',NULL,NULL,NULL,NULL,NULL,NULL,NULL,NULL,NULL,NULL,NULL),(987,NULL,1,711,3,19,372,82,NULL,NULL,'Tableta recubierta Levetiracetam En Caja x 1, 2, 3 y 6 blísteres de 10 unidades cada uno. De 1 000 mg',NULL,NULL,NULL,'A','admin','2019-11-03 15:21:54',NULL,NULL,NULL,NULL,NULL,NULL,NULL,NULL,NULL,NULL,NULL),(988,NULL,1,712,3,32,373,9,NULL,NULL,'Solución oral Levetiracetam En Caja x Frasco de 120 mL, Caja x Frasco de 150 mL, Caja x Frasco x 300 mL. De 100 mg/mL',NULL,NULL,NULL,'A','admin','2019-11-03 15:21:54',NULL,NULL,NULL,NULL,NULL,NULL,NULL,NULL,NULL,NULL,NULL),(989,NULL,1,713,3,20,374,262,NULL,NULL,'Tableta Hierro (óxido de hierro polimaltosado) + ácido fólico En Caja x blíster o blísteres de 10 unidades cada uno. De 60 mg + 400 mcg',NULL,NULL,NULL,'A','admin','2019-11-03 15:21:55',NULL,NULL,NULL,NULL,NULL,NULL,NULL,NULL,NULL,NULL,NULL),(990,NULL,1,714,3,21,375,84,NULL,NULL,'Solución inyectable Ranibizumab En Caja x vial de 0,3 mL De 10 mg/mL',NULL,NULL,NULL,'A','admin','2019-11-03 15:21:55',NULL,NULL,NULL,NULL,NULL,NULL,NULL,NULL,NULL,NULL,NULL),(991,NULL,1,715,3,26,376,58,NULL,NULL,'Cápsula Nilotinib En Caja x 7 blísteres de 4 unidades cada uno. De 150 mg',NULL,NULL,NULL,'A','admin','2019-11-03 15:21:55',NULL,NULL,NULL,NULL,NULL,NULL,NULL,NULL,NULL,NULL,NULL),(992,NULL,1,715,3,26,377,12,NULL,NULL,'Cápsula Nilotinib En Caja x 1, 2 blísteres de 14 unidades cada uno. De 200 mg',NULL,NULL,NULL,'A','admin','2019-11-03 15:21:55',NULL,NULL,NULL,NULL,NULL,NULL,NULL,NULL,NULL,NULL,NULL),(993,NULL,1,716,3,26,378,20,NULL,NULL,'Cápsula Tacrolimo En Caja x 1, 2, 3, 4, ,6, 7, 8, 10 blísteres de 6 cápsulas cada uno. De 1 mg',NULL,NULL,NULL,'A','admin','2019-11-03 15:21:55',NULL,NULL,NULL,NULL,NULL,NULL,NULL,NULL,NULL,NULL,NULL),(994,NULL,1,716,3,26,379,19,NULL,NULL,'Cápsula Tacrolimo En Caja x blíster/blísteres de 6 cápsulas cada uno. De 5 mg',NULL,NULL,NULL,'A','admin','2019-11-03 15:21:55',NULL,NULL,NULL,NULL,NULL,NULL,NULL,NULL,NULL,NULL,NULL),(995,NULL,1,717,3,39,380,59,NULL,NULL,'Polvo para suspensión Tacrolimo En Caja x frasco de 25 mL +  dosificador. De 1 mg/mL',NULL,NULL,NULL,'A','admin','2019-11-03 15:21:55',NULL,NULL,NULL,NULL,NULL,NULL,NULL,NULL,NULL,NULL,NULL),(996,NULL,1,720,3,24,381,279,NULL,NULL,'Polvo para inyección Bortezomib En Caja x 1, 25 víales/frasco. De 3,5 mg',NULL,NULL,NULL,'A','admin','2019-11-03 15:21:55',NULL,NULL,NULL,NULL,NULL,NULL,NULL,NULL,NULL,NULL,NULL),(997,NULL,1,721,3,20,382,44,NULL,NULL,'Tableta Clobazam En Caja x blíster de 20 unidades cada uno. De 10 mg',NULL,NULL,NULL,'A','admin','2019-11-03 15:21:55',NULL,NULL,NULL,NULL,NULL,NULL,NULL,NULL,NULL,NULL,NULL),(998,NULL,1,722,3,21,383,84,NULL,NULL,'Solución inyectable Vinorelbina En Caja x vial/frasco de 1 mL, Caja x vial/frasco de 5 mL De 10 mg/mL',NULL,NULL,NULL,'A','admin','2019-11-03 15:21:55',NULL,NULL,NULL,NULL,NULL,NULL,NULL,NULL,NULL,NULL,NULL),(999,NULL,1,723,3,57,384,31,NULL,NULL,'Polvo Fórmula excenta de lisina y baja en triptófano En Envase x 500 g De ___',NULL,NULL,NULL,'A','admin','2019-11-03 15:21:55',NULL,NULL,NULL,NULL,NULL,NULL,NULL,NULL,NULL,NULL,NULL),(1000,NULL,1,724,3,57,385,31,NULL,NULL,'Polvo Fórmula hidrolizada libre de áminoácidos y proteínas En Envase x 454 g De ___',NULL,NULL,NULL,'A','admin','2019-11-03 15:21:55',NULL,NULL,NULL,NULL,NULL,NULL,NULL,NULL,NULL,NULL,NULL),(1001,NULL,1,727,3,21,386,84,NULL,NULL,'Solución inyectable Triamcinolona En Caja x vial/frasco de 5 mL De 10 mg/mL',NULL,NULL,NULL,'A','admin','2019-11-03 15:21:55',NULL,NULL,NULL,NULL,NULL,NULL,NULL,NULL,NULL,NULL,NULL),(1002,NULL,1,728,3,76,387,79,NULL,NULL,'Concentrado para  infusión Tocilizumab En Caja x vial/frasco de 4 mL, Caja x vial/frasco de 10 mL De 20 mg/mL',NULL,NULL,NULL,'A','admin','2019-11-03 15:21:55',NULL,NULL,NULL,NULL,NULL,NULL,NULL,NULL,NULL,NULL,NULL),(1003,NULL,1,729,3,77,388,280,NULL,NULL,'Polvo para inhalación en cápsula Indacaterol En Caja x 3 blísteres de 10 cápsulas cada una + inhalador. De 150 mcg',NULL,NULL,NULL,'A','admin','2019-11-03 15:21:55',NULL,NULL,NULL,NULL,NULL,NULL,NULL,NULL,NULL,NULL,NULL),(1004,NULL,1,729,3,77,388,153,NULL,NULL,'Polvo para inhalación en cápsula Indacaterol En Caja x 3 blísteres de 10 cápsulas cada una + inhalador. De 300 mcg',NULL,NULL,NULL,'A','admin','2019-11-03 15:21:55',NULL,NULL,NULL,NULL,NULL,NULL,NULL,NULL,NULL,NULL,NULL),(1005,NULL,1,730,3,24,389,281,NULL,NULL,'Polvo para inyección Somatotropina En Caja x cartucho de doble compartimiento. De 5,3 mg',NULL,NULL,NULL,'A','admin','2019-11-03 15:21:55',NULL,NULL,NULL,NULL,NULL,NULL,NULL,NULL,NULL,NULL,NULL),(1006,NULL,1,731,3,24,226,16,NULL,NULL,'Polvo para inyección Dexrazoxano En Caja x frasco/vial. De 500 mg',NULL,NULL,NULL,'A','admin','2019-11-03 15:21:55',NULL,NULL,NULL,NULL,NULL,NULL,NULL,NULL,NULL,NULL,NULL),(1007,NULL,1,732,3,26,390,36,NULL,NULL,'Cápsula Fingolimod En Caja x 2 blísteres de 14 unidades cada uno. De 0,5 mg',NULL,NULL,NULL,'A','admin','2019-11-03 15:21:55',NULL,NULL,NULL,NULL,NULL,NULL,NULL,NULL,NULL,NULL,NULL),(1008,NULL,1,733,3,19,345,58,NULL,NULL,'Tableta recubierta Erlotinib En Caja x 3 blísteres de 10 unidades cada uno. De 150 mg',NULL,NULL,NULL,'A','admin','2019-11-03 15:21:55',NULL,NULL,NULL,NULL,NULL,NULL,NULL,NULL,NULL,NULL,NULL),(1009,NULL,1,734,3,20,391,282,NULL,NULL,'Tableta Glicósidos del senna En Caja x 3, 5, 10 blísteres de 10 unidades cada uno. De 8,6 mg',NULL,NULL,NULL,'A','admin','2019-11-03 15:21:55',NULL,NULL,NULL,NULL,NULL,NULL,NULL,NULL,NULL,NULL,NULL),(1010,NULL,1,735,3,19,392,282,NULL,NULL,'Tableta recubierta Glicósidos del senna En Caja x 2, 3, 5, 10 blísteres de 10 unidades cada uno. De 8,6 mg',NULL,NULL,NULL,'A','admin','2019-11-03 15:21:55',NULL,NULL,NULL,NULL,NULL,NULL,NULL,NULL,NULL,NULL,NULL),(1011,NULL,1,736,3,62,393,283,NULL,NULL,'Suspensión para inhalación Fluticasona En Caja x envase/frasco de 120 dosis. De 50 mcg',NULL,NULL,NULL,'A','admin','2019-11-03 15:21:55',NULL,NULL,NULL,NULL,NULL,NULL,NULL,NULL,NULL,NULL,NULL),(1012,NULL,1,736,3,62,394,284,NULL,NULL,'Suspensión para inhalación Fluticasona En Caja x envase/frasco de 120 dosis, Caja x envase/frasco de 200 dosis. De 125 mcg',NULL,NULL,NULL,'A','admin','2019-11-03 15:21:55',NULL,NULL,NULL,NULL,NULL,NULL,NULL,NULL,NULL,NULL,NULL),(1013,NULL,1,736,3,62,393,111,NULL,NULL,'Suspensión para inhalación Fluticasona En Caja x envase/frasco de 120 dosis. De 250 mcg',NULL,NULL,NULL,'A','admin','2019-11-03 15:21:55',NULL,NULL,NULL,NULL,NULL,NULL,NULL,NULL,NULL,NULL,NULL),(1014,NULL,1,62,3,19,365,52,NULL,NULL,'Tableta recubierta Ampicilina + sulbactam (sultamicilina) En Caja x blíster/blísteres, Caja x ristra/ristras. De 750 mg',NULL,NULL,NULL,'A','admin','2019-11-03 15:21:55',NULL,NULL,NULL,NULL,NULL,NULL,NULL,NULL,NULL,NULL,NULL),(1015,NULL,1,738,3,21,395,285,NULL,NULL,'Solución inyectable Fosfato de Potasio En Caja x ampolla/ampollas de 10 mL cada una. De Fosfato: 2,6 mMol/mLPotasio:3,8mEq/mL',NULL,NULL,NULL,'A','admin','2019-11-03 15:21:56',NULL,NULL,NULL,NULL,NULL,NULL,NULL,NULL,NULL,NULL,NULL),(1016,NULL,1,235,3,24,226,45,NULL,NULL,'Polvo para inyección Etanercept En Caja x frasco/vial. De 25 mg',NULL,NULL,NULL,'A','admin','2019-11-03 15:21:56',NULL,NULL,NULL,NULL,NULL,NULL,NULL,NULL,NULL,NULL,NULL),(1017,NULL,1,739,3,75,226,45,NULL,NULL,'Polvo para infusión Inmunoglobulina humana normal En Caja x frasco/vial. De 25 mg',NULL,NULL,NULL,'A','admin','2019-11-03 15:21:56',NULL,NULL,NULL,NULL,NULL,NULL,NULL,NULL,NULL,NULL,NULL),(1018,NULL,1,309,3,21,396,9,NULL,NULL,'Solución inyectable Inmunoglobulina humana normal En Caja x frasco/vial de 20 mL. De 100 mg/mL',NULL,NULL,NULL,'A','admin','2019-11-03 15:21:56',NULL,NULL,NULL,NULL,NULL,NULL,NULL,NULL,NULL,NULL,NULL),(1019,NULL,1,309,3,21,397,23,NULL,NULL,'Solución inyectable Inmunoglobulina humana normal En Caja x frasco/vial de 50 mL. De 200 mg/mL',NULL,NULL,NULL,'A','admin','2019-11-03 15:21:56',NULL,NULL,NULL,NULL,NULL,NULL,NULL,NULL,NULL,NULL,NULL),(1020,NULL,1,740,3,26,398,44,NULL,NULL,'Cápsula Ácido trans-retinoico (ATRA) En Caja x frasco, Caja x blíster/blísteres De 10 mg',NULL,NULL,NULL,'A','admin','2019-11-03 15:21:56',NULL,NULL,NULL,NULL,NULL,NULL,NULL,NULL,NULL,NULL,NULL),(1021,NULL,1,741,3,78,399,59,NULL,NULL,'Solución concentrada para perfusión Trióxido de arsénico En Caja x frasco/víal de 10 mL De 1 mg/mL',NULL,NULL,NULL,'A','admin','2019-11-03 15:21:56',NULL,NULL,NULL,NULL,NULL,NULL,NULL,NULL,NULL,NULL,NULL),(1022,NULL,1,742,3,60,400,286,NULL,NULL,'Implante subdérmico Etonogestrel En Caja x 1 aplicador con implante De 68 mg',NULL,NULL,NULL,'A','admin','2019-11-03 15:21:56',NULL,NULL,NULL,NULL,NULL,NULL,NULL,NULL,NULL,NULL,NULL),(1023,NULL,1,744,3,21,401,143,NULL,NULL,'Solución inyectable Adalimumab En Caja x jeringuilla prellenada de 0,8 mL De 40 mg',NULL,NULL,NULL,'A','admin','2019-11-03 15:21:56',NULL,NULL,NULL,NULL,NULL,NULL,NULL,NULL,NULL,NULL,NULL),(1024,NULL,1,746,3,54,402,17,NULL,NULL,'Cápsula de liberación prolongada Fenitoína En Caja x 1 frasco de 100 unidades. De 100 mg',NULL,NULL,NULL,'A','admin','2019-11-03 15:21:56',NULL,NULL,NULL,NULL,NULL,NULL,NULL,NULL,NULL,NULL,NULL),(1025,NULL,1,748,3,19,403,17,NULL,NULL,'Tableta recubierta Ritonavir En Caja x frasco de 30 unidades De 100 mg',NULL,NULL,NULL,'A','admin','2019-11-03 15:21:56',NULL,NULL,NULL,NULL,NULL,NULL,NULL,NULL,NULL,NULL,NULL),(1026,NULL,1,749,3,80,404,9,NULL,NULL,'Polvo liofilizado para reconstituir en solución para infusión. Inmunoglobulina Humana Normal para administración Extravascular En 200 mg/mL De 100 mg/mL',NULL,NULL,NULL,'A','admin','2019-11-03 15:21:56',NULL,NULL,NULL,NULL,NULL,NULL,NULL,NULL,NULL,NULL,NULL),(1027,NULL,1,310,3,24,405,288,NULL,NULL,'Polvo para inyección Inmunoglobulina humana normal En Caja x frasco + solvente De 6 g',NULL,NULL,NULL,'A','admin','2019-11-03 15:21:56',NULL,NULL,NULL,NULL,NULL,NULL,NULL,NULL,NULL,NULL,NULL),(1028,NULL,1,730,3,24,389,213,NULL,NULL,'Polvo para inyección Somatotropina En Caja x cartucho de doble compartimiento. De 8 mg',NULL,NULL,NULL,'A','admin','2019-11-03 15:21:56',NULL,NULL,NULL,NULL,NULL,NULL,NULL,NULL,NULL,NULL,NULL),(1029,NULL,1,761,3,85,406,294,NULL,NULL,'Suspensión intratraqueal Fosfolípidos naturales (Surfactante pulmonar) En Caja x vial de 8 mL De 200 mg/8 mL',NULL,NULL,NULL,'A','admin','2019-11-03 15:21:56',NULL,NULL,NULL,NULL,NULL,NULL,NULL,NULL,NULL,NULL,NULL),(1030,NULL,1,1,2,2,1,6,NULL,'NO','BEBIDAS REFRESCANTES CON O SIN GAS  GASEOSAS EN COCA- COLA BOTELLA 3 LITROS DE 3 L',NULL,NULL,'NO','A','admin','2019-12-12 18:12:27',NULL,NULL,1,2,6,3,1,3,1,3,1);

/*Table structure for table `pr_subgrupos` */

DROP TABLE IF EXISTS `pr_subgrupos`;

CREATE TABLE `pr_subgrupos` (
  `id_subgrupo` bigint(20) NOT NULL AUTO_INCREMENT,
  `id_grupo` bigint(20) NOT NULL,
  `id_empresa` bigint(20) DEFAULT NULL,
  `nombre` varchar(120) DEFAULT NULL,
  `estado` char(2) DEFAULT NULL,
  `usuario_creacion` varchar(20) DEFAULT NULL,
  `fecha_creacion` datetime DEFAULT NULL,
  `usuario_actualizacion` varchar(20) DEFAULT NULL,
  `fecha_actualizacion` datetime DEFAULT NULL,
  PRIMARY KEY (`id_subgrupo`,`id_grupo`),
  KEY `fk_grupo_sub$1` (`id_grupo`),
  KEY `fk_empres$4` (`id_empresa`),
  CONSTRAINT `fk_empres$4` FOREIGN KEY (`id_empresa`) REFERENCES `se_empresa` (`id_empresa`),
  CONSTRAINT `fk_grupo_sub$1` FOREIGN KEY (`id_grupo`) REFERENCES `pr_grupos` (`id_grupo`)
) ENGINE=InnoDB AUTO_INCREMENT=86 DEFAULT CHARSET=utf8;

/*Data for the table `pr_subgrupos` */

insert  into `pr_subgrupos`(`id_subgrupo`,`id_grupo`,`id_empresa`,`nombre`,`estado`,`usuario_creacion`,`fecha_creacion`,`usuario_actualizacion`,`fecha_actualizacion`) values (1,2,1,'AGUAS MINERALES','A','1','2019-11-01 14:50:30','1','2019-11-01 14:50:30'),(2,2,1,'BEBIDAS REFRESCANTES CON O SIN GAS','A','1','2019-11-01 14:50:54','1','2019-11-01 14:50:54'),(3,2,1,'BEBIDAS ENERGÉTICAS','A','1','2019-11-01 14:52:51','1','2019-11-01 14:52:51'),(4,2,1,'BEBIDAS ISOTÓNICAS','A','1','2019-11-01 14:53:24','1','2019-11-01 14:53:24'),(5,2,1,'ZUMOS DE FRUTAS Y/O DE VEGETALESZUMOS DE FRUTAS Y/O DE VEGETALES','A','1','2019-11-01 14:53:49','1','2019-11-01 14:53:49'),(6,1,1,'SNACKS','A','1','2019-11-01 14:58:47','1','2019-11-01 14:58:47'),(7,1,1,'CONFITERÍA','A','1','2019-11-01 14:59:00','1','2019-11-01 14:59:00'),(8,1,1,'HELADOS','A','1','2019-11-01 15:00:53','1','2019-11-01 15:03:03'),(9,1,1,'CHOCOLATE','A','1','2019-11-01 15:03:23','1','2019-11-01 15:03:23'),(10,1,1,'CONFITURAS','A','1','2019-11-01 15:03:52','1','2019-11-01 15:03:52'),(11,1,1,'MIEL','A','1','2019-11-01 15:04:13','1','2019-11-01 15:04:13'),(12,1,1,'ALIMENTOS PARA BEBÉ','A','1','2019-11-01 15:05:36','1','2019-11-01 15:05:36'),(13,1,1,'COMIDAS PREPARADAS','A','1','2019-11-01 15:06:09','1','2019-11-01 15:06:09'),(14,1,1,'PRODUCTOS DIETÉTICOS','A','1','2019-11-01 15:06:38','1','2019-11-01 15:06:38'),(15,1,1,'FRUTAS','A','1','2019-11-01 15:10:56','1','2019-11-01 15:10:56'),(16,1,1,'CEREALES','A','1','2019-11-01 15:11:42','1','2019-11-01 15:11:42'),(17,1,1,'LECHE','A','1','2019-11-01 15:12:56','1','2019-11-01 15:12:56'),(18,1,1,'YOGURES','A','1','2019-11-01 15:13:07','1','2019-11-01 15:13:07'),(19,3,1,'Tableta recubierta','A','admin','2019-11-01 18:51:00',NULL,NULL),(20,3,1,'Tableta','A','admin','2019-11-01 18:51:00',NULL,NULL),(21,3,1,'Solución inyectable','A','admin','2019-11-01 18:51:00',NULL,NULL),(22,3,1,'Solución inhalatoria','A','admin','2019-11-01 18:51:00',NULL,NULL),(23,3,1,'Suspensión','A','admin','2019-11-01 18:51:01',NULL,NULL),(24,3,1,'Polvo para inyección','A','admin','2019-11-01 18:51:01',NULL,NULL),(25,3,1,'Tableta dispersable','A','admin','2019-11-01 18:51:01',NULL,NULL),(26,3,1,'Cápsula','A','admin','2019-11-01 18:51:01',NULL,NULL),(27,3,1,'Ungüento oftálmico','A','admin','2019-11-01 18:51:01',NULL,NULL),(28,3,1,'Tableta efervescente','A','admin','2019-11-01 18:51:01',NULL,NULL),(29,3,1,'Tableta masticable','A','admin','2019-11-01 18:51:01',NULL,NULL),(30,3,1,'Crema','A','admin','2019-11-01 18:51:01',NULL,NULL),(31,3,1,'Granulado','A','admin','2019-11-01 18:51:01',NULL,NULL),(32,3,1,'Solución oral','A','admin','2019-11-01 18:51:01',NULL,NULL),(33,3,1,'Jarabe','A','admin','2019-11-01 18:51:01',NULL,NULL),(34,3,1,'Gel','A','admin','2019-11-01 18:51:01',NULL,NULL),(35,3,1,'Solución para inhalación','A','admin','2019-11-01 18:51:01',NULL,NULL),(36,3,1,'Tableta de liberación prolongada','A','admin','2019-11-01 18:51:01',NULL,NULL),(37,3,1,'Emulsión','A','admin','2019-11-01 18:51:01',NULL,NULL),(38,3,1,'Solución para inyección','A','admin','2019-11-01 18:51:01',NULL,NULL),(39,3,1,'Polvo para suspensión','A','admin','2019-11-01 18:51:01',NULL,NULL),(40,3,1,'Suspensión inyectable','A','admin','2019-11-01 18:51:01',NULL,NULL),(41,3,1,'Solución oftálmica','A','admin','2019-11-01 18:51:01',NULL,NULL),(42,3,1,'Aerosol','A','admin','2019-11-01 18:51:02',NULL,NULL),(43,3,1,'Loción','A','admin','2019-11-01 18:51:02',NULL,NULL),(44,3,1,'Ungüento','A','admin','2019-11-01 18:51:02',NULL,NULL),(45,3,1,'Parche transdérmico','A','admin','2019-11-01 18:51:02',NULL,NULL),(46,3,1,'Tableta sublingual','A','admin','2019-11-01 18:51:02',NULL,NULL),(47,3,1,'Óvulo','A','admin','2019-11-01 18:51:02',NULL,NULL),(48,3,1,'Solución tópica','A','admin','2019-11-01 18:51:02',NULL,NULL),(49,3,1,'Crema vaginal','A','admin','2019-11-01 18:51:02',NULL,NULL),(50,3,1,'Tableta vaginal','A','admin','2019-11-01 18:51:02',NULL,NULL),(51,3,1,'___','A','admin','2019-11-01 18:51:02',NULL,NULL),(52,3,1,'Gragea','A','admin','2019-11-01 18:51:02',NULL,NULL),(53,3,1,'Suspensión oftálmica','A','admin','2019-11-01 18:51:02',NULL,NULL),(54,3,1,'Cápsula de liberación prolongada','A','admin','2019-11-01 18:51:02',NULL,NULL),(55,3,1,'Emulsión para infusión','A','admin','2019-11-01 18:51:02',NULL,NULL),(56,3,1,'Polvo inyectable','A','admin','2019-11-01 18:51:02',NULL,NULL),(57,3,1,'Polvo','A','admin','2019-11-01 18:51:02',NULL,NULL),(58,3,1,'Supositorio','A','admin','2019-11-01 18:51:02',NULL,NULL),(59,3,1,'Gel oftálmico','A','admin','2019-11-01 18:51:02',NULL,NULL),(60,3,1,'Implante subdérmico','A','admin','2019-11-01 18:51:02',NULL,NULL),(61,3,1,'Jalea','A','admin','2019-11-01 18:51:02',NULL,NULL),(62,3,1,'Suspensión para inhalación','A','admin','2019-11-01 18:51:02',NULL,NULL),(63,3,1,'Suspensión oral','A','admin','2019-11-01 18:51:02',NULL,NULL),(64,3,1,'Gas para inhalación','A','admin','2019-11-01 18:51:02',NULL,NULL),(65,3,1,'Pomada','A','admin','2019-11-01 18:51:03',NULL,NULL),(66,3,1,'Emulsión inyectable','A','admin','2019-11-01 18:51:03',NULL,NULL),(67,3,1,'Solución concentrada para infusión','A','admin','2019-11-01 18:51:03',NULL,NULL),(68,3,1,'Solución inhalatoria (para nebulización)','A','admin','2019-11-01 18:51:03',NULL,NULL),(69,3,1,'Solución para diálisis peritoneal','A','admin','2019-11-01 18:51:03',NULL,NULL),(70,3,1,'Cápsula vaginal','A','admin','2019-11-01 18:51:03',NULL,NULL),(71,3,1,'Polvo para inhalación en cápsula dura','A','admin','2019-11-01 18:51:03',NULL,NULL),(72,3,1,'Solución para infusión','A','admin','2019-11-01 18:51:03',NULL,NULL),(73,3,1,'Tableta de disolución bucal','A','admin','2019-11-01 18:51:03',NULL,NULL),(74,3,1,'Pasta','A','admin','2019-11-01 18:51:03',NULL,NULL),(75,3,1,'Polvo para infusión','A','admin','2019-11-01 18:51:03',NULL,NULL),(76,3,1,'Concentrado para  infusión','A','admin','2019-11-01 18:51:03',NULL,NULL),(77,3,1,'Polvo para inhalación en cápsula','A','admin','2019-11-01 18:51:03',NULL,NULL),(78,3,1,'Solución concentrada para perfusión','A','admin','2019-11-01 18:51:03',NULL,NULL),(79,3,1,'Liofilizado para solución inyectable.','A','admin','2019-11-01 18:51:03',NULL,NULL),(80,3,1,'Polvo liofilizado para reconstituir en solución para infusión.','A','admin','2019-11-01 18:51:03',NULL,NULL),(81,3,1,'Suspensión estéril intratraqueal','A','admin','2019-11-01 18:51:03',NULL,NULL),(82,3,1,'Parches Transdérmicos','A','admin','2019-11-01 18:51:03',NULL,NULL),(83,3,1,'Suspensión Rectal','A','admin','2019-11-01 18:51:03',NULL,NULL),(84,3,1,'Solución','A','admin','2019-11-01 18:51:03',NULL,NULL),(85,3,1,'Suspensión intratraqueal','A','admin','2019-11-01 18:51:03',NULL,NULL);

/*Table structure for table `pr_tarifario` */

DROP TABLE IF EXISTS `pr_tarifario`;

CREATE TABLE `pr_tarifario` (
  `id_tarifario` bigint(20) NOT NULL AUTO_INCREMENT,
  `id_empresa` bigint(20) NOT NULL,
  `id_surcusal` bigint(20) NOT NULL,
  `descripcion` varchar(50) DEFAULT NULL,
  `fecha_inicio_vigente` datetime DEFAULT NULL,
  `fecha_fin_vigente` datetime DEFAULT NULL,
  `estado` varchar(50) DEFAULT NULL,
  `usuario_creacion` varchar(20) DEFAULT NULL,
  `fecha_creacion` datetime DEFAULT NULL,
  `usuario_actualizacion` varchar(20) DEFAULT NULL,
  `fecha_actualizacion` datetime DEFAULT NULL,
  PRIMARY KEY (`id_tarifario`,`id_empresa`,`id_surcusal`),
  KEY `id_empresa` (`id_empresa`,`id_surcusal`),
  CONSTRAINT `pr_tarifario_ibfk_1` FOREIGN KEY (`id_empresa`, `id_surcusal`) REFERENCES `se_sucursal` (`id_empresa`, `id_sucursal`)
) ENGINE=InnoDB AUTO_INCREMENT=2 DEFAULT CHARSET=utf8;

/*Data for the table `pr_tarifario` */

insert  into `pr_tarifario`(`id_tarifario`,`id_empresa`,`id_surcusal`,`descripcion`,`fecha_inicio_vigente`,`fecha_fin_vigente`,`estado`,`usuario_creacion`,`fecha_creacion`,`usuario_actualizacion`,`fecha_actualizacion`) values (1,1,1,'TARIFARIO 2019-2020','2019-11-01 11:08:15','2020-12-31 11:08:50','A','admin','2019-11-01 11:09:24','admin','2019-11-01 11:09:39');

/*Table structure for table `pr_tipo_medidas` */

DROP TABLE IF EXISTS `pr_tipo_medidas`;

CREATE TABLE `pr_tipo_medidas` (
  `id_tipo_medidas` bigint(20) NOT NULL AUTO_INCREMENT,
  `id_empresa` bigint(20) DEFAULT NULL,
  `nombre_tipo_medida` varchar(120) DEFAULT NULL,
  `estado` char(2) DEFAULT NULL,
  `usuario_creacion` varchar(20) DEFAULT NULL,
  `fecha_creacion` datetime DEFAULT NULL,
  `usuario_actualizacion` varchar(20) DEFAULT NULL,
  `fecha_actualizacion` datetime DEFAULT NULL,
  PRIMARY KEY (`id_tipo_medidas`),
  KEY `fk_empre$4_idx` (`id_empresa`),
  CONSTRAINT `fk_empre$4` FOREIGN KEY (`id_empresa`) REFERENCES `se_empresa` (`id_empresa`) ON DELETE NO ACTION ON UPDATE NO ACTION
) ENGINE=InnoDB AUTO_INCREMENT=295 DEFAULT CHARSET=utf8;

/*Data for the table `pr_tipo_medidas` */

insert  into `pr_tipo_medidas`(`id_tipo_medidas`,`id_empresa`,`nombre_tipo_medida`,`estado`,`usuario_creacion`,`fecha_creacion`,`usuario_actualizacion`,`fecha_actualizacion`) values (1,1,'350 mL','A','admin','2019-11-01 15:42:26',NULL,NULL),(2,1,'500 mL','A','admin','2019-11-01 15:42:51',NULL,NULL),(3,1,'1 L','A','admin','2019-11-01 17:39:44',NULL,NULL),(4,1,'1,5 L','A','admin','2019-11-01 17:39:47',NULL,NULL),(5,1,'2 L','A','admin','2019-11-01 17:39:50',NULL,NULL),(6,1,'3 L','A','admin','2019-11-01 17:40:23',NULL,NULL),(7,1,'300 mg','A','admin','2019-11-01 21:31:00',NULL,NULL),(8,1,'250 mg','A','admin','2019-11-01 21:31:00',NULL,NULL),(9,1,'100 mg/mL','A','admin','2019-11-01 21:31:00',NULL,NULL),(10,1,'300 mg/3 mL','A','admin','2019-11-01 21:31:00',NULL,NULL),(11,1,'200 mg/5 mL','A','admin','2019-11-01 21:31:00',NULL,NULL),(12,1,'200 mg','A','admin','2019-11-01 21:31:00',NULL,NULL),(13,1,'800 mg','A','admin','2019-11-01 21:31:00',NULL,NULL),(14,1,'400 mg','A','admin','2019-11-01 21:31:00',NULL,NULL),(15,1,'3.00%','A','admin','2019-11-01 21:31:00',NULL,NULL),(16,1,'500 mg','A','admin','2019-11-01 21:31:00',NULL,NULL),(17,1,'100 mg','A','admin','2019-11-01 21:31:00',NULL,NULL),(18,1,'70 mg','A','admin','2019-11-01 21:31:00',NULL,NULL),(19,1,'5 mg','A','admin','2019-11-01 21:31:00',NULL,NULL),(20,1,'1 mg','A','admin','2019-11-01 21:31:00',NULL,NULL),(21,1,'2.00%','A','admin','2019-11-01 21:31:00',NULL,NULL),(22,1,'375 mg/mL','A','admin','2019-11-01 21:31:01',NULL,NULL),(23,1,'200 mg/mL','A','admin','2019-11-01 21:31:01',NULL,NULL),(24,1,'250 mg/5 mL','A','admin','2019-11-01 21:31:01',NULL,NULL),(25,1,'4 mg','A','admin','2019-11-01 21:31:01',NULL,NULL),(26,1,'500 UI','A','admin','2019-11-01 21:31:01',NULL,NULL),(27,1,'0,001','A','admin','2019-11-01 21:31:01',NULL,NULL),(28,1,'3 mg/mL','A','admin','2019-11-01 21:31:01',NULL,NULL),(29,1,'0,035','A','admin','2019-11-01 21:31:01',NULL,NULL),(30,1,'4.00%','A','admin','2019-11-01 21:31:01',NULL,NULL),(31,1,'___','A','admin','2019-11-01 21:31:01',NULL,NULL),(32,1,'100 mg/5 mL','A','admin','2019-11-01 21:31:01',NULL,NULL),(33,1,'2,5 mg/2,5 mL (2 500 UI)','A','admin','2019-11-01 21:31:01',NULL,NULL),(34,1,'0,50 mg','A','admin','2019-11-01 21:31:01',NULL,NULL),(35,1,'0,25 mg','A','admin','2019-11-01 21:31:01',NULL,NULL),(36,1,'0,5 mg','A','admin','2019-11-01 21:31:01',NULL,NULL),(37,1,'5.00%','A','admin','2019-11-01 21:31:01',NULL,NULL),(38,1,'50 mg/mL','A','admin','2019-11-01 21:31:01',NULL,NULL),(39,1,'250 mg/mL','A','admin','2019-11-01 21:31:01',NULL,NULL),(40,1,'10.00%','A','admin','2019-11-01 21:31:01',NULL,NULL),(41,1,'15.00%','A','admin','2019-11-01 21:31:01',NULL,NULL),(42,1,'0,085','A','admin','2019-11-01 21:31:01',NULL,NULL),(43,1,'25 mg/mL','A','admin','2019-11-01 21:31:01',NULL,NULL),(44,1,'10 mg','A','admin','2019-11-01 21:31:01',NULL,NULL),(45,1,'25 mg','A','admin','2019-11-01 21:31:01',NULL,NULL),(46,1,'125 mg + 31,25 mg/5 mL','A','admin','2019-11-01 21:31:01',NULL,NULL),(47,1,'250 mg + 62,5 mg/5 mL','A','admin','2019-11-01 21:31:01',NULL,NULL),(48,1,'1 g + 200 mg','A','admin','2019-11-01 21:31:01',NULL,NULL),(49,1,'500 mg + 125 mg','A','admin','2019-11-01 21:31:01',NULL,NULL),(50,1,'1000 mg','A','admin','2019-11-01 21:31:01',NULL,NULL),(51,1,'375 mg','A','admin','2019-11-01 21:31:01',NULL,NULL),(52,1,'750 mg','A','admin','2019-11-01 21:31:01',NULL,NULL),(53,1,'1000 mg + 500 mg','A','admin','2019-11-01 21:31:01',NULL,NULL),(54,1,'50 mg','A','admin','2019-11-01 21:31:02',NULL,NULL),(55,1,'250 UI','A','admin','2019-11-01 21:31:02',NULL,NULL),(56,1,'20 mg + 120 mg','A','admin','2019-11-01 21:31:02',NULL,NULL),(57,1,'10 000 UI','A','admin','2019-11-01 21:31:02',NULL,NULL),(58,1,'150 mg','A','admin','2019-11-01 21:31:02',NULL,NULL),(59,1,'1 mg/mL','A','admin','2019-11-01 21:31:02',NULL,NULL),(60,1,'1.00%','A','admin','2019-11-01 21:31:02',NULL,NULL),(61,1,'0,005','A','admin','2019-11-01 21:31:02',NULL,NULL),(62,1,'20 mg','A','admin','2019-11-01 21:31:02',NULL,NULL),(63,1,'50 mcg/dosis','A','admin','2019-11-01 21:31:02',NULL,NULL),(64,1,'250 mcg/dosis','A','admin','2019-11-01 21:31:02',NULL,NULL),(65,1,'5 000 000 UI','A','admin','2019-11-01 21:31:02',NULL,NULL),(66,1,'1 000 000 UI','A','admin','2019-11-01 21:31:02',NULL,NULL),(67,1,'2 400 000 UI','A','admin','2019-11-01 21:31:02',NULL,NULL),(68,1,'600 000 UI','A','admin','2019-11-01 21:31:02',NULL,NULL),(69,1,'1 200 000 UI','A','admin','2019-11-01 21:31:02',NULL,NULL),(70,1,'4 mg/mL','A','admin','2019-11-01 21:31:02',NULL,NULL),(71,1,'0,0005','A','admin','2019-11-01 21:31:02',NULL,NULL),(72,1,'5 mg/mL','A','admin','2019-11-01 21:31:02',NULL,NULL),(73,1,'2 mg','A','admin','2019-11-01 21:31:02',NULL,NULL),(74,1,'15 UI','A','admin','2019-11-01 21:31:02',NULL,NULL),(75,1,'0,0075','A','admin','2019-11-01 21:31:02',NULL,NULL),(76,1,'20mg (35 mcg/h)','A','admin','2019-11-01 21:31:02',NULL,NULL),(77,1,'0,2 mg','A','admin','2019-11-01 21:31:02',NULL,NULL),(78,1,'0,3 mg/mL','A','admin','2019-11-01 21:31:02',NULL,NULL),(79,1,'20 mg/mL','A','admin','2019-11-01 21:31:02',NULL,NULL),(80,1,'(50 mcg + 0,5 mg)/g','A','admin','2019-11-01 21:31:03',NULL,NULL),(81,1,'0,5 mcg','A','admin','2019-11-01 21:31:03',NULL,NULL),(82,1,'1 000 mg','A','admin','2019-11-01 21:31:03',NULL,NULL),(83,1,'450 mg','A','admin','2019-11-01 21:31:03',NULL,NULL),(84,1,'10 mg/mL','A','admin','2019-11-01 21:31:03',NULL,NULL),(85,1,'12,5 mg','A','admin','2019-11-01 21:31:03',NULL,NULL),(86,1,'6,25 mg','A','admin','2019-11-01 21:31:03',NULL,NULL),(87,1,'1 000 mg (1 g)','A','admin','2019-11-01 21:31:03',NULL,NULL),(88,1,'0,003','A','admin','2019-11-01 21:31:03',NULL,NULL),(89,1,'2 mg/mL','A','admin','2019-11-01 21:31:03',NULL,NULL),(90,1,'0,5 mg/mL','A','admin','2019-11-01 21:31:03',NULL,NULL),(91,1,'125 mg/5 mL','A','admin','2019-11-01 21:31:03',NULL,NULL),(92,1,'150 mg/mL','A','admin','2019-11-01 21:31:03',NULL,NULL),(93,1,'2,5 mg/mL','A','admin','2019-11-01 21:31:03',NULL,NULL),(94,1,'75 mg','A','admin','2019-11-01 21:31:03',NULL,NULL),(95,1,'25 mg/2 mL','A','admin','2019-11-01 21:31:03',NULL,NULL),(96,1,'10 mg/5 mL','A','admin','2019-11-01 21:31:03',NULL,NULL),(97,1,'100 mg, 100 mg, 1 mg','A','admin','2019-11-01 21:31:03',NULL,NULL),(98,1,'200 mg + 40 mg/5 mL','A','admin','2019-11-01 21:31:03',NULL,NULL),(99,1,'400 mg + 80 mg','A','admin','2019-11-01 21:31:03',NULL,NULL),(100,1,'800 mg + 160 mg','A','admin','2019-11-01 21:31:03',NULL,NULL),(101,1,'600 mg','A','admin','2019-11-01 21:31:03',NULL,NULL),(102,1,'125 mg','A','admin','2019-11-01 21:31:03',NULL,NULL),(103,1,'10 mcg/0,1 mL','A','admin','2019-11-01 21:31:03',NULL,NULL),(104,1,'15 mcg/mL','A','admin','2019-11-01 21:31:03',NULL,NULL),(105,1,'0,1 % + 0,3 %','A','admin','2019-11-01 21:31:03',NULL,NULL),(106,1,'50.00%','A','admin','2019-11-01 21:31:03',NULL,NULL),(107,1,'5 % + 0,9 %','A','admin','2019-11-01 21:31:03',NULL,NULL),(108,1,'62,5 mcg','A','admin','2019-11-01 21:31:04',NULL,NULL),(109,1,'50 mcg/mL','A','admin','2019-11-01 21:31:04',NULL,NULL),(110,1,'0,25 mg/mL','A','admin','2019-11-01 21:31:04',NULL,NULL),(111,1,'250 mcg','A','admin','2019-11-01 21:31:04',NULL,NULL),(112,1,'90 mg','A','admin','2019-11-01 21:31:04',NULL,NULL),(113,1,'120 mg','A','admin','2019-11-01 21:31:04',NULL,NULL),(114,1,'60 mg','A','admin','2019-11-01 21:31:04',NULL,NULL),(115,1,'20 mg/0,5 mL','A','admin','2019-11-01 21:31:04',NULL,NULL),(116,1,'40 mg/mL','A','admin','2019-11-01 21:31:04',NULL,NULL),(117,1,'60 mg/mL','A','admin','2019-11-01 21:31:04',NULL,NULL),(118,1,'20.00%','A','admin','2019-11-01 21:31:04',NULL,NULL),(119,1,'1,25 mg/mL','A','admin','2019-11-01 21:31:04',NULL,NULL),(120,1,'2 000 UI (20 mg)','A','admin','2019-11-01 21:31:04',NULL,NULL),(121,1,'4 000 UI (40 mg)','A','admin','2019-11-01 21:31:04',NULL,NULL),(122,1,'6 000 UI (60 mg)','A','admin','2019-11-01 21:31:04',NULL,NULL),(123,1,'8 000 UI (80 mg)','A','admin','2019-11-01 21:31:04',NULL,NULL),(124,1,'10 000 UI (100 mg)','A','admin','2019-11-01 21:31:04',NULL,NULL),(125,1,'400 mg/5 mL','A','admin','2019-11-01 21:31:04',NULL,NULL),(126,1,'4 000 UI','A','admin','2019-11-01 21:31:04',NULL,NULL),(127,1,'2 000 UI','A','admin','2019-11-01 21:31:04',NULL,NULL),(128,1,'5 000 UI','A','admin','2019-11-01 21:31:04',NULL,NULL),(129,1,'3 000 000 UI','A','admin','2019-11-01 21:31:04',NULL,NULL),(130,1,'5 mg + 50 mg/mL','A','admin','2019-11-01 21:31:04',NULL,NULL),(131,1,'1 500 000 UI','A','admin','2019-11-01 21:31:04',NULL,NULL),(132,1,'1 mg/g (0,1%)','A','admin','2019-11-01 21:31:04',NULL,NULL),(133,1,'0,75 mg','A','admin','2019-11-01 21:31:04',NULL,NULL),(134,1,'600 UI','A','admin','2019-11-01 21:31:04',NULL,NULL),(135,1,'1 000 UI','A','admin','2019-11-01 21:31:04',NULL,NULL),(136,1,'25 mcg/h','A','admin','2019-11-01 21:31:04',NULL,NULL),(137,1,'0,5 mg/10 mL','A','admin','2019-11-01 21:31:04',NULL,NULL),(138,1,'300 mcg/mL','A','admin','2019-11-01 21:31:05',NULL,NULL),(139,1,'0,1 mg','A','admin','2019-11-01 21:31:05',NULL,NULL),(140,1,'0,1 mg/mL','A','admin','2019-11-01 21:31:05',NULL,NULL),(141,1,'15 mg','A','admin','2019-11-01 21:31:05',NULL,NULL),(142,1,'1 g/mL','A','admin','2019-11-01 21:31:05',NULL,NULL),(143,1,'40 mg','A','admin','2019-11-01 21:31:05',NULL,NULL),(144,1,'140 mg/mL','A','admin','2019-11-01 21:31:05',NULL,NULL),(145,1,'80 mg/mL','A','admin','2019-11-01 21:31:05',NULL,NULL),(146,1,'0,92 g','A','admin','2019-11-01 21:31:05',NULL,NULL),(147,1,'3 g','A','admin','2019-11-01 21:31:05',NULL,NULL),(148,1,'5 000 UI/mL','A','admin','2019-11-01 21:31:05',NULL,NULL),(149,1,'2,5 mg','A','admin','2019-11-01 21:31:05',NULL,NULL),(150,1,'12,5 mg de hierro + 300 mcg de vitamina A + 160 mcg de ácido fólico + 30 mg de ácido ascórbico + 5 m','A','admin','2019-11-01 21:31:05',NULL,NULL),(151,1,'1 g','A','admin','2019-11-01 21:31:05',NULL,NULL),(152,1,'500 mg + 500 mg','A','admin','2019-11-01 21:31:05',NULL,NULL),(153,1,'300 mcg','A','admin','2019-11-01 21:31:05',NULL,NULL),(154,1,'200 mcg','A','admin','2019-11-01 21:31:05',NULL,NULL),(155,1,'0,10 g/mL','A','admin','2019-11-01 21:31:05',NULL,NULL),(156,1,'0,45 g/mL','A','admin','2019-11-01 21:31:05',NULL,NULL),(157,1,'45 g/100 g','A','admin','2019-11-01 21:31:05',NULL,NULL),(158,1,'100 UI/mL','A','admin','2019-11-01 21:31:05',NULL,NULL),(159,1,'30 000 000 UI','A','admin','2019-11-01 21:31:05',NULL,NULL),(160,1,'10 000 000 UI','A','admin','2019-11-01 21:31:05',NULL,NULL),(161,1,'15 000 000 UI','A','admin','2019-11-01 21:31:05',NULL,NULL),(162,1,'25 000 000 UI','A','admin','2019-11-01 21:31:05',NULL,NULL),(163,1,'12 000 000 UI (44mcg)','A','admin','2019-11-01 21:31:05',NULL,NULL),(164,1,'6 000 000 UI  (30 mcg)','A','admin','2019-11-01 21:31:05',NULL,NULL),(165,1,'36 000 000 UI  (88 mcg)','A','admin','2019-11-01 21:31:05',NULL,NULL),(166,1,'8 000 000 UI  (250 mcg)','A','admin','2019-11-01 21:31:05',NULL,NULL),(167,1,'0,02 mg/dosis','A','admin','2019-11-01 21:31:06',NULL,NULL),(168,1,'0,25 mg/mL (0,025 % )','A','admin','2019-11-01 21:31:06',NULL,NULL),(169,1,'6 mg/mL','A','admin','2019-11-01 21:31:06',NULL,NULL),(170,1,'6 mg','A','admin','2019-11-01 21:31:06',NULL,NULL),(171,1,'1 g/4 ml','A','admin','2019-11-01 21:31:06',NULL,NULL),(172,1,'30 mg/mL','A','admin','2019-11-01 21:31:06',NULL,NULL),(173,1,'65.00%','A','admin','2019-11-01 21:31:06',NULL,NULL),(174,1,'14 mg/mL','A','admin','2019-11-01 21:31:06',NULL,NULL),(175,1,'1 mg + 3 mg/mL','A','admin','2019-11-01 21:31:06',NULL,NULL),(176,1,'2 mg/0,5 mL','A','admin','2019-11-01 21:31:06',NULL,NULL),(177,1,'50 mg/5 mL','A','admin','2019-11-01 21:31:06',NULL,NULL),(178,1,'300 mg + 600 mg','A','admin','2019-11-01 21:31:06',NULL,NULL),(179,1,'7,5 mg','A','admin','2019-11-01 21:31:06',NULL,NULL),(180,1,'3,75 mg','A','admin','2019-11-01 21:31:06',NULL,NULL),(181,1,'11,25 mg','A','admin','2019-11-01 21:31:06',NULL,NULL),(182,1,'100 mg + 10 mg','A','admin','2019-11-01 21:31:06',NULL,NULL),(183,1,'250 mg + 25 mg','A','admin','2019-11-01 21:31:06',NULL,NULL),(184,1,'500 mg/100 mL','A','admin','2019-11-01 21:31:06',NULL,NULL),(185,1,'0,030 mg','A','admin','2019-11-01 21:31:06',NULL,NULL),(186,1,'150 mcg + 30 mcg','A','admin','2019-11-01 21:31:06',NULL,NULL),(187,1,'0,05 mg','A','admin','2019-11-01 21:31:06',NULL,NULL),(188,1,'0,075 mg','A','admin','2019-11-01 21:31:06',NULL,NULL),(189,1,'0,125 mg','A','admin','2019-11-01 21:31:06',NULL,NULL),(190,1,'0,150 mg','A','admin','2019-11-01 21:31:06',NULL,NULL),(191,1,'0,175 mg','A','admin','2019-11-01 21:31:06',NULL,NULL),(192,1,'2 % + 1:200 000','A','admin','2019-11-01 21:31:06',NULL,NULL),(193,1,'100 mg + 25 mg','A','admin','2019-11-01 21:31:06',NULL,NULL),(194,1,'(80 mg + 20 mg)/mL','A','admin','2019-11-01 21:31:06',NULL,NULL),(195,1,'200 mg + 50 mg','A','admin','2019-11-01 21:31:06',NULL,NULL),(196,1,'5 mg/5 mL','A','admin','2019-11-01 21:31:06',NULL,NULL),(197,1,'2,5 mg + 0,625 mg','A','admin','2019-11-01 21:31:06',NULL,NULL),(198,1,'300 mg/mL','A','admin','2019-11-01 21:31:06',NULL,NULL),(199,1,'850 mg','A','admin','2019-11-01 21:31:07',NULL,NULL),(200,1,'500 mg + 5 mg','A','admin','2019-11-01 21:31:07',NULL,NULL),(201,1,'500 mg + 2,5 mg','A','admin','2019-11-01 21:31:07',NULL,NULL),(202,1,'250 mg + 1,25 mg','A','admin','2019-11-01 21:31:07',NULL,NULL),(203,1,'0,2 mg/mL','A','admin','2019-11-01 21:31:07',NULL,NULL),(204,1,'360 mg','A','admin','2019-11-01 21:31:07',NULL,NULL),(205,1,'180 mg','A','admin','2019-11-01 21:31:07',NULL,NULL),(206,1,'30 mg','A','admin','2019-11-01 21:31:07',NULL,NULL),(207,1,'150 mg (8 000 UI, 10 000 UI, 600 UI)','A','admin','2019-11-01 21:31:07',NULL,NULL),(208,1,'Según declarado en Registro Sanitario','A','admin','2019-11-01 21:31:07',NULL,NULL),(209,1,'0,4 mg/mL','A','admin','2019-11-01 21:31:07',NULL,NULL),(210,1,'100 000 UI/mL','A','admin','2019-11-01 21:31:07',NULL,NULL),(211,1,'25 mg /5 mL','A','admin','2019-11-01 21:31:07',NULL,NULL),(212,1,'Según lo declarado en el Registro Sanitario','A','admin','2019-11-01 21:31:07',NULL,NULL),(213,1,'8 mg','A','admin','2019-11-01 21:31:07',NULL,NULL),(214,1,'Pureza no menor al 99.5 %','A','admin','2019-11-01 21:31:07',NULL,NULL),(215,1,'10 UI/mL','A','admin','2019-11-01 21:31:07',NULL,NULL),(216,1,'160 mg/5 mL','A','admin','2019-11-01 21:31:07',NULL,NULL),(217,1,'120 mg/5 mL','A','admin','2019-11-01 21:31:07',NULL,NULL),(218,1,'5 mcg/mL','A','admin','2019-11-01 21:31:07',NULL,NULL),(219,1,'6 mg/0,6 mL (10 mg/mL)','A','admin','2019-11-01 21:31:07',NULL,NULL),(220,1,'4 g + 0,5 g (4000 mg + 500 mg)','A','admin','2019-11-01 21:31:07',NULL,NULL),(221,1,'Según consta en Registro Sanitario.','A','admin','2019-11-01 21:31:07',NULL,NULL),(222,1,'2 mEq/mL (14,9 %)','A','admin','2019-11-01 21:31:07',NULL,NULL),(223,1,'0,0012','A','admin','2019-11-01 21:31:07',NULL,NULL),(224,1,'10 000 000 UI + 500 000 UI + 62 500 UI + 15 g/100 g','A','admin','2019-11-01 21:31:07',NULL,NULL),(225,1,'20 g/100 g (20 %)','A','admin','2019-11-01 21:31:07',NULL,NULL),(226,1,'(20 g + 5 g)/100 g','A','admin','2019-11-01 21:31:07',NULL,NULL),(227,1,'500 000 UI + 62 500 UI + 15 g/100 g','A','admin','2019-11-01 21:31:07',NULL,NULL),(228,1,'80 mg','A','admin','2019-11-01 21:31:08',NULL,NULL),(229,1,'10mg/mL (1000 UH/mL)','A','admin','2019-11-01 21:31:08',NULL,NULL),(230,1,'50 000 UI','A','admin','2019-11-01 21:31:08',NULL,NULL),(231,1,'300 mg + 150 mg','A','admin','2019-11-01 21:31:08',NULL,NULL),(232,1,'150 mg + 400 mg + 275 mg + 75 mg','A','admin','2019-11-01 21:31:08',NULL,NULL),(233,1,'37,5 mg','A','admin','2019-11-01 21:31:08',NULL,NULL),(234,1,'0,1 mg/dosis','A','admin','2019-11-01 21:31:08',NULL,NULL),(235,1,'1 mEq/mL (8,4 %)','A','admin','2019-11-01 21:31:08',NULL,NULL),(236,1,'3,4 mEq/mL (20 %)','A','admin','2019-11-01 21:31:08',NULL,NULL),(237,1,'0,009','A','admin','2019-11-01 21:31:08',NULL,NULL),(238,1,'4,25 % - 4,50 %','A','admin','2019-11-01 21:31:08',NULL,NULL),(239,1,'0,015','A','admin','2019-11-01 21:31:08',NULL,NULL),(240,1,'2,25 % - 2,5 %','A','admin','2019-11-01 21:31:08',NULL,NULL),(241,1,'Cada mL neutraliza: 2,5 mg Bothrops asper, 2,5 mg Bothrops atrox, 1,0 mg Crotalus durissus, 1,0 mg L','A','admin','2019-11-01 21:31:08',NULL,NULL),(242,1,'Cada ml neutraliza: 3 mg Bothrops asper, 2 mg Crotalus durissus, 3 mg Lachesis muta, 3 mg Bothrops a','A','admin','2019-11-01 21:31:08',NULL,NULL),(243,1,'0,4 mg','A','admin','2019-11-01 21:31:08',NULL,NULL),(244,1,'300 mg + 200 mg','A','admin','2019-11-01 21:31:08',NULL,NULL),(245,1,'300 mg + 200 mg + 600 mg','A','admin','2019-11-01 21:31:08',NULL,NULL),(246,1,'0,0025','A','admin','2019-11-01 21:31:08',NULL,NULL),(247,1,'18 mcg','A','admin','2019-11-01 21:31:08',NULL,NULL),(248,1,'300 mg/5 mL','A','admin','2019-11-01 21:31:08',NULL,NULL),(249,1,'100 U','A','admin','2019-11-01 21:31:08',NULL,NULL),(250,1,'500 U','A','admin','2019-11-01 21:31:08',NULL,NULL),(251,1,'> 40 UI/0,5 mL.','A','admin','2019-11-01 21:31:08',NULL,NULL),(252,1,'440 mg','A','admin','2019-11-01 21:31:08',NULL,NULL),(253,1,'0,67 g/100 g','A','admin','2019-11-01 21:31:08',NULL,NULL),(254,1,'Zidovudina + Lamivudina + Nevirapina','A','admin','2019-11-01 21:31:09',NULL,NULL),(255,1,'120 mg/mL','A','admin','2019-11-01 21:31:09',NULL,NULL),(256,1,'150 mg/5 mL','A','admin','2019-11-01 21:31:09',NULL,NULL),(257,1,'50 mg/mL.','A','admin','2019-11-01 21:31:09',NULL,NULL),(258,1,'150 mg + 75 mg','A','admin','2019-11-01 21:31:09',NULL,NULL),(259,1,'150 mg + 150 mg','A','admin','2019-11-01 21:31:09',NULL,NULL),(260,1,'150 mg + 400 mg + 75 mg','A','admin','2019-11-01 21:31:09',NULL,NULL),(261,1,'120 mg + 300 mg + 60 mg','A','admin','2019-11-01 21:31:09',NULL,NULL),(262,1,'60 mg + 400 mcg','A','admin','2019-11-01 21:31:09',NULL,NULL),(263,1,'2 mg/5 mL','A','admin','2019-11-01 21:31:09',NULL,NULL),(264,1,'22,5 mg/mL(2.25 %)','A','admin','2019-11-01 21:31:09',NULL,NULL),(265,1,'400 mg + 150 mg','A','admin','2019-11-01 21:31:09',NULL,NULL),(266,1,'1 200 UI','A','admin','2019-11-01 21:31:09',NULL,NULL),(267,1,'1 500 UI','A','admin','2019-11-01 21:31:09',NULL,NULL),(268,1,'20 mg/5 mL','A','admin','2019-11-01 21:31:09',NULL,NULL),(269,1,'300 UI/mL','A','admin','2019-11-01 21:31:09',NULL,NULL),(270,1,'200 UI','A','admin','2019-11-01 21:31:09',NULL,NULL),(271,1,'1,5 mg','A','admin','2019-11-01 21:31:09',NULL,NULL),(272,1,'1,5 mg/mL','A','admin','2019-11-01 21:31:09',NULL,NULL),(273,1,'300 mg + 150 mg + 200 mg','A','admin','2019-11-01 21:31:09',NULL,NULL),(274,1,'1 500 UI/mL','A','admin','2019-11-01 21:31:09',NULL,NULL),(275,1,'12,5 mg/5 mL','A','admin','2019-11-01 21:31:09',NULL,NULL),(276,1,'62,5 mg','A','admin','2019-11-01 21:31:09',NULL,NULL),(277,1,'400 UI','A','admin','2019-11-01 21:31:09',NULL,NULL),(278,1,'35 mg','A','admin','2019-11-01 21:31:09',NULL,NULL),(279,1,'3,5 mg','A','admin','2019-11-01 21:31:09',NULL,NULL),(280,1,'150 mcg','A','admin','2019-11-01 21:31:09',NULL,NULL),(281,1,'5,3 mg','A','admin','2019-11-01 21:31:09',NULL,NULL),(282,1,'8,6 mg','A','admin','2019-11-01 21:31:09',NULL,NULL),(283,1,'50 mcg','A','admin','2019-11-01 21:31:09',NULL,NULL),(284,1,'125 mcg','A','admin','2019-11-01 21:31:09',NULL,NULL),(285,1,'Fosfato: 2,6 mMol/mLPotasio:3,8mEq/mL','A','admin','2019-11-01 21:31:09',NULL,NULL),(286,1,'68 mg','A','admin','2019-11-01 21:31:10',NULL,NULL),(287,1,'30 mg de veneno deshidratado de Bothrops sp.,','A','admin','2019-11-01 21:31:10',NULL,NULL),(288,1,'6 g','A','admin','2019-11-01 21:31:10',NULL,NULL),(289,1,'27 mg/ mL','A','admin','2019-11-01 21:31:10',NULL,NULL),(290,1,'25 mcg + 125 mcg','A','admin','2019-11-01 21:31:10',NULL,NULL),(291,1,'25 mcg + 250 mcg','A','admin','2019-11-01 21:31:10',NULL,NULL),(292,1,'3,9 mg','A','admin','2019-11-01 21:31:10',NULL,NULL),(293,1,'Según lo declarado en registro sanitario','A','admin','2019-11-01 21:31:10',NULL,NULL),(294,1,'200 mg/8 mL','A','admin','2019-11-01 21:31:10',NULL,NULL);

/*Table structure for table `pr_tipo_presentacion` */

DROP TABLE IF EXISTS `pr_tipo_presentacion`;

CREATE TABLE `pr_tipo_presentacion` (
  `id_tipo_presentacion` bigint(20) NOT NULL AUTO_INCREMENT,
  `nombre` varchar(256) DEFAULT NULL,
  `estado` char(2) DEFAULT NULL,
  `usuario_creacion` varchar(20) DEFAULT NULL,
  `fecha_creacion` datetime DEFAULT NULL,
  `usuario_actualizacion` varchar(20) DEFAULT NULL,
  `fecha_actualizacion` datetime DEFAULT NULL,
  PRIMARY KEY (`id_tipo_presentacion`)
) ENGINE=InnoDB AUTO_INCREMENT=407 DEFAULT CHARSET=utf8;

/*Data for the table `pr_tipo_presentacion` */

insert  into `pr_tipo_presentacion`(`id_tipo_presentacion`,`nombre`,`estado`,`usuario_creacion`,`fecha_creacion`,`usuario_actualizacion`,`fecha_actualizacion`) values (1,'Coca- cola botella 3 litros','A',NULL,'2019-11-01 00:00:00',NULL,NULL),(2,'Coca- cola botella 2 litros','A',NULL,'2019-11-01 00:00:00',NULL,NULL),(3,'Coca- cola botella 1,5 litros','A',NULL,'2019-11-01 00:00:00',NULL,NULL),(4,'Coca- cola botella 1 litros','A',NULL,'2019-11-01 00:00:00',NULL,NULL),(5,'Coca- cola botella 500 ml','A',NULL,'2019-11-01 00:00:00',NULL,NULL),(6,'Coca- cola botella 350 ml','A',NULL,'2019-11-01 00:00:00',NULL,NULL),(7,'Caja x 1 frasco, Caja x blísteres','A','admin','2019-11-01 21:44:14',NULL,NULL),(8,'Caja x blísteres','A','admin','2019-11-01 21:44:14',NULL,NULL),(9,'Caja x ampollas de 3 mL','A','admin','2019-11-01 21:44:14',NULL,NULL),(10,'Caja x frasco de 100 ó 120 mL','A','admin','2019-11-01 21:44:15',NULL,NULL),(11,'Caja x viales','A','admin','2019-11-01 21:44:15',NULL,NULL),(12,'Caja x tubo','A','admin','2019-11-01 21:44:15',NULL,NULL),(13,'Caja x sobres ó ristra','A','admin','2019-11-01 21:44:15',NULL,NULL),(14,'Caja x ampollas de 5mL','A','admin','2019-11-01 21:44:15',NULL,NULL),(15,'Caja x blísteres, Caja x frasco','A','admin','2019-11-01 21:44:15',NULL,NULL),(16,'Caja x tubo de 15 g','A','admin','2019-11-01 21:44:15',NULL,NULL),(17,'Caja x frasco','A','admin','2019-11-01 21:44:15',NULL,NULL),(18,'Caja x ampollas de 5 mL','A','admin','2019-11-01 21:44:15',NULL,NULL),(19,'Caja x frasco de 120 mL','A','admin','2019-11-01 21:44:15',NULL,NULL),(20,'Caja x  vial con o sin disolvente','A','admin','2019-11-01 21:44:15',NULL,NULL),(21,'Caja x 1 vial + disolvente vial de 20mL + kit para reconstitución','A','admin','2019-11-01 21:44:15',NULL,NULL),(22,'Caja x ampollas de 2 mL','A','admin','2019-11-01 21:44:15',NULL,NULL),(23,'Frasco x 500 mL','A','admin','2019-11-01 21:44:15',NULL,NULL),(24,'Caja x ampollas de 2, 3, 5 ó 10 mL, Bolsa de 250 ó 3000 mL','A','admin','2019-11-01 21:44:15',NULL,NULL),(25,'Caja x frascos de 20 mL','A','admin','2019-11-01 21:44:15',NULL,NULL),(26,'Caja x blisteres/sobres','A','admin','2019-11-01 21:44:15',NULL,NULL),(27,'Caja x ampollas de 2,5 mL','A','admin','2019-11-01 21:44:15',NULL,NULL),(28,'Caja x frascos','A','admin','2019-11-01 21:44:16',NULL,NULL),(29,'Caja x vial','A','admin','2019-11-01 21:44:16',NULL,NULL),(30,'Caja x ampollas de 2, 4 mL','A','admin','2019-11-01 21:44:16',NULL,NULL),(31,'Caja x Frasco/Funda de 100 mL, 250 mL, Frasco de 500 mL.','A','admin','2019-11-01 21:44:16',NULL,NULL),(32,'Frasco/Funda de 500 mL','A','admin','2019-11-01 21:44:16',NULL,NULL),(33,'Caja x ampollas de 10 mL','A','admin','2019-11-01 21:44:16',NULL,NULL),(34,'Caja x frasco de 100 ó 120 mL + dosificador','A','admin','2019-11-01 21:44:16',NULL,NULL),(35,'Caja x frasco para reconstituír de 100 ó 120 mL','A','admin','2019-11-01 21:44:16',NULL,NULL),(36,'Caja x blísteres/ristras','A','admin','2019-11-01 21:44:16',NULL,NULL),(37,'Caja x 1 frasco de 100 ó 120 mL','A','admin','2019-11-01 21:44:16',NULL,NULL),(38,'Caja x blísteres/ristras, Caja x frasco','A','admin','2019-11-01 21:44:16',NULL,NULL),(39,'Caja x viales + disolvente','A','admin','2019-11-01 21:44:16',NULL,NULL),(40,'Caja x 1 blíster/blísteres','A','admin','2019-11-01 21:44:16',NULL,NULL),(41,'Caja x viales + diluyente','A','admin','2019-11-01 21:44:16',NULL,NULL),(42,'Caja x jeringas prellenadas de 0,5 mL o 1 mL','A','admin','2019-11-01 21:44:16',NULL,NULL),(43,'Caja x frasco vial','A','admin','2019-11-01 21:44:16',NULL,NULL),(44,'Cajas x ampollas de 1 mL','A','admin','2019-11-01 21:44:16',NULL,NULL),(45,'Caja x frasco gotero de 5 ó 10 mL','A','admin','2019-11-01 21:44:16',NULL,NULL),(46,'Caja x frasco de 15 ó 30 mL','A','admin','2019-11-01 21:44:16',NULL,NULL),(47,'Caja x vial + disolvente ampolla de 5 mL','A','admin','2019-11-01 21:44:17',NULL,NULL),(48,'Caja x frasco de 200 dosis con atomizador','A','admin','2019-11-01 21:44:17',NULL,NULL),(49,'Caja x viales con o sin disolvente','A','admin','2019-11-01 21:44:17',NULL,NULL),(50,'Caja x ampollas de 1 mL','A','admin','2019-11-01 21:44:17',NULL,NULL),(51,'Caja x frasco de 60 mL','A','admin','2019-11-01 21:44:17',NULL,NULL),(52,'Caja x tubo de 30 g','A','admin','2019-11-01 21:44:17',NULL,NULL),(53,'Caja x tubo mínimo de 20 g','A','admin','2019-11-01 21:44:17',NULL,NULL),(54,'Caja x vial de 4 mL ó 16 mL','A','admin','2019-11-01 21:44:17',NULL,NULL),(55,'Caja x vial + diluyente','A','admin','2019-11-01 21:44:17',NULL,NULL),(56,'Caja x viales/ampoulepack de 4 mL','A','admin','2019-11-01 21:44:17',NULL,NULL),(57,'Caja x ampoulepack/ ampollas de 3 o 4 mL.','A','admin','2019-11-01 21:44:17',NULL,NULL),(58,'Caja x ampoulepack de 10 mL','A','admin','2019-11-01 21:44:17',NULL,NULL),(59,'Caja x viales/Ampoulepack de 10 ó 20 mL','A','admin','2019-11-01 21:44:17',NULL,NULL),(60,'Caja x parches','A','admin','2019-11-01 21:44:17',NULL,NULL),(61,'Caja x  tubo de 30 g','A','admin','2019-11-01 21:44:17',NULL,NULL),(62,'Caja x vial de 5, 15 ó 45 mL','A','admin','2019-11-01 21:44:17',NULL,NULL),(63,'Caja x frasco de 60 mL, 100 ó 120 mL','A','admin','2019-11-01 21:44:17',NULL,NULL),(64,'Caja x vial con ó sin disolvente','A','admin','2019-11-01 21:44:17',NULL,NULL),(65,'Caja x ristras','A','admin','2019-11-01 21:44:17',NULL,NULL),(66,'Caja x frasco de 50 mL','A','admin','2019-11-01 21:44:17',NULL,NULL),(67,'Caja x frasco gotero de 5 mL','A','admin','2019-11-01 21:44:17',NULL,NULL),(68,'Caja x frasco/funda/vial de 100 mL','A','admin','2019-11-01 21:44:17',NULL,NULL),(69,'Caja x viales de 10 ó 50 mL','A','admin','2019-11-01 21:44:17',NULL,NULL),(70,'Caja x viales de 50 mL','A','admin','2019-11-01 21:44:17',NULL,NULL),(71,'Caja x frasco de 50 ó 60 mL','A','admin','2019-11-01 21:44:17',NULL,NULL),(72,'Caja x frasco de 50, 60 u 80 mL','A','admin','2019-11-01 21:44:17',NULL,NULL),(73,'Caja x ampollas de 4 mL','A','admin','2019-11-01 21:44:17',NULL,NULL),(74,'Caja x frasco de 10, 20 ó 30 mL','A','admin','2019-11-01 21:44:17',NULL,NULL),(75,'Caja x bíster/bísteres','A','admin','2019-11-01 21:44:18',NULL,NULL),(76,'Caja x frasco de 25 mL','A','admin','2019-11-01 21:44:18',NULL,NULL),(77,'Caja x tubo de 40 g + aplicadores','A','admin','2019-11-01 21:44:18',NULL,NULL),(78,'Caja x tubo 20 g  + aplicador','A','admin','2019-11-01 21:44:18',NULL,NULL),(79,'Caja x blíster/blísteres','A','admin','2019-11-01 21:44:18',NULL,NULL),(80,'Caja x tubo de 20 ó 40 g','A','admin','2019-11-01 21:44:18',NULL,NULL),(81,'Caja x ristra/ ristras','A','admin','2019-11-01 21:44:18',NULL,NULL),(82,'Caja x ristra/ristras','A','admin','2019-11-01 21:44:18',NULL,NULL),(83,'Caja x blíster/ blísteres','A','admin','2019-11-01 21:44:18',NULL,NULL),(84,'Frasco','A','admin','2019-11-01 21:44:18',NULL,NULL),(85,'Caja x frasco ampolla + disolvente ampolla','A','admin','2019-11-01 21:44:18',NULL,NULL),(86,'___','A','admin','2019-11-01 21:44:18',NULL,NULL),(87,'Caja x ampollas, Caja x jeringa prellenada, de 2, 3, ó 10 mL','A','admin','2019-11-01 21:44:18',NULL,NULL),(88,'Caja x ristras, Caja x blísteres','A','admin','2019-11-01 21:44:18',NULL,NULL),(89,'Caja x vial/viales','A','admin','2019-11-01 21:44:18',NULL,NULL),(90,'Caja x vial + diluyente ampolla','A','admin','2019-11-01 21:44:18',NULL,NULL),(91,'Caja x ampolla de 10 mL','A','admin','2019-11-01 21:44:18',NULL,NULL),(92,'Caja x frasco spray','A','admin','2019-11-01 21:44:18',NULL,NULL),(93,'Caja x ampollas de 1 mL, Caja x  ampollas de  2 mL','A','admin','2019-11-01 21:44:18',NULL,NULL),(94,'Caja x tubo de 3,5 g','A','admin','2019-11-01 21:44:18',NULL,NULL),(95,'Funda de 500 y 1000 mL','A','admin','2019-11-01 21:44:18',NULL,NULL),(96,'Funda de 100, 250, 500 y 1000 mL.','A','admin','2019-11-01 21:44:18',NULL,NULL),(97,'Funda de 500 ó 1000 mL','A','admin','2019-11-01 21:44:18',NULL,NULL),(98,'Caja x ampollas de 1 ó 2 mL','A','admin','2019-11-01 21:44:18',NULL,NULL),(99,'Caja x blísteres , Caja x ristras','A','admin','2019-11-01 21:44:18',NULL,NULL),(100,'Caja x frasco de 60, 80 mL','A','admin','2019-11-01 21:44:19',NULL,NULL),(101,'Caja x ampollas de 1mL','A','admin','2019-11-01 21:44:19',NULL,NULL),(102,'Caja x frasco de  60 mL','A','admin','2019-11-01 21:44:19',NULL,NULL),(103,'Caja x ampolla/ampollas de 2 mL','A','admin','2019-11-01 21:44:19',NULL,NULL),(104,'Caja x vial + ampolla con disolvente','A','admin','2019-11-01 21:44:19',NULL,NULL),(105,'Caja x blíster','A','admin','2019-11-01 21:44:19',NULL,NULL),(106,'Caja x frasco ampolla de 0,5 mL, Caja x frasco ampolla de 0,5 mL + disolvente de 1,5 mL, Caja x vial','A','admin','2019-11-01 21:44:19',NULL,NULL),(107,'Caja x vial de 2 mL con ó sin disolvente ampolla','A','admin','2019-11-01 21:44:19',NULL,NULL),(108,'Frasco/funda x 500 mL, botella x 250 mL','A','admin','2019-11-01 21:44:19',NULL,NULL),(109,'Caja x ampolla de 2 mL','A','admin','2019-11-01 21:44:19',NULL,NULL),(110,'Caja x blísteres, Caja x ristras','A','admin','2019-11-01 21:44:19',NULL,NULL),(111,'Caja x blísterpack con jeringas prellenadas de 0.2 mL','A','admin','2019-11-01 21:44:19',NULL,NULL),(112,'Caja x blísterpack con jeringas prellenadas de 0.4 mL','A','admin','2019-11-01 21:44:19',NULL,NULL),(113,'Caja x jeringas prellenadas de 0.6 mL','A','admin','2019-11-01 21:44:19',NULL,NULL),(114,'Caja x jeringas prellenadas','A','admin','2019-11-01 21:44:19',NULL,NULL),(115,'Caja x ampollas de 1 mL, Caja x blísteres x ampollas de 1 mL','A','admin','2019-11-01 21:44:19',NULL,NULL),(116,'Caja x vial de 5 mL','A','admin','2019-11-01 21:44:19',NULL,NULL),(117,'Caja x tubo de 3 g','A','admin','2019-11-01 21:44:19',NULL,NULL),(118,'Caja x frasco de 60, 80 y 100 mL','A','admin','2019-11-01 21:44:19',NULL,NULL),(119,'Caja x jeringa precargada de 0.4 mL, Caja x jeringas precargadas de 1 mL','A','admin','2019-11-01 21:44:19',NULL,NULL),(120,'Caja x jeringa precargada de 1mL, Caja x jeringas precargadas de 0.3 mL, 0.5 mL','A','admin','2019-11-01 21:44:19',NULL,NULL),(121,'Caja x jeringas precargadas','A','admin','2019-11-01 21:44:19',NULL,NULL),(122,'Caja X Jeringa prellenada','A','admin','2019-11-01 21:44:19',NULL,NULL),(123,'Caja x ampolla de 1 mL','A','admin','2019-11-01 21:44:19',NULL,NULL),(124,'Caja x blíster/ristra','A','admin','2019-11-01 21:44:19',NULL,NULL),(125,'Caja x jeringas de 1 mL','A','admin','2019-11-01 21:44:19',NULL,NULL),(126,'Caja x vial + disolvente ampolla','A','admin','2019-11-01 21:44:19',NULL,NULL),(127,'Caja x vial + disolvente','A','admin','2019-11-01 21:44:19',NULL,NULL),(128,'Kit x vial + disolvente ampolla','A','admin','2019-11-01 21:44:19',NULL,NULL),(129,'Caja x ampollas de 2 mL, 5 mL, 10 mL','A','admin','2019-11-01 21:44:19',NULL,NULL),(130,'Frasco de 120 mL','A','admin','2019-11-01 21:44:20',NULL,NULL),(131,'Caja x jeringa prellenada de 1 mL<br />','A','admin','2019-11-01 21:44:20',NULL,NULL),(132,'Caja x frasco de 50 mL ó 100 mL','A','admin','2019-11-01 21:44:20',NULL,NULL),(133,'Caja x blíster ,Caja x blísteres','A','admin','2019-11-01 21:44:20',NULL,NULL),(134,'Caja x vial /viales','A','admin','2019-11-01 21:44:20',NULL,NULL),(135,'Caja x jeringa prellenada de 5 mL, Caja x ampollas de 5 mL','A','admin','2019-11-01 21:44:20',NULL,NULL),(136,'Caja x vial/ viales x 5 mL y 10 mL','A','admin','2019-11-01 21:44:20',NULL,NULL),(137,'Caja x vial/ viales de 20 mL','A','admin','2019-11-01 21:44:20',NULL,NULL),(138,'Caja x ampollas de 5 mL ó 10 mL.','A','admin','2019-11-01 21:44:20',NULL,NULL),(139,'Caja x blíster/blísteres.','A','admin','2019-11-01 21:44:20',NULL,NULL),(140,'Envase de 237 mL ó frasco de 1000 mL','A','admin','2019-11-01 21:44:20',NULL,NULL),(141,'Envase de 300g ó 400 g, Caja x sobres de 76 g.','A','admin','2019-11-01 21:44:20',NULL,NULL),(142,'Caja x vial/ viales','A','admin','2019-11-01 21:44:20',NULL,NULL),(143,'Caja x ampolla/ ampollas de 2 mL','A','admin','2019-11-01 21:44:20',NULL,NULL),(144,'Caja x ampolla/ ampollas de 1 mL','A','admin','2019-11-01 21:44:20',NULL,NULL),(145,'Caja x vial/ viales de 1 mg + disolvente','A','admin','2019-11-01 21:44:20',NULL,NULL),(146,'Caja x frasco gotero, Caja x frasco + dosificador.','A','admin','2019-11-01 21:44:20',NULL,NULL),(147,'Caja x Frascos/viales de 5 mL, Caja x Frascos/viales de 10 mL','A','admin','2019-11-01 21:44:20',NULL,NULL),(148,'Caja x blíster/ristras','A','admin','2019-11-01 21:44:20',NULL,NULL),(149,'Caja x ampolla/ampollas.','A','admin','2019-11-01 21:44:20',NULL,NULL),(150,'Caja x blíster/blísteres, Frasco.','A','admin','2019-11-01 21:44:20',NULL,NULL),(151,'Caja x frasco de 15 mL, 20 mL, 30 mL ó 60 mL.','A','admin','2019-11-01 21:44:20',NULL,NULL),(152,'Caja x tubo de 15 g, 20 g, ó 30 g','A','admin','2019-11-01 21:44:20',NULL,NULL),(153,'Caja x frasco/vial + diluyente, Caja x frasco/vial.','A','admin','2019-11-01 21:44:20',NULL,NULL),(154,'Caja x frascos/viales 2 mL','A','admin','2019-11-01 21:44:20',NULL,NULL),(155,'Caja x blíster/blísteres, Caja x frasco.','A','admin','2019-11-01 21:44:20',NULL,NULL),(156,'Frasco, Caja x blísteres/ristras.','A','admin','2019-11-01 21:44:20',NULL,NULL),(157,'Caja x sobres','A','admin','2019-11-01 21:44:20',NULL,NULL),(158,'Caja x blísteres.','A','admin','2019-11-01 21:44:20',NULL,NULL),(159,'Caja x frasco/frasco gotero/frasco gotero + dosificador.','A','admin','2019-11-01 21:44:20',NULL,NULL),(160,'Caja x vial/frasco.','A','admin','2019-11-01 21:44:21',NULL,NULL),(161,'Caja x  blísteres','A','admin','2019-11-01 21:44:21',NULL,NULL),(162,'Caja x 10 blísteres de 10 unidades cada uno','A','admin','2019-11-01 21:44:21',NULL,NULL),(163,'Caja x frascos/viales.','A','admin','2019-11-01 21:44:21',NULL,NULL),(164,'Caja x vial.','A','admin','2019-11-01 21:44:21',NULL,NULL),(165,'Caja x vial/frasco','A','admin','2019-11-01 21:44:21',NULL,NULL),(166,'Caja x frasco/vial','A','admin','2019-11-01 21:44:21',NULL,NULL),(167,'Caja x jeringa prellenada.','A','admin','2019-11-01 21:44:21',NULL,NULL),(168,'Caja x frasco/vial + disolvente','A','admin','2019-11-01 21:44:21',NULL,NULL),(169,'Caja x 1 frasco/vial.','A','admin','2019-11-01 21:44:21',NULL,NULL),(170,'Caja x frasco x 5 ó 10 g','A','admin','2019-11-01 21:44:21',NULL,NULL),(171,'Caja x vial/frasco de 10 mL','A','admin','2019-11-01 21:44:21',NULL,NULL),(172,'Caja x  viales/frasco','A','admin','2019-11-01 21:44:21',NULL,NULL),(173,'Caja x viales/frasco','A','admin','2019-11-01 21:44:21',NULL,NULL),(174,'Caja x frasco/vial + disolvente, Caja x frasco/vial','A','admin','2019-11-01 21:44:21',NULL,NULL),(175,'Caja x pluma multidosis de 1,2 mL.','A','admin','2019-11-01 21:44:21',NULL,NULL),(176,'Caja x jeringa prellenada de 1,5 mL ó 0,5 mL.','A','admin','2019-11-01 21:44:21',NULL,NULL),(177,'Caja x jeringa prellenada de 0,5 mL.','A','admin','2019-11-01 21:44:21',NULL,NULL),(178,'Caja x frasco inhalador (200 dosis)','A','admin','2019-11-01 21:44:21',NULL,NULL),(179,'Caja x frasco + dosificador.','A','admin','2019-11-01 21:44:21',NULL,NULL),(180,'Caja x frasco, Frasco','A','admin','2019-11-01 21:44:21',NULL,NULL),(181,'Caja x frasco gotero de 5 mL, 10 mL, 30 mL ó 60 mL','A','admin','2019-11-01 21:44:21',NULL,NULL),(182,'Frasco ampolla de vidrio','A','admin','2019-11-01 21:44:21',NULL,NULL),(183,'Caja x ampollas de 1 mL, Caja x ampolla de 2 mL','A','admin','2019-11-01 21:44:21',NULL,NULL),(184,'Caja x frasco de 200 mL, 220 mL ó 240 mL, Caja x Frasco de 220 mL + dosificador, Frasco x 200 mL ó 2','A','admin','2019-11-01 21:44:21',NULL,NULL),(185,'Caja x tubo de 10 g','A','admin','2019-11-01 21:44:21',NULL,NULL),(186,'Caja x frasco gotero de 15 mL','A','admin','2019-11-01 21:44:21',NULL,NULL),(187,'Caja x tubo de 5 g ó 10 g','A','admin','2019-11-01 21:44:21',NULL,NULL),(188,'Caja x frasco gotero de 15 mL ó 20 mL.','A','admin','2019-11-01 21:44:21',NULL,NULL),(189,'Caja x frascos unidosis de 0,5 mL.','A','admin','2019-11-01 21:44:22',NULL,NULL),(190,'Caja x frasco gotero de 10 mL','A','admin','2019-11-01 21:44:22',NULL,NULL),(191,'Caja x tubo 10 g','A','admin','2019-11-01 21:44:22',NULL,NULL),(192,'Caja x frasco gotero de 10 mL, 15 mL ó 20 mL','A','admin','2019-11-01 21:44:22',NULL,NULL),(193,'Caja x frasco/Caja x blísteres.','A','admin','2019-11-01 21:44:22',NULL,NULL),(194,'Caja x frasco + dosificador, Caja x frasco','A','admin','2019-11-01 21:44:22',NULL,NULL),(195,'Caja x frasco gotero','A','admin','2019-11-01 21:44:22',NULL,NULL),(196,'Caja x frasco + diluyente.','A','admin','2019-11-01 21:44:22',NULL,NULL),(197,'Caja x  frasco/vial de 2,8 mL.','A','admin','2019-11-01 21:44:22',NULL,NULL),(198,'Caja x blísteres/ristras.','A','admin','2019-11-01 21:44:22',NULL,NULL),(199,'Caja + funda polipropileno + envase soluflex de 100 mL','A','admin','2019-11-01 21:44:22',NULL,NULL),(200,'Caja x ampolla','A','admin','2019-11-01 21:44:22',NULL,NULL),(201,'Caja x frasco gotero.','A','admin','2019-11-01 21:44:22',NULL,NULL),(202,'Caja x implantes de 75mg cada uno','A','admin','2019-11-01 21:44:22',NULL,NULL),(203,'Caja x blísteres, Caja x frasco.','A','admin','2019-11-01 21:44:22',NULL,NULL),(204,'Caja x tubo de 25 ó 30 g','A','admin','2019-11-01 21:44:22',NULL,NULL),(205,'Caja x frasco de 80 g, Caja x frasco de 50 mL','A','admin','2019-11-01 21:44:22',NULL,NULL),(206,'Caja x tubo de 25 g','A','admin','2019-11-01 21:44:22',NULL,NULL),(207,'Caja x Frasco de 20 mL ó 50 mL, Frasco x 20 mL ó 50 mL, Caja x tubo/cartucho x 1,8 mL','A','admin','2019-11-01 21:44:22',NULL,NULL),(208,'Caja x frasco/vial de 20 mL ó 50 mL, Frasco/vial x 50 mL, Cartucho dental de 1,8 mL.','A','admin','2019-11-01 21:44:22',NULL,NULL),(209,'Caja x bolsas de 300 mL, Funda x 300 mL','A','admin','2019-11-01 21:44:22',NULL,NULL),(210,'Caja x ristras/blísteres.','A','admin','2019-11-01 21:44:22',NULL,NULL),(211,'Caja x ristras/blísteres','A','admin','2019-11-01 21:44:22',NULL,NULL),(212,'Caja x frasco, Frasco.','A','admin','2019-11-01 21:44:22',NULL,NULL),(213,'Caja x frasco con dosificador, Caja x frasco','A','admin','2019-11-01 21:44:22',NULL,NULL),(214,'Caja x frasco de 40 ó 120 unidades.','A','admin','2019-11-01 21:44:22',NULL,NULL),(215,'Caja x frasco de 60 mL, 100 mL ó 120 mL con dosificador/sin dosificador. Frasco de 60 mL, 100 mL ó 1','A','admin','2019-11-01 21:44:22',NULL,NULL),(216,'Caja x 2 blísteres de 20 unidades cada uno','A','admin','2019-11-01 21:44:22',NULL,NULL),(217,'Caja x frasco de 150 mL, 200 mL ó 250 mL, Frasco de 180 mL, 200 mL, 240 mL ó 360 mL','A','admin','2019-11-01 21:44:22',NULL,NULL),(218,'Funda o bolsa de 500 mL','A','admin','2019-11-01 21:44:22',NULL,NULL),(219,'Caja x ampollas.','A','admin','2019-11-01 21:44:22',NULL,NULL),(220,'Caja x blísteres, Caja x frasco, Frasco','A','admin','2019-11-01 21:44:22',NULL,NULL),(221,'Caja x viales/frascos.','A','admin','2019-11-01 21:44:23',NULL,NULL),(222,'Caja x ampollas','A','admin','2019-11-01 21:44:23',NULL,NULL),(223,'Caja x vial/frasco de 1 mL ó 2 mL.','A','admin','2019-11-01 21:44:23',NULL,NULL),(224,'Caja x ACT-O-VIAL de 4 mL, Caja x frasco/vial.','A','admin','2019-11-01 21:44:23',NULL,NULL),(225,'Caja x ampollas de 2 mL cada una','A','admin','2019-11-01 21:44:23',NULL,NULL),(226,'Caja x frasco/vial.','A','admin','2019-11-01 21:44:23',NULL,NULL),(227,'Caja x frascos/viales de 2 ó 20 mL cada uno','A','admin','2019-11-01 21:44:23',NULL,NULL),(228,'Caja x frasco de 100 mL, 120 mL con dosificador, Frasco de 100 ó 120 mL','A','admin','2019-11-01 21:44:23',NULL,NULL),(229,'Caja x frasco de 100 mL, 110 mL ó 120 mL con dosificador, Frasco de 100 ó 120 mL','A','admin','2019-11-01 21:44:23',NULL,NULL),(230,'Caja x sachets de 100 mL cada uno, Caja x bolsas de 100 mL cada una, Funda o frasco plástico de 100 ','A','admin','2019-11-01 21:44:23',NULL,NULL),(231,'Caja x ampollas de 3 mL cada una, Caja x ampollas de 10 mL cada una.','A','admin','2019-11-01 21:44:23',NULL,NULL),(232,'Caja x ampollas de 5 mL cada una.','A','admin','2019-11-01 21:44:23',NULL,NULL),(233,'Caja x ristras/blísteres, Caja x frasco','A','admin','2019-11-01 21:44:23',NULL,NULL),(234,'Caja x vial/frasco de 10 mL.','A','admin','2019-11-01 21:44:23',NULL,NULL),(235,'Caja x frascos de 140 aplicaciones cada uno','A','admin','2019-11-01 21:44:23',NULL,NULL),(236,'Caja x ampollas de 1 mL cada una.','A','admin','2019-11-01 21:44:23',NULL,NULL),(237,'Caja x frasco de 120 mL, 200 mL ó 240 mL, Frasco de 120 mL','A','admin','2019-11-01 21:44:23',NULL,NULL),(238,'Caja x viales/frascos de 5 mL.','A','admin','2019-11-01 21:44:23',NULL,NULL),(239,'Caja x ampollas de 1 mL.','A','admin','2019-11-01 21:44:23',NULL,NULL),(240,'Caja x frasco de 100 mL con dosificador/sin dosificador,  Frasco x 240 mL.','A','admin','2019-11-01 21:44:23',NULL,NULL),(241,'Caja x  frasco.','A','admin','2019-11-01 21:44:23',NULL,NULL),(242,'Blísteres, ristras','A','admin','2019-11-01 21:44:23',NULL,NULL),(243,'Caja x frasco de 30 mL ó 120 mL + dosificador (gotero), Caja x frasco de 30 mL ó 120 mL','A','admin','2019-11-01 21:44:23',NULL,NULL),(244,'Caja x frasco de 100 mL ó 120 mL','A','admin','2019-11-01 21:44:23',NULL,NULL),(245,'Caja x frascos/viales','A','admin','2019-11-01 21:44:23',NULL,NULL),(246,'Caja x ampollas de 4 mL cada una','A','admin','2019-11-01 21:44:23',NULL,NULL),(247,'Caja x frasco + jeringuilla prellenada con 2,5 mL de disolvente, Caja x frasco/vial.','A','admin','2019-11-01 21:44:23',NULL,NULL),(248,'Caja x ampollas de 10 mL cada una, Caja x ampollas de 2 mL cada una','A','admin','2019-11-01 21:44:23',NULL,NULL),(249,'Caja x vial/frasco + disolvente ampolla de 10 mL, Caja x viales/frasco','A','admin','2019-11-01 21:44:23',NULL,NULL),(250,'Caja x ampollas de 4 mL cada una, Caja x ampollas de 2 mL','A','admin','2019-11-01 21:44:23',NULL,NULL),(251,'Caja x viales/frascos','A','admin','2019-11-01 21:44:23',NULL,NULL),(252,'Oxígeno, gas medicinal, cilindro por: 0,4 m3, 0,7 m3, 1 m3, 2 m3, 3 m3, 4 m3, 6 m3, 7 m3, 8 m3, 9 m3','A','admin','2019-11-01 21:44:23',NULL,NULL),(253,'Caja x frascos/viales de 5 mL o más','A','admin','2019-11-01 21:44:24',NULL,NULL),(254,'Caja x ampollas x 2 mL','A','admin','2019-11-01 21:44:24',NULL,NULL),(255,'Caja x frasco de 60 mL o más','A','admin','2019-11-01 21:44:24',NULL,NULL),(256,'Caja x 1 frasco de 15 mL o más, Caja x frasco gotero de 15 mL o más','A','admin','2019-11-01 21:44:24',NULL,NULL),(257,'Caja x 1 frasco de 60 mL o más','A','admin','2019-11-01 21:44:24',NULL,NULL),(258,'Caja x ampollas x 2 mL, Caja x ampollas x 1mL','A','admin','2019-11-01 21:44:24',NULL,NULL),(259,'Caja x jeringas prellenadas x 0,6 mL','A','admin','2019-11-01 21:44:24',NULL,NULL),(260,'Caja x tubo.','A','admin','2019-11-01 21:44:24',NULL,NULL),(261,'Frasco x 60 mL ó 120 mL.','A','admin','2019-11-01 21:44:24',NULL,NULL),(262,'Caja x 1 tubo de 10, 20 ó 30 g.','A','admin','2019-11-01 21:44:24',NULL,NULL),(263,'Caja x 1 tubo de 10 g o más','A','admin','2019-11-01 21:44:24',NULL,NULL),(264,'Caja x blísteres, ristras','A','admin','2019-11-01 21:44:24',NULL,NULL),(265,'Caja x sobres.','A','admin','2019-11-01 21:44:24',NULL,NULL),(266,'Caja x 1 frasco gotero de 5 mL.','A','admin','2019-11-01 21:44:24',NULL,NULL),(267,'Caja x blísteres, Caja x ristras, Caja x frasco.','A','admin','2019-11-01 21:44:24',NULL,NULL),(268,'Caja x 1 tubo de 60 g ó 100 g','A','admin','2019-11-01 21:44:24',NULL,NULL),(269,'Caja x 1 Tubo de 60 g','A','admin','2019-11-01 21:44:24',NULL,NULL),(270,'Caja x 1 Tubo de 60 ó 100 g','A','admin','2019-11-01 21:44:24',NULL,NULL),(271,'Caja x ampollas x 20 mL','A','admin','2019-11-01 21:44:24',NULL,NULL),(272,'Caja x 1 ampolla x 5mL.','A','admin','2019-11-01 21:44:24',NULL,NULL),(273,'Caja x 1 frasco de 60 unidades.','A','admin','2019-11-01 21:44:24',NULL,NULL),(274,'Caja x blísteres, ristra','A','admin','2019-11-01 21:44:24',NULL,NULL),(275,'Caja x 1 frasco.','A','admin','2019-11-01 21:44:24',NULL,NULL),(276,'Funda/Bolsa de 500 ó 1000 mL','A','admin','2019-11-01 21:44:24',NULL,NULL),(277,'Caja x  1 vial/frasco + diluyente','A','admin','2019-11-01 21:44:24',NULL,NULL),(278,'Caja x 1 vial/frasco + diluyente','A','admin','2019-11-01 21:44:24',NULL,NULL),(279,'Caja x 1 frasco de 20 mL ó 30 mL + gotero(dosificador), Caja x 1 frasco gotero de 20 mL ó 30 mL.','A','admin','2019-11-01 21:44:24',NULL,NULL),(280,'Caja x viales/frascos de 10 mL, Caja x viales/frascos 50 mL','A','admin','2019-11-01 21:44:24',NULL,NULL),(281,'Caja x   viales/frascos de 5 mL, Caja x  viales/frascos de 10 mL.','A','admin','2019-11-01 21:44:24',NULL,NULL),(282,'Caja x 1 envase inhalador de 200 dosis con dosificador, Caja por envase inhalador de 200 dosis.','A','admin','2019-11-01 21:44:24',NULL,NULL),(283,'Caja x 1 frasco de 10 mL + dosificador, Caja x 1 frasco de 10 mL.','A','admin','2019-11-01 21:44:24',NULL,NULL),(284,'Caja x frasco gotero de 20 mL ó 30 mL.','A','admin','2019-11-01 21:44:25',NULL,NULL),(285,'Caja x 1 frasco','A','admin','2019-11-01 21:44:25',NULL,NULL),(286,'Caja x 1 Frasco de 250 mL.','A','admin','2019-11-01 21:44:25',NULL,NULL),(287,'Caja x blísteres,ristras','A','admin','2019-11-01 21:44:25',NULL,NULL),(288,'Caja x 1, 2, 3 ó 4 blísteres de 10 unidades cada uno.','A','admin','2019-11-01 21:44:25',NULL,NULL),(289,'Bolsa/funda  de 100, 250, 500 ó 1000 mL.','A','admin','2019-11-01 21:44:25',NULL,NULL),(290,'Bolsa de 2 000 mL ó 5 000 mL','A','admin','2019-11-01 21:44:25',NULL,NULL),(291,'Caja x viales + viales de solvente','A','admin','2019-11-01 21:44:25',NULL,NULL),(292,'Caja x 1 ó 2 viales + diluyente de 10 mL cada uno.','A','admin','2019-11-01 21:44:25',NULL,NULL),(293,'Caja x 1 vial/frasco + diluyente de 10 mL.','A','admin','2019-11-01 21:44:25',NULL,NULL),(294,'Caja x 1 tubo/frasco/pomo','A','admin','2019-11-01 21:44:25',NULL,NULL),(295,'Frasco x 10, 50 ó 100 unidades.','A','admin','2019-11-01 21:44:25',NULL,NULL),(296,'Caja x frasco de 100 mL o 150 mL, Caja por frasco gotero de 30 mL.','A','admin','2019-11-01 21:44:25',NULL,NULL),(297,'Caja x 10, 50 ó 100 blísteres de 10 unidades cada uno.','A','admin','2019-11-01 21:44:25',NULL,NULL),(298,'Caja x frasco, Caja x sachets','A','admin','2019-11-01 21:44:25',NULL,NULL),(299,'Caja x 1 tubo x 15 g o más','A','admin','2019-11-01 21:44:25',NULL,NULL),(300,'Caja x ampollas de 1 mL o 3 mL.','A','admin','2019-11-01 21:44:25',NULL,NULL),(301,'Caja x ampolla de 1 mL ó 2 mL.','A','admin','2019-11-01 21:44:25',NULL,NULL),(302,'Caja x 1 frasco gotero de 5 mL ó 10 mL','A','admin','2019-11-01 21:44:25',NULL,NULL),(303,'Caja x 1 frasco gotero de 5 mL ó 10 mL.','A','admin','2019-11-01 21:44:25',NULL,NULL),(304,'Caja x 1, 3 ó 6 blísteres de 10 unidades cada uno.','A','admin','2019-11-01 21:44:25',NULL,NULL),(305,'Caja x 1 frasco/vial de 50 mL.','A','admin','2019-11-01 21:44:25',NULL,NULL),(306,'Caja x 1 tubo','A','admin','2019-11-01 21:44:25',NULL,NULL),(307,'Caja x blísteres x cánulas, Caja x sobres x ampollas','A','admin','2019-11-01 21:44:25',NULL,NULL),(308,'Caja x 1 tubo de 5 g.','A','admin','2019-11-01 21:44:25',NULL,NULL),(309,'Caja x frascos/viales o jeringuillas prellenadas','A','admin','2019-11-01 21:44:26',NULL,NULL),(310,'Caja x jeringas prellenadas de 0,5 mL, Caja x frascos/viales de 0,5 mL','A','admin','2019-11-01 21:44:26',NULL,NULL),(311,'Caja x ampollas de 1mL ó 2 mL.','A','admin','2019-11-01 21:44:26',NULL,NULL),(312,'Caja x 1 vial + disolvente ampolla de 20 mL.','A','admin','2019-11-01 21:44:26',NULL,NULL),(313,'Caja x 1 vial + disolvente x 2 mL','A','admin','2019-11-01 21:44:26',NULL,NULL),(314,'Caja x 1 frasco gotero de 15 mL','A','admin','2019-11-01 21:44:26',NULL,NULL),(315,'Caja x 1 tubo.','A','admin','2019-11-01 21:44:26',NULL,NULL),(316,'Caja x tubo de 10 g o más','A','admin','2019-11-01 21:44:26',NULL,NULL),(317,'Caja x 1 frasco de 125 mL.','A','admin','2019-11-01 21:44:26',NULL,NULL),(318,'Caja x viales + jeringas prellenadas de 0,5 mL','A','admin','2019-11-01 21:44:26',NULL,NULL),(319,'Caja x frascos/ampollas de 0.5 ml ó 1mL','A','admin','2019-11-01 21:44:26',NULL,NULL),(320,'Caja x jeringuilla prellenada.','A','admin','2019-11-01 21:44:26',NULL,NULL),(321,'Caja x frascos/viales de 0,5 mL','A','admin','2019-11-01 21:44:26',NULL,NULL),(322,'Caja x frascos de 10 mL','A','admin','2019-11-01 21:44:26',NULL,NULL),(323,'Caja x frascos goteros de dosis única de 2 mL.','A','admin','2019-11-01 21:44:26',NULL,NULL),(324,'Caja x frascos/viales + jeringas prellenadas de 0,5 mL.','A','admin','2019-11-01 21:44:26',NULL,NULL),(325,'Caja x frascos/viales + diluyentes','A','admin','2019-11-01 21:44:26',NULL,NULL),(326,'Caja x viales/frascos con o sin diluyente','A','admin','2019-11-01 21:44:26',NULL,NULL),(327,'Caja x viales + ampollas de diluyente de 0,5 mL','A','admin','2019-11-01 21:44:26',NULL,NULL),(328,'Caja x frascos/viales de 10 mL','A','admin','2019-11-01 21:44:26',NULL,NULL),(329,'Caja x frascos/viales con o sin diluyente','A','admin','2019-11-01 21:44:26',NULL,NULL),(330,'Caja x 1 frasco de 60 ó 100 unidades.','A','admin','2019-11-01 21:44:26',NULL,NULL),(331,'Caja x 1 frasco de 100 mL.','A','admin','2019-11-01 21:44:26',NULL,NULL),(332,'Caja x frascos/viales de 20 mL','A','admin','2019-11-01 21:44:26',NULL,NULL),(333,'Caja x  frasco','A','admin','2019-11-01 21:44:26',NULL,NULL),(334,'Caja x blísteres, Caja x tabletas.','A','admin','2019-11-01 21:44:26',NULL,NULL),(335,'Caja x 10 ó 100 ampollas','A','admin','2019-11-01 21:44:26',NULL,NULL),(336,'Caja x frasco de 30 ó 60 mL','A','admin','2019-11-01 21:44:26',NULL,NULL),(337,'Caja x vial/frasco + diluyente, Caja x frasco/vial','A','admin','2019-11-01 21:44:26',NULL,NULL),(338,'Caja x viales de 10 mL ó 20 mL','A','admin','2019-11-01 21:44:26',NULL,NULL),(339,'Caja x frasco, Caja x blíster/ristras','A','admin','2019-11-01 21:44:26',NULL,NULL),(340,'Frasco de 50 g, Frasco de 25 g','A','admin','2019-11-01 21:44:27',NULL,NULL),(341,'Caja x 1 frasco de 60 mL, Frasco de 60 mL.','A','admin','2019-11-01 21:44:27',NULL,NULL),(342,'Caja x 1, 2, 3, 4, 5, 10, ó 20 ristras de 5 unidades cada una, Caja x ristra de 2 unidades.','A','admin','2019-11-01 21:44:27',NULL,NULL),(343,'Caja x frascos/viales de 50 mL o 100 mL','A','admin','2019-11-01 21:44:27',NULL,NULL),(344,'Caja x 1 tubo de 40 o más','A','admin','2019-11-01 21:44:27',NULL,NULL),(345,'Caja x 3 blísteres de 10 unidades cada uno.','A','admin','2019-11-01 21:44:27',NULL,NULL),(346,'Caja x ampolla/ampollas','A','admin','2019-11-01 21:44:27',NULL,NULL),(347,'Caja x jeringa precargada de 1 mL','A','admin','2019-11-01 21:44:27',NULL,NULL),(348,'Caja x jeringa de 0,5 mL, Caja x vial de 0,5 mL.','A','admin','2019-11-01 21:44:27',NULL,NULL),(349,'Caja  blíster o blísteres/ristra ó ristras','A','admin','2019-11-01 21:44:27',NULL,NULL),(350,'Caja x frascos/viales de 0,5 mL.','A','admin','2019-11-01 21:44:27',NULL,NULL),(351,'Caja x frasco de 60 ó 120 mL','A','admin','2019-11-01 21:44:27',NULL,NULL),(352,'Caja x blíster/blisters','A','admin','2019-11-01 21:44:27',NULL,NULL),(353,'Caja x frascos/envases, Caja x blísteres','A','admin','2019-11-01 21:44:27',NULL,NULL),(354,'Frasco/vial x 10 mL','A','admin','2019-11-01 21:44:27',NULL,NULL),(355,'Caja x blísteres/Caja x frasco.','A','admin','2019-11-01 21:44:27',NULL,NULL),(356,'Caja x frasco de 12 g','A','admin','2019-11-01 21:44:27',NULL,NULL),(357,'Caja x tubo de 5 g','A','admin','2019-11-01 21:44:27',NULL,NULL),(358,'Caja x tubo de 10 gramos','A','admin','2019-11-01 21:44:27',NULL,NULL),(359,'Caja x frasco, Caja x blísteres','A','admin','2019-11-01 21:44:27',NULL,NULL),(360,'Caja x  frasco de 60 unidades, Caja x blíster/blísteres','A','admin','2019-11-01 21:44:27',NULL,NULL),(361,'Frasco/Blíster/Ristra','A','admin','2019-11-01 21:44:27',NULL,NULL),(362,'Frasco x 340 mL','A','admin','2019-11-01 21:44:27',NULL,NULL),(363,'Caja x frasco. Caja x blíster/blísteres.','A','admin','2019-11-01 21:44:27',NULL,NULL),(364,'Caja x frascos/viales, Caja x jeringuillas prellenadas','A','admin','2019-11-01 21:44:27',NULL,NULL),(365,'Caja x blíster/blísteres, Caja x ristra/ristras.','A','admin','2019-11-01 21:44:27',NULL,NULL),(366,'Frasco x 60, 120, 250, 300, 500, 1000, 3785 mL','A','admin','2019-11-01 21:44:27',NULL,NULL),(367,'Caja x frasco de 60mL, 100 mL ó 120 mL','A','admin','2019-11-01 21:44:28',NULL,NULL),(368,'Caja x Frasco de 60 unidades.','A','admin','2019-11-01 21:44:28',NULL,NULL),(369,'Caja x 1 vial, Caja x 5 viales.','A','admin','2019-11-01 21:44:28',NULL,NULL),(370,'Caja x 2,4,6,8 y 10 blísteres de 5 unidades c/u, Caja x 1,3 y 5 blísteres de 10 unidades c/u.','A','admin','2019-11-01 21:44:28',NULL,NULL),(371,'Caja x 1,2,4,6,8 y 10 blíster de 5 uniades c/u, Caja x 1, 3 y 5 blísteres de 10 unidades cada uno.','A','admin','2019-11-01 21:44:28',NULL,NULL),(372,'Caja x 1, 2, 3 y 6 blísteres de 10 unidades cada uno.','A','admin','2019-11-01 21:44:28',NULL,NULL),(373,'Caja x Frasco de 120 mL, Caja x Frasco de 150 mL, Caja x Frasco x 300 mL.','A','admin','2019-11-01 21:44:28',NULL,NULL),(374,'Caja x blíster o blísteres de 10 unidades cada uno.','A','admin','2019-11-01 21:44:28',NULL,NULL),(375,'Caja x vial de 0,3 mL','A','admin','2019-11-01 21:44:28',NULL,NULL),(376,'Caja x 7 blísteres de 4 unidades cada uno.','A','admin','2019-11-01 21:44:28',NULL,NULL),(377,'Caja x 1, 2 blísteres de 14 unidades cada uno.','A','admin','2019-11-01 21:44:28',NULL,NULL),(378,'Caja x 1, 2, 3, 4, ,6, 7, 8, 10 blísteres de 6 cápsulas cada uno.','A','admin','2019-11-01 21:44:28',NULL,NULL),(379,'Caja x blíster/blísteres de 6 cápsulas cada uno.','A','admin','2019-11-01 21:44:28',NULL,NULL),(380,'Caja x frasco de 25 mL +  dosificador.','A','admin','2019-11-01 21:44:28',NULL,NULL),(381,'Caja x 1, 25 víales/frasco.','A','admin','2019-11-01 21:44:28',NULL,NULL),(382,'Caja x blíster de 20 unidades cada uno.','A','admin','2019-11-01 21:44:28',NULL,NULL),(383,'Caja x vial/frasco de 1 mL, Caja x vial/frasco de 5 mL','A','admin','2019-11-01 21:44:28',NULL,NULL),(384,'Envase x 500 g','A','admin','2019-11-01 21:44:28',NULL,NULL),(385,'Envase x 454 g','A','admin','2019-11-01 21:44:28',NULL,NULL),(386,'Caja x vial/frasco de 5 mL','A','admin','2019-11-01 21:44:28',NULL,NULL),(387,'Caja x vial/frasco de 4 mL, Caja x vial/frasco de 10 mL','A','admin','2019-11-01 21:44:28',NULL,NULL),(388,'Caja x 3 blísteres de 10 cápsulas cada una + inhalador.','A','admin','2019-11-01 21:44:28',NULL,NULL),(389,'Caja x cartucho de doble compartimiento.','A','admin','2019-11-01 21:44:28',NULL,NULL),(390,'Caja x 2 blísteres de 14 unidades cada uno.','A','admin','2019-11-01 21:44:28',NULL,NULL),(391,'Caja x 3, 5, 10 blísteres de 10 unidades cada uno.','A','admin','2019-11-01 21:44:28',NULL,NULL),(392,'Caja x 2, 3, 5, 10 blísteres de 10 unidades cada uno.','A','admin','2019-11-01 21:44:28',NULL,NULL),(393,'Caja x envase/frasco de 120 dosis.','A','admin','2019-11-01 21:44:28',NULL,NULL),(394,'Caja x envase/frasco de 120 dosis, Caja x envase/frasco de 200 dosis.','A','admin','2019-11-01 21:44:28',NULL,NULL),(395,'Caja x ampolla/ampollas de 10 mL cada una.','A','admin','2019-11-01 21:44:28',NULL,NULL),(396,'Caja x frasco/vial de 20 mL.','A','admin','2019-11-01 21:44:28',NULL,NULL),(397,'Caja x frasco/vial de 50 mL.','A','admin','2019-11-01 21:44:28',NULL,NULL),(398,'Caja x frasco, Caja x blíster/blísteres','A','admin','2019-11-01 21:44:28',NULL,NULL),(399,'Caja x frasco/víal de 10 mL','A','admin','2019-11-01 21:44:28',NULL,NULL),(400,'Caja x 1 aplicador con implante','A','admin','2019-11-01 21:44:29',NULL,NULL),(401,'Caja x jeringuilla prellenada de 0,8 mL','A','admin','2019-11-01 21:44:29',NULL,NULL),(402,'Caja x 1 frasco de 100 unidades.','A','admin','2019-11-01 21:44:29',NULL,NULL),(403,'Caja x frasco de 30 unidades','A','admin','2019-11-01 21:44:29',NULL,NULL),(404,'200 mg/mL','A','admin','2019-11-01 21:44:29',NULL,NULL),(405,'Caja x frasco + solvente','A','admin','2019-11-01 21:44:29',NULL,NULL),(406,'Caja x vial de 8 mL','A','admin','2019-11-01 21:44:29',NULL,NULL);

/*Table structure for table `pr_tipo_prestacion` */

DROP TABLE IF EXISTS `pr_tipo_prestacion`;

CREATE TABLE `pr_tipo_prestacion` (
  `id_tipo_prestacion` bigint(20) NOT NULL AUTO_INCREMENT,
  `nombre` varchar(256) DEFAULT NULL,
  `usuario_creacion` varchar(20) DEFAULT NULL,
  `estado` char(1) DEFAULT NULL,
  `fecha_creacion` datetime DEFAULT NULL,
  `usuario_actualizacion` varchar(20) DEFAULT NULL,
  `fecha_actualizacion` datetime DEFAULT NULL,
  PRIMARY KEY (`id_tipo_prestacion`)
) ENGINE=InnoDB AUTO_INCREMENT=3 DEFAULT CHARSET=latin1;

/*Data for the table `pr_tipo_prestacion` */

insert  into `pr_tipo_prestacion`(`id_tipo_prestacion`,`nombre`,`usuario_creacion`,`estado`,`fecha_creacion`,`usuario_actualizacion`,`fecha_actualizacion`) values (1,'SERVICIO',NULL,NULL,NULL,NULL,NULL),(2,'INVENTARIO',NULL,NULL,NULL,NULL,NULL);

/*Table structure for table `se_ciudad` */

DROP TABLE IF EXISTS `se_ciudad`;

CREATE TABLE `se_ciudad` (
  `id_Ciudad` bigint(20) NOT NULL AUTO_INCREMENT,
  `id_Provincia` bigint(20) NOT NULL,
  `Nombre` varchar(45) NOT NULL,
  `estado` varchar(45) DEFAULT NULL,
  PRIMARY KEY (`id_Ciudad`),
  KEY `fk_se_Ciudad_1_idx` (`id_Provincia`),
  CONSTRAINT `fk_se_Ciudad_1` FOREIGN KEY (`id_Provincia`) REFERENCES `se_provincia` (`id_Provincia`) ON DELETE NO ACTION ON UPDATE NO ACTION
) ENGINE=InnoDB AUTO_INCREMENT=25 DEFAULT CHARSET=latin1;

/*Data for the table `se_ciudad` */

insert  into `se_ciudad`(`id_Ciudad`,`id_Provincia`,`Nombre`,`estado`) values (1,1,'Cuenca',NULL),(2,2,'Guaranda',NULL),(3,3,'Azogues',NULL),(4,4,'Tulcan',NULL),(5,5,'Riobamba',NULL),(6,6,'Latacunga',NULL),(7,7,'Machala',NULL),(8,8,'Esmeraldas',NULL),(9,9,'Puerto Baquerizo Moreno',NULL),(10,10,'Guayaquil',NULL),(11,11,'Ibarra',NULL),(12,12,'Loja',NULL),(13,13,'Babahoyo',NULL),(14,14,'Portoviejo',NULL),(15,15,'Macas',NULL),(16,16,'Tena',NULL),(17,17,'Francisco de Orellana',NULL),(18,18,'Puyo',NULL),(19,19,'Quito',NULL),(20,20,'Santa Elena',NULL),(21,21,'Santo Domingo',NULL),(22,22,'Nueva Loja',NULL),(23,23,'Ambato',NULL),(24,24,'Zamora',NULL);

/*Table structure for table `se_clientes` */

DROP TABLE IF EXISTS `se_clientes`;

CREATE TABLE `se_clientes` (
  `id_clientes` bigint(20) NOT NULL AUTO_INCREMENT,
  `id_tipo_indentificacion` bigint(20) DEFAULT NULL,
  `numero_identificacion` varchar(20) DEFAULT NULL,
  `primer_nombre` varchar(50) DEFAULT NULL,
  `segundo_nombre` varchar(50) DEFAULT NULL,
  `primer_apellido` varchar(50) DEFAULT NULL,
  `segundo_apellido` varchar(50) DEFAULT NULL,
  `razon_social` varchar(50) DEFAULT NULL,
  `nombre_completo` varchar(200) DEFAULT NULL,
  `estado` char(2) DEFAULT NULL,
  `usuario_creacion` varchar(20) DEFAULT NULL,
  `fecha_creacion` datetime DEFAULT NULL,
  `usuario_actualizacion` varchar(20) DEFAULT NULL,
  `fecha_actualizacion` datetime DEFAULT NULL,
  PRIMARY KEY (`id_clientes`),
  KEY `fk_clientes_ibfk_1_idx` (`id_tipo_indentificacion`),
  CONSTRAINT `fk_clientes_ibfk_1` FOREIGN KEY (`id_tipo_indentificacion`) REFERENCES `se_tipo_identificacion` (`id_tipo_identificacion`) ON DELETE NO ACTION ON UPDATE NO ACTION
) ENGINE=InnoDB AUTO_INCREMENT=5 DEFAULT CHARSET=latin1;

/*Data for the table `se_clientes` */

insert  into `se_clientes`(`id_clientes`,`id_tipo_indentificacion`,`numero_identificacion`,`primer_nombre`,`segundo_nombre`,`primer_apellido`,`segundo_apellido`,`razon_social`,`nombre_completo`,`estado`,`usuario_creacion`,`fecha_creacion`,`usuario_actualizacion`,`fecha_actualizacion`) values (1,1,'9999999999999','CONSUMIDOR',NULL,'FINAL',NULL,NULL,'CONSUMIDOR FINAL','A','admin','2019-11-06 18:49:39',NULL,NULL),(2,1,'0925241796','JORGE','ANDRES','MUÑOZ','VERA','','JORGE ANDRES MUÑOZ VERA','A','admin','2019-11-07 15:42:08',NULL,NULL),(3,1,'0953284456','CRISTHIAN','ANTHONY','LATORRE','SARCOS','','CRISTHIAN ANTHONY LATORRE SARCOS','A','admin','2019-11-07 18:10:54',NULL,NULL),(4,1,'0925241846','JORGE','A','MUÑOZ',NULL,'','JORGE A MUÑOZ','A','admin','2019-12-12 18:55:03',NULL,NULL);

/*Table structure for table `se_contactos_clientes` */

DROP TABLE IF EXISTS `se_contactos_clientes`;

CREATE TABLE `se_contactos_clientes` (
  `id_contactos_clientes` bigint(20) NOT NULL AUTO_INCREMENT,
  `id_localidad` bigint(20) DEFAULT NULL,
  `nombre` varchar(100) DEFAULT NULL,
  `estado` char(2) DEFAULT NULL,
  `usuario_creacion` varchar(20) DEFAULT NULL,
  `fecha_creacion` datetime DEFAULT NULL,
  `usuario_actualizacion` varchar(20) DEFAULT NULL,
  `fecha_actualizacion` datetime DEFAULT NULL,
  PRIMARY KEY (`id_contactos_clientes`),
  KEY `fk_se_contactos_clientes_1_idx` (`id_localidad`),
  CONSTRAINT `fk_se_contactos_clientes_1` FOREIGN KEY (`id_localidad`) REFERENCES `se_localidad_cliente` (`id_localidad_cliente`) ON DELETE NO ACTION ON UPDATE NO ACTION
) ENGINE=InnoDB AUTO_INCREMENT=4 DEFAULT CHARSET=latin1;

/*Data for the table `se_contactos_clientes` */

insert  into `se_contactos_clientes`(`id_contactos_clientes`,`id_localidad`,`nombre`,`estado`,`usuario_creacion`,`fecha_creacion`,`usuario_actualizacion`,`fecha_actualizacion`) values (1,1,'PROPIO','A','admin','2019-11-06 18:56:37',NULL,NULL),(2,2,'PROPIO','A','admin','2019-11-07 15:44:05',NULL,NULL),(3,3,'PROPIO','A','admin','2019-12-12 18:55:03',NULL,NULL);

/*Table structure for table `se_empresa` */

DROP TABLE IF EXISTS `se_empresa`;

CREATE TABLE `se_empresa` (
  `id_empresa` bigint(20) NOT NULL AUTO_INCREMENT,
  `nombre_comercial` varchar(70) DEFAULT NULL,
  `ruc` varchar(13) DEFAULT NULL,
  `telefono` varchar(10) DEFAULT NULL,
  `direccion` varchar(70) DEFAULT NULL,
  `correo` varchar(70) DEFAULT NULL,
  `usuario_creacion` varchar(20) DEFAULT NULL,
  `fecha_creacion` datetime DEFAULT NULL,
  `usuario_actualizacion` varchar(20) DEFAULT NULL,
  `fecha_actualizacion` datetime DEFAULT NULL,
  `estado` char(2) DEFAULT NULL,
  PRIMARY KEY (`id_empresa`)
) ENGINE=InnoDB AUTO_INCREMENT=2 DEFAULT CHARSET=utf8;

/*Data for the table `se_empresa` */

insert  into `se_empresa`(`id_empresa`,`nombre_comercial`,`ruc`,`telefono`,`direccion`,`correo`,`usuario_creacion`,`fecha_creacion`,`usuario_actualizacion`,`fecha_actualizacion`,`estado`) values (1,'ASOFAR','0999999999999','222222','XXX','admin@admin.com','admin','2019-10-30 16:35:24','admin','2019-10-31 18:09:43','A');

/*Table structure for table `se_localidad_cliente` */

DROP TABLE IF EXISTS `se_localidad_cliente`;

CREATE TABLE `se_localidad_cliente` (
  `id_localidad_cliente` bigint(20) NOT NULL AUTO_INCREMENT,
  `id_cliente` bigint(20) DEFAULT NULL,
  `telefono` varchar(50) DEFAULT NULL,
  `celular` varchar(50) DEFAULT NULL,
  `email` varchar(50) DEFAULT NULL,
  `id_pais` bigint(20) DEFAULT NULL,
  `id_provincia` bigint(20) DEFAULT NULL,
  `id_ciudad` bigint(20) DEFAULT NULL,
  `dirreccion_cliente` varchar(150) DEFAULT NULL,
  `dirreccion_entrega` varchar(150) DEFAULT NULL,
  `estado` char(2) DEFAULT NULL,
  `fecha_creacion` datetime DEFAULT NULL,
  `usuario_creacion` varchar(20) DEFAULT NULL,
  `fecha_actualizacion` datetime DEFAULT NULL,
  `usuario_actualizacion` varchar(20) DEFAULT NULL,
  PRIMARY KEY (`id_localidad_cliente`),
  KEY `id_ciudad` (`id_ciudad`),
  KEY `id_provincia` (`id_provincia`),
  KEY `id_pais` (`id_pais`),
  KEY `fk_se_localidad_cliente_ibfk_5_idx` (`id_cliente`),
  CONSTRAINT `fk_se_localidad_cliente_1` FOREIGN KEY (`id_cliente`) REFERENCES `se_clientes` (`id_clientes`) ON DELETE NO ACTION ON UPDATE NO ACTION,
  CONSTRAINT `se_localidad_cliente_ibfk_2` FOREIGN KEY (`id_ciudad`) REFERENCES `se_ciudad` (`id_Ciudad`),
  CONSTRAINT `se_localidad_cliente_ibfk_3` FOREIGN KEY (`id_provincia`) REFERENCES `se_provincia` (`id_Provincia`),
  CONSTRAINT `se_localidad_cliente_ibfk_4` FOREIGN KEY (`id_pais`) REFERENCES `se_pais` (`id_Pais`)
) ENGINE=InnoDB AUTO_INCREMENT=4 DEFAULT CHARSET=latin1;

/*Data for the table `se_localidad_cliente` */

insert  into `se_localidad_cliente`(`id_localidad_cliente`,`id_cliente`,`telefono`,`celular`,`email`,`id_pais`,`id_provincia`,`id_ciudad`,`dirreccion_cliente`,`dirreccion_entrega`,`estado`,`fecha_creacion`,`usuario_creacion`,`fecha_actualizacion`,`usuario_actualizacion`) values (1,1,NULL,NULL,NULL,1,10,10,'********************************','********************************','A','2019-11-06 18:54:05','admin',NULL,NULL),(2,2,NULL,NULL,NULL,1,10,10,'ALBORADA X','ALBORADA X','A','2019-11-07 15:43:22','admin',NULL,NULL),(3,4,'','099999','admin@gmail.com',NULL,NULL,NULL,'','','A','2019-12-12 18:55:03','admin',NULL,NULL);

/*Table structure for table `se_opciones_menu` */

DROP TABLE IF EXISTS `se_opciones_menu`;

CREATE TABLE `se_opciones_menu` (
  `id_opciones_menu` bigint(20) NOT NULL AUTO_INCREMENT,
  `nombre` varchar(70) DEFAULT NULL,
  `id_padre` bigint(20) DEFAULT NULL,
  `orden` bigint(20) DEFAULT NULL,
  `descripcion` varchar(70) DEFAULT NULL,
  `ruta` varchar(200) DEFAULT NULL,
  `ruta_icono` varchar(200) DEFAULT NULL,
  `estado` char(2) DEFAULT NULL,
  `usuario_creacion` varchar(20) DEFAULT NULL,
  `fecha_creacion` datetime DEFAULT NULL,
  `usuario_actualizacion` varchar(20) DEFAULT NULL,
  `fecha_actualizacion` datetime DEFAULT NULL,
  PRIMARY KEY (`id_opciones_menu`),
  KEY `fk_se_opciones_menu_1_idx` (`id_padre`),
  CONSTRAINT `fk_se_opciones_menu_1` FOREIGN KEY (`id_padre`) REFERENCES `se_opciones_menu` (`id_opciones_menu`) ON DELETE NO ACTION ON UPDATE NO ACTION
) ENGINE=InnoDB AUTO_INCREMENT=46 DEFAULT CHARSET=utf8;

/*Data for the table `se_opciones_menu` */

insert  into `se_opciones_menu`(`id_opciones_menu`,`nombre`,`id_padre`,`orden`,`descripcion`,`ruta`,`ruta_icono`,`estado`,`usuario_creacion`,`fecha_creacion`,`usuario_actualizacion`,`fecha_actualizacion`) values (1,'INVENTARIO',NULL,1,NULL,NULL,'/ec/com/asofar/icon/INVENTARIO.jpeg',NULL,NULL,NULL,NULL,NULL),(2,'COMPRAS',NULL,2,NULL,NULL,'/ec/com/asofar/icon/COMPRAS.jpeg',NULL,NULL,NULL,NULL,NULL),(3,'VENTAS',NULL,3,NULL,NULL,'/ec/com/asofar/icon/VENTAS.jpeg',NULL,NULL,NULL,NULL,NULL),(4,'FACTURACION',NULL,4,NULL,NULL,'/ec/com/asofar/icon/FACTURACION.jpeg',NULL,NULL,NULL,NULL,NULL),(5,'REPORTERIA',NULL,5,NULL,NULL,'/ec/com/asofar/icon/REPORTERIA.jpeg',NULL,NULL,NULL,NULL,NULL),(6,'SEGURIDAD',NULL,6,NULL,NULL,'/ec/com/asofar/icon/SEGURIDAD.jpeg',NULL,NULL,NULL,NULL,NULL),(7,'MANTENIMIENTO PRODUCTO',1,1,NULL,NULL,NULL,NULL,NULL,NULL,NULL,NULL),(8,'GRUPO',7,1,NULL,'ec.com.asofar.views.grupo.ConsultaGruposForm',NULL,NULL,NULL,NULL,NULL,NULL),(9,'SUBGRUPO',7,2,NULL,'ec.com.asofar.views.supgrupos.ConsultaSubgrupos',NULL,NULL,NULL,NULL,NULL,NULL),(10,'ARTICULO',7,3,NULL,'ec.com.asofar.views.articulo.ConsultaArticulo',NULL,NULL,NULL,NULL,NULL,NULL),(11,'TIPO MEDIDA',7,4,NULL,'ec.com.asofar.views.tipomedida.tipo_medida',NULL,NULL,NULL,NULL,NULL,NULL),(12,'TIPO PRESENTACION',7,5,NULL,'ec.com.asofar.views.tipopresentacion.Tipo_presentacion',NULL,NULL,NULL,NULL,NULL,NULL),(13,'PRODUCTO',7,6,NULL,'ec.com.asofar.views.producto.ConsultarProductoMantenimiento',NULL,NULL,NULL,NULL,NULL,NULL),(14,'MANTENIMIENTO BODEGA',1,2,NULL,NULL,NULL,NULL,NULL,NULL,NULL,NULL),(15,'BODEGA',14,1,NULL,'ec.com.asofar.views.bodega.consulta_bodega',NULL,NULL,NULL,NULL,NULL,NULL),(16,'TIPO BODEGA ',14,2,NULL,'ec.com.asofar.views.tipobodega.consulta_tipo_bodega',NULL,NULL,NULL,NULL,NULL,NULL),(17,'MANTENIMIENTO DOCUMENTO',1,3,NULL,NULL,NULL,NULL,NULL,NULL,NULL,NULL),(18,'TIPO DOCUMENTO',17,1,NULL,'ec.com.asofar.views.tipodocumento.tipo_documentoForm',NULL,NULL,NULL,NULL,NULL,NULL),(19,'MANTENIMIENTO TARIFARIO',1,4,NULL,NULL,NULL,NULL,NULL,NULL,NULL,NULL),(20,'TARIFARIO',19,1,NULL,'ec.com.asofar.views.DetallesTarifa.CargarTarifario',NULL,NULL,NULL,NULL,NULL,NULL),(21,'UNIDAD DE SERVICIO',19,2,NULL,'ec.com.asofar.views.unidadservicio.ConsultaUnidadServicio',NULL,NULL,NULL,NULL,NULL,NULL),(22,'PRESTACIONES',19,3,NULL,'ec.com.asofar.views.prestaciones.Consulta_prestaciones',NULL,NULL,NULL,NULL,NULL,NULL),(23,'PRESTACIONES POR UNIDADES DE SERVICIO',19,4,NULL,'ec.com.asofar.views.prestacionesporservicios.ConsultaPrestacionesporServicio',NULL,NULL,NULL,NULL,NULL,NULL),(24,'ORDEN DE PEDIDO',2,1,NULL,NULL,NULL,NULL,NULL,NULL,NULL,NULL),(25,'CREAR ORDEN DE PEDIDO',24,1,NULL,'ec.com.asofar.views.ordenPedido.crearOrdenPedidoForm',NULL,NULL,NULL,NULL,NULL,NULL),(26,'APROBAR ORDEN DE PEDIDO',24,2,NULL,'ec.com.asofar.views.ordenPedido.aprobarOrdendePedidoForm',NULL,NULL,NULL,NULL,NULL,NULL),(27,'ORDEN DE COMPRA',2,2,NULL,NULL,NULL,NULL,NULL,NULL,NULL,NULL),(28,'CREAR ORDEN DE COMPRA',27,1,NULL,'ec.com.asofar.views.compras.seleccionarOrdenPedidoCompraForm',NULL,NULL,NULL,NULL,NULL,NULL),(29,'RECIBIR ORDEN DE COMPRA',27,2,NULL,'ec.com.asofar.views.compras.seleccionarOrdenCompraRecibidoForm',NULL,NULL,NULL,NULL,NULL,NULL),(30,'CAJA OPCIONES',3,1,NULL,NULL,NULL,NULL,NULL,NULL,NULL,NULL),(31,'CONSULTA CAJA',30,1,NULL,'ec.com.asofar.views.caja.caja',NULL,NULL,NULL,NULL,NULL,NULL),(32,'CAJA',30,2,NULL,'ec.com.asofar.views.caja.ContenedorCaja',NULL,NULL,NULL,NULL,NULL,NULL),(33,'GENERAR VENTA ',3,2,NULL,'ec.com.asofar.views.venta.Venta',NULL,NULL,NULL,NULL,NULL,NULL),(34,'REPORTE DE COMPRA',5,1,NULL,'ec.com.asofar.views.reporteria.ReporteriaCompras',NULL,NULL,NULL,NULL,NULL,NULL),(35,'REPORTE DE VENTA',5,2,NULL,'ec.com.asofar.views.reporteria.ReporteriaVentas',NULL,NULL,NULL,NULL,NULL,NULL),(36,'MANTENIMIENTO SEGURIDAD',6,1,NULL,NULL,NULL,NULL,NULL,NULL,NULL,NULL),(37,'PERSONAS',36,1,NULL,'ec.com.asofar.views.persona.ListarPersonas',NULL,NULL,NULL,NULL,NULL,NULL),(38,'USUARIOS',36,2,NULL,'ec.com.asofar.views.usuarios.ListarUsuarios',NULL,NULL,NULL,NULL,NULL,NULL),(39,'CLIENTES',36,3,NULL,'ec.com.asofar.views.clientes.ConsultarCliente',NULL,NULL,NULL,NULL,NULL,NULL),(40,'EMPRESAS',36,4,NULL,'ec.com.asofar.views.empresas.ListaEmpresas',NULL,NULL,NULL,NULL,NULL,NULL),(41,'SUCURSALES',36,5,NULL,'ec.com.asofar.views.sucursales.ListaSucursales',NULL,NULL,NULL,NULL,NULL,NULL),(42,'MANTENIMIENTO PROVEEDOR',1,5,NULL,NULL,NULL,NULL,NULL,NULL,NULL,NULL),(43,'PROVEEDOR',42,1,NULL,'ec.com.asofar.views.proveedor.ConsultaProveedor',NULL,NULL,NULL,NULL,NULL,NULL),(44,'REPORTE DE INVENTARIO',5,3,NULL,'ec.com.asofar.views.reporteria.ReporteriaInventario',NULL,NULL,NULL,NULL,NULL,NULL),(45,'REPORTE DE CAJA',5,4,NULL,'ec.com.asofar.views.reporteria.ReporteriaCaja',NULL,NULL,NULL,NULL,NULL,NULL);

/*Table structure for table `se_opciones_roles` */

DROP TABLE IF EXISTS `se_opciones_roles`;

CREATE TABLE `se_opciones_roles` (
  `id_opciones_roles` bigint(20) NOT NULL AUTO_INCREMENT,
  `id_opciones_menu` bigint(20) NOT NULL,
  `id_rol` bigint(20) NOT NULL,
  `estado` char(2) DEFAULT NULL,
  `usuario_creacion` varchar(20) DEFAULT NULL,
  `fecha_creacion` datetime DEFAULT NULL,
  `usuario_actualizacion` varchar(20) DEFAULT NULL,
  `fecha_actualizacion` datetime DEFAULT NULL,
  PRIMARY KEY (`id_opciones_roles`,`id_opciones_menu`,`id_rol`),
  KEY `opc_roles` (`id_rol`),
  KEY `opc_menu` (`id_opciones_menu`),
  CONSTRAINT `opc_menu` FOREIGN KEY (`id_opciones_menu`) REFERENCES `se_opciones_menu` (`id_opciones_menu`),
  CONSTRAINT `opc_roles` FOREIGN KEY (`id_rol`) REFERENCES `se_roles` (`id_roles`)
) ENGINE=InnoDB AUTO_INCREMENT=51 DEFAULT CHARSET=utf8;

/*Data for the table `se_opciones_roles` */

insert  into `se_opciones_roles`(`id_opciones_roles`,`id_opciones_menu`,`id_rol`,`estado`,`usuario_creacion`,`fecha_creacion`,`usuario_actualizacion`,`fecha_actualizacion`) values (1,1,1,'A',NULL,NULL,NULL,NULL),(2,2,1,'A',NULL,NULL,NULL,NULL),(3,3,1,'A',NULL,NULL,NULL,NULL),(4,4,1,'A',NULL,NULL,NULL,NULL),(5,5,1,'A',NULL,NULL,NULL,NULL),(6,6,1,'A',NULL,NULL,NULL,NULL),(7,7,1,'A',NULL,NULL,NULL,NULL),(8,8,1,'A',NULL,NULL,NULL,NULL),(9,9,1,'A',NULL,NULL,NULL,NULL),(10,10,1,'A',NULL,NULL,NULL,NULL),(11,11,1,'A',NULL,NULL,NULL,NULL),(12,12,1,'A',NULL,NULL,NULL,NULL),(13,13,1,'A',NULL,NULL,NULL,NULL),(14,14,1,'A',NULL,NULL,NULL,NULL),(15,15,1,'A',NULL,NULL,NULL,NULL),(16,16,1,'A',NULL,NULL,NULL,NULL),(17,17,1,'A',NULL,NULL,NULL,NULL),(18,18,1,'A',NULL,NULL,NULL,NULL),(19,19,1,'A',NULL,NULL,NULL,NULL),(20,20,1,'A',NULL,NULL,NULL,NULL),(21,21,1,'A',NULL,NULL,NULL,NULL),(22,22,1,'A',NULL,NULL,NULL,NULL),(23,23,1,'A',NULL,NULL,NULL,NULL),(24,24,1,'A',NULL,NULL,NULL,NULL),(25,25,1,'A',NULL,NULL,NULL,NULL),(26,26,1,'A',NULL,NULL,NULL,NULL),(27,27,1,'A',NULL,NULL,NULL,NULL),(28,28,1,'A',NULL,NULL,NULL,NULL),(29,29,1,'A',NULL,NULL,NULL,NULL),(30,30,1,'A',NULL,NULL,NULL,NULL),(31,31,1,'A',NULL,NULL,NULL,NULL),(32,32,1,'A',NULL,NULL,NULL,NULL),(33,33,1,'A',NULL,NULL,NULL,NULL),(34,34,1,'A',NULL,NULL,NULL,NULL),(35,35,1,'A',NULL,NULL,NULL,NULL),(36,36,1,'A',NULL,NULL,NULL,NULL),(37,37,1,'A',NULL,NULL,NULL,NULL),(38,38,1,'A',NULL,NULL,NULL,NULL),(39,39,1,'A',NULL,NULL,NULL,NULL),(40,40,1,'A',NULL,NULL,NULL,NULL),(41,41,1,'A',NULL,NULL,NULL,NULL),(42,42,1,'A',NULL,NULL,NULL,NULL),(43,43,1,'A',NULL,NULL,NULL,NULL),(44,44,1,'A',NULL,NULL,NULL,NULL),(45,3,2,'A',NULL,NULL,NULL,NULL),(46,30,2,'A',NULL,NULL,NULL,NULL),(47,33,2,'A',NULL,NULL,NULL,NULL),(48,31,2,'A',NULL,NULL,NULL,NULL),(49,32,2,'A',NULL,NULL,NULL,NULL),(50,45,1,'A',NULL,NULL,NULL,NULL);

/*Table structure for table `se_pais` */

DROP TABLE IF EXISTS `se_pais`;

CREATE TABLE `se_pais` (
  `id_Pais` bigint(20) NOT NULL AUTO_INCREMENT,
  `Nombre` varchar(45) NOT NULL,
  `Estado` varchar(45) DEFAULT NULL,
  PRIMARY KEY (`id_Pais`)
) ENGINE=InnoDB AUTO_INCREMENT=110 DEFAULT CHARSET=latin1;

/*Data for the table `se_pais` */

insert  into `se_pais`(`id_Pais`,`Nombre`,`Estado`) values (1,'Ecuador','A'),(2,'Colombia','A'),(3,'Peru','A'),(4,'Chile','A'),(5,'Afganistan','A'),(6,'Albania','A'),(7,'Alemania','A'),(8,'Andorra','A'),(9,'Angola','A'),(10,'Anguila','A'),(11,'Arabia Saudita','A'),(12,'Argelia','A'),(13,'Argentina','A'),(14,'Armenia','A'),(15,'Aruba','A'),(16,'Australia','A'),(17,'Austria','A'),(18,'Bahamas','A'),(19,'Banglades','A'),(20,'Barbados','A'),(21,'Barelin','A'),(22,'Belgica','A'),(23,'Belice','A'),(24,'Benin','A'),(25,'Bermudas','A'),(26,'Bielorrusia','A'),(27,'Bolivia','A'),(28,'Brazil','A'),(29,'Bulgaria','A'),(30,'Burundi','A'),(31,'Cabo Verde','A'),(32,'Camboya','A'),(33,'Camerun','A'),(34,'Canada','A'),(35,'China','A'),(36,'Congo','A'),(37,'Corea del Norte','A'),(38,'Corea del Sur','A'),(39,'Costa Rica','A'),(40,'Croacia','A'),(41,'Cuba','A'),(42,'Dinamarca','A'),(43,'Egipto','A'),(44,'El Salvador','A'),(45,'Eslovaquia','A'),(46,'España','A'),(47,'Estados Unidos','A'),(48,'Estonia','A'),(49,'Etiopia','A'),(50,'Filipinas','A'),(51,'Finlandia','A'),(52,'Francia','A'),(53,'Georgia','A'),(54,'Grecia','A'),(55,'Groenlandia','A'),(56,'Guatemala','A'),(57,'Guayana Francesa','A'),(58,'Guinea','A'),(59,'Guinea Ecuatorial','A'),(60,'Guyana','A'),(61,'Haiti','A'),(62,'Honduras','A'),(63,'Hong Kong','A'),(64,'India','A'),(65,'Indonesia','A'),(66,'Irak','A'),(67,'Irlanda','A'),(68,'Islandia','A'),(69,'Islas Caiman','A'),(70,'Israel','A'),(71,'Italia','A'),(72,'Jamaica','A'),(73,'Japon','A'),(74,'Libano','A'),(75,'Luxemburgo','A'),(76,'Macao','A'),(77,'Madagascar','A'),(78,'Malasia','A'),(79,'Marruecos','A'),(80,'Mexico','A'),(81,'Nicaragua','A'),(82,'Noruega','A'),(83,'Nigeria','A'),(84,'Nueva Zelanda','A'),(85,'Pakistan','A'),(86,'Palestina','A'),(87,'Panama','A'),(88,'Paraguay','A'),(89,'Portugal','A'),(90,'Puerto Rico','A'),(91,'Reino Unido','A'),(92,'Republica Dominicana','A'),(93,'Rusia','A'),(94,'Senegal','A'),(95,'Sierra Leona','A'),(96,'Singapur','A'),(97,'Siria','A'),(98,'Sudafrica','A'),(99,'Sudan','A'),(100,'Suecia','A'),(101,'Suiza','A'),(102,'Tailandia','A'),(103,'Taiwan','A'),(104,'Turquia','A'),(105,'Ucrania','A'),(106,'Uruguay','A'),(107,'Venezuela','A'),(108,'Vietnam','A'),(109,'Yemen','A');

/*Table structure for table `se_personas` */

DROP TABLE IF EXISTS `se_personas`;

CREATE TABLE `se_personas` (
  `id_persona` bigint(20) NOT NULL AUTO_INCREMENT,
  `id_tipo_persona` bigint(20) DEFAULT NULL,
  `cedula` varchar(10) DEFAULT NULL,
  `nombres` varchar(50) DEFAULT NULL,
  `apellidos` varchar(50) DEFAULT NULL,
  `fecha_nacimiento` date DEFAULT NULL,
  `direccion` varchar(50) DEFAULT NULL,
  `correo` varchar(50) DEFAULT NULL,
  `telefono` varchar(50) DEFAULT NULL,
  `telefono2` varchar(50) DEFAULT NULL,
  `usuario_creacion` varchar(20) DEFAULT NULL,
  `fecha_creacion` datetime DEFAULT NULL,
  `usuario_actualizacion` varchar(20) DEFAULT NULL,
  `fecha_actualizacion` datetime DEFAULT NULL,
  `estado` char(2) DEFAULT NULL,
  PRIMARY KEY (`id_persona`),
  KEY `fk_se_personas_tipo` (`id_tipo_persona`),
  CONSTRAINT `fk_se_personas_tipo` FOREIGN KEY (`id_tipo_persona`) REFERENCES `se_tipo_persona` (`id_tipo_persona`) ON DELETE NO ACTION ON UPDATE NO ACTION
) ENGINE=InnoDB AUTO_INCREMENT=3 DEFAULT CHARSET=utf8;

/*Data for the table `se_personas` */

insert  into `se_personas`(`id_persona`,`id_tipo_persona`,`cedula`,`nombres`,`apellidos`,`fecha_nacimiento`,`direccion`,`correo`,`telefono`,`telefono2`,`usuario_creacion`,`fecha_creacion`,`usuario_actualizacion`,`fecha_actualizacion`,`estado`) values (1,2,'0999999999','ADMIN','ADMIN','2019-10-29','XXX','admin@admin.com','222222','222222','admin','2019-10-30 16:34:57','admin','2019-10-31 18:09:04','A'),(2,2,'0950963058','CARLOS ','CORDOVA LUCAS','1994-06-21','BASTION ','ccordova@gmail.com','0912345678','09123456','admin','2019-11-07 18:22:16','admin','2019-11-07 18:22:16','A');

/*Table structure for table `se_provincia` */

DROP TABLE IF EXISTS `se_provincia`;

CREATE TABLE `se_provincia` (
  `id_Provincia` bigint(20) NOT NULL AUTO_INCREMENT,
  `id_Pais` bigint(20) NOT NULL,
  `Nombre` varchar(45) NOT NULL,
  `estado` varchar(45) DEFAULT NULL,
  PRIMARY KEY (`id_Provincia`),
  KEY `fk_se_Provincia_1_idx` (`id_Pais`),
  CONSTRAINT `fk_se_Provincia_1` FOREIGN KEY (`id_Pais`) REFERENCES `se_pais` (`id_Pais`) ON DELETE NO ACTION ON UPDATE NO ACTION
) ENGINE=InnoDB AUTO_INCREMENT=25 DEFAULT CHARSET=latin1;

/*Data for the table `se_provincia` */

insert  into `se_provincia`(`id_Provincia`,`id_Pais`,`Nombre`,`estado`) values (1,1,'Azuay',NULL),(2,1,'Bolivar',NULL),(3,1,'Cañar',NULL),(4,1,'Carchi',NULL),(5,1,'Chimborazo',NULL),(6,1,'Cotopaxi',NULL),(7,1,'El Oro',NULL),(8,1,'Esmeraldas',NULL),(9,1,'Galapagos',NULL),(10,1,'Guayas',NULL),(11,1,'Imbabura',NULL),(12,1,'Loja',NULL),(13,1,'Los Rios',NULL),(14,1,'Manabi',NULL),(15,1,'Morona Santiago',NULL),(16,1,'Napo',NULL),(17,1,'Orellana',NULL),(18,1,'Pastaza',NULL),(19,1,'Pichincha',NULL),(20,1,'Santa Elena',NULL),(21,1,'Santo Domingo',NULL),(22,1,'Sucumbios',NULL),(23,1,'Tungurahua',NULL),(24,1,'Zamora Chimchipe',NULL);

/*Table structure for table `se_roles` */

DROP TABLE IF EXISTS `se_roles`;

CREATE TABLE `se_roles` (
  `id_roles` bigint(20) NOT NULL AUTO_INCREMENT,
  `nombre` varchar(50) DEFAULT NULL,
  `estado` char(2) DEFAULT NULL,
  `usuario_creacion` varchar(20) DEFAULT NULL,
  `fecha_creacion` datetime DEFAULT NULL,
  `usuario_actualizacion` varchar(20) DEFAULT NULL,
  `fecha_actualizacion` datetime DEFAULT NULL,
  PRIMARY KEY (`id_roles`)
) ENGINE=InnoDB AUTO_INCREMENT=3 DEFAULT CHARSET=utf8;

/*Data for the table `se_roles` */

insert  into `se_roles`(`id_roles`,`nombre`,`estado`,`usuario_creacion`,`fecha_creacion`,`usuario_actualizacion`,`fecha_actualizacion`) values (1,'ADMIN','A','1','2019-04-18 15:42:36','1','2019-04-18 15:42:36'),(2,'CAJA','A','1','2019-04-18 15:42:36','1','2019-04-18 15:42:36');

/*Table structure for table `se_sucursal` */

DROP TABLE IF EXISTS `se_sucursal`;

CREATE TABLE `se_sucursal` (
  `id_sucursal` bigint(20) NOT NULL AUTO_INCREMENT,
  `id_empresa` bigint(20) NOT NULL,
  `nombre_comercial` varchar(50) DEFAULT NULL,
  `ruc` varchar(13) DEFAULT NULL,
  `telefono` varchar(10) DEFAULT NULL,
  `direccion` varchar(70) DEFAULT NULL,
  `correo` varchar(50) DEFAULT NULL,
  `usuario_creacion` varchar(20) DEFAULT NULL,
  `fecha_creacion` datetime DEFAULT NULL,
  `usuario_actualizacion` varchar(20) DEFAULT NULL,
  `fecha_actualizacion` datetime DEFAULT NULL,
  `estado` char(2) DEFAULT NULL,
  PRIMARY KEY (`id_sucursal`,`id_empresa`),
  KEY `sucursal_empresa` (`id_empresa`),
  CONSTRAINT `fk_empresa_sucursal$1` FOREIGN KEY (`id_empresa`) REFERENCES `se_empresa` (`id_empresa`)
) ENGINE=InnoDB AUTO_INCREMENT=2 DEFAULT CHARSET=utf8;

/*Data for the table `se_sucursal` */

insert  into `se_sucursal`(`id_sucursal`,`id_empresa`,`nombre_comercial`,`ruc`,`telefono`,`direccion`,`correo`,`usuario_creacion`,`fecha_creacion`,`usuario_actualizacion`,`fecha_actualizacion`,`estado`) values (1,1,'SUCURSAL 1',NULL,'222222','xxx','admin@admin.com','admin','2019-10-31 16:54:30','admin','2019-10-31 18:34:30','A');

/*Table structure for table `se_tipo_identificacion` */

DROP TABLE IF EXISTS `se_tipo_identificacion`;

CREATE TABLE `se_tipo_identificacion` (
  `id_tipo_identificacion` bigint(11) NOT NULL AUTO_INCREMENT,
  `nombre_identificacion` varchar(45) DEFAULT NULL,
  `estado` char(2) DEFAULT NULL,
  `usuario_creacion` varchar(45) DEFAULT NULL,
  `fecha_creacion` datetime DEFAULT NULL,
  `usuario_actualizacion` varchar(45) DEFAULT NULL,
  `fecha_actualizacion` datetime DEFAULT NULL,
  PRIMARY KEY (`id_tipo_identificacion`)
) ENGINE=InnoDB AUTO_INCREMENT=4 DEFAULT CHARSET=latin1;

/*Data for the table `se_tipo_identificacion` */

insert  into `se_tipo_identificacion`(`id_tipo_identificacion`,`nombre_identificacion`,`estado`,`usuario_creacion`,`fecha_creacion`,`usuario_actualizacion`,`fecha_actualizacion`) values (1,'CEDULA','A','admin','2019-11-01 11:37:46','admin','2019-11-01 11:38:06'),(2,'RUC','A','admin','2019-11-01 11:37:49','admin','2019-11-01 11:38:09'),(3,'PASAPORTE','A','admin','2019-11-01 11:37:51','admin','2019-11-01 11:38:12');

/*Table structure for table `se_tipo_persona` */

DROP TABLE IF EXISTS `se_tipo_persona`;

CREATE TABLE `se_tipo_persona` (
  `id_tipo_persona` bigint(20) NOT NULL AUTO_INCREMENT,
  `nombre` varchar(50) DEFAULT NULL,
  `estado` char(1) DEFAULT NULL,
  `usuario_creacion` varchar(20) DEFAULT NULL,
  `fecha_creacion` datetime DEFAULT NULL,
  `usuario_actualizacion` varchar(20) DEFAULT NULL,
  `fecha_actualizacion` datetime DEFAULT NULL,
  PRIMARY KEY (`id_tipo_persona`)
) ENGINE=InnoDB AUTO_INCREMENT=4 DEFAULT CHARSET=utf8;

/*Data for the table `se_tipo_persona` */

insert  into `se_tipo_persona`(`id_tipo_persona`,`nombre`,`estado`,`usuario_creacion`,`fecha_creacion`,`usuario_actualizacion`,`fecha_actualizacion`) values (1,'JURIDICA','A','admin','2019-04-18 15:42:36','admin','2019-04-18 15:42:36'),(2,'NATURAL','A','admin','2019-04-18 15:42:36','admin','2019-04-18 15:42:36'),(3,'ESPECIALES','A','admin','2019-04-18 15:42:36','admin','2019-04-18 15:42:36');

/*Table structure for table `se_usuario_sucur_rol` */

DROP TABLE IF EXISTS `se_usuario_sucur_rol`;

CREATE TABLE `se_usuario_sucur_rol` (
  `id_usuario_sucur_rol` bigint(20) NOT NULL AUTO_INCREMENT,
  `id_sucursal` bigint(20) NOT NULL,
  `id_empresa` bigint(20) NOT NULL,
  `id_usuario` bigint(20) DEFAULT NULL,
  `id_roles` bigint(20) DEFAULT NULL,
  `estado` char(1) DEFAULT NULL,
  `usuario_creacion` varchar(20) DEFAULT NULL,
  `fecha_creacion` datetime DEFAULT NULL,
  `usuario_actualizacion` varchar(20) DEFAULT NULL,
  `fecha_actualizacion` datetime DEFAULT NULL,
  PRIMARY KEY (`id_usuario_sucur_rol`,`id_sucursal`,`id_empresa`),
  KEY `id_sucursal` (`id_sucursal`,`id_empresa`),
  KEY `id_roles` (`id_roles`),
  KEY `id_usuario` (`id_usuario`),
  CONSTRAINT `se_usuario_sucur_rol_ibfk_1` FOREIGN KEY (`id_sucursal`, `id_empresa`) REFERENCES `se_sucursal` (`id_sucursal`, `id_empresa`),
  CONSTRAINT `se_usuario_sucur_rol_ibfk_2` FOREIGN KEY (`id_roles`) REFERENCES `se_roles` (`id_roles`),
  CONSTRAINT `se_usuario_sucur_rol_ibfk_3` FOREIGN KEY (`id_usuario`) REFERENCES `se_usuarios` (`id_usuario`)
) ENGINE=InnoDB AUTO_INCREMENT=3 DEFAULT CHARSET=utf8;

/*Data for the table `se_usuario_sucur_rol` */

insert  into `se_usuario_sucur_rol`(`id_usuario_sucur_rol`,`id_sucursal`,`id_empresa`,`id_usuario`,`id_roles`,`estado`,`usuario_creacion`,`fecha_creacion`,`usuario_actualizacion`,`fecha_actualizacion`) values (1,1,1,1,1,'A','admin','2019-11-01 11:40:02','admin','2019-11-01 11:40:10'),(2,1,1,2,1,'A',NULL,NULL,NULL,NULL);

/*Table structure for table `se_usuarios` */

DROP TABLE IF EXISTS `se_usuarios`;

CREATE TABLE `se_usuarios` (
  `id_usuario` bigint(20) NOT NULL AUTO_INCREMENT,
  `id_persona` bigint(20) DEFAULT NULL,
  `estado` char(2) DEFAULT NULL,
  `usuario_creacion` varchar(20) DEFAULT NULL,
  `fecha_creacion` datetime DEFAULT NULL,
  `usuario_actualizacion` varchar(20) DEFAULT NULL,
  `fecha_actualizacion` datetime DEFAULT NULL,
  `usuario` varchar(70) DEFAULT NULL,
  `password` text,
  PRIMARY KEY (`id_usuario`),
  KEY `usuario_persona` (`id_persona`),
  CONSTRAINT `fk_usuario_tp$1` FOREIGN KEY (`id_persona`) REFERENCES `se_personas` (`id_persona`)
) ENGINE=InnoDB AUTO_INCREMENT=3 DEFAULT CHARSET=utf8;

/*Data for the table `se_usuarios` */

insert  into `se_usuarios`(`id_usuario`,`id_persona`,`estado`,`usuario_creacion`,`fecha_creacion`,`usuario_actualizacion`,`fecha_actualizacion`,`usuario`,`password`) values (1,1,'A','admin','2019-10-31 16:54:30','admin','2019-10-31 16:54:30','admin','H4q9NfR6AWZ7GnkK1l0NfQ=='),(2,2,'A','admin','2019-11-07 18:25:52','admin','2019-11-07 18:25:52','CARLOS ','UPQML88el+hAJNf56W0qAQ==');

/*Table structure for table `ve_caja` */

DROP TABLE IF EXISTS `ve_caja`;

CREATE TABLE `ve_caja` (
  `id_caja` bigint(20) NOT NULL AUTO_INCREMENT,
  `nombre` varchar(50) DEFAULT NULL,
  `estado` char(2) DEFAULT NULL,
  `fecha_creacion` datetime DEFAULT NULL,
  `usuario_creacion` varchar(20) DEFAULT NULL,
  `fecha_actualizacion` datetime DEFAULT NULL,
  `usuario_actualizacion` varchar(20) DEFAULT NULL,
  PRIMARY KEY (`id_caja`)
) ENGINE=InnoDB AUTO_INCREMENT=2 DEFAULT CHARSET=latin1;

/*Data for the table `ve_caja` */

insert  into `ve_caja`(`id_caja`,`nombre`,`estado`,`fecha_creacion`,`usuario_creacion`,`fecha_actualizacion`,`usuario_actualizacion`) values (1,'caja 1','A','2019-11-03 23:11:35','admin','2019-11-03 23:11:35',NULL);

/*Table structure for table `ve_detalle_caja` */

DROP TABLE IF EXISTS `ve_detalle_caja`;

CREATE TABLE `ve_detalle_caja` (
  `id_detalle_caja` bigint(20) NOT NULL AUTO_INCREMENT,
  `id_caja` bigint(20) NOT NULL,
  `id_usuario` bigint(20) DEFAULT NULL,
  `fecha_inicio` date DEFAULT NULL,
  `hora_inicio` time DEFAULT NULL,
  `fecha_cierre` date DEFAULT NULL,
  `hora_cierre` time DEFAULT NULL,
  `dinero_inicio` double DEFAULT NULL,
  `dinero_cierre` double DEFAULT NULL,
  `estado` char(2) DEFAULT NULL,
  `id_voucher` bigint(20) DEFAULT NULL,
  PRIMARY KEY (`id_detalle_caja`,`id_caja`),
  KEY `fk_detalle_caja_idx` (`id_caja`),
  CONSTRAINT `fk_detalle_caja` FOREIGN KEY (`id_caja`) REFERENCES `ve_caja` (`id_caja`) ON DELETE NO ACTION ON UPDATE NO ACTION
) ENGINE=InnoDB AUTO_INCREMENT=2 DEFAULT CHARSET=latin1;

/*Data for the table `ve_detalle_caja` */

insert  into `ve_detalle_caja`(`id_detalle_caja`,`id_caja`,`id_usuario`,`fecha_inicio`,`hora_inicio`,`fecha_cierre`,`hora_cierre`,`dinero_inicio`,`dinero_cierre`,`estado`,`id_voucher`) values (1,1,1,'2019-12-12','18:53:54','2019-12-12','19:02:18',10,15,'I',NULL);

/*Table structure for table `ve_factura` */

DROP TABLE IF EXISTS `ve_factura`;

CREATE TABLE `ve_factura` (
  `id_factura` bigint(20) NOT NULL AUTO_INCREMENT,
  `id_empresa` bigint(20) NOT NULL,
  `id_sucursal` bigint(20) NOT NULL,
  `id_caja` bigint(20) DEFAULT NULL,
  `id_usuario` bigint(20) DEFAULT NULL,
  `id_cliente` bigint(20) DEFAULT NULL,
  `fecha_facturacion` datetime DEFAULT NULL,
  `numero_establecimiento_sri` varchar(45) DEFAULT NULL,
  `punto_emision_sri` varchar(45) DEFAULT NULL,
  `secuencia_sri` varchar(45) DEFAULT NULL,
  `subtotal` double(10,7) DEFAULT NULL,
  `total_ice` double(10,7) DEFAULT NULL,
  `total_descuento` double(10,7) DEFAULT NULL,
  `total_base_iva` double(10,7) DEFAULT NULL,
  `total_base_no_iva` double(10,7) DEFAULT NULL,
  `total_iva` double(10,7) DEFAULT NULL,
  `total_facturado` double(10,7) DEFAULT NULL,
  `estado` varchar(45) DEFAULT NULL,
  `despachado` varchar(45) DEFAULT NULL,
  `usuario_creacion` varchar(20) DEFAULT NULL,
  `fecha_creacion` datetime DEFAULT NULL,
  `usuario_actualizacion` varchar(20) DEFAULT NULL,
  `fecha_actualizacion` datetime DEFAULT NULL,
  PRIMARY KEY (`id_factura`,`id_empresa`,`id_sucursal`),
  KEY `id_empresa` (`id_empresa`,`id_sucursal`),
  CONSTRAINT `ve_factura_ibfk_1` FOREIGN KEY (`id_empresa`, `id_sucursal`) REFERENCES `se_sucursal` (`id_empresa`, `id_sucursal`)
) ENGINE=InnoDB AUTO_INCREMENT=4 DEFAULT CHARSET=utf8;

/*Data for the table `ve_factura` */

insert  into `ve_factura`(`id_factura`,`id_empresa`,`id_sucursal`,`id_caja`,`id_usuario`,`id_cliente`,`fecha_facturacion`,`numero_establecimiento_sri`,`punto_emision_sri`,`secuencia_sri`,`subtotal`,`total_ice`,`total_descuento`,`total_base_iva`,`total_base_no_iva`,`total_iva`,`total_facturado`,`estado`,`despachado`,`usuario_creacion`,`fecha_creacion`,`usuario_actualizacion`,`fecha_actualizacion`) values (1,1,1,1,1,4,'2019-12-12 18:54:09',NULL,NULL,NULL,12.0000000,NULL,0.0000000,NULL,NULL,1.2000000,13.2000000,'A','SI','admin','2019-12-12 18:54:09',NULL,NULL),(2,1,1,1,1,4,'2019-12-12 18:54:09',NULL,NULL,NULL,12.0000000,NULL,0.0000000,NULL,NULL,1.2000000,13.2000000,'A','SI','admin','2019-12-12 18:54:09',NULL,NULL),(3,1,1,1,1,1,'2019-12-12 19:01:44',NULL,NULL,NULL,3.0000000,NULL,0.0000000,NULL,NULL,0.1200000,3.1200000,'A','SI','admin','2019-12-12 19:01:44',NULL,NULL);

/*Table structure for table `ve_factura_detalle` */

DROP TABLE IF EXISTS `ve_factura_detalle`;

CREATE TABLE `ve_factura_detalle` (
  `id_factura_detalle` bigint(20) NOT NULL AUTO_INCREMENT,
  `linea_detalle` bigint(20) NOT NULL,
  `id_factura` bigint(20) NOT NULL,
  `id_empresa` bigint(20) NOT NULL,
  `id_sucursal` bigint(20) NOT NULL,
  `id_prestaciones` bigint(20) NOT NULL,
  `descripcion` varchar(256) DEFAULT NULL,
  `id_unidad_servicio` bigint(20) NOT NULL,
  `cantidad` bigint(20) DEFAULT NULL,
  `precio_unitario_venta` double(10,7) DEFAULT NULL,
  `valor_ice` double(10,7) DEFAULT NULL,
  `subtotal` double(10,7) DEFAULT NULL,
  `valor_iva` double(10,7) DEFAULT NULL,
  `valor_descuento` double(10,7) DEFAULT NULL,
  `valor_total` double(10,7) DEFAULT NULL,
  `estado` varchar(45) DEFAULT NULL,
  `usuario_creacion` varchar(20) DEFAULT NULL,
  `fecha_creacion` datetime DEFAULT NULL,
  `usuario_actualizacion` varchar(20) DEFAULT NULL,
  `fecha_actualizacion` datetime DEFAULT NULL,
  PRIMARY KEY (`id_factura_detalle`,`linea_detalle`,`id_factura`,`id_empresa`,`id_sucursal`,`id_prestaciones`,`id_unidad_servicio`),
  KEY `id_factura` (`id_factura`,`id_empresa`,`id_sucursal`),
  CONSTRAINT `ve_factura_detalle_ibfk_1` FOREIGN KEY (`id_factura`, `id_empresa`, `id_sucursal`) REFERENCES `ve_factura` (`id_factura`, `id_empresa`, `id_sucursal`)
) ENGINE=InnoDB AUTO_INCREMENT=3 DEFAULT CHARSET=utf8;

/*Data for the table `ve_factura_detalle` */

insert  into `ve_factura_detalle`(`id_factura_detalle`,`linea_detalle`,`id_factura`,`id_empresa`,`id_sucursal`,`id_prestaciones`,`descripcion`,`id_unidad_servicio`,`cantidad`,`precio_unitario_venta`,`valor_ice`,`subtotal`,`valor_iva`,`valor_descuento`,`valor_total`,`estado`,`usuario_creacion`,`fecha_creacion`,`usuario_actualizacion`,`fecha_actualizacion`) values (1,1,3,1,1,3,'Tableta Acetazolamida En Caja x blísteres De 250 mg',1,1,2.0000000,NULL,2.0000000,0.0000000,0.0000000,2.0000000,'A','admin','2019-12-12 19:01:44',NULL,NULL),(2,2,3,1,1,4,'BEBIDAS REFRESCANTES CON O SIN GAS  GASEOSAS EN COCA- COLA BOTELLA 3 LITROS DE 3 L',1,1,1.0000000,NULL,1.0000000,0.1200000,0.0000000,1.1200000,'A','admin','2019-12-12 19:01:44',NULL,NULL);

/*Table structure for table `ve_unidad_servicio` */

DROP TABLE IF EXISTS `ve_unidad_servicio`;

CREATE TABLE `ve_unidad_servicio` (
  `id_unidad_servicio` bigint(20) NOT NULL AUTO_INCREMENT,
  `id_empresa` bigint(20) DEFAULT NULL,
  `nombre_unidad_servicio` varchar(256) DEFAULT NULL,
  `estado` varchar(45) DEFAULT NULL,
  `usuario_creacion` varchar(20) DEFAULT NULL,
  `fecha_creacion` datetime DEFAULT NULL,
  `usuario_actualizacion` varchar(20) DEFAULT NULL,
  `fecha_actualizacion` datetime DEFAULT NULL,
  PRIMARY KEY (`id_unidad_servicio`),
  KEY `id_empresa` (`id_empresa`),
  CONSTRAINT `ve_unidad_servicio_ibfk_1` FOREIGN KEY (`id_empresa`) REFERENCES `se_empresa` (`id_empresa`)
) ENGINE=InnoDB AUTO_INCREMENT=3 DEFAULT CHARSET=utf8;

/*Data for the table `ve_unidad_servicio` */

insert  into `ve_unidad_servicio`(`id_unidad_servicio`,`id_empresa`,`nombre_unidad_servicio`,`estado`,`usuario_creacion`,`fecha_creacion`,`usuario_actualizacion`,`fecha_actualizacion`) values (1,1,'VENTANILLA','A','admin','2019-11-01 11:16:05','admin','2019-11-01 11:16:21'),(2,1,'DOMICILIO','A','admin','2019-11-01 11:16:08','admin','2019-11-01 11:16:25');

/* Function  structure for function  `FN_ARTICULO` */

/*!50003 DROP FUNCTION IF EXISTS `FN_ARTICULO` */;
DELIMITER $$

/*!50003 CREATE DEFINER=`farmacia`@`%` FUNCTION `FN_ARTICULO`(cadart VARCHAR(120),cadesubg VARCHAR(120)) RETURNS int(11)
BEGIN
	DECLARE LN_id INT;
	declare ln_id_sub int;
	set ln_id_sub = 0;
	
	-- set ln_id_sub = (SELECT sg.id_subgrupo FROM pr_subgrupos sg WHERE UPPER(REPLACE(sg.nombre,' ','')) = UPPER(REPLACE(cadesubg,' ','')));
	set ln_id_sub = (SELECT sg.id_subgrupo FROM pr_subgrupos sg WHERE sg.nombre = cadesubg);
	
	SELECT sp.id_articulo INTO LN_id
	FROM pr_articulo sp 
	-- WHERE UPPER(REPLACE(sp.nombre_articulo,' ','')) = UPPER(REPLACE(cadart,' ','')) AND sp.id_subgrupo = ln_id_sub;
	WHERE sp.nombre_articulo = cadart AND sp.id_subgrupo = ln_id_sub;
	RETURN LN_id;
    END */$$
DELIMITER ;

/* Function  structure for function  `FN_CONCAT_PRODUCT` */

/*!50003 DROP FUNCTION IF EXISTS `FN_CONCAT_PRODUCT` */;
DELIMITER $$

/*!50003 CREATE DEFINER=`farmacia`@`%` FUNCTION `FN_CONCAT_PRODUCT`(id_art int ,id_subg int) RETURNS varchar(190) CHARSET latin1
BEGIN
	declare nombre varchar(190);
	DECLARE valor1 VARCHAR(190);
	DECLARE valor2 VARCHAR(190);
	set nombre = '';
	SELECT a.`nombre_articulo` into valor1 FROM `pr_articulo` a WHERE a.`id_articulo` = id_art;
	SELECT s.`nombre` into valor2 FROM `pr_subgrupos` s WHERE s.`id_subgrupo`= id_subg;
	
	set nombre = concat(valor1,' ',valor2);
	return nombre;
    END */$$
DELIMITER ;

/* Function  structure for function  `FN_SUBGRUPO` */

/*!50003 DROP FUNCTION IF EXISTS `FN_SUBGRUPO` */;
DELIMITER $$

/*!50003 CREATE DEFINER=`farmacia`@`%` FUNCTION `FN_SUBGRUPO`(cadena1 VARCHAR(120)) RETURNS int(11)
BEGIN
	declare LN_id int;
	SELECT sp.`id_subgrupo` into LN_id
	FROM `pr_subgrupos` sp 
	WHERE UPPER(REPLACE(sp.`nombre`,' ','')) = UPPER(REPLACE(cadena1,' ',''));
	
	RETURN LN_id;
    END */$$
DELIMITER ;

/* Function  structure for function  `FN_TIPO_MEDIDA` */

/*!50003 DROP FUNCTION IF EXISTS `FN_TIPO_MEDIDA` */;
DELIMITER $$

/*!50003 CREATE DEFINER=`farmacia`@`%` FUNCTION `FN_TIPO_MEDIDA`(cadena1 VARCHAR(120)) RETURNS int(11)
BEGIN
	DECLARE LN_id INT;
	SELECT sp.`id_tipo_medidas` INTO LN_id
	FROM `pr_tipo_medidas` sp 
	-- WHERE UPPER(REPLACE(sp.`nombre_tipo_medida`,' ','')) = UPPER(REPLACE(cadena1,' ',''));
	WHERE sp.`nombre_tipo_medida`= cadena1;
	RETURN LN_id;
    END */$$
DELIMITER ;

/* Function  structure for function  `FN_TIPO_PRESENTACION` */

/*!50003 DROP FUNCTION IF EXISTS `FN_TIPO_PRESENTACION` */;
DELIMITER $$

/*!50003 CREATE DEFINER=`farmacia`@`%` FUNCTION `FN_TIPO_PRESENTACION`(cadena1 VARCHAR(120)) RETURNS int(11)
BEGIN
	DECLARE LN_id INT;
	SELECT sp.`id_tipo_presentacion` INTO LN_id
	FROM `pr_tipo_presentacion` sp 
	-- WHERE UPPER(REPLACE(sp.`nombre`,' ','')) = UPPER(REPLACE(cadena1,' ',''));
	WHERE sp.`nombre`= cadena1;
	RETURN LN_id;
    END */$$
DELIMITER ;

/* Procedure structure for procedure `crearTmp` */

/*!50003 DROP PROCEDURE IF EXISTS  `crearTmp` */;

DELIMITER $$

/*!50003 CREATE DEFINER=`farmacia`@`%` PROCEDURE `crearTmp`()
BEGIN
    DECLARE nombre1 VARCHAR(500);
    DECLARE i int;
    declare total int;
    DECLARE cursor_i CURSOR FOR SELECT DISTINCT(medicina.`forma_farmaceutica`) FROM medicina WHERE medicina.`forma_farmaceutica` IS NOT NULL;
	set i=1;
	set total=0;
	SELECT COUNT(DISTINCT(medicina.`forma_farmaceutica`)) into total FROM medicina;
    open cursor_i;
    while i<= total do
    fetch cursor_i into nombre1;
    insert into `tmp_subgrupo`(tmp_subgrupo.`nombre`)values(nombre1);commit;
    end while;
    close cursor_i;
    END */$$
DELIMITER ;

/* Procedure structure for procedure `crear_medicina_articulo` */

/*!50003 DROP PROCEDURE IF EXISTS  `crear_medicina_articulo` */;

DELIMITER $$

/*!50003 CREATE DEFINER=`root`@`localhost` PROCEDURE `crear_medicina_articulo`()
BEGIN
	DECLARE subgrupo1 VARCHAR(500);
	declare articulo1 VARCHAR(500) ;
	declare idesubgrupo1 int;
    DECLARE id_sub1 INT;
    DECLARE lc_count INT;
    DECLARE i INT;
    DECLARE total INT;
    DECLARE cursor_i CURSOR FOR SELECT  DISTINCT( p.`forma_farmaceutica`), p.`name` , s.`id_subgrupo` FROM `medicina` p INNER JOIN `pr_subgrupos` s 
ON s.`nombre` = p.`forma_farmaceutica`
WHERE  p.`name` = ANY (SELECT  DISTINCT(k.`name`)FROM `medicina` k);
	SET lc_count=1;
	SET i=1;
	SET total=0;
	SELECT COUNT(*) FROM (SELECT  DISTINCT( p.`forma_farmaceutica`), p.`name` , s.`id_subgrupo` FROM `medicina` p INNER JOIN `pr_subgrupos` s 
ON s.`nombre` = p.`forma_farmaceutica`
WHERE  p.`name` = ANY (SELECT  DISTINCT(k.`name`)FROM `medicina` k)) AS subquery INTO total ;
    OPEN cursor_i;
    WHILE i<= total DO
    FETCH cursor_i INTO subgrupo1,articulo1,idesubgrupo1;
	    INSERT INTO `pr_articulo`( `id_grupo`,
						`id_subgrupo`,
						`nombre_articulo`,
						`estado`,
						`usuario_creacion`,
						fecha_creacion)
				VALUES (3,
					idesubgrupo1,
					articulo1,
					'A',
					'admin',
					SYSDATE());
					COMMIT;
	SET lc_count = lc_count+1;
    END WHILE;
    CLOSE cursor_i;
    END */$$
DELIMITER ;

/* Procedure structure for procedure `crear_medicina_medida` */

/*!50003 DROP PROCEDURE IF EXISTS  `crear_medicina_medida` */;

DELIMITER $$

/*!50003 CREATE DEFINER=`root`@`localhost` PROCEDURE `crear_medicina_medida`()
BEGIN
    DECLARE camp1 int;
    DECLARE camp2 INT;
    DECLARE camp3 INT;
    DECLARE camp4 INT;
    DECLARE camp5 INT;
    DECLARE id1 INT;
    DECLARE done INT DEFAULT FALSE;
    DECLARE cursor_i CURSOR FOR   SELECT DISTINCT (p.`id_tipo_presentacion`),d.`id_tipo_medidas`,a.`id_articulo`, a.`id_subgrupo`, a.`id_grupo` FROM`medicina` m 
 JOIN  `pr_tipo_presentacion` p
 ON m.`presentacion comercial` = p.`nombre` JOIN  `pr_tipo_medidas` d
 ON m.`concentracion` = d.`nombre_tipo_medida` JOIN `pr_articulo` a
 ON m.`name` = a.`nombre_articulo`  ;
    DECLARE CONTINUE HANDLER FOR NOT FOUND SET done = TRUE;
	SET id1 = 1;
	OPEN cursor_i;
	read_loop: LOOP
	FETCH cursor_i INTO camp1,camp2,camp3,camp4,camp5;
	IF done = TRUE THEN
		LEAVE read_loop;
        END IF;
        INSERT INTO `pr_medidas`(`id_articulo`,
				`id_grupo`,
				`id_subgrupo`,
				`id_tipo_presentacion`,
				`id_tipo_medidas`,
				`estado`,
				`usuario_creacion`,
				`fecha_creacion`) 
			VALUES(camp3,
				camp5,
				camp4,
				camp1,
				camp2,
				'A',
				'admin',
				SYSDATE()); COMMIT;
	SET id1= id1+1;
        END LOOP read_loop;
	
	CLOSE cursor_i;
    END */$$
DELIMITER ;

/* Procedure structure for procedure `crear_medicina_medida1` */

/*!50003 DROP PROCEDURE IF EXISTS  `crear_medicina_medida1` */;

DELIMITER $$

/*!50003 CREATE DEFINER=`root`@`localhost` PROCEDURE `crear_medicina_medida1`()
BEGIN
    DECLARE camp1 int;
    DECLARE camp2 INT;
    DECLARE camp3 INT;
    DECLARE camp4 INT;
    DECLARE camp5 INT;
    DECLARE id1 INT;
    DECLARE done INT DEFAULT FALSE;
    DECLARE cursor_i CURSOR FOR   SELECT * from `tm_pr_medidas` ;
    DECLARE CONTINUE HANDLER FOR NOT FOUND SET done = TRUE;
	SET id1 = 1;
	OPEN cursor_i;
	read_loop: LOOP
	FETCH cursor_i INTO camp1,camp2,camp3,camp4,camp5;
	IF done = TRUE THEN
		LEAVE read_loop;
        END IF;
        INSERT INTO `pr_medidas`(`id_articulo`,
				`id_grupo`,
				`id_subgrupo`,
				`id_tipo_presentacion`,
				`id_tipo_medidas`,
				`estado`,
				`usuario_creacion`,
				`fecha_creacion`) 
			VALUES(camp3,
				camp5,
				camp4,
				camp1,
				camp2,
				'A',
				'admin',
				SYSDATE()); COMMIT;
	SET id1= id1+1;
        END LOOP read_loop;
	
	CLOSE cursor_i;
    END */$$
DELIMITER ;

/* Procedure structure for procedure `crear_medicina_producto` */

/*!50003 DROP PROCEDURE IF EXISTS  `crear_medicina_producto` */;

DELIMITER $$

/*!50003 CREATE DEFINER=`root`@`localhost` PROCEDURE `crear_medicina_producto`()
BEGIN
    DECLARE camp1 int;
    DECLARE camp2 INT;
    DECLARE camp3 INT;
    DECLARE camp4 INT;
    DECLARE camp5 INT;
    declare camp6 varchar(999);
    DECLARE id1 INT;
    DECLARE done INT DEFAULT FALSE;
    DECLARE cursor_i CURSOR FOR  SELECT g.`id_grupo`,s.`id_subgrupo`, a.`id_articulo` ,p.`id_tipo_presentacion`,d.`id_tipo_medidas` , 
CONCAT  (me.`forma_farmaceutica`," ", me.`name`," En ",me.`presentacion comercial` ," De ", me.`concentracion`) AS producto
FROM `pr_medidas` m
JOIN `pr_articulo` a
ON m.`id_grupo` = a.`id_grupo` AND m.`id_subgrupo` = a.`id_subgrupo` AND m.`id_articulo` =  a.`id_articulo`
JOIN `pr_subgrupos` s
ON  a.`id_subgrupo` = s.`id_subgrupo`
JOIN `pr_grupos` g
ON a.`id_grupo` = g.`id_grupo` 
JOIN `pr_tipo_presentacion` p
ON m.`id_tipo_presentacion` = p.`id_tipo_presentacion`
JOIN `pr_tipo_medidas` d
ON m.`id_tipo_medidas` = d.`id_tipo_medidas` 
JOIN `medicina` me
ON me.`forma_farmaceutica` = s.`nombre` AND me.`name` = a.`nombre_articulo`  AND me.`presentacion comercial` = p.`nombre` AND me.`concentracion` = d.`nombre_tipo_medida`
 ;
    DECLARE CONTINUE HANDLER FOR NOT FOUND SET done = TRUE;
	SET id1 = 1;
	OPEN cursor_i;
	read_loop: LOOP
	FETCH cursor_i INTO camp1,camp2,camp3,camp4,camp5,camp6;
	IF done = TRUE THEN
		LEAVE read_loop;
        END IF;
        INSERT INTO `pr_productos`(`id_empresa`,
				`id_grupo`,
				`id_subgrupo`,
				`id_articulo`,
				`id_tipo_presentacion`,
				`id_tipo_medidas`,
				`nombre_producto`,
				`estado`,
				`usuario_creacion`,
				`fecha_creacion`) 
			VALUES(1,
				camp1,
				camp2,
				camp3,
				camp4,
				camp5,
				camp6,
				'A',
				'admin',
				SYSDATE()); COMMIT;
	SET id1= id1+1;
        END LOOP read_loop;
	
	CLOSE cursor_i;
    END */$$
DELIMITER ;

/* Procedure structure for procedure `crear_medicina_subgrupo` */

/*!50003 DROP PROCEDURE IF EXISTS  `crear_medicina_subgrupo` */;

DELIMITER $$

/*!50003 CREATE DEFINER=`root`@`localhost` PROCEDURE `crear_medicina_subgrupo`()
BEGIN
	DECLARE nombre1 VARCHAR(500);
    DECLARE id_sub1 INT;
    DECLARE lc_count INT;
    DECLARE i INT;
    DECLARE total INT;
    DECLARE cursor_i CURSOR FOR SELECT DISTINCT(`forma_farmaceutica`) FROM `medicina`;
	SET lc_count=1;
	SET i=1;
	SET total=0;
	SELECT COUNT( DISTINCT(`forma_farmaceutica`)) INTO total FROM `medicina`;
    OPEN cursor_i;
    WHILE i<= total DO
    FETCH cursor_i INTO nombre1;
	    INSERT INTO `pr_subgrupos`( `id_grupo`,
						`id_empresa`,
						`nombre`,
						`estado`,
						`usuario_creacion`,
						fecha_creacion)
				VALUES (3,
					1,
					nombre1,
					'A',
					'admin',
					SYSDATE());
					COMMIT;
	SET lc_count = lc_count+1;
    END WHILE;
    CLOSE cursor_i;
    END */$$
DELIMITER ;

/* Procedure structure for procedure `crear_medicina_tipo_medida` */

/*!50003 DROP PROCEDURE IF EXISTS  `crear_medicina_tipo_medida` */;

DELIMITER $$

/*!50003 CREATE DEFINER=`root`@`localhost` PROCEDURE `crear_medicina_tipo_medida`()
BEGIN
	declare tipomedida1 VARCHAR(500) ;
    DECLARE id_sub1 INT;
    DECLARE lc_count INT;
    DECLARE i INT;
    DECLARE total INT;
    DECLARE cursor_i CURSOR FOR SELECT  DISTINCT(p.`concentracion`) FROM `medicina` p;
	SET lc_count=1;
	SET i=1;
	SET total=0;
	SELECT  COUNT(DISTINCT(p.`concentracion`) )FROM `medicina` p INTO total ;
    OPEN cursor_i;
    WHILE i<= total DO
    FETCH cursor_i INTO tipomedida1;
	    INSERT INTO `pr_tipo_medidas`( `id_empresa`,
						`nombre_tipo_medida`,
						`estado`,
						`usuario_creacion`,
						fecha_creacion)
				VALUES (1,
					tipomedida1,
					'A',
					'admin',
					SYSDATE());
					COMMIT;
	SET lc_count = lc_count+1;
    END WHILE;
    CLOSE cursor_i;
    END */$$
DELIMITER ;

/* Procedure structure for procedure `crear_medicina_tipo_presentacion` */

/*!50003 DROP PROCEDURE IF EXISTS  `crear_medicina_tipo_presentacion` */;

DELIMITER $$

/*!50003 CREATE DEFINER=`root`@`localhost` PROCEDURE `crear_medicina_tipo_presentacion`()
BEGIN
	declare presentacion1 VARCHAR(500) ;
    DECLARE id_sub1 INT;
    DECLARE lc_count INT;
    DECLARE i INT;
    DECLARE total INT;
    DECLARE cursor_i CURSOR FOR SELECT  DISTINCT(p.`presentacion comercial`) FROM `medicina` p;
	SET lc_count=1;
	SET i=1;
	SET total=0;
	SELECT  COUNT(DISTINCT(p.`presentacion comercial`) )FROM `medicina` p INTO total ;
    OPEN cursor_i;
    WHILE i<= total DO
    FETCH cursor_i INTO presentacion1;
	    INSERT INTO `pr_tipo_presentacion`( 
						`nombre`,
						`estado`,
						`usuario_creacion`,
						fecha_creacion)
				VALUES (
					presentacion1,
					'A',
					'admin',
					SYSDATE());
					COMMIT;
	SET lc_count = lc_count+1;
    END WHILE;
    CLOSE cursor_i;
    END */$$
DELIMITER ;

/* Procedure structure for procedure `PR_CREAR_DTOS_MEDIDAS` */

/*!50003 DROP PROCEDURE IF EXISTS  `PR_CREAR_DTOS_MEDIDAS` */;

DELIMITER $$

/*!50003 CREATE DEFINER=`farmacia`@`%` PROCEDURE `PR_CREAR_DTOS_MEDIDAS`()
BEGIN
    DECLARE camp1 int;
    DECLARE camp2 INT;
    DECLARE camp3 INT;
    DECLARE camp4 INT;
    DECLARE id1 INT;
    DECLARE done INT DEFAULT FALSE;
    DECLARE cursor_i CURSOR FOR SELECT tm.`id_arti`,tm.`id_sub`,tm.`id_present`,tm.`id_medida` FROM `tmpmedicina3` tm LIMIT 0,1050;
    DECLARE CONTINUE HANDLER FOR NOT FOUND SET done = TRUE;
	SET id1 = 1;
	OPEN cursor_i;
	read_loop: LOOP
	FETCH cursor_i INTO camp1,camp2,camp3,camp4;
	IF done = TRUE THEN
		LEAVE read_loop;
        END IF;
        INSERT INTO `pr_medidas`(`id_articulo`,
				`id_grupo`,
				`id_subgrupo`,
				`id_tipo_presentacion`,
				`id_tipo_medidas`,
				`estado`,
				`usuario_creacion`,
				`fecha_creacion`) 
			VALUES(camp1,
				1,
				camp2,
				camp3,
				camp4,
				'A',
				'AXJEFFERSON',
				SYSDATE()); COMMIT;
	SET id1= id1+1;
        END LOOP read_loop;
	
	CLOSE cursor_i;
    END */$$
DELIMITER ;

/* Procedure structure for procedure `PR_CREAR_DTOS_PRODUCTOS` */

/*!50003 DROP PROCEDURE IF EXISTS  `PR_CREAR_DTOS_PRODUCTOS` */;

DELIMITER $$

/*!50003 CREATE DEFINER=`farmacia`@`%` PROCEDURE `PR_CREAR_DTOS_PRODUCTOS`()
BEGIN
    DECLARE camp1 INT;
    DECLARE camp2 INT;
    DECLARE camp3 INT;
    DECLARE camp4 INT;
    DECLARE camp5 INT;
    declare nombre_prod varchar(190);
    DECLARE id1 INT;
    DECLARE done INT DEFAULT FALSE;
    DECLARE cursor_i CURSOR FOR SELECT m.`id_articulo`,m.`id_grupo`,m.`id_subgrupo`,m.`id_tipo_presentacion`,m.`id_tipo_medidas` FROM `pr_medidas` m LIMIT 0,1050;
    DECLARE CONTINUE HANDLER FOR NOT FOUND SET done = TRUE;
	set nombre_prod = '';
	SET id1 = 1;
	OPEN cursor_i;
	read_loop: LOOP
	FETCH cursor_i INTO camp1,camp2,camp3,camp4,camp5;
	IF done = TRUE THEN
		LEAVE read_loop;
        END IF;
        set nombre_prod = (select FN_CONCAT_PRODUCT(camp1,camp3));
        INSERT INTO `pr_productos`(`id_producto`,
				`id_empresa`,
				`id_articulo`,
				`id_grupo`,
				`id_subgrupo`,
				`id_tipo_presentacion`,
				`id_tipo_medidas`,
				`descontinuado`,
				`nombre_producto`,
				`estado`,
				`usuario_creacion`,
				`fecha_creacion`) 
			VALUES(id1,
				1,
				camp1,
				camp2,
				camp3,
				camp4,
				camp5,
				'NO',
				nombre_prod,
				'A',
				'AXJEFFERSON',
				SYSDATE()); COMMIT;
	SET id1= id1+1;
	set nombre_prod = ''; 
        END LOOP read_loop;
	
	CLOSE cursor_i;
    END */$$
DELIMITER ;

/* Procedure structure for procedure `PR_CREAR_TMP_ARTICULOS` */

/*!50003 DROP PROCEDURE IF EXISTS  `PR_CREAR_TMP_ARTICULOS` */;

DELIMITER $$

/*!50003 CREATE DEFINER=`farmacia`@`%` PROCEDURE `PR_CREAR_TMP_ARTICULOS`()
BEGIN
    DECLARE nombre1 VARCHAR(500);
    declare id_sub1 int;
    declare lc_count int;
    DECLARE i INT;
    DECLARE total INT;
    declare LB_bolean int;
    DECLARE cursor_i CURSOR FOR SELECT tmp2.id_subgrupo,tmp2.name FROM tmp2;
	set lc_count=1;
	SET i=1;
	SET total=0;
	SELECT COUNT(*) into total FROM tmp2;
    OPEN cursor_i;
    WHILE i<= total DO
    FETCH cursor_i INTO id_sub1,nombre1;
	
	    INSERT INTO pr_articulo (id_articulo,
				id_grupo,
				id_subgrupo,
				nombre_articulo,
				estado,
				usuario_creacion,
				fecha_creacion)
				VALUES (lc_count,
					1,
					id_sub1,
					nombre1,
					'A',
					'AXJEFFERSON',
					SYSDATE());
					COMMIT;
	set lc_count = lc_count+1;
    END WHILE;
    CLOSE cursor_i;
    
    END */$$
DELIMITER ;

/* Procedure structure for procedure `PR_CREAR_TMP_PRESENTACION` */

/*!50003 DROP PROCEDURE IF EXISTS  `PR_CREAR_TMP_PRESENTACION` */;

DELIMITER $$

/*!50003 CREATE DEFINER=`farmacia`@`%` PROCEDURE `PR_CREAR_TMP_PRESENTACION`()
BEGIN
	DECLARE nombre1 VARCHAR(500);
    DECLARE id_sub1 INT;
    DECLARE lc_count INT;
    DECLARE i INT;
    DECLARE total INT;
    DECLARE cursor_i CURSOR FOR SELECT tmppresent.presentacion_comercial FROM `tmppresent`;
	SET lc_count=1;
	SET i=1;
	SET total=0;
	SELECT COUNT(*) INTO total FROM tmppresent;
    OPEN cursor_i;
    WHILE i<= total DO
    FETCH cursor_i INTO nombre1;
	
	    INSERT INTO `pr_tipo_presentacion`( id_tipo_presentacion,
						nombre,
						estado,
						usuario_creacion,
						fecha_creacion)
				VALUES (lc_count,
					nombre1,
					'A',
					'AXJEFFERSON',
					SYSDATE());
					COMMIT;
	SET lc_count = lc_count+1;
    END WHILE;
    CLOSE cursor_i;
    END */$$
DELIMITER ;

/* Procedure structure for procedure `PR_CREAR_TMP_TIPO_MEDIDA` */

/*!50003 DROP PROCEDURE IF EXISTS  `PR_CREAR_TMP_TIPO_MEDIDA` */;

DELIMITER $$

/*!50003 CREATE DEFINER=`farmacia`@`%` PROCEDURE `PR_CREAR_TMP_TIPO_MEDIDA`()
BEGIN
    DECLARE nombre1 VARCHAR(500);
    DECLARE id_sub1 INT;
    DECLARE lc_count INT;
    DECLARE i INT;
    DECLARE total INT;
    DECLARE cursor_i CURSOR FOR SELECT tmpmedida.concentracion FROM `tmpmedida`;
	SET lc_count=1;
	SET i=1;
	SET total=0;
	SELECT COUNT(*) INTO total FROM tmpmedida;
    OPEN cursor_i;
    WHILE i<= total DO
    FETCH cursor_i INTO nombre1;
	
	    INSERT INTO pr_tipo_medidas(id_tipo_medidas,
					id_empresa,
					nombre_tipo_medida,
					estado,
					usuario_creacion,
					fecha_creacion)
				VALUES (lc_count,
					1,
					nombre1,
					'A',
					'AXJEFFERSON',
					SYSDATE());
					COMMIT;
	SET lc_count = lc_count+1;
    END WHILE;
    CLOSE cursor_i;
    END */$$
DELIMITER ;

/* Procedure structure for procedure `PR_ITSG_DATOS_SUBGRUPOS` */

/*!50003 DROP PROCEDURE IF EXISTS  `PR_ITSG_DATOS_SUBGRUPOS` */;

DELIMITER $$

/*!50003 CREATE DEFINER=`farmacia`@`%` PROCEDURE `PR_ITSG_DATOS_SUBGRUPOS`()
BEGIN
    DECLARE id_sub1 BIGINT;
    DECLARE nombre1 VARCHAR(100);
    DECLARE id_count INT;
    DECLARE done INT DEFAULT FALSE;
    DECLARE cursor_i CURSOR FOR SELECT id_sub,nombre FROM `tmp_subgrupo`;
    DECLARE CONTINUE HANDLER FOR NOT FOUND SET done = TRUE;
    
	OPEN cursor_i;
	read_loop: LOOP
	FETCH cursor_i INTO id_sub1, nombre1;
	IF done = TRUE THEN
		LEAVE read_loop;
        END IF;
        -- INSERT INTO table_b(id_tipo_persona, nombre,estado) VALUES(id_persona, nombre1,estado1);
	SELECT COUNT(*) INTO id_count FROM `pr_subgrupos` WHERE pr_subgrupos.`id_subgrupo`= id_sub1;
	
	IF  id_count > 0 THEN
		UPDATE pr_subgrupos SET pr_subgrupos.`nombre` = nombre1 WHERE pr_subgrupos.`id_subgrupo`=id_sub1;
	ELSE
		INSERT INTO pr_subgrupos(`id_grupo`,
					`id_empresa`,
					`nombre`,
					`estado`,
					`usuario_creacion`,
					`fecha_creacion`)
				values(1,
					1,
					nombre1,
					'A',
					'AXJEFFERSON',
					SYSDATE());
					COMMIT;
	END IF;
        END LOOP read_loop;
	
	CLOSE cursor_i;
    END */$$
DELIMITER ;

/* Procedure structure for procedure `PR_REPLICA` */

/*!50003 DROP PROCEDURE IF EXISTS  `PR_REPLICA` */;

DELIMITER $$

/*!50003 CREATE DEFINER=`farmacia`@`%` PROCEDURE `PR_REPLICA`()
BEGIN
    DECLARE camp1 VARCHAR(120);
    DECLARE camp2 VARCHAR(120);
    DECLARE camp3 VARCHAR(120);
    DECLARE camp4 VARCHAR(120);
    declare id1 int;
    DECLARE done INT DEFAULT FALSE;
    DECLARE cursor_i CURSOR FOR SELECT m.`name`,m.`forma_farmaceutica`,m.`concentracion`,m.`presentacion comercial` FROM `tmpmedicina1` m LIMIT 0,1050;
    DECLARE CONTINUE HANDLER FOR NOT FOUND SET done = TRUE;
	set id1 = 1;
	OPEN cursor_i;
	read_loop: LOOP
	FETCH cursor_i INTO camp1,camp2,camp3,camp4;
	IF done = TRUE THEN
		LEAVE read_loop;
        END IF;
        INSERT INTO `tmpmedicina2`(id,`name`,`forma_farmaceutica`,`concentracion`,`presentacion comercial`) 
        VALUES(id1,camp1, camp2,camp3,camp4); commit;
	set id1= id1+1;
        END LOOP read_loop;
	
	CLOSE cursor_i;
    END */$$
DELIMITER ;

/*!40101 SET SQL_MODE=@OLD_SQL_MODE */;
/*!40014 SET FOREIGN_KEY_CHECKS=@OLD_FOREIGN_KEY_CHECKS */;
/*!40014 SET UNIQUE_CHECKS=@OLD_UNIQUE_CHECKS */;
/*!40111 SET SQL_NOTES=@OLD_SQL_NOTES */;
